"var","h","var_ratio","var_lo","var_hi","var_expected","offset","offset_lo","offset_hi","offset_rms_expected"
"prev",1,0.94182,0.50192,1.3904,0.96772,0.066485,-0.32792,0.46248,0.18988
"prev",2,0.97153,0.54169,1.4365,0.96829,0.065173,-0.33371,0.47846,0.18838
"prev",3,0.99398,0.55343,1.4612,0.96875,0.079512,-0.3256,0.49382,0.18717
"prev",4,1.0165,0.56998,1.4652,0.96929,0.10128,-0.30549,0.51978,0.18572
"prev",5,1.0186,0.58096,1.444,0.97007,0.12067,-0.2906,0.53051,0.18364
"prev",6,0.9924,0.57918,1.404,0.97081,0.13696,-0.25799,0.5304,0.18162
"prev",7,0.96997,0.58154,1.3774,0.97166,0.13367,-0.24893,0.52,0.17927
"prev",8,0.97203,0.57924,1.3745,0.97266,0.12994,-0.24814,0.51349,0.17647
"prev",9,0.97488,0.59743,1.3445,0.97341,0.13113,-0.23692,0.50145,0.17434
"prev",10,1.0065,0.65132,1.3551,0.97407,0.14454,-0.23125,0.51594,0.17245
"prev",11,1.0538,0.692,1.4044,0.97494,0.14978,-0.23719,0.51594,0.16991
"prev",12,1.0511,0.6982,1.3924,0.97547,0.14754,-0.23653,0.50915,0.16834
"prev",13,1.063,0.70854,1.396,0.97617,0.14748,-0.22747,0.51083,0.16625
"prev",14,1.0875,0.73125,1.4178,0.97712,0.1477,-0.24013,0.522,0.1634
"prev",15,1.0803,0.73319,1.3841,0.97759,0.15529,-0.23071,0.52251,0.16195
"prev",16,1.0833,0.76483,1.3796,0.97815,0.15719,-0.22789,0.53003,0.16022
"prev",17,1.1058,0.78224,1.3766,0.97919,0.14899,-0.22645,0.53047,0.15695
"prev",18,1.0979,0.78761,1.3537,0.97997,0.1504,-0.21857,0.52726,0.15444
"prev",19,1.0968,0.79518,1.3392,0.9807,0.16012,-0.19971,0.5306,0.1521
"prev",20,1.1146,0.80286,1.3575,0.9816,0.15362,-0.19543,0.52635,0.14912
"prev",21,1.1246,0.82289,1.3596,0.98252,0.15316,-0.19902,0.52453,0.14601
"prev",22,1.1412,0.86123,1.3767,0.98385,0.14828,-0.20009,0.5096,0.14141
"prev",23,1.0997,0.84702,1.301,0.98502,0.14981,-0.17573,0.48576,0.13723
"prev",24,1.0949,0.85166,1.2871,0.98624,0.15018,-0.15367,0.46698,0.13272
"prev",25,1.0558,0.81741,1.2405,0.98643,0.13405,-0.1568,0.43829,0.13199
"prev",26,1.0459,0.80986,1.2427,0.98722,0.12236,-0.16347,0.42743,0.12896
"prev",27,1.0126,0.79635,1.1928,0.98677,0.12631,-0.15211,0.41751,0.13072
"prev",28,0.98245,0.77507,1.1447,0.98684,0.13563,-0.13685,0.41635,0.13042
"prev",29,0.93099,0.73398,1.0925,0.9871,0.13034,-0.12736,0.3915,0.12944
"prev",30,0.91052,0.71628,1.0749,0.98744,0.11716,-0.12919,0.36394,0.12815
"prev",31,0.91417,0.72362,1.0792,0.98775,0.1081,-0.13882,0.3488,0.12693
"prev",32,0.92265,0.7345,1.0907,0.98823,0.090449,-0.16444,0.32398,0.12503
"prev",33,0.93291,0.73765,1.1149,0.98913,0.081853,-0.16757,0.31033,0.12138
"prev",34,0.92174,0.734,1.0893,0.98955,0.089637,-0.15058,0.30496,0.11963
"prev",35,0.88926,0.70822,1.0475,0.98895,0.083381,-0.14572,0.29744,0.12212
"prev",36,0.88547,0.70717,1.0546,0.98913,0.081949,-0.14562,0.29765,0.12137
"prev",37,0.87962,0.69626,1.0485,0.98967,0.068738,-0.14977,0.27847,0.11913
"prev",38,0.85918,0.68321,1.0161,0.98955,0.066021,-0.14575,0.26625,0.11966
"prev",39,0.87725,0.70392,1.0384,0.99011,0.061562,-0.15572,0.26634,0.11731
"prev",40,0.89018,0.7123,1.0546,0.99043,0.055063,-0.16244,0.26558,0.11591
"prev",41,0.90903,0.72782,1.0749,0.99135,0.050108,-0.16436,0.26437,0.11191
"prev",42,0.91059,0.73347,1.0714,0.99143,0.055647,-0.15925,0.26743,0.11153
"prev",43,0.90598,0.73065,1.0641,0.99177,0.051928,-0.15506,0.25236,0.11003
"prev",44,0.9286,0.73831,1.0994,0.99276,0.052539,-0.15077,0.25742,0.10544
"prev",45,0.93615,0.74122,1.096,0.99326,0.045507,-0.15557,0.24774,0.10306
"prev",46,0.93188,0.75195,1.0965,0.99361,0.04707,-0.1411,0.23903,0.10134
"prev",47,0.92018,0.74309,1.0852,0.99398,0.046425,-0.13542,0.21894,0.099496
"prev",48,0.91287,0.7375,1.0826,0.99408,0.042528,-0.12657,0.20753,0.099024
"prev",49,0.9306,0.75492,1.1093,0.99455,0.048651,-0.12161,0.20362,0.096594
"prev",50,0.9521,0.78584,1.1279,0.99552,0.050443,-0.11184,0.20079,0.091508
"prev",51,0.96501,0.79975,1.1388,0.99595,0.053291,-0.10765,0.20678,0.089127
"prev",52,0.98948,0.82152,1.1605,0.99651,0.066062,-0.10026,0.22659,0.085938
"prev",53,0.99185,0.83367,1.1536,0.99662,0.071874,-0.09463,0.22766,0.085277
"prev",54,0.9925,0.82771,1.1585,0.99659,0.076089,-0.090758,0.22355,0.085441
"prev",55,0.99488,0.83186,1.159,0.99685,0.083806,-0.08031,0.22742,0.08395
"prev",56,1.0172,0.83753,1.2028,0.99763,0.082368,-0.077828,0.224,0.07919
"prev",57,1.0275,0.84795,1.208,0.99829,0.082156,-0.074741,0.22321,0.074876
"prev",58,1.0373,0.86436,1.2194,0.99873,0.086378,-0.068803,0.22605,0.071901
"prev",59,1.0518,0.88472,1.2366,0.99949,0.084841,-0.069451,0.2211,0.066419
"prev",60,1.0707,0.90509,1.2445,1,0.08233,-0.06691,0.21118,0.0625
"prev",61,1.0968,0.92874,1.2681,1,0.081063,-0.073229,0.213,0.0625
"prev",62,1.1183,0.94062,1.2952,1,0.077896,-0.085096,0.21227,0.0625
"prev",63,1.1119,0.9307,1.3022,1,0.071482,-0.093277,0.20362,0.0625
"prev",64,1.104,0.92685,1.2871,1,0.080424,-0.084617,0.21282,0.0625
"prev",65,1.1019,0.92939,1.2866,1,0.082579,-0.081787,0.21826,0.0625
"prev",66,1.1177,0.95053,1.3046,1,0.080762,-0.085713,0.21842,0.0625
"prev",67,1.1265,0.95581,1.3071,1,0.077377,-0.085022,0.21532,0.0625
"prev",68,1.1395,0.95802,1.3343,1,0.060838,-0.10035,0.2025,0.0625
"prev",69,1.141,0.95095,1.325,1,0.04848,-0.10963,0.19076,0.0625
"prev",70,1.1255,0.94855,1.2995,1,0.04628,-0.11319,0.18199,0.0625
"prev",71,1.121,0.94342,1.2912,1,0.044503,-0.1109,0.17542,0.0625
"prev",72,1.1127,0.94265,1.277,1,0.032361,-0.12421,0.15927,0.0625
"prev",73,1.0948,0.92788,1.2668,1,0.02542,-0.12042,0.15063,0.0625
"prev",74,1.0979,0.93421,1.2582,1,0.02039,-0.11575,0.13952,0.0625
"prev",75,1.0943,0.93595,1.2514,1,0.01626,-0.11065,0.1305,0.0625
"prev",76,1.0868,0.92161,1.2544,1,0.024946,-0.095594,0.13564,0.0625
"prev",77,1.067,0.90351,1.234,1,0.029684,-0.0921,0.14642,0.0625
"prev",78,1.0751,0.91522,1.2472,1,0.017707,-0.10873,0.13862,0.0625
"prev",79,1.0849,0.91097,1.2627,1,-0.0026509,-0.13543,0.12555,0.0625
"prev",80,1.0972,0.92134,1.2786,1,-0.0137,-0.15299,0.11081,0.0625
"prev",81,1.1058,0.92612,1.3014,1,-0.015707,-0.15375,0.11108,0.0625
"prev",82,1.112,0.93681,1.3035,1,-0.025209,-0.1654,0.10373,0.0625
"prev",83,1.1354,0.95375,1.327,1,-0.017608,-0.1578,0.11096,0.0625
"prev",84,1.1348,0.95779,1.3223,1,-0.029262,-0.17068,0.097155,0.0625
"prev",85,1.1193,0.94408,1.3159,1,-0.030679,-0.17113,0.093234,0.0625
"prev",86,1.1239,0.95089,1.3219,1,-0.03623,-0.17331,0.091975,0.0625
"prev",87,1.1296,0.94924,1.3444,1,-0.030508,-0.1742,0.093897,0.0625
"prev",88,1.1229,0.94096,1.3317,1,-0.034787,-0.17578,0.089603,0.0625
"prev",89,1.1233,0.92326,1.3222,1,-0.04073,-0.18089,0.082479,0.0625
"prev",90,1.1129,0.90713,1.3205,1,-0.059545,-0.20292,0.061414,0.0625
"prev",91,1.1315,0.91883,1.3511,1,-0.076166,-0.21884,0.048642,0.0625
"prev",92,1.1197,0.91281,1.3369,1,-0.079234,-0.21771,0.046336,0.0625
"prev",93,1.1242,0.92534,1.3351,1,-0.087896,-0.22548,0.037117,0.0625
"prev",94,1.1418,0.93238,1.3641,1,-0.084816,-0.21727,0.039807,0.0625
"prev",95,1.1734,0.95592,1.4032,1,-0.091768,-0.22364,0.033021,0.0625
"prev",96,1.1999,0.98338,1.431,1,-0.087703,-0.22494,0.037597,0.0625
"prev",97,1.2036,0.99024,1.4391,1,-0.088512,-0.22696,0.031947,0.0625
"prev",98,1.2144,0.99355,1.4433,1,-0.098179,-0.23999,0.019842,0.0625
"prev",99,1.2037,0.98911,1.4125,1,-0.1074,-0.25663,0.011673,0.0625
"prev",100,1.2094,0.99155,1.4164,1,-0.10808,-0.26391,0.016157,0.0625
"prev",101,1.2195,0.98985,1.4282,1,-0.10014,-0.25837,0.028801,0.0625
"prev",102,1.1995,0.96995,1.416,1,-0.10039,-0.25664,0.030047,0.0625
"prev",103,1.1724,0.94979,1.3754,1,-0.11452,-0.26846,0.016707,0.0625
"prev",104,1.158,0.93612,1.3518,1,-0.12636,-0.27777,0.00090745,0.0625
"prev",105,1.1702,0.94315,1.3666,1,-0.121,-0.25993,-0.0010339,0.0625
"prev",106,1.1703,0.94144,1.383,1,-0.10743,-0.24609,0.0091602,0.0625
"prev",107,1.1616,0.93116,1.387,1,-0.098366,-0.24174,0.031567,0.0625
"prev",108,1.1722,0.93137,1.4021,1,-0.091577,-0.23758,0.03812,0.0625
"prev",109,1.1656,0.91257,1.3893,1,-0.091897,-0.23906,0.034208,0.0625
"prev",110,1.159,0.90598,1.3974,1,-0.091496,-0.23781,0.03773,0.0625
"prev",111,1.1448,0.8966,1.3935,1,-0.079237,-0.22829,0.042724,0.0625
"prev",112,1.1583,0.90836,1.4268,1,-0.06874,-0.21963,0.057391,0.0625
"prev",113,1.1522,0.89298,1.4325,1,-0.073876,-0.21889,0.051818,0.0625
"prev",114,1.1632,0.89433,1.464,1,-0.065737,-0.2078,0.062378,0.0625
"prev",115,1.1758,0.90816,1.4879,1,-0.061575,-0.20634,0.069798,0.0625
"prev",116,1.1615,0.91192,1.4632,1,-0.061784,-0.21073,0.068799,0.0625
"prev",117,1.1338,0.88928,1.4357,1,-0.068998,-0.21665,0.061658,0.0625
"prev",118,1.1321,0.88364,1.431,1,-0.07037,-0.21061,0.053904,0.0625
"prev",119,1.1292,0.89197,1.4171,1,-0.073254,-0.22047,0.054808,0.0625
"prev",120,1.1291,0.89581,1.4047,1,-0.055062,-0.20572,0.074496,0.0625
"prev",121,1.1519,0.91772,1.4303,1,-0.040655,-0.19448,0.090777,0.0625
"prev",122,1.1344,0.90654,1.4033,1,-0.040461,-0.18644,0.089722,0.0625
"prev",123,1.1197,0.89826,1.3848,1,-0.037319,-0.17861,0.090314,0.0625
"prev",124,1.0955,0.87677,1.3495,1,-0.032234,-0.1716,0.094497,0.0625
"prev",125,1.0659,0.84788,1.3142,1,-0.032191,-0.16933,0.089835,0.0625
"prev",126,1.0409,0.82098,1.2859,1,-0.035233,-0.17455,0.083651,0.0625
"prev",127,1.0096,0.81001,1.2403,1,-0.043252,-0.17998,0.071373,0.0625
"prev",128,1.0025,0.81568,1.2159,0.99996,-0.030868,-0.16403,0.081386,0.062796
"prev",129,0.99681,0.80727,1.1913,0.99965,-0.020281,-0.15726,0.092784,0.06526
"prev",130,1.0143,0.83668,1.2012,1,-0.017995,-0.15641,0.098552,0.0625
"prev",131,1.0133,0.83255,1.1916,1,-0.011626,-0.14973,0.10441,0.0625
"prev",132,1.0064,0.83591,1.18,0.99995,-0.01703,-0.15385,0.098662,0.062897
"prev",133,1.0049,0.83845,1.1769,0.99986,-0.021764,-0.15709,0.095033,0.0636
"prev",134,0.99285,0.83168,1.1517,0.99955,-0.035125,-0.16906,0.083392,0.066018
"prev",135,0.98131,0.81082,1.14,0.99935,-0.041861,-0.17763,0.071395,0.067516
"prev",136,0.97715,0.82579,1.1273,0.99911,-0.048138,-0.18168,0.062715,0.069218
"prev",137,0.96477,0.82152,1.1039,0.99868,-0.03956,-0.17665,0.072334,0.072244
"prev",138,0.94534,0.79987,1.0896,0.99801,-0.018001,-0.15124,0.09353,0.076756
"prev",139,0.94598,0.78182,1.0966,0.99819,-0.0073813,-0.13812,0.10445,0.075587
"prev",140,0.97073,0.8031,1.1295,0.99882,-0.0029797,-0.14248,0.11526,0.071268
"prev",141,0.9761,0.79746,1.1538,0.99914,0.015696,-0.12777,0.13103,0.069006
"prev",142,0.96715,0.78057,1.1508,0.9991,0.033028,-0.10151,0.14344,0.069316
"prev",143,0.97189,0.77402,1.1623,0.99923,0.025173,-0.11357,0.1353,0.068359
"prev",144,0.96934,0.76013,1.1619,0.99907,0.030386,-0.1027,0.13575,0.069494
"prev",145,0.96145,0.7482,1.1573,0.99879,0.033015,-0.10044,0.13945,0.071467
"prev",146,0.967,0.75593,1.1655,0.99879,0.034644,-0.10028,0.14188,0.071486
"prev",147,0.95712,0.74344,1.151,0.9984,0.047831,-0.089204,0.15754,0.074174
"prev",148,0.9626,0.74856,1.1552,0.99858,0.056619,-0.086355,0.17046,0.072971
"prev",149,0.95278,0.7377,1.1509,0.99856,0.072444,-0.067865,0.18307,0.073064
"prev",150,0.94444,0.7354,1.1332,0.99831,0.078634,-0.063897,0.18424,0.074745
"incid_rate",1,1.1783,0.86937,1.4281,0.99331,0.011649,-0.22371,0.28838,0.10283
"incid_rate",2,1.2776,1.0498,1.4861,1,0.031646,-0.18389,0.25515,0.0625
"incid_rate",3,1.0221,0.86948,1.1589,0.99658,0.26401,0.085113,0.44495,0.085536
"incid_rate",4,1.1337,0.91259,1.3279,1,0.12136,-0.049568,0.27975,0.0625
"incid_rate",5,1.0559,0.88017,1.2217,0.99759,0.11816,-0.058065,0.29443,0.079437
"incid_rate",6,1.1343,0.92895,1.336,1,0.084404,-0.085881,0.23878,0.0625
"incid_rate",7,0.98697,0.79211,1.1752,0.99875,-0.055862,-0.18453,0.067391,0.07175
"incid_rate",8,0.87407,0.7065,1.0087,0.99337,0.12842,-0.03225,0.2625,0.10252
"incid_rate",9,1.1216,0.91719,1.3054,0.99898,0.073836,-0.09212,0.24327,0.070138
"incid_rate",10,1.0198,0.79622,1.2133,0.99442,0.12272,-0.054407,0.31807,0.097304
"incid_rate",11,0.92469,0.77683,1.0671,0.9969,0.010387,-0.11611,0.12711,0.083658
"incid_rate",12,0.90783,0.77194,1.034,0.99468,-0.0089842,-0.16329,0.13089,0.095966
"incid_rate",13,0.99771,0.83896,1.1486,0.99774,0.075802,-0.066728,0.21857,0.078497
"incid_rate",14,0.91478,0.75159,1.088,0.9954,0.037399,-0.10604,0.1828,0.092137
"incid_rate",15,1.1687,1.0137,1.3244,1,0.12482,-0.004548,0.23358,0.0625
"incid_rate",16,1.0744,0.88562,1.2954,1,0.035105,-0.12632,0.18913,0.0625
"incid_rate",17,1.0585,0.89764,1.1904,1,0.041802,-0.11798,0.18313,0.0625
"incid_rate",18,0.97546,0.81027,1.1481,0.99832,0.14802,0.01727,0.26652,0.074688
"incid_rate",19,1.0145,0.8362,1.2212,0.99984,0.03124,-0.10299,0.17029,0.063789
"incid_rate",20,0.8923,0.7571,1.0118,0.99521,0.063727,-0.068892,0.20268,0.093162
"incid_rate",21,1.0384,0.80616,1.3008,1,0.15318,0.028725,0.26617,0.0625
"incid_rate",22,1.0605,0.87948,1.2341,1,0.012934,-0.099352,0.12896,0.0625
"incid_rate",23,1.0776,0.90081,1.2307,1,0.055109,-0.040126,0.15524,0.0625
"incid_rate",24,0.95,0.79823,1.1122,0.99873,-0.0063062,-0.12423,0.09928,0.071942
"incid_rate",25,0.83283,0.67869,0.97629,0.9944,-0.089724,-0.208,0.029173,0.097403
"incid_rate",26,0.96709,0.77849,1.1402,1,-0.025549,-0.11878,0.077219,0.0625
"incid_rate",27,0.8384,0.71752,0.94859,0.99386,0.10171,-0.010602,0.22872,0.10013
"incid_rate",28,0.87564,0.7279,1.0553,0.99675,0.064592,-0.050241,0.16862,0.084537
"incid_rate",29,0.84166,0.73363,0.95629,0.99594,-0.013784,-0.10121,0.085339,0.089167
"incid_rate",30,0.90717,0.76453,1.0764,0.99574,0.042008,-0.099278,0.18472,0.090291
"incid_rate",31,0.82527,0.70851,0.95061,0.99519,-0.02441,-0.14337,0.081232,0.093247
"incid_rate",32,1.1284,0.94959,1.3617,1,0.030469,-0.087848,0.16406,0.0625
"incid_rate",33,0.99978,0.83215,1.1917,1,0.093467,-0.030069,0.20967,0.0625
"incid_rate",34,0.88288,0.73769,1.0353,0.99506,0.06449,-0.059684,0.194,0.093948
"incid_rate",35,0.79074,0.63782,0.9114,0.99189,-0.014155,-0.12726,0.10715,0.10946
"incid_rate",36,1.1155,0.90674,1.3522,1,0.10341,-0.038825,0.22406,0.0625
"incid_rate",37,0.86581,0.70977,0.99852,0.99531,-0.1003,-0.20672,0.0066085,0.092626
"incid_rate",38,1.0179,0.82156,1.2625,1,0.045005,-0.060433,0.15676,0.0625
"incid_rate",39,0.96001,0.82442,1.0798,0.99742,-0.064071,-0.21341,0.075318,0.080491
"incid_rate",40,1.097,0.94819,1.2686,1,0.02315,-0.13175,0.18512,0.0625
"incid_rate",41,1.0507,0.89347,1.1898,1,0.040524,-0.097784,0.17117,0.0625
"incid_rate",42,0.8774,0.73023,1.0233,0.99642,0.042466,-0.066012,0.13811,0.086449
"incid_rate",43,1.0347,0.88506,1.1993,1,0.038985,-0.095925,0.16046,0.0625
"incid_rate",44,1.1037,0.94422,1.2553,1,0.053083,-0.058527,0.17411,0.0625
"incid_rate",45,0.94457,0.80696,1.0615,0.99764,0.055064,-0.058852,0.16731,0.079109
"incid_rate",46,0.96717,0.75282,1.1945,0.9993,0.0029798,-0.1132,0.11378,0.067847
"incid_rate",47,0.98329,0.7879,1.1934,1,0.024213,-0.064001,0.12413,0.0625
"incid_rate",48,1.0419,0.83864,1.2961,1,-0.0097659,-0.13182,0.1094,0.0625
"incid_rate",49,0.99803,0.81363,1.1696,1,0.0057855,-0.10618,0.12428,0.0625
"incid_rate",50,0.96198,0.77366,1.1264,0.99966,0.026151,-0.082532,0.12582,0.065133
"incid_rate",51,1.0616,0.9081,1.2201,1,-0.016388,-0.17008,0.11527,0.0625
"incid_rate",52,1.0217,0.83811,1.2254,1,0.20626,0.081519,0.32426,0.0625
"incid_rate",53,1.1068,0.93445,1.3021,1,0.046686,-0.088667,0.16637,0.0625
"incid_rate",54,0.94314,0.78771,1.1101,0.99861,0.10843,0.001907,0.21684,0.072707
"incid_rate",55,1.137,0.92049,1.3147,1,0.018479,-0.11184,0.13429,0.0625
"incid_rate",56,0.92937,0.777,1.0888,0.99541,0.0020101,-0.12254,0.14237,0.092101
"incid_rate",57,1.0852,0.87311,1.2751,1,0.041638,-0.074507,0.14933,0.0625
"incid_rate",58,1.0037,0.82617,1.1862,1,0.018066,-0.072839,0.1087,0.0625
"incid_rate",59,0.97758,0.81577,1.1322,0.99984,0.0053348,-0.098958,0.1007,0.063771
"incid_rate",60,0.88931,0.73865,1.0285,0.99634,0.049613,-0.059062,0.16911,0.086894
"incid_rate",61,1.0837,0.93621,1.2551,1,-0.0056255,-0.16679,0.13817,0.0625
"incid_rate",62,0.95261,0.76802,1.1464,0.99799,0.0072245,-0.11319,0.12235,0.076839
"incid_rate",63,0.91114,0.77141,1.0986,0.99736,0.044677,-0.064861,0.15972,0.080854
"incid_rate",64,1.0944,0.92481,1.2714,1,0.10801,-0.026664,0.23275,0.0625
"incid_rate",65,0.91836,0.77313,1.06,0.99502,0.071696,-0.071015,0.21565,0.094162
"incid_rate",66,0.84349,0.72115,0.9816,0.99627,0.013862,-0.077343,0.11343,0.087313
"incid_rate",67,1.0394,0.8627,1.1878,0.99989,0.035498,-0.11547,0.18611,0.063352
"incid_rate",68,1.2976,1.0954,1.4952,1,-0.022655,-0.16642,0.12949,0.0625
"incid_rate",69,0.98926,0.81292,1.1727,0.99865,-0.011121,-0.16053,0.14057,0.07246
"incid_rate",70,0.98015,0.83901,1.118,1,0.062839,-0.04564,0.15345,0.0625
"incid_rate",71,1.1564,0.99915,1.3298,1,-0.015347,-0.10839,0.083022,0.0625
"incid_rate",72,1.0285,0.80334,1.2831,0.99798,-0.036593,-0.17614,0.10586,0.076957
"incid_rate",73,0.99503,0.83663,1.1363,1,-0.073314,-0.18546,0.031951,0.0625
"incid_rate",74,0.97502,0.80805,1.1275,0.99998,-0.024648,-0.13723,0.093749,0.06267
"incid_rate",75,1.0078,0.82608,1.2472,1,-0.005295,-0.10406,0.11318,0.0625
"incid_rate",76,0.93633,0.73017,1.1399,0.99824,0.028373,-0.091103,0.1365,0.075256
"incid_rate",77,0.99596,0.82559,1.1815,1,0.059224,-0.063073,0.16583,0.0625
"incid_rate",78,1.0703,0.88709,1.255,1,-0.17295,-0.29908,-0.071701,0.0625
"incid_rate",79,0.8929,0.73826,1.0659,0.99644,-0.12721,-0.22869,-0.0061529,0.086305
"incid_rate",80,1.091,0.90953,1.2475,1,-0.022994,-0.11613,0.059425,0.0625
"incid_rate",81,1.0608,0.88655,1.2555,1,-0.054066,-0.19426,0.080454,0.0625
"incid_rate",82,1.0659,0.87784,1.2616,1,-0.011931,-0.13028,0.086695,0.0625
"incid_rate",83,0.98126,0.84077,1.1516,1,-0.066497,-0.15692,0.046181,0.0625
"incid_rate",84,1.023,0.88298,1.17,1,-0.077751,-0.17271,0.015806,0.0625
"incid_rate",85,1.053,0.9044,1.2107,1,-0.067528,-0.18658,0.081111,0.0625
"incid_rate",86,1.0348,0.87015,1.2114,1,-0.017271,-0.13069,0.10046,0.0625
"incid_rate",87,1.0132,0.78467,1.2069,0.99969,0.01663,-0.10863,0.15698,0.064918
"incid_rate",88,0.9372,0.81388,1.0594,0.99881,-0.073796,-0.18509,0.038428,0.071376
"incid_rate",89,1.0761,0.90933,1.2385,1,-0.061529,-0.17263,0.050069,0.0625
"incid_rate",90,1.0125,0.83685,1.2098,1,-0.091013,-0.21164,0.0359,0.0625
"incid_rate",91,1.0856,0.90303,1.2598,1,-0.07858,-0.20321,0.063273,0.0625
"incid_rate",92,1.0248,0.89053,1.1643,1,0.0044971,-0.092218,0.1259,0.0625
"incid_rate",93,0.99551,0.87137,1.1394,1,-0.049033,-0.14164,0.067946,0.0625
"incid_rate",94,1.0241,0.83426,1.2138,1,0.027558,-0.094915,0.14489,0.0625
"incid_rate",95,1.2134,1.0105,1.4457,1,-0.046448,-0.17963,0.081529,0.0625
"incid_rate",96,1.0032,0.85979,1.1313,0.99965,0.0082222,-0.11428,0.13505,0.065211
"incid_rate",97,0.92393,0.78299,1.06,0.99912,-0.014373,-0.097269,0.078741,0.069163
"incid_rate",98,1.0663,0.92246,1.2062,1,-0.17489,-0.31434,-0.062132,0.0625
"incid_rate",99,1.1079,0.91317,1.363,1,-0.075026,-0.22056,0.067563,0.0625
"incid_rate",100,1.0239,0.86016,1.2071,0.99963,-0.091108,-0.22908,0.047725,0.065405
"incid_rate",101,0.9917,0.8271,1.151,0.9997,0.11667,-0.021322,0.23226,0.064834
"incid_rate",102,0.96891,0.80418,1.1274,0.99962,-0.076374,-0.18088,0.039867,0.065442
"incid_rate",103,0.91666,0.76686,1.0833,0.99632,-0.16779,-0.27212,-0.042831,0.087015
"incid_rate",104,0.99787,0.85745,1.1535,0.99814,0.015845,-0.12889,0.1535,0.075878
"incid_rate",105,1.0199,0.8708,1.1608,1,-0.0061213,-0.11284,0.094373,0.0625
"incid_rate",106,1.0469,0.88176,1.1861,0.99788,0.037782,-0.12653,0.19157,0.077561
"incid_rate",107,1.1053,0.98343,1.2493,1,-0.020869,-0.14944,0.13007,0.0625
"incid_rate",108,0.93258,0.77118,1.0859,0.99849,0.062969,-0.045713,0.18504,0.073527
"incid_rate",109,0.92133,0.79684,1.0982,0.99844,-0.081755,-0.1771,0.023676,0.073899
"incid_rate",110,0.89854,0.70541,1.1224,0.9949,0.044641,-0.090229,0.1739,0.094796
"incid_rate",111,0.85251,0.73799,0.95841,0.99521,0.069392,-0.054234,0.2023,0.093153
"incid_rate",112,1.164,0.96403,1.3743,1,-0.00030065,-0.10982,0.12393,0.0625
"incid_rate",113,1.1654,0.93268,1.404,1,-0.0060911,-0.17322,0.15627,0.0625
"incid_rate",114,1.0006,0.80307,1.176,1,-0.02764,-0.14047,0.090653,0.0625
"incid_rate",115,1.0457,0.89647,1.1882,1,-0.037398,-0.16484,0.074985,0.0625
"incid_rate",116,0.97713,0.79914,1.1582,0.99846,0.0077919,-0.11524,0.11692,0.073726
"incid_rate",117,0.9833,0.81494,1.161,0.99995,-0.08351,-0.19146,0.022071,0.062914
"incid_rate",118,1.0183,0.84145,1.2152,0.9998,0.0042419,-0.11645,0.13223,0.064045
"incid_rate",119,1.007,0.8645,1.1407,0.99948,0.017817,-0.11043,0.138,0.066489
"incid_rate",120,1.0101,0.87444,1.1727,0.99994,0.16224,0.051496,0.28512,0.062971
"incid_rate",121,1.0401,0.85665,1.2121,1,0.088045,-0.025498,0.20684,0.0625
"incid_rate",122,1.002,0.83413,1.1639,0.9981,-0.0022555,-0.13562,0.14858,0.076172
"incid_rate",123,0.99359,0.81784,1.1877,1,-0.0099202,-0.10645,0.090499,0.0625
"incid_rate",124,0.93144,0.7615,1.1242,0.99921,0.0051521,-0.0887,0.11283,0.068532
"incid_rate",125,1.0216,0.81119,1.2093,1,-0.054011,-0.17819,0.073937,0.0625
"incid_rate",126,0.91883,0.76662,1.0812,0.99805,-0.077098,-0.17873,0.026054,0.076487
"incid_rate",127,1.0987,0.93566,1.2377,1,0.012396,-0.11534,0.13583,0.0625
"incid_rate",128,1.0076,0.81642,1.2197,0.99975,0.027225,-0.09981,0.1556,0.064439
"incid_rate",129,1.0897,0.87708,1.2833,1,0.030216,-0.097909,0.14021,0.0625
"incid_rate",130,1.0526,0.86885,1.2451,1,-0.024361,-0.12429,0.089826,0.0625
"incid_rate",131,0.91174,0.77464,1.0414,0.99384,0.041152,-0.11868,0.19521,0.10022
"incid_rate",132,1.019,0.85358,1.2205,1,-0.088542,-0.19442,0.027239,0.0625
"incid_rate",133,1.0243,0.85555,1.2144,1,-0.051901,-0.15893,0.064981,0.0625
"incid_rate",134,1.0097,0.84274,1.2086,1,-0.024695,-0.13484,0.091264,0.0625
"incid_rate",135,0.94615,0.77278,1.1224,0.99819,-0.046057,-0.17357,0.08347,0.075581
"incid_rate",136,1.0106,0.80111,1.2205,1,-0.064941,-0.14713,0.033218,0.0625
"incid_rate",137,0.91239,0.77968,1.0397,0.99642,0.094203,-0.038384,0.22512,0.086443
"incid_rate",138,0.95089,0.78951,1.1153,0.99833,0.1235,-0.011471,0.24559,0.074599
"incid_rate",139,1.0497,0.88327,1.2145,0.99977,-0.033091,-0.18137,0.10891,0.064318
"incid_rate",140,1.0595,0.92085,1.198,1,0.092164,-0.046231,0.22364,0.0625
"incid_rate",141,1.0713,0.87608,1.2536,1,0.13174,0.02325,0.25508,0.0625
"incid_rate",142,0.93967,0.78719,1.0857,0.99945,-0.019608,-0.098458,0.062235,0.066767
"incid_rate",143,0.99766,0.8191,1.167,1,0.045477,-0.072253,0.16426,0.0625
"incid_rate",144,1.0569,0.86829,1.2465,1,0.045507,-0.10164,0.15912,0.0625
"incid_rate",145,0.92278,0.79609,1.066,0.99648,0.055764,-0.062836,0.18142,0.086073
"incid_rate",146,1.1415,0.98322,1.331,1,0.072755,-0.056347,0.21867,0.0625
"incid_rate",147,0.86396,0.76671,0.96373,0.99492,0.064646,-0.059333,0.18621,0.094669
"incid_rate",148,0.9659,0.80661,1.1608,0.99917,0.068804,-0.040814,0.19127,0.06881
"incid_rate",149,0.89253,0.73839,1.0221,0.99613,0.11027,-0.017421,0.2262,0.088104
"incid_rate",150,1.027,0.86891,1.1945,1,0.04394,-0.080462,0.13775,0.0625
"dx_frac",1,0.58523,0.3765,0.79427,0.97104,-0.04527,-0.26933,0.21416,0.18097
"dx_frac",2,0.79064,0.58953,0.99649,0.97953,-0.066643,-0.31666,0.19499,0.15587
"dx_frac",3,0.79033,0.64194,0.93657,0.98498,-0.10467,-0.3069,0.10932,0.13737
"dx_frac",4,0.79052,0.66388,0.92241,0.988,-0.13616,-0.30377,0.028662,0.12592
"dx_frac",5,0.8955,0.78658,0.97594,0.99061,-0.12968,-0.31203,0.052939,0.11513
"dx_frac",6,0.93931,0.78421,1.0721,0.99215,-0.12416,-0.31986,0.05963,0.10828
"dx_frac",7,1.1429,0.95025,1.3066,1,-0.068494,-0.25709,0.10872,0.0625
"dx_frac",8,1.139,0.96472,1.2828,0.99981,-0.035246,-0.22572,0.15678,0.063994
"dx_frac",9,1.046,0.86034,1.1936,0.99577,-0.055908,-0.25107,0.15434,0.090129
"dx_frac",10,0.91134,0.72902,1.0765,0.99331,-0.065625,-0.23992,0.1318,0.10283
"dx_frac",11,0.89432,0.72555,1.0605,0.99254,-0.033677,-0.20466,0.16199,0.1065
"dx_frac",12,0.898,0.75509,1.0366,0.9912,0.049587,-0.11724,0.24049,0.11258
"dx_frac",13,0.90835,0.79061,1.0046,0.9917,0.059645,-0.11412,0.23407,0.11032
"dx_frac",14,0.92244,0.79423,1.0432,0.99362,0.042223,-0.09701,0.18922,0.10128
"dx_frac",15,0.92451,0.76301,1.0866,0.99257,-0.011142,-0.17024,0.16664,0.10634
"dx_frac",16,1.0691,0.88437,1.2096,0.99791,-0.0029637,-0.16889,0.16885,0.077403
"dx_frac",17,1.0786,0.86302,1.2732,0.99934,-0.025406,-0.18326,0.14178,0.067531
"dx_frac",18,1.0389,0.84802,1.2244,0.9986,-0.066557,-0.22253,0.085606,0.072803
"dx_frac",19,1.067,0.86526,1.2839,0.9991,-0.12583,-0.27685,0.034682,0.069301
"dx_frac",20,1.0506,0.87678,1.2369,0.9987,-0.079653,-0.22905,0.084272,0.072132
"dx_frac",21,1.0956,0.89511,1.306,1,-0.13199,-0.30295,0.031823,0.0625
"dx_frac",22,1.1362,0.95672,1.3292,0.99972,-0.097012,-0.28352,0.093364,0.064693
"dx_frac",23,1.2419,0.98672,1.5513,1,-0.061319,-0.26978,0.15805,0.0625
"dx_frac",24,1.2274,0.92382,1.5696,1,-0.016949,-0.23182,0.20328,0.0625
"dx_frac",25,1.1832,0.94261,1.4077,0.99971,0.0649,-0.13785,0.28465,0.064744
"dx_frac",26,1.1676,0.97858,1.3215,1,0.08652,-0.099812,0.30259,0.0625
"dx_frac",27,1.0326,0.84417,1.1843,0.99645,0.089202,-0.093119,0.28719,0.086289
"dx_frac",28,0.98364,0.79488,1.1416,0.99525,0.038852,-0.15214,0.22335,0.092916
"dx_frac",29,1.1134,0.91808,1.3079,0.99812,0.055027,-0.1531,0.26808,0.076015
"dx_frac",30,1.0667,0.90604,1.2298,0.99701,0.032017,-0.15713,0.22423,0.082956
"dx_frac",31,0.96693,0.82209,1.1184,0.9964,0.03613,-0.1282,0.19196,0.086558
"dx_frac",32,0.91341,0.75443,1.055,0.99546,0.023605,-0.11629,0.17248,0.091829
"dx_frac",33,1.0264,0.84459,1.2046,0.9991,0.020959,-0.12086,0.17049,0.069296
"dx_frac",34,1.0413,0.84448,1.2601,0.99933,0.031528,-0.1153,0.18917,0.067626
"dx_frac",35,1.0243,0.81307,1.2459,1,0.075502,-0.052483,0.21669,0.0625
"dx_frac",36,0.9725,0.74281,1.2379,0.99885,0.047847,-0.085311,0.19387,0.071064
"dx_frac",37,1.0409,0.79704,1.327,1,0.063188,-0.04913,0.18408,0.0625
"dx_frac",38,1.1182,0.88746,1.3753,1,0.075073,-0.055157,0.21615,0.0625
"dx_frac",39,1.0933,0.92196,1.2495,1,0.05878,-0.066125,0.22668,0.0625
"dx_frac",40,1.0943,0.88959,1.2827,1,0.021309,-0.11918,0.18458,0.0625
"dx_frac",41,1.0451,0.86335,1.2335,1,-0.032181,-0.17548,0.15427,0.0625
"dx_frac",42,1.0335,0.84987,1.2149,0.99999,-0.059791,-0.21022,0.1121,0.062578
"dx_frac",43,1.0268,0.87053,1.1887,0.99852,-0.05466,-0.2178,0.13148,0.073347
"dx_frac",44,1.0039,0.85171,1.1607,0.99936,-0.079067,-0.21356,0.076949,0.067402
"dx_frac",45,0.98564,0.78491,1.1947,0.99968,-0.11116,-0.21378,-0.00039882,0.064986
"dx_frac",46,0.94576,0.78391,1.1343,0.9989,-0.093431,-0.19342,0.015065,0.070718
"dx_frac",47,0.98469,0.80649,1.2061,0.99817,-0.018438,-0.1471,0.10981,0.075673
"dx_frac",48,1.0234,0.8078,1.2594,1,0.0030537,-0.1119,0.11505,0.0625
"dx_frac",49,0.97578,0.79072,1.1755,0.99916,0.030821,-0.081192,0.13804,0.068851
"dx_frac",50,0.95716,0.78265,1.1386,0.99784,0.042867,-0.080442,0.16808,0.077809
"dx_frac",51,1.0409,0.88968,1.2336,1,0.022976,-0.10769,0.14408,0.0625
"dx_frac",52,1.0221,0.86177,1.2313,1,-0.00012307,-0.13426,0.1325,0.0625
"dx_frac",53,0.95879,0.77615,1.1718,0.99841,0.039597,-0.084344,0.17137,0.074112
"dx_frac",54,1.1262,0.94764,1.3371,1,0.00055992,-0.12494,0.12424,0.0625
"dx_frac",55,1.0722,0.8918,1.2616,1,-0.030846,-0.16442,0.086269,0.0625
"dx_frac",56,1.078,0.87334,1.248,1,0.022761,-0.10583,0.14181,0.0625
"dx_frac",57,1.1047,0.9044,1.2794,1,0.048291,-0.089282,0.17115,0.0625
"dx_frac",58,1.1341,0.91948,1.3302,1,0.071894,-0.076444,0.21318,0.0625
"dx_frac",59,0.99041,0.8192,1.141,0.99814,0.036429,-0.11329,0.1855,0.075896
"dx_frac",60,0.95323,0.79879,1.0939,0.99657,0.07047,-0.080886,0.2293,0.085597
"dx_frac",61,0.97657,0.8157,1.1195,0.99777,0.027219,-0.1334,0.1805,0.078254
"dx_frac",62,1.0139,0.81766,1.2387,0.99797,0.039575,-0.12028,0.1903,0.076964
"dx_frac",63,0.99745,0.76842,1.2398,0.99804,0.041502,-0.11854,0.17584,0.076535
"dx_frac",64,1.0176,0.82633,1.2207,1,-0.0078259,-0.15962,0.12186,0.0625
"dx_frac",65,1.0857,0.86636,1.3174,1,-0.076849,-0.21992,0.057728,0.0625
"dx_frac",66,1.1051,0.88097,1.3242,1,-0.065935,-0.19905,0.062413,0.0625
"dx_frac",67,1.0274,0.86216,1.2061,0.99838,-0.030972,-0.17122,0.12394,0.074304
"dx_frac",68,1.1715,0.97718,1.3793,1,0.0047036,-0.14564,0.1625,0.0625
"dx_frac",69,1.1947,1.0235,1.3679,1,0.020916,-0.14239,0.16344,0.0625
"dx_frac",70,1.2126,1.033,1.3851,1,0.0056529,-0.13792,0.14383,0.0625
"dx_frac",71,1.1558,0.94325,1.3474,1,0.0097508,-0.13434,0.14586,0.0625
"dx_frac",72,1.2077,0.99482,1.423,1,0.027762,-0.10301,0.15641,0.0625
"dx_frac",73,1.151,0.9398,1.3602,1,0.011563,-0.13027,0.14297,0.0625
"dx_frac",74,1.1715,0.97273,1.3843,1,0.02355,-0.11636,0.15267,0.0625
"dx_frac",75,1.123,0.98404,1.2634,1,0.057377,-0.087661,0.18551,0.0625
"dx_frac",76,1.0607,0.91644,1.2036,1,0.055982,-0.071947,0.17154,0.0625
"dx_frac",77,0.97335,0.84523,1.1034,0.99951,-0.00092233,-0.10678,0.088123,0.066253
"dx_frac",78,0.9204,0.82364,1.0124,0.99722,0.01637,-0.094555,0.11186,0.081725
"dx_frac",79,0.96418,0.85007,1.0765,0.99773,0.082612,-0.041999,0.2017,0.078546
"dx_frac",80,0.9775,0.79893,1.1561,0.9984,0.072632,-0.044613,0.19872,0.074138
"dx_frac",81,1.0524,0.84516,1.242,1,0.018365,-0.087764,0.13819,0.0625
"dx_frac",82,1.0374,0.83492,1.2186,1,0.044081,-0.061547,0.15565,0.0625
"dx_frac",83,1.0055,0.82722,1.1915,1,0.038894,-0.05476,0.12444,0.0625
"dx_frac",84,0.90711,0.77202,1.0473,0.9977,0.06824,-0.022528,0.15521,0.078701
"dx_frac",85,1.0013,0.86775,1.114,1,0.027071,-0.062749,0.11731,0.0625
"dx_frac",86,1.0078,0.86348,1.1536,1,0.0031679,-0.10726,0.099875,0.0625
"dx_frac",87,0.96149,0.82756,1.1176,0.99911,-0.042401,-0.15067,0.064221,0.069238
"dx_frac",88,0.85476,0.70751,1.0116,0.99523,-0.034675,-0.14674,0.07659,0.093043
"dx_frac",89,0.91856,0.72108,1.1594,0.99734,0.00021904,-0.11285,0.12154,0.080956
"dx_frac",90,0.8862,0.70434,1.0873,0.99703,0.040558,-0.067553,0.16418,0.082847
"dx_frac",91,0.92713,0.76625,1.0687,0.99797,0.075927,-0.036484,0.20131,0.077014
"dx_frac",92,0.9486,0.81246,1.094,0.99943,0.054808,-0.050723,0.16629,0.066872
"dx_frac",93,0.90945,0.78763,1.0182,0.99785,0.026143,-0.079796,0.13318,0.077778
"dx_frac",94,0.93066,0.80999,1.0466,0.99901,-0.035675,-0.13896,0.070744,0.06993
"dx_frac",95,0.86173,0.72799,0.99806,0.99491,-0.045158,-0.17752,0.082368,0.094761
"dx_frac",96,0.9528,0.79636,1.1159,0.99795,-0.073305,-0.21026,0.063622,0.077132
"dx_frac",97,0.94186,0.76988,1.0975,0.9991,-0.10847,-0.21696,-0.0041695,0.069289
"dx_frac",98,0.894,0.73634,1.0391,0.99726,-0.087981,-0.1909,0.018646,0.08148
"dx_frac",99,0.88176,0.73558,1.0393,0.99725,-0.081866,-0.17143,0.0061407,0.08149
"dx_frac",100,0.97565,0.8073,1.139,0.99998,-0.077236,-0.18227,0.015676,0.062661
"dx_frac",101,1.071,0.92976,1.2197,1,-0.092724,-0.20795,0.012524,0.0625
"dx_frac",102,1.0863,0.91873,1.2795,1,-0.10496,-0.22668,0.013073,0.0625
"dx_frac",103,1.0844,0.8895,1.2999,1,-0.073533,-0.17825,0.031664,0.0625
"dx_frac",104,1.0749,0.90853,1.2563,1,-0.052783,-0.17255,0.07276,0.0625
"dx_frac",105,1.0213,0.88079,1.1587,0.99981,-0.044631,-0.16901,0.09452,0.063973
"dx_frac",106,0.96305,0.80948,1.1039,0.9975,-0.043572,-0.17766,0.11548,0.079995
"dx_frac",107,1.0199,0.88627,1.1739,0.99877,-0.062215,-0.19427,0.082055,0.07161
"dx_frac",108,0.94717,0.82961,1.0657,0.99695,-0.033993,-0.16865,0.11202,0.083334
"dx_frac",109,0.96624,0.82061,1.1273,0.99798,0.0039,-0.12719,0.15189,0.076915
"dx_frac",110,1.0156,0.85763,1.1814,0.99974,-0.0067135,-0.16367,0.13605,0.06455
"dx_frac",111,1.0484,0.87632,1.2353,1,-0.077177,-0.23045,0.066785,0.0625
"dx_frac",112,1.1274,0.94002,1.3322,1,-0.05289,-0.20652,0.086999,0.0625
"dx_frac",113,1.1152,0.93189,1.3182,1,-0.047663,-0.19968,0.081673,0.0625
"dx_frac",114,1.0767,0.86359,1.2767,1,-0.067996,-0.21463,0.06825,0.0625
"dx_frac",115,1.0678,0.84998,1.2818,1,-0.044732,-0.18345,0.086235,0.0625
"dx_frac",116,1.0732,0.87847,1.2561,1,-0.055448,-0.19121,0.05942,0.0625
"dx_frac",117,1.0648,0.89562,1.2285,1,-0.030211,-0.1843,0.11215,0.0625
"dx_frac",118,1.1549,0.91882,1.3669,1,-0.036578,-0.19954,0.1067,0.0625
"dx_frac",119,1.1295,0.93146,1.3109,1,-0.028483,-0.16958,0.098517,0.0625
"dx_frac",120,1.0801,0.94537,1.2108,1,-0.10588,-0.24784,0.01113,0.0625
"dx_frac",121,1.0164,0.89236,1.132,1,-0.1253,-0.25379,-0.014407,0.0625
"dx_frac",122,0.95593,0.81488,1.0765,0.99874,-0.079517,-0.21141,0.045149,0.071845
"dx_frac",123,0.94021,0.78164,1.0987,0.99769,-0.065088,-0.20648,0.055093,0.07877
"dx_frac",124,1.0033,0.83132,1.17,0.99993,-0.092346,-0.21781,0.032043,0.06303
"dx_frac",125,1.0423,0.89117,1.1942,1,-0.073136,-0.18249,0.055993,0.0625
"dx_frac",126,1.0149,0.86147,1.1689,1,-0.069674,-0.17685,0.065316,0.0625
"dx_frac",127,1.0551,0.89715,1.202,1,-0.050438,-0.18465,0.10525,0.0625
"dx_frac",128,1.2113,1.068,1.3623,1,-0.10936,-0.24287,0.045338,0.0625
"dx_frac",129,1.0669,0.89176,1.2176,1,-0.11883,-0.24162,0.014005,0.0625
"dx_frac",130,1.0734,0.91713,1.2298,1,-0.07099,-0.18083,0.039726,0.0625
"dx_frac",131,1.0784,0.90532,1.2635,1,-0.079752,-0.18872,0.028195,0.0625
"dx_frac",132,1.0091,0.84656,1.1713,1,-0.071807,-0.18162,0.04435,0.0625
"dx_frac",133,1.0341,0.83071,1.2233,1,-0.045833,-0.15865,0.067923,0.0625
"dx_frac",134,1.0037,0.84568,1.1383,0.99938,0.020576,-0.12523,0.15406,0.067272
"dx_frac",135,1.0402,0.91375,1.1558,0.9993,0.015403,-0.15957,0.16041,0.067881
"dx_frac",136,1.0115,0.87395,1.1603,0.99997,0.00731,-0.14351,0.12199,0.062729
"dx_frac",137,0.98362,0.85372,1.1076,0.99961,-0.0035615,-0.13031,0.1154,0.065547
"dx_frac",138,0.95597,0.77569,1.1072,0.99819,-0.021729,-0.15569,0.1076,0.075528
"dx_frac",139,0.9654,0.79505,1.1091,0.99756,-0.039342,-0.16722,0.10736,0.079625
"dx_frac",140,0.94953,0.77708,1.0927,0.99687,-0.017086,-0.15454,0.13396,0.083805
"dx_frac",141,1.0283,0.88031,1.1831,1,-0.060015,-0.17777,0.078574,0.0625
"dx_frac",142,1.0559,0.89832,1.1842,1,-0.074195,-0.20651,0.084232,0.0625
"dx_frac",143,1.1296,0.97052,1.2707,1,-0.019066,-0.16075,0.14242,0.0625
"dx_frac",144,1.1079,0.94763,1.2882,0.99992,-0.035688,-0.18022,0.14265,0.063113
"dx_frac",145,1.1765,1.0011,1.3464,1,-0.0089938,-0.16613,0.17187,0.0625
"dx_frac",146,1.144,0.98369,1.3096,1,-0.0017324,-0.14838,0.17167,0.0625
"dx_frac",147,1.108,0.95814,1.2976,1,-0.023407,-0.20007,0.15005,0.0625
"dx_frac",148,1.0861,0.92748,1.2363,1,-0.003415,-0.15414,0.15119,0.0625
"dx_frac",149,0.95473,0.79817,1.1224,0.99807,-0.049345,-0.18352,0.077163,0.076339
"dx_frac",150,1.076,0.90124,1.2535,1,-0.062952,-0.18318,0.067961,0.0625
"supp_frac",1,0.9949,0.48213,1.5935,0.97171,-0.20298,-0.58545,0.1486,0.17912
"supp_frac",2,1.048,0.6083,1.5293,0.98385,-0.16581,-0.4816,0.11159,0.14139
"supp_frac",3,1.0249,0.71125,1.3549,0.99251,-0.079093,-0.30994,0.1448,0.1066
"supp_frac",4,0.98827,0.75351,1.2306,0.99525,-0.056071,-0.26602,0.11201,0.092936
"supp_frac",5,1.0023,0.86204,1.1401,0.99536,-0.075465,-0.2625,0.084446,0.092325
"supp_frac",6,0.99741,0.84431,1.1465,0.99536,-0.054635,-0.23392,0.11661,0.092325
"supp_frac",7,1.1658,0.97665,1.3357,1,-0.036164,-0.20091,0.11482,0.0625
"supp_frac",8,1.0983,0.88653,1.3005,1,0.01278,-0.14781,0.17693,0.0625
"supp_frac",9,1.0888,0.86175,1.2982,1,0.04983,-0.097095,0.22699,0.0625
"supp_frac",10,1.0193,0.85052,1.2079,0.99726,0.012306,-0.16645,0.18115,0.081447
"supp_frac",11,1.0978,0.91578,1.2961,1,0.030214,-0.13456,0.19444,0.0625
"supp_frac",12,1.0754,0.91806,1.2469,1,0.1245,-0.031153,0.27007,0.0625
"supp_frac",13,1.1298,0.9104,1.3392,1,0.12148,-0.045495,0.27246,0.0625
"supp_frac",14,1.0555,0.88622,1.2169,0.99979,0.045086,-0.10213,0.19995,0.06412
"supp_frac",15,0.98848,0.83489,1.1435,0.99878,0.040175,-0.078332,0.1756,0.071539
"supp_frac",16,0.93924,0.78419,1.091,0.99792,0.036542,-0.074646,0.16076,0.077309
"supp_frac",17,0.96622,0.80157,1.1391,0.99836,0.015002,-0.10411,0.15648,0.07444
"supp_frac",18,0.92356,0.73755,1.1083,0.99666,0.035564,-0.091308,0.18236,0.085076
"supp_frac",19,0.93881,0.80103,1.0865,0.99803,-0.0026303,-0.11133,0.11836,0.076614
"supp_frac",20,1.0247,0.89008,1.1781,1,0.012419,-0.085436,0.13998,0.0625
"supp_frac",21,1.1099,0.95699,1.2597,1,-0.01077,-0.14949,0.1471,0.0625
"supp_frac",22,1.1653,0.95078,1.3777,1,0.036418,-0.090669,0.1887,0.0625
"supp_frac",23,1.1701,0.95236,1.3837,1,0.056604,-0.084946,0.19664,0.0625
"supp_frac",24,1.0774,0.87398,1.2886,1,0.037253,-0.083614,0.17673,0.0625
"supp_frac",25,0.98866,0.78517,1.165,0.99953,0.079284,-0.038459,0.22502,0.066119
"supp_frac",26,1.0747,0.84654,1.2844,1,0.054239,-0.081783,0.20139,0.0625
"supp_frac",27,1.121,0.87619,1.325,1,0.040923,-0.081453,0.19047,0.0625
"supp_frac",28,1.0612,0.85613,1.2373,1,0.033698,-0.06522,0.14431,0.0625
"supp_frac",29,1.0958,0.92053,1.2938,1,0.0054264,-0.12325,0.1565,0.0625
"supp_frac",30,1.1862,0.94366,1.4541,1,0.012974,-0.12686,0.16155,0.0625
"supp_frac",31,1.0415,0.86734,1.2305,1,-0.0066965,-0.13216,0.12076,0.0625
"supp_frac",32,0.97447,0.74313,1.1836,0.99885,0.046948,-0.082796,0.16419,0.071089
"supp_frac",33,1.035,0.82114,1.2334,1,0.073353,-0.054367,0.201,0.0625
"supp_frac",34,1.0666,0.88689,1.2645,1,0.067514,-0.070905,0.21888,0.0625
"supp_frac",35,1.0246,0.85452,1.1957,1,0.055445,-0.066289,0.18582,0.0625
"supp_frac",36,0.993,0.79509,1.229,1,0.036448,-0.078216,0.16984,0.0625
"supp_frac",37,0.92318,0.76038,1.0775,0.99792,0.030781,-0.090159,0.15402,0.07729
"supp_frac",38,1.0277,0.8428,1.2016,1,0.0021166,-0.13144,0.14766,0.0625
"supp_frac",39,1.0803,0.89555,1.2562,1,-0.042563,-0.17187,0.097869,0.0625
"supp_frac",40,0.99016,0.83932,1.1591,0.99893,-0.024716,-0.15059,0.10967,0.070484
"supp_frac",41,0.92599,0.79603,1.0569,0.99696,-0.034122,-0.16906,0.10398,0.083244
"supp_frac",42,0.97096,0.82387,1.1229,0.99945,-0.036498,-0.1593,0.084694,0.066721
"supp_frac",43,0.9591,0.79016,1.1308,0.99733,-0.035672,-0.17186,0.10496,0.081029
"supp_frac",44,0.99565,0.83805,1.1645,0.9998,-0.060535,-0.1748,0.064672,0.064087
"supp_frac",45,1.1077,0.94318,1.272,1,-0.088709,-0.20005,0.026409,0.0625
"supp_frac",46,1.0571,0.87982,1.2489,1,-0.049165,-0.15404,0.063247,0.0625
"supp_frac",47,1.041,0.88735,1.22,1,0.022578,-0.094321,0.12123,0.0625
"supp_frac",48,1.0522,0.89083,1.2412,1,0.016847,-0.11715,0.13317,0.0625
"supp_frac",49,0.97471,0.80112,1.1667,0.99853,0.020226,-0.10985,0.14389,0.073272
"supp_frac",50,0.96352,0.75835,1.1687,0.99871,0.044507,-0.075228,0.1635,0.07205
"supp_frac",51,1.0049,0.81595,1.1848,1,0.042758,-0.070822,0.15453,0.0625
"supp_frac",52,0.97639,0.80937,1.1404,0.99923,0.028715,-0.090759,0.15772,0.068367
"supp_frac",53,0.97766,0.81655,1.1366,0.99846,0.062007,-0.069101,0.2069,0.073771
"supp_frac",54,0.95073,0.77267,1.094,0.99756,0.052493,-0.084088,0.19498,0.079598
"supp_frac",55,0.99801,0.83211,1.1601,0.99931,0.055709,-0.096616,0.19867,0.067739
"supp_frac",56,1.0425,0.85888,1.2486,0.99994,0.087858,-0.062016,0.24059,0.06299
"supp_frac",57,1.1193,0.90152,1.3252,1,0.081262,-0.064206,0.24923,0.0625
"supp_frac",58,1.0447,0.82234,1.2638,1,0.11021,-0.017128,0.25774,0.0625
"supp_frac",59,0.87583,0.70041,1.0557,0.99676,0.11211,0.0052024,0.23035,0.084443
"supp_frac",60,0.91186,0.72935,1.078,0.99793,0.089635,-0.012278,0.20783,0.077237
"supp_frac",61,0.97642,0.82295,1.1332,0.99901,0.043846,-0.072853,0.16174,0.069959
"supp_frac",62,1.0027,0.84124,1.1886,0.99838,0.0093658,-0.12737,0.15414,0.07428
"supp_frac",63,1.089,0.90807,1.3002,1,0.019444,-0.1152,0.15849,0.0625
"supp_frac",64,1.1745,1,1.3696,1,0.019887,-0.097338,0.13808,0.0625
"supp_frac",65,1.1936,0.9729,1.4404,1,-0.043214,-0.1663,0.064939,0.0625
"supp_frac",66,1.2056,0.98881,1.4674,1,-0.013022,-0.14333,0.10512,0.0625
"supp_frac",67,1.1109,0.92996,1.3061,1,0.011265,-0.12072,0.1427,0.0625
"supp_frac",68,1.1473,0.97604,1.3293,1,0.0018348,-0.13943,0.13608,0.0625
"supp_frac",69,1.029,0.88358,1.18,0.99934,0.030338,-0.11101,0.16603,0.067544
"supp_frac",70,1.1476,1.0187,1.2549,1,0.0081431,-0.12422,0.14586,0.0625
"supp_frac",71,1.2253,1.0355,1.4332,1,0.02534,-0.10509,0.16704,0.0625
"supp_frac",72,1.2519,1.0046,1.4885,1,0.045736,-0.090489,0.16815,0.0625
"supp_frac",73,1.0886,0.89298,1.2801,1,0.073498,-0.038431,0.18958,0.0625
"supp_frac",74,0.8647,0.71292,1.0161,0.996,0.13418,0.025574,0.23774,0.08883
"supp_frac",75,0.86272,0.7324,1.0194,0.9957,0.098212,-0.013897,0.20472,0.090502
"supp_frac",76,0.92241,0.76323,1.126,0.99615,0.05662,-0.082589,0.18899,0.08797
"supp_frac",77,0.90269,0.7722,1.0716,0.99678,0.020035,-0.099401,0.12603,0.084323
"supp_frac",78,1.0428,0.88726,1.2303,1,0.029451,-0.098195,0.14268,0.0625
"supp_frac",79,1.027,0.84295,1.2036,0.99959,0.045162,-0.1007,0.1689,0.06572
"supp_frac",80,0.87423,0.67901,1.0671,0.99493,0.026538,-0.096942,0.14742,0.094614
"supp_frac",81,0.97892,0.75133,1.2033,0.99998,-0.017947,-0.12179,0.083299,0.062662
"supp_frac",82,1.0323,0.84793,1.2171,1,-0.011897,-0.12877,0.099572,0.0625
"supp_frac",83,1.0755,0.92762,1.2534,1,-0.0066436,-0.15588,0.11449,0.0625
"supp_frac",84,1.0824,0.87642,1.2951,1,0.0054938,-0.1245,0.13979,0.0625
"supp_frac",85,1.0321,0.83673,1.2491,1,0.016319,-0.094875,0.12433,0.0625
"supp_frac",86,0.98393,0.80528,1.163,1,-0.04088,-0.15302,0.066756,0.0625
"supp_frac",87,0.9493,0.76301,1.1368,0.9979,-0.077056,-0.20977,0.058931,0.077459
"supp_frac",88,0.9518,0.77417,1.1739,0.99763,-0.027959,-0.14733,0.11768,0.079141
"supp_frac",89,1.0031,0.83598,1.2117,1,0.030463,-0.0757,0.15739,0.0625
"supp_frac",90,1.0124,0.84044,1.2319,1,0.014402,-0.097674,0.12776,0.0625
"supp_frac",91,1.022,0.88045,1.1748,1,0.039367,-0.088447,0.17355,0.0625
"supp_frac",92,1.0364,0.86982,1.2066,1,-0.00040967,-0.10826,0.11531,0.0625
"supp_frac",93,1.14,0.93934,1.3452,1,-0.057863,-0.1742,0.074774,0.0625
"supp_frac",94,1.0328,0.83207,1.2441,1,-0.073893,-0.18393,0.016731,0.0625
"supp_frac",95,1.0419,0.85741,1.2355,1,-0.050103,-0.15847,0.04115,0.0625
"supp_frac",96,1.141,0.93648,1.3795,1,-0.017459,-0.121,0.093154,0.0625
"supp_frac",97,1.1552,0.99087,1.3236,1,-0.080898,-0.19137,0.022589,0.0625
"supp_frac",98,1.0253,0.88844,1.1532,1,-0.036925,-0.14074,0.057623,0.0625
"supp_frac",99,0.94346,0.77052,1.1453,0.99949,0.01263,-0.091896,0.105,0.06647
"supp_frac",100,0.96756,0.79184,1.1583,1,-0.014599,-0.11418,0.079492,0.0625
"supp_frac",101,1.031,0.82532,1.2491,1,-0.05947,-0.14528,0.043717,0.0625
"supp_frac",102,1.0327,0.85638,1.2273,1,-0.050058,-0.14052,0.051225,0.0625
"supp_frac",103,1.0649,0.84402,1.2594,1,-0.063805,-0.15311,0.024484,0.0625
"supp_frac",104,0.95288,0.79226,1.1286,0.99849,-0.051197,-0.16381,0.064442,0.073523
"supp_frac",105,1.0029,0.86127,1.1652,1,0.015769,-0.087681,0.13453,0.0625
"supp_frac",106,1.067,0.87981,1.2809,1,-0.018897,-0.14906,0.10964,0.0625
"supp_frac",107,1.0882,0.92305,1.2577,1,-0.03315,-0.17868,0.10544,0.0625
"supp_frac",108,1.0328,0.87231,1.1867,1,-0.022671,-0.16765,0.093438,0.0625
"supp_frac",109,1.0077,0.86281,1.1584,1,-0.031493,-0.13051,0.063863,0.0625
"supp_frac",110,1.0188,0.85419,1.1764,1,-0.05623,-0.15856,0.035282,0.0625
"supp_frac",111,1.0295,0.8539,1.198,1,-0.12289,-0.24405,-0.016285,0.0625
"supp_frac",112,1.158,0.96924,1.3373,1,-0.061673,-0.18714,0.03903,0.0625
"supp_frac",113,1.0628,0.90116,1.2532,1,-0.054051,-0.17969,0.049178,0.0625
"supp_frac",114,0.90758,0.78565,1.0517,0.99779,-0.12278,-0.24153,-0.02902,0.078176
"supp_frac",115,0.89667,0.75653,1.0503,0.99748,-0.11394,-0.20892,-0.016534,0.080133
"supp_frac",116,0.9756,0.84061,1.1027,0.99935,-0.1215,-0.23315,-0.028025,0.067506
"supp_frac",117,1.0363,0.87,1.2248,1,-0.13919,-0.26165,-0.0251,0.0625
"supp_frac",118,1.2065,1.0247,1.4195,1,-0.10154,-0.22291,0.023159,0.0625
"supp_frac",119,1.0273,0.86743,1.197,1,-0.09508,-0.23831,0.029972,0.0625
"supp_frac",120,1.0571,0.90045,1.2261,1,-0.092493,-0.22695,0.029883,0.0625
"supp_frac",121,1.0532,0.92814,1.1821,1,-0.076886,-0.22686,0.052343,0.0625
"supp_frac",122,1.0922,0.90344,1.2495,1,-0.018886,-0.18624,0.12217,0.0625
"supp_frac",123,1.0561,0.86345,1.2237,0.99823,0.014913,-0.1547,0.17059,0.075263
"supp_frac",124,0.98641,0.80682,1.1704,0.9975,-0.033586,-0.17797,0.10419,0.079999
"supp_frac",125,1.0183,0.82434,1.2193,1,-0.02108,-0.1484,0.0974,0.0625
"supp_frac",126,0.93179,0.79889,1.0733,0.99726,-0.0022379,-0.11785,0.11497,0.081435
"supp_frac",127,0.86855,0.72773,0.99276,0.99634,0.045768,-0.040753,0.14392,0.086927
"supp_frac",128,0.96224,0.86536,1.0344,0.99908,0.0055255,-0.1049,0.12357,0.069466
"supp_frac",129,1.0031,0.87402,1.1349,0.99935,-0.010091,-0.13614,0.12653,0.067505
"supp_frac",130,1.0647,0.92833,1.2084,1,0.0084635,-0.12362,0.13784,0.0625
"supp_frac",131,0.9756,0.79539,1.1617,0.99864,0.049672,-0.07562,0.1702,0.072521
"supp_frac",132,1.0446,0.91552,1.1824,1,0.064062,-0.052469,0.1705,0.0625
"supp_frac",133,0.99604,0.86714,1.1526,0.99967,0.063265,-0.050536,0.18062,0.065092
"supp_frac",134,1.0176,0.85716,1.2041,1,0.084007,-0.023933,0.19299,0.0625
"supp_frac",135,1.1004,0.94166,1.2808,1,0.13831,0.024164,0.26495,0.0625
"supp_frac",136,1.0426,0.89245,1.2297,1,0.085236,-0.031359,0.21255,0.0625
"supp_frac",137,1.0633,0.92182,1.2313,1,0.072208,-0.040042,0.20476,0.0625
"supp_frac",138,1.0099,0.85057,1.1832,0.99992,0.020448,-0.12079,0.15443,0.063119
"supp_frac",139,1.0597,0.86429,1.2758,1,0.012743,-0.12046,0.14556,0.0625
"supp_frac",140,0.9855,0.83828,1.1624,0.99853,0.012496,-0.12298,0.15401,0.073257
"supp_frac",141,0.98251,0.8424,1.1333,0.99849,-0.049665,-0.1604,0.091661,0.073541
"supp_frac",142,1.0217,0.87854,1.1855,0.99906,-0.045626,-0.17637,0.10488,0.069605
"supp_frac",143,0.98417,0.79996,1.1485,0.99783,-0.018969,-0.14256,0.12192,0.077921
"supp_frac",144,0.88227,0.72354,1.0391,0.99441,0.0054422,-0.11119,0.14513,0.097323
"supp_frac",145,0.93511,0.78179,1.0613,0.99705,0.046965,-0.067247,0.17337,0.082725
"supp_frac",146,0.91754,0.74669,1.0992,0.99697,0.059387,-0.04593,0.1739,0.083225
"supp_frac",147,0.85812,0.69824,1.0229,0.99468,0.012465,-0.10169,0.14045,0.095944
"supp_frac",148,0.87845,0.73631,1.012,0.99654,-0.019074,-0.12453,0.089382,0.085746
"supp_frac",149,0.94093,0.77265,1.1506,0.99809,-0.0041321,-0.12181,0.10426,0.076192
"supp_frac",150,0.9513,0.78364,1.107,0.99867,0.01059,-0.10407,0.12292,0.07236
"prep_cov",1,0.80551,0.57644,1.0111,0.98245,0.31141,0.05022,0.52318,0.14626
"prep_cov",2,0.91641,0.77681,1.0357,0.99497,0.042786,-0.10356,0.19828,0.094409
"prep_cov",3,1.003,0.84786,1.177,1,-0.087732,-0.20279,0.017956,0.0625
"prep_cov",4,0.97689,0.8219,1.1389,0.99883,0.009476,-0.11652,0.14938,0.071243
"prep_cov",5,0.92898,0.76642,1.0953,0.99832,-0.089818,-0.18806,0.025413,0.074682
"prep_cov",6,1.1066,0.95089,1.2775,1,-0.12274,-0.27251,0.021181,0.0625
"prep_cov",7,1.0947,0.90161,1.284,1,-0.046112,-0.18399,0.10302,0.0625
"prep_cov",8,1.0262,0.83933,1.1919,0.9994,0.011465,-0.13908,0.16687,0.067101
"prep_cov",9,1.0558,0.83866,1.2471,1,0.005851,-0.128,0.14845,0.0625
"prep_cov",10,1.1081,0.9484,1.2397,1,0.065396,-0.074241,0.19086,0.0625
"prep_cov",11,0.98543,0.81931,1.1384,0.99793,-0.07274,-0.22955,0.089489,0.077269
"prep_cov",12,0.91186,0.75486,1.0549,0.99456,-0.0080021,-0.14493,0.15927,0.09656
"prep_cov",13,0.99302,0.81744,1.1721,0.99768,-0.065304,-0.19645,0.065479,0.078857
"prep_cov",14,1.0794,0.9335,1.2172,1,0.0044304,-0.11977,0.1242,0.0625
"prep_cov",15,1.004,0.84691,1.1568,1,-0.0057386,-0.1353,0.099226,0.0625
"prep_cov",16,0.95836,0.83162,1.1129,1,-0.012356,-0.097453,0.06639,0.0625
"prep_cov",17,1.1154,0.93261,1.3005,1,-0.048966,-0.19797,0.10401,0.0625
"prep_cov",18,0.96626,0.78396,1.1926,0.99967,-0.076034,-0.19699,0.031519,0.065043
"prep_cov",19,0.88801,0.73463,1.0272,0.99492,-0.041546,-0.19348,0.10192,0.094709
"prep_cov",20,1.1918,1.033,1.3606,1,-0.16614,-0.28798,-0.051529,0.0625
"prep_cov",21,1.3726,1.192,1.5513,1,-0.034221,-0.17301,0.12066,0.0625
"prep_cov",22,1.0778,0.87687,1.2982,0.99994,0.097597,-0.038102,0.25888,0.062989
"prep_cov",23,0.9893,0.83888,1.1307,1,-0.014411,-0.13382,0.096331,0.0625
"prep_cov",24,1.0321,0.88662,1.1835,0.9994,0.0054565,-0.12768,0.13363,0.067112
"prep_cov",25,0.94695,0.80938,1.0643,0.99658,-0.05265,-0.20154,0.077945,0.08554
"prep_cov",26,0.98377,0.84059,1.1324,0.99773,-0.10679,-0.24664,0.027846,0.07853
"prep_cov",27,1.0436,0.8921,1.1846,0.99889,-0.051223,-0.20953,0.11081,0.070761
"prep_cov",28,0.97985,0.79628,1.19,0.99805,-0.025577,-0.15466,0.10304,0.076469
"prep_cov",29,0.96359,0.83443,1.0825,0.99812,-0.027545,-0.16274,0.11959,0.075996
"prep_cov",30,1.0748,0.90608,1.2524,1,0.0025976,-0.13025,0.13614,0.0625
"prep_cov",31,1.0374,0.85919,1.2045,1,-0.076961,-0.17273,0.010372,0.0625
"prep_cov",32,0.9057,0.7378,1.1144,0.99776,-0.064936,-0.17756,0.043453,0.07835
"prep_cov",33,0.8695,0.71879,1.0623,0.99625,-0.10625,-0.23447,0.0052277,0.087431
"prep_cov",34,1.0846,0.91534,1.2656,1,-0.037311,-0.13714,0.075693,0.0625
"prep_cov",35,1.0754,0.8884,1.2542,1,0.028536,-0.078049,0.15195,0.0625
"prep_cov",36,1.0866,0.85915,1.3585,1,0.095859,0.012897,0.18256,0.0625
"prep_cov",37,1.0118,0.83663,1.1852,1,0.05029,-0.047796,0.1523,0.0625
"prep_cov",38,1.1002,0.90749,1.3254,1,0.084393,-0.039041,0.22658,0.0625
"prep_cov",39,1.2016,0.99056,1.4068,1,-0.019296,-0.12358,0.11209,0.0625
"prep_cov",40,0.98574,0.80368,1.1861,0.99897,-0.057966,-0.17249,0.07056,0.070214
"prep_cov",41,0.82939,0.69609,0.96608,0.99595,-0.13645,-0.22228,-0.036198,0.08913
"prep_cov",42,0.95955,0.78939,1.1249,0.99973,-0.087019,-0.19071,0.020047,0.064635
"prep_cov",43,1.0254,0.85174,1.2512,1,0.038154,-0.083465,0.1572,0.0625
"prep_cov",44,1,0.85715,1.1463,0.99982,-0.00099298,-0.14218,0.11316,0.06388
"prep_cov",45,0.87185,0.72703,1.023,0.99666,-0.011189,-0.11049,0.085025,0.085043
"prep_cov",46,0.98294,0.83271,1.1272,1,-0.064811,-0.16666,0.01753,0.0625
"prep_cov",47,0.90906,0.76542,1.0576,0.99616,0.024998,-0.099079,0.13901,0.087919
"prep_cov",48,0.95688,0.80927,1.1359,0.99996,0.03096,-0.07793,0.12496,0.062804
"prep_cov",49,0.96729,0.8136,1.142,1,0.076316,-0.031679,0.16562,0.0625
"prep_cov",50,1.028,0.81449,1.2422,1,0.034809,-0.081685,0.13412,0.0625
"prep_cov",51,0.97205,0.78503,1.1589,1,-0.042257,-0.12474,0.059223,0.0625
"prep_cov",52,1.0877,0.90456,1.251,1,-0.013763,-0.10092,0.082889,0.0625
"prep_cov",53,0.8904,0.75543,1.0246,0.99816,0.079078,-0.0043561,0.164,0.075741
"prep_cov",54,0.96532,0.81153,1.1331,0.99961,0.035028,-0.053235,0.15113,0.065544
"prep_cov",55,1.0518,0.87996,1.2281,1,-0.066002,-0.17949,0.052969,0.0625
"prep_cov",56,0.9784,0.82327,1.1507,0.99842,-0.094263,-0.21042,0.021799,0.074018
"prep_cov",57,0.99266,0.84889,1.1324,1,-0.018908,-0.11118,0.063322,0.0625
"prep_cov",58,0.95417,0.80489,1.1168,0.99838,0.018601,-0.090799,0.13486,0.074292
"prep_cov",59,1.2235,1.0336,1.4117,1,-0.027142,-0.16898,0.13523,0.0625
"prep_cov",60,0.99907,0.84022,1.1626,1,0.020795,-0.089711,0.13513,0.0625
"prep_cov",61,1.0902,0.90389,1.2956,1,-0.15532,-0.24775,-0.062045,0.0625
"prep_cov",62,1.072,0.89298,1.2585,1,0.0076583,-0.086069,0.1004,0.0625
"prep_cov",63,0.99934,0.85588,1.144,1,-0.072479,-0.18262,0.050379,0.0625
"prep_cov",64,1.0979,0.91213,1.2836,1,0.043428,-0.058539,0.13367,0.0625
"prep_cov",65,0.96933,0.80553,1.1205,0.99804,0.0098064,-0.11926,0.13092,0.076554
"prep_cov",66,1.0855,0.90343,1.295,1,-0.038381,-0.19061,0.1007,0.0625
"prep_cov",67,0.94494,0.79807,1.0807,0.998,0.031075,-0.077966,0.15666,0.076792
"prep_cov",68,1.0134,0.84283,1.1504,0.99925,-0.01438,-0.12857,0.12094,0.068219
"prep_cov",69,0.89993,0.73867,1.018,0.99703,-0.1109,-0.22712,-0.010598,0.082848
"prep_cov",70,0.9324,0.76705,1.109,0.99706,-0.04537,-0.16458,0.062003,0.082655
"prep_cov",71,0.99551,0.86018,1.1151,1,0.017627,-0.10699,0.14506,0.0625
"prep_cov",72,0.96857,0.83955,1.0689,0.99745,0.054247,-0.089132,0.20291,0.080309
"prep_cov",73,0.94563,0.79343,1.1036,0.99922,-0.011751,-0.11247,0.09283,0.068455
"prep_cov",74,1.1682,0.94168,1.3997,1,-0.054843,-0.15784,0.061469,0.0625
"prep_cov",75,1.0928,0.93288,1.265,1,-0.0019897,-0.10387,0.11863,0.0625
"prep_cov",76,1.0033,0.81276,1.1858,0.99901,-0.029047,-0.17794,0.11946,0.069976
"prep_cov",77,1.098,0.90902,1.3326,1,0.036518,-0.12808,0.19866,0.0625
"prep_cov",78,0.96568,0.81654,1.1188,0.99778,0.013662,-0.11533,0.15565,0.078236
"prep_cov",79,0.90076,0.76225,1.0319,0.99679,0.15266,0.03947,0.26997,0.084285
"prep_cov",80,1.0178,0.88311,1.141,1,0.11031,-0.026088,0.23856,0.0625
"prep_cov",81,0.87393,0.68674,1.0462,0.99714,0.035172,-0.058332,0.12958,0.082216
"prep_cov",82,0.84013,0.696,0.96668,0.9943,0.059326,-0.041121,0.16595,0.097877
"prep_cov",83,1.0818,0.90864,1.2854,1,0.042224,-0.083394,0.16743,0.0625
"prep_cov",84,0.98695,0.81624,1.1332,1,-0.074409,-0.16933,0.020678,0.0625
"prep_cov",85,0.98139,0.8381,1.1444,0.99895,0.064481,-0.076773,0.18747,0.070388
"prep_cov",86,0.92126,0.77079,1.1124,0.99607,0.028623,-0.091337,0.18646,0.088441
"prep_cov",87,0.9511,0.79868,1.1207,0.99821,0.14662,0.02776,0.26528,0.075445
"prep_cov",88,1.1259,0.93371,1.3447,1,0.16612,0.071318,0.26565,0.0625
"prep_cov",89,0.96895,0.79767,1.1516,1,0.16238,0.075572,0.27391,0.0625
"prep_cov",90,1.0387,0.88573,1.1699,1,0.15072,0.037609,0.2627,0.0625
"prep_cov",91,1.0114,0.84325,1.2176,0.99953,0.14165,0.012677,0.27879,0.06616
"prep_cov",92,0.90216,0.786,1.031,0.99608,0.058679,-0.067086,0.17823,0.088396
"prep_cov",93,0.92856,0.76252,1.109,0.99842,0.039283,-0.065312,0.14892,0.074023
"prep_cov",94,0.86417,0.7044,1.0578,0.99665,0.024613,-0.083535,0.11415,0.085132
"prep_cov",95,0.96081,0.81648,1.1394,1,-0.030066,-0.13229,0.060342,0.0625
"prep_cov",96,0.85232,0.72187,0.99116,0.99475,-0.12133,-0.24071,0.017091,0.095576
"prep_cov",97,0.97885,0.8174,1.1268,0.99816,-0.022153,-0.15112,0.1213,0.075774
"prep_cov",98,1.0673,0.88905,1.2239,1,0.045137,-0.082308,0.1746,0.0625
"prep_cov",99,1.0183,0.81589,1.2008,0.99984,-0.018428,-0.1522,0.11345,0.063732
"prep_cov",100,0.79238,0.66542,0.90412,0.99338,-0.093309,-0.18684,0.01518,0.10246
"prep_cov",101,1.0618,0.90134,1.2946,1,-0.11449,-0.22618,0.035339,0.0625
"prep_cov",102,1.0327,0.87317,1.1586,0.99987,-0.099421,-0.23663,0.032894,0.063525
"prep_cov",103,1.1068,0.91119,1.2946,1,-0.020824,-0.15022,0.10988,0.0625
"prep_cov",104,1.0539,0.89692,1.2154,1,-0.0053329,-0.12987,0.11111,0.0625
"prep_cov",105,1.091,0.88469,1.2811,1,0.020309,-0.13302,0.15407,0.0625
"prep_cov",106,0.95922,0.78218,1.1538,0.99862,-0.030765,-0.14715,0.095283,0.072646
"prep_cov",107,1.1507,1.0039,1.3229,1,-0.06189,-0.19696,0.064827,0.0625
"prep_cov",108,1.0214,0.85895,1.1715,1,-0.011311,-0.11839,0.10603,0.0625
"prep_cov",109,1.0633,0.897,1.2346,1,0.10615,-0.025869,0.23873,0.0625
"prep_cov",110,1.0178,0.88123,1.1613,1,0.035053,-0.10189,0.15774,0.0625
"prep_cov",111,1.0154,0.86644,1.1739,1,-0.045282,-0.16829,0.096664,0.0625
"prep_cov",112,0.94867,0.85771,1.0594,0.9986,-0.10186,-0.22277,0.0098997,0.072794
"prep_cov",113,0.98282,0.81287,1.1868,0.99908,-0.037795,-0.14811,0.089669,0.069479
"prep_cov",114,1.026,0.89398,1.1719,1,0.045489,-0.046327,0.14484,0.0625
"prep_cov",115,0.98131,0.79614,1.1477,0.99818,0.032125,-0.10989,0.18711,0.075651
"prep_cov",116,1.0398,0.86981,1.2121,1,0.14798,0.035419,0.26406,0.0625
"prep_cov",117,0.89133,0.7563,1.0281,0.99508,0.12709,0.0067013,0.24938,0.093868
"prep_cov",118,0.97359,0.76668,1.1897,0.9985,0.066718,-0.067331,0.18019,0.073457
"prep_cov",119,1.2141,1.013,1.3819,1,-0.042575,-0.20133,0.098573,0.0625
"prep_cov",120,0.91816,0.72966,1.0845,0.99639,-0.032716,-0.17159,0.11337,0.086604
"prep_cov",121,0.90025,0.75513,1.0378,0.99567,-0.006547,-0.15685,0.13674,0.090675
"prep_cov",122,0.79939,0.68025,0.92353,0.99431,0.024222,-0.070462,0.12816,0.097843
"prep_cov",123,0.93801,0.81798,1.0828,0.99668,-0.0074365,-0.13456,0.13761,0.084946
"prep_cov",124,0.99727,0.8398,1.1361,0.99994,-0.010642,-0.1423,0.12379,0.062964
"prep_cov",125,0.97553,0.78942,1.1168,0.99839,0.016195,-0.12501,0.15806,0.074208
"prep_cov",126,1.1043,0.92071,1.2803,1,0.067984,-0.078586,0.20896,0.0625
"prep_cov",127,1.0937,0.90883,1.2837,1,-0.012791,-0.15088,0.13639,0.0625
"prep_cov",128,1.039,0.86553,1.2088,1,-0.056799,-0.20794,0.071159,0.0625
"prep_cov",129,0.88311,0.70656,1.0947,0.99506,-0.084017,-0.22457,0.043687,0.093929
"prep_cov",130,0.97253,0.81603,1.1363,0.99869,-0.075189,-0.21752,0.04807,0.07219
"prep_cov",131,0.99485,0.8054,1.1998,0.99901,-0.11695,-0.2552,0.014255,0.069918
"prep_cov",132,0.89632,0.74445,1.0528,0.99661,-0.067865,-0.203,0.057642,0.08536
"prep_cov",133,1.0025,0.83897,1.1855,0.99868,-0.0032795,-0.15791,0.14335,0.072239
"prep_cov",134,1.1321,0.92222,1.334,1,-0.008129,-0.16798,0.13432,0.0625
"prep_cov",135,1.2257,1.0276,1.406,1,-0.047062,-0.182,0.083449,0.0625
"prep_cov",136,1.037,0.85439,1.2276,1,-0.038702,-0.16085,0.092874,0.0625
"prep_cov",137,0.92747,0.7773,1.07,0.9969,-0.090779,-0.21376,0.04099,0.083658
"prep_cov",138,1.004,0.80701,1.1784,1,-0.10962,-0.22922,0.0012788,0.0625
"prep_cov",139,1.0454,0.89667,1.1855,1,0.011638,-0.094749,0.11906,0.0625
"prep_cov",140,1.0045,0.84537,1.1596,1,-0.074936,-0.18111,0.036694,0.0625
"prep_cov",141,0.99073,0.82225,1.1481,0.99916,-0.0092546,-0.14135,0.11119,0.068871
"prep_cov",142,0.96212,0.77398,1.1333,0.99887,-0.040095,-0.15703,0.089395,0.07095
"prep_cov",143,1.0413,0.84944,1.2185,1,-0.043949,-0.15534,0.080196,0.0625
"prep_cov",144,1.0575,0.91339,1.1933,1,0.056155,-0.083306,0.19143,0.0625
"prep_cov",145,1.0374,0.85997,1.2103,1,0.0091718,-0.098804,0.10944,0.0625
"prep_cov",146,0.98831,0.81056,1.193,1,0.034134,-0.066827,0.1296,0.0625
"prep_cov",147,1.047,0.85266,1.2111,1,0.0081645,-0.081942,0.10185,0.0625
"prep_cov",148,1.2147,1.0114,1.4242,1,-0.040213,-0.17395,0.095483,0.0625
"prep_cov",149,0.93755,0.7586,1.0975,0.99742,-0.066458,-0.19769,0.054619,0.080477
"prep_cov",150,0.99488,0.84704,1.1383,1,-0.080579,-0.19032,0.029689,0.0625
"prev.B",1,1.0087,0.51489,1.5785,0.96779,-0.052022,-0.45087,0.34498,0.18971
"prev.B",2,1.0671,0.55669,1.6458,0.96865,-0.048144,-0.44919,0.33569,0.18744
"prev.B",3,1.1227,0.58655,1.7213,0.96931,-0.03593,-0.45327,0.35555,0.18567
"prev.B",4,1.1681,0.6124,1.7739,0.97019,-0.007181,-0.44138,0.39548,0.1833
"prev.B",5,1.1769,0.64553,1.7471,0.97113,0.013423,-0.42274,0.4159,0.18074
"prev.B",6,1.1604,0.65034,1.7337,0.97202,0.034772,-0.39364,0.41164,0.17826
"prev.B",7,1.1391,0.65217,1.6782,0.97293,0.032977,-0.37728,0.40165,0.17569
"prev.B",8,1.1326,0.67482,1.635,0.97386,0.033316,-0.36771,0.40056,0.17303
"prev.B",9,1.1292,0.71032,1.603,0.9748,0.032086,-0.35816,0.38666,0.17032
"prev.B",10,1.1528,0.74997,1.5855,0.97544,0.042055,-0.35422,0.40135,0.16844
"prev.B",11,1.2057,0.76676,1.6746,0.97655,0.045109,-0.34382,0.40083,0.16512
"prev.B",12,1.1986,0.75394,1.6604,0.97692,0.043619,-0.34203,0.39051,0.164
"prev.B",13,1.1936,0.76102,1.6466,0.97766,0.046071,-0.32803,0.38847,0.16173
"prev.B",14,1.2216,0.78896,1.6736,0.97891,0.06026,-0.31547,0.4056,0.15784
"prev.B",15,1.2076,0.79311,1.628,0.9795,0.074566,-0.3001,0.41839,0.15596
"prev.B",16,1.1944,0.81133,1.5761,0.97984,0.076306,-0.29332,0.4165,0.15488
"prev.B",17,1.2116,0.85945,1.5714,0.98105,0.067012,-0.29458,0.40508,0.15095
"prev.B",18,1.2013,0.85898,1.5345,0.98198,0.076932,-0.27716,0.40826,0.14783
"prev.B",19,1.1695,0.84,1.4949,0.98243,0.08425,-0.25335,0.4065,0.14633
"prev.B",20,1.1666,0.84846,1.4696,0.98318,0.076414,-0.26288,0.39708,0.14372
"prev.B",21,1.1808,0.87206,1.4694,0.98463,0.081447,-0.2582,0.39443,0.13861
"prev.B",22,1.2037,0.90426,1.4534,0.98649,0.078654,-0.25624,0.38957,0.13176
"prev.B",23,1.163,0.90922,1.3728,0.98762,0.083853,-0.22766,0.37382,0.12742
"prev.B",24,1.1526,0.92097,1.3473,0.98891,0.083359,-0.21182,0.35573,0.12227
"prev.B",25,1.1125,0.88477,1.3127,0.98882,0.063115,-0.22444,0.32895,0.12263
"prev.B",26,1.1025,0.88875,1.3007,0.98939,0.048225,-0.23512,0.30239,0.12029
"prev.B",27,1.0552,0.86352,1.2264,0.98886,0.056222,-0.20676,0.2981,0.12249
"prev.B",28,1.0146,0.82734,1.1805,0.98864,0.069679,-0.1879,0.29889,0.12338
"prev.B",29,0.96664,0.78744,1.1179,0.98899,0.065014,-0.18417,0.28032,0.12194
"prev.B",30,0.93874,0.76845,1.0897,0.98929,0.054197,-0.18213,0.26874,0.12071
"prev.B",31,0.94708,0.77332,1.1101,0.98959,0.052115,-0.18053,0.26618,0.1195
"prev.B",32,0.95613,0.77239,1.1247,0.98992,0.040076,-0.19845,0.2511,0.1181
"prev.B",33,0.96877,0.77555,1.1499,0.9906,0.041549,-0.20228,0.25041,0.11518
"prev.B",34,0.94507,0.7541,1.1114,0.99061,0.058625,-0.18027,0.26737,0.11513
"prev.B",35,0.90753,0.72328,1.0671,0.99009,0.055641,-0.17393,0.25388,0.11739
"prev.B",36,0.9157,0.72825,1.0787,0.9906,0.054477,-0.16733,0.2474,0.11518
"prev.B",37,0.9173,0.72473,1.0895,0.99114,0.048211,-0.17113,0.23906,0.11284
"prev.B",38,0.91523,0.72501,1.0786,0.99149,0.049238,-0.16615,0.23086,0.11128
"prev.B",39,0.94143,0.74233,1.1174,0.99239,0.043533,-0.16622,0.22027,0.10719
"prev.B",40,0.94838,0.74199,1.1214,0.99266,0.033233,-0.18339,0.2152,0.10589
"prev.B",41,0.94984,0.75452,1.1208,0.99327,0.035338,-0.17422,0.21579,0.10299
"prev.B",42,0.95192,0.74316,1.1337,0.9935,0.047098,-0.16461,0.23998,0.10189
"prev.B",43,0.93997,0.73888,1.112,0.99373,0.044361,-0.15748,0.23095,0.10073
"prev.B",44,0.96566,0.758,1.1524,0.99474,0.042476,-0.15425,0.23268,0.095642
"prev.B",45,0.96407,0.75822,1.1619,0.99493,0.035946,-0.15322,0.22407,0.094653
"prev.B",46,0.96283,0.75914,1.1543,0.99514,0.035384,-0.15313,0.21019,0.093507
"prev.B",47,0.95434,0.75156,1.1578,0.99574,0.032762,-0.14594,0.19362,0.090255
"prev.B",48,0.94296,0.73883,1.1488,0.99579,0.021279,-0.15646,0.17028,0.089994
"prev.B",49,0.97231,0.75995,1.197,0.99673,0.028798,-0.14334,0.17875,0.084612
"prev.B",50,0.99413,0.77376,1.219,0.99756,0.028926,-0.13719,0.1723,0.079601
"prev.B",51,1.0081,0.7893,1.2324,0.99789,0.034094,-0.1306,0.1867,0.077491
"prev.B",52,1.0353,0.81301,1.2678,0.99864,0.055839,-0.1051,0.21219,0.072539
"prev.B",53,1.0262,0.81533,1.236,0.99841,0.06544,-0.1013,0.21931,0.074109
"prev.B",54,1.0137,0.80266,1.222,0.99829,0.072776,-0.094894,0.22472,0.074872
"prev.B",55,1.0154,0.80854,1.2314,0.99851,0.077115,-0.08557,0.22562,0.073453
"prev.B",56,1.0418,0.81602,1.2796,0.99929,0.072589,-0.085659,0.21591,0.067919
"prev.B",57,1.0522,0.82953,1.2763,0.99995,0.071737,-0.089241,0.21127,0.062931
"prev.B",58,1.0633,0.84804,1.3024,1,0.077034,-0.08633,0.21943,0.0625
"prev.B",59,1.0703,0.85916,1.2918,1,0.076,-0.083093,0.21338,0.0625
"prev.B",60,1.0804,0.87404,1.2947,1,0.071477,-0.077087,0.20157,0.0625
"prev.B",61,1.0831,0.87564,1.2872,1,0.075821,-0.082274,0.20998,0.0625
"prev.B",62,1.0789,0.86983,1.2696,1,0.075911,-0.080776,0.21135,0.0625
"prev.B",63,1.0597,0.85373,1.2385,1,0.068646,-0.078993,0.20375,0.062512
"prev.B",64,1.049,0.84791,1.2169,0.99942,0.0856,-0.063124,0.22172,0.06698
"prev.B",65,1.0443,0.85201,1.226,0.99935,0.087382,-0.068993,0.22692,0.067502
"prev.B",66,1.063,0.87956,1.2476,1,0.083346,-0.069858,0.22607,0.0625
"prev.B",67,1.065,0.87584,1.2514,1,0.077527,-0.070583,0.21817,0.0625
"prev.B",68,1.0774,0.88457,1.269,1,0.054964,-0.082756,0.19036,0.0625
"prev.B",69,1.0842,0.90198,1.2583,1,0.034275,-0.096686,0.1625,0.0625
"prev.B",70,1.0723,0.89663,1.2186,1,0.033511,-0.094725,0.15701,0.0625
"prev.B",71,1.0754,0.90294,1.2127,1,0.030921,-0.097838,0.1513,0.0625
"prev.B",72,1.0761,0.90512,1.2159,1,0.02101,-0.10096,0.13532,0.0625
"prev.B",73,1.0635,0.9007,1.2082,1,0.010519,-0.11583,0.12134,0.0625
"prev.B",74,1.067,0.90434,1.2152,1,0.0062385,-0.12027,0.11242,0.0625
"prev.B",75,1.0715,0.91987,1.2043,1,0.0042716,-0.11636,0.1056,0.0625
"prev.B",76,1.0713,0.91963,1.2165,1,0.018915,-0.10772,0.12621,0.0625
"prev.B",77,1.0569,0.9013,1.1983,1,0.031357,-0.099122,0.14085,0.0625
"prev.B",78,1.0633,0.90623,1.2088,1,0.02494,-0.10719,0.13879,0.0625
"prev.B",79,1.0768,0.91426,1.2256,1,0.014064,-0.10808,0.12987,0.0625
"prev.B",80,1.0878,0.9351,1.243,1,0.010528,-0.11097,0.1275,0.0625
"prev.B",81,1.1085,0.94491,1.2663,1,0.011399,-0.11382,0.13456,0.0625
"prev.B",82,1.117,0.95182,1.2706,1,0.00086442,-0.12966,0.1275,0.0625
"prev.B",83,1.1355,0.96628,1.2966,1,0.0066852,-0.12034,0.13231,0.0625
"prev.B",84,1.133,0.96491,1.2988,1,-0.00095528,-0.13083,0.12134,0.0625
"prev.B",85,1.1125,0.94044,1.2889,1,-0.011473,-0.1424,0.10405,0.0625
"prev.B",86,1.11,0.93633,1.279,1,-0.018566,-0.14913,0.10113,0.0625
"prev.B",87,1.1125,0.93588,1.2962,1,-0.018811,-0.14353,0.098796,0.0625
"prev.B",88,1.097,0.91409,1.2861,1,-0.019632,-0.14351,0.099912,0.0625
"prev.B",89,1.0864,0.88922,1.2816,1,-0.020584,-0.14536,0.095842,0.0625
"prev.B",90,1.0707,0.87518,1.2765,1,-0.037931,-0.16656,0.079783,0.0625
"prev.B",91,1.0907,0.89363,1.3076,1,-0.05114,-0.18235,0.072649,0.0625
"prev.B",92,1.0827,0.88469,1.2851,1,-0.059715,-0.19254,0.065931,0.0625
"prev.B",93,1.0848,0.87709,1.2661,1,-0.076298,-0.20787,0.042723,0.0625
"prev.B",94,1.1028,0.90063,1.2771,1,-0.079282,-0.2142,0.038934,0.0625
"prev.B",95,1.123,0.92753,1.2943,1,-0.084563,-0.22244,0.032046,0.0625
"prev.B",96,1.1309,0.93579,1.3043,1,-0.081322,-0.21199,0.033032,0.0625
"prev.B",97,1.1211,0.9311,1.3161,1,-0.084869,-0.22037,0.030576,0.0625
"prev.B",98,1.1289,0.92601,1.3413,1,-0.10289,-0.23887,0.016415,0.0625
"prev.B",99,1.1238,0.91411,1.3299,1,-0.11306,-0.26078,0.012622,0.0625
"prev.B",100,1.1247,0.91974,1.3236,1,-0.11322,-0.2655,0.018053,0.0625
"prev.B",101,1.1289,0.92797,1.3304,1,-0.104,-0.26022,0.02028,0.0625
"prev.B",102,1.1004,0.8983,1.3194,1,-0.10694,-0.26379,0.017955,0.0625
"prev.B",103,1.0848,0.88638,1.3183,1,-0.12244,-0.28655,0.0051473,0.0625
"prev.B",104,1.0752,0.89321,1.2748,1,-0.13845,-0.30095,-0.018869,0.0625
"prev.B",105,1.083,0.90429,1.2914,1,-0.13289,-0.29224,-0.020521,0.0625
"prev.B",106,1.0778,0.89399,1.2696,1,-0.11406,-0.27209,0.00077704,0.0625
"prev.B",107,1.075,0.87983,1.2719,1,-0.10085,-0.26964,0.023905,0.0625
"prev.B",108,1.1043,0.90652,1.3152,1,-0.10002,-0.25878,0.019833,0.0625
"prev.B",109,1.0977,0.90085,1.3098,1,-0.096412,-0.24943,0.017431,0.0625
"prev.B",110,1.1038,0.89951,1.3265,1,-0.094294,-0.24943,0.02242,0.0625
"prev.B",111,1.0977,0.89113,1.3166,1,-0.081528,-0.23927,0.037771,0.0625
"prev.B",112,1.111,0.90683,1.3429,1,-0.07279,-0.22731,0.051205,0.0625
"prev.B",113,1.1181,0.89804,1.3702,1,-0.077979,-0.23374,0.049925,0.0625
"prev.B",114,1.1227,0.88641,1.3904,1,-0.066427,-0.21861,0.056418,0.0625
"prev.B",115,1.1304,0.89637,1.4018,1,-0.067436,-0.21424,0.054298,0.0625
"prev.B",116,1.0946,0.86349,1.3635,1,-0.069986,-0.2154,0.053821,0.0625
"prev.B",117,1.0647,0.85496,1.3384,1,-0.088211,-0.22833,0.032061,0.0625
"prev.B",118,1.0453,0.83177,1.3077,1,-0.090817,-0.22688,0.024441,0.0625
"prev.B",119,1.0344,0.83254,1.2727,1,-0.099214,-0.24663,0.019105,0.0625
"prev.B",120,1.0419,0.84922,1.265,1,-0.082355,-0.22315,0.034145,0.0625
"prev.B",121,1.0736,0.87903,1.3122,1,-0.066081,-0.213,0.060878,0.0625
"prev.B",122,1.0542,0.86228,1.27,1,-0.068946,-0.21448,0.056907,0.0625
"prev.B",123,1.0358,0.84345,1.254,1,-0.061784,-0.20984,0.068212,0.0625
"prev.B",124,0.99852,0.80211,1.2146,1,-0.059832,-0.20713,0.073537,0.0625
"prev.B",125,0.96506,0.77389,1.1748,0.99915,-0.064148,-0.20522,0.068252,0.068963
"prev.B",126,0.94327,0.74309,1.1576,0.9984,-0.067518,-0.20613,0.061781,0.074167
"prev.B",127,0.91521,0.73203,1.1096,0.99751,-0.076111,-0.20844,0.052047,0.079928
"prev.B",128,0.91625,0.74337,1.1053,0.99742,-0.061426,-0.194,0.065959,0.080447
"prev.B",129,0.92727,0.75589,1.1112,0.99777,-0.053803,-0.18199,0.071167,0.078275
"prev.B",130,0.94554,0.76185,1.1441,0.99836,-0.046808,-0.17455,0.075362,0.074436
"prev.B",131,0.94267,0.76812,1.132,0.99835,-0.0447,-0.17075,0.07301,0.074494
"prev.B",132,0.94615,0.76622,1.119,0.99839,-0.052961,-0.17513,0.060422,0.074202
"prev.B",133,0.95541,0.77082,1.1375,0.99855,-0.056036,-0.18422,0.061042,0.073132
"prev.B",134,0.95685,0.77877,1.1486,0.9988,-0.066481,-0.19169,0.04821,0.071411
"prev.B",135,0.97009,0.7842,1.1632,0.99951,-0.074532,-0.1899,0.036366,0.066319
"prev.B",136,0.96706,0.80273,1.1402,0.99931,-0.075696,-0.18795,0.03626,0.067752
"prev.B",137,0.95872,0.81676,1.1131,0.99914,-0.062712,-0.17021,0.045793,0.069023
"prev.B",138,0.95097,0.80454,1.0986,0.9989,-0.043348,-0.15329,0.071587,0.070746
"prev.B",139,0.94462,0.79234,1.1009,0.99878,-0.036663,-0.1453,0.072965,0.071569
"prev.B",140,0.9694,0.80807,1.1236,0.99933,-0.036313,-0.15062,0.086842,0.067612
"prev.B",141,0.97777,0.81881,1.1582,0.99964,-0.023993,-0.14527,0.10027,0.065321
"prev.B",142,0.96183,0.79815,1.1368,0.9995,-0.0025336,-0.12008,0.10822,0.066356
"prev.B",143,0.96343,0.79275,1.1299,0.99953,-0.010276,-0.13099,0.095907,0.066123
"prev.B",144,0.96795,0.80059,1.1422,0.9997,-0.0078502,-0.12442,0.099224,0.064848
"prev.B",145,0.96984,0.80027,1.1588,0.99958,-0.0047324,-0.11786,0.10818,0.065785
"prev.B",146,0.9787,0.81051,1.1658,0.9996,-0.0033514,-0.12285,0.11138,0.065594
"prev.B",147,0.979,0.79779,1.1691,0.99958,0.0087747,-0.10071,0.12576,0.065748
"prev.B",148,1.0009,0.80633,1.2107,1,0.016806,-0.10143,0.13819,0.0625
"prev.B",149,0.98119,0.78817,1.1939,0.99981,0.034202,-0.08471,0.1542,0.064
"prev.B",150,0.95815,0.77237,1.1594,0.99903,0.043428,-0.073042,0.16273,0.069835
"incid_rate.B",1,1.2473,0.96617,1.5375,0.99468,-0.031597,-0.2649,0.23768,0.095952
"incid_rate.B",2,1.298,1.0817,1.5431,1,0.00044095,-0.21853,0.25038,0.0625
"incid_rate.B",3,1.0233,0.85291,1.1707,0.99636,0.20133,0.030468,0.3856,0.086763
"incid_rate.B",4,1.1371,0.91818,1.3688,1,0.1588,0.00035101,0.33081,0.0625
"incid_rate.B",5,1.0581,0.90086,1.2053,0.99874,0.11564,-0.046735,0.29059,0.071831
"incid_rate.B",6,1.1277,0.92578,1.3222,0.99959,0.050822,-0.12295,0.23479,0.065668
"incid_rate.B",7,0.97316,0.81107,1.1301,0.99751,-0.056985,-0.19436,0.081336,0.079924
"incid_rate.B",8,0.95511,0.78179,1.1016,0.99579,0.11254,-0.035934,0.25286,0.089984
"incid_rate.B",9,1.0422,0.87236,1.2992,0.99902,-0.032623,-0.16297,0.13538,0.069886
"incid_rate.B",10,1.1564,0.97915,1.3115,0.99969,0.10657,-0.088041,0.2966,0.064944
"incid_rate.B",11,0.95296,0.79221,1.1118,0.99786,-0.003752,-0.1402,0.1372,0.077714
"incid_rate.B",12,0.86207,0.71773,1.0034,0.99402,-0.0058158,-0.14338,0.13263,0.099334
"incid_rate.B",13,0.99935,0.80729,1.1835,0.99677,0.078105,-0.059951,0.23837,0.084382
"incid_rate.B",14,0.99388,0.80432,1.1968,0.99888,0.084792,-0.061923,0.22505,0.070854
"incid_rate.B",15,1.0678,0.91131,1.214,1,0.09752,-0.015971,0.21059,0.0625
"incid_rate.B",16,1.0665,0.86509,1.2557,0.99871,0.008696,-0.156,0.1862,0.072023
"incid_rate.B",17,1.0071,0.83029,1.2029,0.99762,0.035978,-0.10295,0.20934,0.079222
"incid_rate.B",18,0.91048,0.77023,1.0521,0.99657,0.13392,0.0065215,0.25606,0.085592
"incid_rate.B",19,1.0269,0.85854,1.2064,1,-0.0042363,-0.11003,0.12224,0.0625
"incid_rate.B",20,0.99987,0.86268,1.1582,1,0.070606,-0.035361,0.1867,0.0625
"incid_rate.B",21,1.0707,0.81732,1.3176,1,0.11383,-0.0051,0.23742,0.0625
"incid_rate.B",22,1.1234,0.93104,1.3042,1,-0.024704,-0.13954,0.090679,0.0625
"incid_rate.B",23,1.0245,0.86797,1.1622,1,0.054051,-0.043584,0.15495,0.0625
"incid_rate.B",24,0.96253,0.79452,1.13,0.99897,-0.030133,-0.15343,0.094491,0.07022
"incid_rate.B",25,0.80998,0.65619,0.96786,0.99349,-0.10373,-0.21632,0.015626,0.10195
"incid_rate.B",26,0.98756,0.85515,1.1371,1,-0.036353,-0.11818,0.049726,0.0625
"incid_rate.B",27,0.79637,0.67147,0.91145,0.99235,0.066721,-0.055721,0.18391,0.10736
"incid_rate.B",28,0.95163,0.77667,1.1461,0.99883,0.012272,-0.10458,0.12955,0.071223
"incid_rate.B",29,0.92139,0.79914,1.0517,0.99867,-0.016912,-0.11487,0.066636,0.072352
"incid_rate.B",30,0.9765,0.8341,1.122,0.99774,0.028998,-0.10695,0.17755,0.078445
"incid_rate.B",31,0.85375,0.73566,0.99395,0.99589,-0.019592,-0.11725,0.10039,0.08942
"incid_rate.B",32,1.0182,0.8698,1.167,1,0.047454,-0.071711,0.181,0.0625
"incid_rate.B",33,1.0287,0.85855,1.2423,1,0.10618,-0.011663,0.22507,0.0625
"incid_rate.B",34,0.86115,0.6852,1.0606,0.99557,0.056175,-0.045271,0.16071,0.091221
"incid_rate.B",35,0.8235,0.67754,0.96897,0.99277,-0.028221,-0.13598,0.095768,0.1054
"incid_rate.B",36,1.099,0.89176,1.2925,1,0.10181,-0.042887,0.23403,0.0625
"incid_rate.B",37,0.9262,0.77091,1.0942,0.99703,-0.068952,-0.1839,0.050269,0.082858
"incid_rate.B",38,1.0799,0.88753,1.25,1,0.013178,-0.10088,0.13823,0.0625
"incid_rate.B",39,1.0142,0.89578,1.1495,0.9997,-0.063865,-0.20738,0.072178,0.064824
"incid_rate.B",40,0.98628,0.85579,1.1277,0.99903,0.01439,-0.11263,0.13588,0.069821
"incid_rate.B",41,1.0655,0.89104,1.2279,1,0.044974,-0.080105,0.1716,0.0625
"incid_rate.B",42,0.93714,0.75967,1.1073,0.99814,0.054147,-0.061583,0.16979,0.075897
"incid_rate.B",43,0.99045,0.81764,1.1809,0.99907,0.049376,-0.082706,0.17942,0.069539
"incid_rate.B",44,1.1561,0.98125,1.3101,1,0.016955,-0.10893,0.15567,0.0625
"incid_rate.B",45,0.9155,0.79934,1.0135,0.99624,0.048955,-0.084336,0.17201,0.087497
"incid_rate.B",46,0.89378,0.70866,1.0915,0.99679,-0.022601,-0.1222,0.083337,0.084258
"incid_rate.B",47,0.95441,0.74604,1.1698,0.99915,-0.023857,-0.13373,0.090231,0.068938
"incid_rate.B",48,1.0409,0.87796,1.2105,1,-0.040705,-0.15149,0.072131,0.0625
"incid_rate.B",49,0.94319,0.79506,1.1084,0.99868,-0.0080192,-0.10711,0.092325,0.072268
"incid_rate.B",50,0.92316,0.77185,1.0682,0.99811,0.027215,-0.076067,0.1382,0.076071
"incid_rate.B",51,1.1321,0.99937,1.2736,1,0.032486,-0.11297,0.16827,0.0625
"incid_rate.B",52,1.0186,0.86951,1.1764,1,0.20919,0.08162,0.3323,0.0625
"incid_rate.B",53,1.1328,0.93473,1.3432,1,0.058439,-0.076328,0.17298,0.0625
"incid_rate.B",54,0.89942,0.72475,1.0596,0.99661,0.075379,-0.036602,0.19857,0.085361
"incid_rate.B",55,1.1186,0.90213,1.3237,1,-0.03656,-0.1798,0.092149,0.0625
"incid_rate.B",56,1.0311,0.87275,1.1996,0.99954,0.0034136,-0.13382,0.13099,0.066036
"incid_rate.B",57,1.0647,0.8653,1.2719,1,0.031759,-0.067325,0.13752,0.0625
"incid_rate.B",58,0.93383,0.81942,1.0601,0.99909,0.0070376,-0.091161,0.10937,0.069389
"incid_rate.B",59,0.99472,0.80429,1.1538,1,-0.0077288,-0.11476,0.099629,0.0625
"incid_rate.B",60,0.93936,0.78921,1.1067,0.99872,0.057862,-0.046698,0.16377,0.072015
"incid_rate.B",61,1.1121,0.95271,1.2573,1,0.032709,-0.14493,0.18441,0.0625
"incid_rate.B",62,0.89823,0.74806,1.0645,0.99578,0.022371,-0.11389,0.14678,0.090044
"incid_rate.B",63,0.85195,0.68968,0.99209,0.99496,0.085686,-0.031049,0.20107,0.094485
"incid_rate.B",64,1.0752,0.91939,1.2416,1,0.084891,-0.066754,0.21809,0.0625
"incid_rate.B",65,0.86308,0.75584,0.96757,0.99389,0.045598,-0.10015,0.17066,0.099984
"incid_rate.B",66,0.91951,0.7599,1.0727,0.99843,0.0064091,-0.10399,0.10917,0.073962
"incid_rate.B",67,1.0148,0.86397,1.1692,0.99877,0.030815,-0.10407,0.18765,0.071634
"incid_rate.B",68,1.3031,1.0654,1.5356,1,-0.045188,-0.19949,0.10861,0.0625
"incid_rate.B",69,0.99954,0.83764,1.1579,0.99991,-0.020856,-0.16284,0.10305,0.063232
"incid_rate.B",70,1.0474,0.89363,1.2146,1,0.087627,-0.01743,0.18068,0.0625
"incid_rate.B",71,0.99256,0.82835,1.1664,1,0.010491,-0.11565,0.12747,0.0625
"incid_rate.B",72,1.0177,0.82769,1.2197,0.99746,-0.010468,-0.15041,0.13867,0.080205
"incid_rate.B",73,0.95415,0.79586,1.1097,0.99898,-0.05812,-0.17277,0.04591,0.070144
"incid_rate.B",74,0.94374,0.7682,1.1264,0.99859,-0.023598,-0.13472,0.090604,0.072844
"incid_rate.B",75,1.0077,0.8236,1.2162,1,-0.00036116,-0.12055,0.10566,0.0625
"incid_rate.B",76,0.99356,0.77842,1.207,0.99979,0.069093,-0.051434,0.18878,0.064126
"incid_rate.B",77,1.0169,0.84657,1.166,1,0.035481,-0.074736,0.14578,0.0625
"incid_rate.B",78,1.11,0.95005,1.26,1,-0.11745,-0.2541,-0.012659,0.0625
"incid_rate.B",79,0.90713,0.72899,1.1105,0.99677,-0.107,-0.22293,0.0028388,0.084411
"incid_rate.B",80,1.0642,0.87308,1.2634,1,0.015494,-0.076603,0.094288,0.0625
"incid_rate.B",81,1.0274,0.83632,1.2584,1,-0.043174,-0.18372,0.08176,0.0625
"incid_rate.B",82,0.99955,0.83873,1.1828,1,-0.032438,-0.12361,0.060388,0.0625
"incid_rate.B",83,0.96944,0.81607,1.1316,1,-0.0026618,-0.10101,0.091589,0.0625
"incid_rate.B",84,1.0184,0.89085,1.1585,1,-0.095061,-0.18771,-0.0085258,0.0625
"incid_rate.B",85,1.0054,0.85831,1.1513,0.99951,-0.075891,-0.19267,0.052435,0.066274
"incid_rate.B",86,0.9792,0.8296,1.135,1,-0.018881,-0.12537,0.077923,0.0625
"incid_rate.B",87,1.0107,0.79186,1.2407,1,0.0025701,-0.12315,0.12115,0.0625
"incid_rate.B",88,0.89556,0.72986,1.0569,0.99666,-0.062096,-0.17287,0.041492,0.085034
"incid_rate.B",89,0.99184,0.82903,1.1346,1,-0.047094,-0.158,0.057559,0.0625
"incid_rate.B",90,0.98914,0.83663,1.143,0.99947,-0.065403,-0.19767,0.07324,0.066596
"incid_rate.B",91,1.0536,0.89211,1.2382,1,-0.093616,-0.20541,0.032967,0.0625
"incid_rate.B",92,0.91597,0.78191,1.0435,0.99826,-0.057808,-0.13829,0.052643,0.075067
"incid_rate.B",93,0.94718,0.82008,1.0736,0.99935,-0.086632,-0.18445,0.014129,0.067449
"incid_rate.B",94,1.0084,0.83433,1.1782,0.99984,-0.0012468,-0.13094,0.133,0.063754
"incid_rate.B",95,1.1748,0.98924,1.3605,1,-0.026626,-0.17745,0.10273,0.0625
"incid_rate.B",96,0.88335,0.73632,1.0123,0.99553,0.014851,-0.091671,0.14524,0.091421
"incid_rate.B",97,0.97717,0.82786,1.1218,0.9992,-0.052477,-0.16832,0.061929,0.068568
"incid_rate.B",98,1.002,0.85052,1.1529,0.9998,-0.17001,-0.29703,-0.04825,0.0641
"incid_rate.B",99,1.044,0.84928,1.2519,1,-0.042567,-0.1819,0.10825,0.0625
"incid_rate.B",100,0.9863,0.85922,1.1031,0.9981,-0.082472,-0.22575,0.063899,0.07614
"incid_rate.B",101,0.96088,0.80323,1.1131,0.99976,0.14839,0.040806,0.25007,0.064363
"incid_rate.B",102,0.92554,0.76735,1.089,0.99785,-0.1328,-0.25134,-0.011568,0.077787
"incid_rate.B",103,0.93054,0.78351,1.0714,0.997,-0.16972,-0.28642,-0.053338,0.08306
"incid_rate.B",104,1.0106,0.8312,1.1788,1,0.0055668,-0.11666,0.12083,0.0625
"incid_rate.B",105,1.0605,0.90384,1.2248,1,-0.0025271,-0.1002,0.10826,0.0625
"incid_rate.B",106,1.0309,0.88053,1.1754,0.99946,0.045307,-0.095265,0.19575,0.066697
"incid_rate.B",107,1.0894,0.90828,1.273,1,-0.043081,-0.18358,0.094902,0.0625
"incid_rate.B",108,0.94001,0.79709,1.0847,0.9974,0.040528,-0.094067,0.18435,0.080622
"incid_rate.B",109,0.93444,0.78394,1.0875,0.99907,-0.1006,-0.19641,-5.2644e-05,0.069519
"incid_rate.B",110,0.95636,0.77495,1.1477,0.99758,0.10269,-0.031848,0.2451,0.079484
"incid_rate.B",111,0.78198,0.64109,0.91767,0.99308,0.041674,-0.059186,0.14757,0.1039
"incid_rate.B",112,1.235,1.0557,1.3949,1,-0.014333,-0.13963,0.10995,0.0625
"incid_rate.B",113,1.0501,0.86373,1.2467,1,-0.0014219,-0.12743,0.13385,0.0625
"incid_rate.B",114,0.97715,0.8127,1.1249,1,-0.036884,-0.15795,0.071329,0.0625
"incid_rate.B",115,1.0675,0.9234,1.2135,1,-0.017774,-0.13418,0.099851,0.0625
"incid_rate.B",116,0.85573,0.72842,0.97677,0.9944,-0.043932,-0.1656,0.077281,0.09741
"incid_rate.B",117,0.98823,0.8175,1.1829,1,-0.073505,-0.17058,0.039903,0.0625
"incid_rate.B",118,0.89696,0.72221,1.1071,0.99592,0.0026081,-0.12269,0.12623,0.089294
"incid_rate.B",119,0.9955,0.84448,1.1515,0.99844,-0.019802,-0.14892,0.1174,0.073924
"incid_rate.B",120,0.96644,0.81253,1.1581,0.99858,0.12858,0.015491,0.26415,0.072929
"incid_rate.B",121,1.0063,0.85426,1.1525,0.99988,0.076168,-0.052595,0.21582,0.063417
"incid_rate.B",122,0.99759,0.83304,1.1447,0.99878,-0.048773,-0.18181,0.087414,0.071543
"incid_rate.B",123,0.91349,0.77213,1.1012,0.99809,-0.014031,-0.10693,0.095568,0.076232
"incid_rate.B",124,1.0113,0.86382,1.1661,1,-0.030878,-0.12789,0.086744,0.0625
"incid_rate.B",125,0.9351,0.77057,1.126,0.99765,-0.067724,-0.18717,0.05693,0.079027
"incid_rate.B",126,0.93267,0.77208,1.0815,0.99865,-0.071821,-0.193,0.034121,0.072474
"incid_rate.B",127,1.0928,0.94517,1.2299,1,0.024682,-0.11292,0.14234,0.0625
"incid_rate.B",128,1.0027,0.8151,1.1691,1,0.02629,-0.092045,0.13722,0.0625
"incid_rate.B",129,1.0387,0.85742,1.2047,1,0.029134,-0.086917,0.14532,0.0625
"incid_rate.B",130,1.1873,0.99124,1.4232,1,-0.0091255,-0.12566,0.11181,0.0625
"incid_rate.B",131,0.95589,0.75753,1.1306,0.99551,0.020913,-0.14451,0.16511,0.091519
"incid_rate.B",132,1.078,0.90565,1.3104,1,-0.1119,-0.2414,0.011481,0.0625
"incid_rate.B",133,0.99183,0.81169,1.1475,0.999,-0.062739,-0.19119,0.057039,0.069982
"incid_rate.B",134,1.0061,0.8057,1.2829,1,-0.063236,-0.18709,0.044372,0.0625
"incid_rate.B",135,0.97775,0.78932,1.1402,0.99894,-0.065742,-0.19474,0.047769,0.070477
"incid_rate.B",136,1.0756,0.91297,1.2356,1,-0.04007,-0.13207,0.049893,0.0625
"incid_rate.B",137,0.93238,0.7965,1.078,0.99745,0.10462,-0.01529,0.23187,0.080285
"incid_rate.B",138,0.92723,0.76223,1.0866,0.998,0.098409,-0.01853,0.2246,0.076813
"incid_rate.B",139,1.0225,0.86675,1.1908,0.99919,-0.067968,-0.21297,0.064269,0.068672
"incid_rate.B",140,1.1475,0.99529,1.2781,1,0.049595,-0.10041,0.1956,0.0625
"incid_rate.B",141,1.0676,0.85533,1.232,1,0.1042,-0.015633,0.2332,0.0625
"incid_rate.B",142,0.98405,0.81225,1.1775,1,-0.053891,-0.15442,0.032411,0.0625
"incid_rate.B",143,1.0298,0.83773,1.2415,1,0.017312,-0.094818,0.13718,0.0625
"incid_rate.B",144,0.99083,0.82327,1.1624,1,0.027077,-0.089824,0.11645,0.0625
"incid_rate.B",145,0.90277,0.76304,1.0586,0.99579,-0.0078782,-0.12694,0.11444,0.090018
"incid_rate.B",146,1.0427,0.889,1.1945,1,0.061018,-0.047797,0.17104,0.0625
"incid_rate.B",147,0.94607,0.83982,1.0418,0.99817,0.045899,-0.087354,0.15109,0.075716
"incid_rate.B",148,0.9793,0.84341,1.1116,0.99931,0.03958,-0.072273,0.14894,0.067801
"incid_rate.B",149,0.94406,0.7777,1.1138,0.9989,0.097596,-0.0048425,0.20358,0.070749
"incid_rate.B",150,1.0707,0.91653,1.2344,1,0.051393,-0.073574,0.16742,0.0625
"dx_frac.B",1,0.61725,0.36128,0.88595,0.97115,-0.067067,-0.30253,0.19261,0.18068
"dx_frac.B",2,0.86815,0.63409,1.1334,0.98005,-0.11251,-0.34406,0.17189,0.15422
"dx_frac.B",3,0.84428,0.6698,1.04,0.98509,-0.14182,-0.35321,0.10225,0.13696
"dx_frac.B",4,0.87438,0.70701,1.0458,0.98865,-0.19204,-0.37736,0.013523,0.12334
"dx_frac.B",5,0.95113,0.77021,1.1052,0.99123,-0.19363,-0.40042,0.0046105,0.11245
"dx_frac.B",6,0.92771,0.72063,1.1167,0.99056,-0.18919,-0.39272,0.010112,0.11536
"dx_frac.B",7,1.0432,0.80206,1.2734,0.9955,-0.12676,-0.32762,0.068491,0.091617
"dx_frac.B",8,1.0411,0.83271,1.2576,0.99692,-0.1022,-0.29104,0.088353,0.083487
"dx_frac.B",9,0.97875,0.78574,1.1702,0.99448,-0.093148,-0.28204,0.11048,0.096998
"dx_frac.B",10,0.85091,0.69261,1.012,0.99271,-0.093145,-0.2483,0.0679,0.10568
"dx_frac.B",11,0.90854,0.75748,1.0471,0.99412,-0.061258,-0.21206,0.10374,0.098829
"dx_frac.B",12,0.9713,0.80626,1.1289,0.99326,-0.0051816,-0.18109,0.19513,0.10304
"dx_frac.B",13,0.95282,0.80265,1.0852,0.9926,-0.011484,-0.19416,0.18679,0.10619
"dx_frac.B",14,0.97547,0.83241,1.1136,0.99505,-0.032559,-0.1979,0.13748,0.093987
"dx_frac.B",15,1.0583,0.87659,1.2487,0.99597,-0.087029,-0.29539,0.10711,0.08901
"dx_frac.B",16,1.1238,0.94499,1.2996,0.99834,-0.080722,-0.28471,0.12221,0.074564
"dx_frac.B",17,1.087,0.86954,1.3302,0.99812,-0.10778,-0.30084,0.086209,0.076021
"dx_frac.B",18,1.0729,0.85446,1.3555,0.99884,-0.12014,-0.28804,0.073265,0.071124
"dx_frac.B",19,1.077,0.84919,1.3589,0.99865,-0.17654,-0.34492,0.0048607,0.072452
"dx_frac.B",20,1.0712,0.88398,1.256,0.9981,-0.14647,-0.30473,0.025245,0.076124
"dx_frac.B",21,1.1537,0.94818,1.3431,1,-0.20644,-0.36044,-0.038083,0.0625
"dx_frac.B",22,1.2279,1.0649,1.3776,1,-0.13525,-0.30634,0.05561,0.0625
"dx_frac.B",23,1.2789,1.0542,1.4899,1,-0.085536,-0.26603,0.10657,0.0625
"dx_frac.B",24,1.214,0.95304,1.4508,1,-0.042771,-0.2211,0.14356,0.0625
"dx_frac.B",25,1.1514,0.97307,1.3011,1,0.03319,-0.14387,0.20829,0.0625
"dx_frac.B",26,1.087,0.91389,1.239,0.99884,0.060391,-0.11838,0.2432,0.071174
"dx_frac.B",27,0.9739,0.81199,1.0916,0.99492,0.046405,-0.13443,0.22346,0.094707
"dx_frac.B",28,0.918,0.74629,1.0453,0.99274,0.0067833,-0.17683,0.19127,0.10555
"dx_frac.B",29,1.0591,0.84893,1.2431,0.99633,0.032572,-0.17375,0.23156,0.086936
"dx_frac.B",30,1.063,0.87466,1.2396,0.99713,0.010347,-0.18246,0.20083,0.082249
"dx_frac.B",31,0.9342,0.75462,1.1288,0.99566,0.012347,-0.14319,0.16992,0.090709
"dx_frac.B",32,0.91248,0.73239,1.0725,0.99576,0.00088965,-0.14772,0.14807,0.090142
"dx_frac.B",33,1.0096,0.8272,1.1752,0.99869,-0.0092005,-0.15204,0.13248,0.0722
"dx_frac.B",34,1.0677,0.84616,1.3033,1,-0.017996,-0.15865,0.13455,0.0625
"dx_frac.B",35,1.0707,0.8294,1.3169,1,0.037123,-0.10427,0.18099,0.0625
"dx_frac.B",36,1.0612,0.7787,1.3466,1,0.010307,-0.12671,0.1567,0.0625
"dx_frac.B",37,1.0444,0.79052,1.3016,1,0.0078591,-0.12385,0.13599,0.0625
"dx_frac.B",38,1.1179,0.82336,1.4181,1,0.03743,-0.11517,0.19548,0.0625
"dx_frac.B",39,1.0781,0.92075,1.2347,1,0.02024,-0.13473,0.18206,0.0625
"dx_frac.B",40,1.1421,0.93219,1.3495,1,-0.012008,-0.16342,0.14885,0.0625
"dx_frac.B",41,1.0705,0.88226,1.2591,1,-0.049568,-0.18757,0.10311,0.0625
"dx_frac.B",42,1.1361,0.93457,1.3039,1,-0.077739,-0.21211,0.069685,0.0625
"dx_frac.B",43,1.1372,0.94636,1.3261,1,-0.10346,-0.26539,0.061506,0.0625
"dx_frac.B",44,1.0583,0.89117,1.2288,1,-0.1023,-0.24302,0.037527,0.0625
"dx_frac.B",45,1.002,0.85186,1.1639,0.99962,-0.11287,-0.23058,0.017997,0.065454
"dx_frac.B",46,0.95309,0.78623,1.1212,0.998,-0.074747,-0.19047,0.042022,0.076784
"dx_frac.B",47,1.0018,0.81686,1.1764,0.99758,0.002484,-0.13447,0.14343,0.079468
"dx_frac.B",48,0.9615,0.74176,1.1771,0.9971,0.060515,-0.075377,0.18828,0.082407
"dx_frac.B",49,0.91026,0.7274,1.0925,0.99571,0.07319,-0.057768,0.18585,0.090448
"dx_frac.B",50,0.92835,0.7404,1.1366,0.99524,0.059711,-0.087833,0.17651,0.093015
"dx_frac.B",51,1.0313,0.82341,1.2554,0.9996,0.015663,-0.12503,0.12919,0.065635
"dx_frac.B",52,0.99257,0.81677,1.1663,0.9986,-0.030886,-0.15858,0.082106,0.072821
"dx_frac.B",53,0.86084,0.68247,1.0487,0.99542,-0.0052777,-0.11826,0.10712,0.092029
"dx_frac.B",54,1.0529,0.861,1.2509,1,-0.023263,-0.143,0.08443,0.0625
"dx_frac.B",55,1.0314,0.82903,1.2206,1,-0.048652,-0.17293,0.064125,0.0625
"dx_frac.B",56,1.0909,0.90215,1.3007,1,-0.0039196,-0.11775,0.10828,0.0625
"dx_frac.B",57,1.0771,0.87997,1.2966,1,0.025031,-0.09127,0.12252,0.0625
"dx_frac.B",58,1.0383,0.86122,1.2169,1,0.046648,-0.087742,0.16186,0.0625
"dx_frac.B",59,0.95826,0.80355,1.1553,0.99785,0.015425,-0.11957,0.15091,0.077753
"dx_frac.B",60,0.93896,0.7946,1.1095,0.99631,0.037518,-0.10937,0.18806,0.087087
"dx_frac.B",61,1.0288,0.8583,1.2049,0.99985,-0.011566,-0.16344,0.13769,0.063681
"dx_frac.B",62,1.0886,0.87633,1.3255,1,-0.0048293,-0.16221,0.13579,0.0625
"dx_frac.B",63,1.0224,0.81675,1.2709,0.99971,0.00017516,-0.1396,0.13344,0.064789
"dx_frac.B",64,1.047,0.86404,1.2445,1,-0.03135,-0.17237,0.091644,0.0625
"dx_frac.B",65,1.0892,0.89563,1.2852,1,-0.091153,-0.24078,0.039788,0.0625
"dx_frac.B",66,1.1364,0.90549,1.3623,1,-0.081005,-0.2199,0.056701,0.0625
"dx_frac.B",67,1.0672,0.89595,1.2416,1,-0.058434,-0.20278,0.091548,0.0625
"dx_frac.B",68,1.1533,0.96917,1.3248,1,-0.024865,-0.18283,0.12129,0.0625
"dx_frac.B",69,1.1987,1.0436,1.3359,1,-0.0084548,-0.18103,0.14797,0.0625
"dx_frac.B",70,1.217,1.0366,1.3986,1,-0.026925,-0.1875,0.13048,0.0625
"dx_frac.B",71,1.1639,0.97295,1.3374,1,-0.045921,-0.21172,0.096164,0.0625
"dx_frac.B",72,1.1765,0.98277,1.3665,1,-0.036908,-0.17722,0.092336,0.0625
"dx_frac.B",73,1.1359,0.92985,1.3362,1,-0.034212,-0.17774,0.093465,0.0625
"dx_frac.B",74,1.1281,0.94829,1.3045,1,-0.034887,-0.19119,0.089868,0.0625
"dx_frac.B",75,1.0687,0.92333,1.2004,1,-0.022756,-0.1696,0.099765,0.0625
"dx_frac.B",76,1.006,0.86926,1.1508,1,-0.0067216,-0.13187,0.10112,0.0625
"dx_frac.B",77,0.94903,0.81048,1.1051,0.99917,-0.071186,-0.16977,0.023135,0.06883
"dx_frac.B",78,0.90804,0.7961,1.0151,0.99773,-0.042006,-0.14941,0.042371,0.078527
"dx_frac.B",79,0.98624,0.85091,1.0955,0.99893,0.022056,-0.11889,0.13022,0.07051
"dx_frac.B",80,0.96422,0.79882,1.1466,0.99821,0.011098,-0.12256,0.11277,0.075446
"dx_frac.B",81,0.98522,0.78982,1.177,1,-0.013684,-0.12022,0.07574,0.0625
"dx_frac.B",82,0.91594,0.73395,1.1141,0.9982,0.0095832,-0.090479,0.10227,0.07549
"dx_frac.B",83,0.93778,0.76275,1.1402,1,-0.011332,-0.084051,0.065265,0.0625
"dx_frac.B",84,0.91037,0.769,1.0818,0.99819,-0.0010619,-0.092979,0.080565,0.075549
"dx_frac.B",85,0.94669,0.79631,1.0817,0.99999,-0.026729,-0.12742,0.066939,0.062587
"dx_frac.B",86,1.0055,0.80948,1.167,1,-0.03218,-0.13274,0.072962,0.0625
"dx_frac.B",87,1.006,0.83386,1.1617,1,-0.049957,-0.15055,0.074014,0.0625
"dx_frac.B",88,0.89357,0.75467,1.027,0.99687,-0.037902,-0.13727,0.081378,0.083822
"dx_frac.B",89,0.91891,0.73868,1.1065,0.99767,-0.0059466,-0.11052,0.11757,0.078939
"dx_frac.B",90,0.85901,0.69297,1.0366,0.9969,0.046172,-0.038953,0.13807,0.083632
"dx_frac.B",91,0.86472,0.70723,1.0278,0.99691,0.08718,-0.0030755,0.17906,0.083571
"dx_frac.B",92,0.91664,0.76804,1.0997,0.99927,0.091127,0.007469,0.17806,0.068089
"dx_frac.B",93,0.92442,0.78995,1.0508,0.99911,0.058248,-0.04499,0.15305,0.069197
"dx_frac.B",94,0.90127,0.75892,1.0265,0.99835,0.0041432,-0.10791,0.11009,0.074504
"dx_frac.B",95,0.85846,0.71126,0.96928,0.99538,-0.021782,-0.14731,0.10941,0.092239
"dx_frac.B",96,0.91519,0.77782,1.033,0.99718,-0.067907,-0.18965,0.063067,0.081928
"dx_frac.B",97,0.88823,0.73149,1.0396,0.99763,-0.12322,-0.21045,-0.035154,0.079163
"dx_frac.B",98,0.85996,0.70835,1.0019,0.99642,-0.091898,-0.19023,-0.0010794,0.086463
"dx_frac.B",99,0.88879,0.72687,1.0521,0.99791,-0.092128,-0.17425,-0.019101,0.077397
"dx_frac.B",100,1.0168,0.84052,1.1735,1,-0.091297,-0.18717,-0.010322,0.0625
"dx_frac.B",101,1.0745,0.9252,1.2314,1,-0.10211,-0.2014,0.0091758,0.0625
"dx_frac.B",102,1.1192,0.92388,1.307,1,-0.10518,-0.21656,0.026144,0.0625
"dx_frac.B",103,1.1546,0.93025,1.41,1,-0.058946,-0.17203,0.061834,0.0625
"dx_frac.B",104,1.1515,0.92822,1.393,1,-0.041023,-0.15565,0.074632,0.0625
"dx_frac.B",105,1.1222,0.93316,1.3181,1,-0.044426,-0.15558,0.07468,0.0625
"dx_frac.B",106,1.0247,0.8554,1.2011,1,-0.032206,-0.15081,0.09156,0.0625
"dx_frac.B",107,1.0587,0.86806,1.2603,1,-0.051721,-0.17876,0.073622,0.0625
"dx_frac.B",108,0.99526,0.84229,1.1609,0.99905,-0.01001,-0.14997,0.12552,0.069675
"dx_frac.B",109,1.0416,0.87879,1.2005,1,0.011754,-0.13956,0.1585,0.0625
"dx_frac.B",110,1.0541,0.87437,1.2489,1,-0.016618,-0.17896,0.1206,0.0625
"dx_frac.B",111,1.0784,0.8731,1.2928,1,-0.089517,-0.2388,0.036952,0.0625
"dx_frac.B",112,1.0579,0.86274,1.2732,1,-0.058761,-0.18667,0.053806,0.0625
"dx_frac.B",113,1.0686,0.89968,1.2726,1,-0.05509,-0.18866,0.075659,0.0625
"dx_frac.B",114,1.0114,0.80643,1.2371,0.99936,-0.059521,-0.19355,0.060918,0.067436
"dx_frac.B",115,1.0585,0.83542,1.2875,1,-0.029319,-0.1553,0.085254,0.0625
"dx_frac.B",116,1.1147,0.88311,1.3393,1,-0.02918,-0.1664,0.084662,0.0625
"dx_frac.B",117,1.0479,0.88373,1.2234,1,-0.014855,-0.15942,0.11602,0.0625
"dx_frac.B",118,1.1649,0.91225,1.4039,1,-0.036372,-0.18625,0.10076,0.0625
"dx_frac.B",119,1.152,0.94568,1.3718,1,-0.035859,-0.17294,0.072531,0.0625
"dx_frac.B",120,1.1058,0.94117,1.2646,1,-0.1074,-0.23547,0.0065603,0.0625
"dx_frac.B",121,1.0826,0.9416,1.2103,1,-0.11835,-0.25533,0.0053584,0.0625
"dx_frac.B",122,0.9542,0.79783,1.0876,0.99858,-0.092078,-0.2271,0.025447,0.072938
"dx_frac.B",123,0.97271,0.80903,1.1535,0.99903,-0.091914,-0.23197,0.036197,0.069769
"dx_frac.B",124,0.99962,0.83737,1.144,1,-0.091562,-0.20629,0.031558,0.0625
"dx_frac.B",125,1.0007,0.85854,1.1388,1,-0.080307,-0.18594,0.018196,0.0625
"dx_frac.B",126,0.93746,0.79221,1.0681,0.99882,-0.073588,-0.19205,0.026824,0.071288
"dx_frac.B",127,0.96095,0.79377,1.1215,0.99811,-0.074003,-0.22323,0.045404,0.076076
"dx_frac.B",128,1.0775,0.90376,1.2481,1,-0.15568,-0.30717,-0.021305,0.0625
"dx_frac.B",129,0.98421,0.80044,1.1727,0.99946,-0.15821,-0.31222,-0.019575,0.066673
"dx_frac.B",130,1.017,0.85777,1.172,1,-0.10689,-0.23726,0.022821,0.0625
"dx_frac.B",131,1.0273,0.85324,1.2339,1,-0.10878,-0.22035,0.0061606,0.0625
"dx_frac.B",132,0.96714,0.78013,1.1567,0.99917,-0.086474,-0.19488,0.02682,0.068832
"dx_frac.B",133,0.99944,0.80643,1.1907,1,-0.059102,-0.1771,0.056682,0.0625
"dx_frac.B",134,0.96797,0.79201,1.1428,0.99871,-0.0044424,-0.13366,0.12875,0.072026
"dx_frac.B",135,1.0255,0.85684,1.1717,0.99959,-0.0060524,-0.15997,0.13832,0.065673
"dx_frac.B",136,0.97987,0.82777,1.1268,0.99965,-0.022985,-0.14577,0.097315,0.065199
"dx_frac.B",137,0.97966,0.82618,1.1382,1,-0.029236,-0.14878,0.079184,0.0625
"dx_frac.B",138,0.94754,0.74079,1.1716,0.99875,-0.042175,-0.15206,0.068322,0.071776
"dx_frac.B",139,0.98509,0.81006,1.1615,0.99946,-0.046297,-0.16079,0.077746,0.066632
"dx_frac.B",140,0.95539,0.78586,1.135,0.99794,-0.0015411,-0.11937,0.12459,0.077163
"dx_frac.B",141,1.0541,0.89833,1.2,1,-0.041081,-0.15332,0.083708,0.0625
"dx_frac.B",142,1.1023,0.96838,1.228,1,-0.064776,-0.19251,0.093244,0.0625
"dx_frac.B",143,1.1888,1.0335,1.353,1,-0.0086242,-0.14461,0.16185,0.0625
"dx_frac.B",144,1.1129,0.93869,1.3082,1,-0.042346,-0.19556,0.13128,0.0625
"dx_frac.B",145,1.137,0.97812,1.3121,1,-0.030966,-0.18728,0.14908,0.0625
"dx_frac.B",146,1.1197,0.95797,1.2805,1,-0.012858,-0.16434,0.14421,0.0625
"dx_frac.B",147,1.0505,0.90358,1.2047,0.99877,-0.035851,-0.1867,0.12292,0.071662
"dx_frac.B",148,1.06,0.91839,1.2204,0.99978,-0.014208,-0.15599,0.14244,0.064209
"dx_frac.B",149,0.9454,0.81117,1.0866,0.99777,-0.048766,-0.17022,0.0816,0.078274
"dx_frac.B",150,1.0499,0.87405,1.2289,1,-0.06445,-0.18666,0.063125,0.0625
"supp_frac.B",1,0.94745,0.46862,1.5156,0.97159,-0.28668,-0.6045,0.095763,0.17947
"supp_frac.B",2,1.0601,0.66554,1.441,0.9836,-0.27157,-0.56152,0.070831,0.14228
"supp_frac.B",3,1.044,0.75511,1.3408,0.99089,-0.18784,-0.42084,0.087226,0.11395
"supp_frac.B",4,1.0064,0.80013,1.2009,0.99383,-0.16244,-0.35681,0.046206,0.10026
"supp_frac.B",5,0.93783,0.80201,1.062,0.9941,-0.15917,-0.34938,0.021645,0.098934
"supp_frac.B",6,0.84958,0.7188,0.98497,0.99174,-0.13993,-0.31293,0.024958,0.11015
"supp_frac.B",7,0.98194,0.83354,1.1351,0.99805,-0.1228,-0.26859,0.008543,0.07649
"supp_frac.B",8,1.0204,0.87147,1.1833,0.99985,-0.10133,-0.2467,0.04736,0.063697
"supp_frac.B",9,1.0168,0.83832,1.2074,1,-0.053161,-0.18147,0.090662,0.0625
"supp_frac.B",10,0.94908,0.82255,1.0783,0.99686,-0.06921,-0.2168,0.069377,0.083878
"supp_frac.B",11,0.9882,0.84773,1.1426,0.99891,-0.030016,-0.16355,0.10206,0.070688
"supp_frac.B",12,0.99253,0.82214,1.1624,0.99817,0.059122,-0.081556,0.18925,0.07571
"supp_frac.B",13,0.97991,0.80403,1.1703,0.99672,0.052757,-0.10391,0.19418,0.0847
"supp_frac.B",14,0.96802,0.8185,1.1363,0.99737,-0.026882,-0.16882,0.095799,0.080805
"supp_frac.B",15,1.003,0.80848,1.2147,0.99899,-0.0093414,-0.14433,0.12327,0.070075
"supp_frac.B",16,0.94174,0.7803,1.131,0.99774,-0.0037444,-0.13384,0.11088,0.078466
"supp_frac.B",17,0.87783,0.74187,1.0167,0.99531,-0.037226,-0.16255,0.084557,0.092616
"supp_frac.B",18,0.87815,0.74797,1.0039,0.99534,-0.0077118,-0.13352,0.13296,0.092475
"supp_frac.B",19,0.93282,0.79999,1.063,0.99805,-0.057113,-0.1755,0.07195,0.076479
"supp_frac.B",20,1.0272,0.88148,1.1888,1,-0.048286,-0.16513,0.06644,0.0625
"supp_frac.B",21,1.1339,0.94912,1.3189,1,-0.10129,-0.24638,0.043992,0.0625
"supp_frac.B",22,1.1943,0.97284,1.4208,1,-0.023957,-0.15723,0.12058,0.0625
"supp_frac.B",23,1.1839,0.97489,1.4118,1,0.038344,-0.074802,0.14978,0.0625
"supp_frac.B",24,1.0853,0.90117,1.2436,1,0.033006,-0.078039,0.14955,0.0625
"supp_frac.B",25,1.0001,0.83633,1.1441,1,0.07122,-0.025743,0.16808,0.0625
"supp_frac.B",26,1.0277,0.86512,1.1925,1,0.066286,-0.06075,0.18603,0.0625
"supp_frac.B",27,1.0175,0.84144,1.1855,1,0.030538,-0.10464,0.16389,0.0625
"supp_frac.B",28,1.014,0.82814,1.1865,1,-0.0081499,-0.11544,0.10202,0.0625
"supp_frac.B",29,1.066,0.86555,1.2397,1,-0.036055,-0.1589,0.091453,0.0625
"supp_frac.B",30,1.1541,0.89849,1.4492,1,-0.020592,-0.14618,0.11776,0.0625
"supp_frac.B",31,0.99844,0.79279,1.2135,0.9998,-0.025585,-0.14728,0.096371,0.064083
"supp_frac.B",32,0.98292,0.76242,1.1773,0.99895,0.02047,-0.095874,0.13419,0.070358
"supp_frac.B",33,1.0684,0.8427,1.2698,1,0.045506,-0.072725,0.17463,0.0625
"supp_frac.B",34,1.1101,0.88543,1.3304,1,0.036728,-0.091648,0.1784,0.0625
"supp_frac.B",35,1.0542,0.86318,1.2338,1,0.035779,-0.08675,0.16018,0.0625
"supp_frac.B",36,1.0321,0.83163,1.2407,1,0.028974,-0.081131,0.146,0.0625
"supp_frac.B",37,0.93782,0.79012,1.0705,0.99735,0.0061126,-0.11738,0.14359,0.080937
"supp_frac.B",38,1.0432,0.86005,1.2155,1,-0.010697,-0.14927,0.14186,0.0625
"supp_frac.B",39,1.0885,0.91535,1.2707,1,-0.035474,-0.17294,0.11136,0.0625
"supp_frac.B",40,1.013,0.8556,1.1715,1,-0.021894,-0.138,0.11288,0.0625
"supp_frac.B",41,0.96301,0.83414,1.0796,0.99879,-0.0052395,-0.13147,0.12123,0.071502
"supp_frac.B",42,1.0131,0.85051,1.1793,1,-0.024748,-0.14586,0.094658,0.0625
"supp_frac.B",43,0.93348,0.77608,1.0973,0.99658,-0.064578,-0.19391,0.07614,0.085492
"supp_frac.B",44,0.89292,0.77594,1.0234,0.99646,-0.089941,-0.2085,0.033378,0.08622
"supp_frac.B",45,1.0358,0.87745,1.2118,1,-0.080472,-0.20685,0.041543,0.0625
"supp_frac.B",46,1.0272,0.8251,1.2309,1,-0.047684,-0.17125,0.081153,0.0625
"supp_frac.B",47,1.025,0.85471,1.2168,1,0.0091444,-0.095146,0.12373,0.0625
"supp_frac.B",48,0.93912,0.77722,1.0971,0.99893,0.029391,-0.078984,0.12645,0.070514
"supp_frac.B",49,0.9106,0.75364,1.0866,0.99751,0.029326,-0.08109,0.14151,0.079887
"supp_frac.B",50,1.0012,0.84921,1.1499,0.99997,0.037302,-0.093879,0.16279,0.062721
"supp_frac.B",51,1.0092,0.86109,1.1508,1,0.027374,-0.10672,0.15221,0.0625
"supp_frac.B",52,1.019,0.87996,1.1479,1,0.0037569,-0.11155,0.12701,0.0625
"supp_frac.B",53,0.99365,0.82269,1.1493,0.99979,0.029751,-0.090337,0.15357,0.06419
"supp_frac.B",54,0.94045,0.74508,1.1222,0.99825,0.038027,-0.07204,0.15697,0.075153
"supp_frac.B",55,0.98575,0.81173,1.1879,0.99925,0.051392,-0.083429,0.17606,0.068182
"supp_frac.B",56,1.0686,0.89614,1.25,1,0.071247,-0.065806,0.21808,0.0625
"supp_frac.B",57,1.1446,0.90117,1.3795,1,0.051996,-0.076169,0.22368,0.0625
"supp_frac.B",58,1.0231,0.80152,1.2371,0.99996,0.073867,-0.050361,0.22641,0.062795
"supp_frac.B",59,0.86278,0.71117,1.008,0.99581,0.075939,-0.041323,0.18556,0.089888
"supp_frac.B",60,0.89392,0.73799,1.056,0.9967,0.031494,-0.081504,0.14834,0.084822
"supp_frac.B",61,0.97742,0.83235,1.1173,0.99858,0.0064408,-0.11994,0.13478,0.072966
"supp_frac.B",62,0.97043,0.80623,1.1245,0.99834,-0.021999,-0.15116,0.10593,0.074544
"supp_frac.B",63,0.99827,0.83191,1.1525,0.99848,0.011258,-0.12463,0.14459,0.073605
"supp_frac.B",64,1.1297,0.9588,1.2931,1,0.03037,-0.073687,0.13863,0.0625
"supp_frac.B",65,1.0808,0.90128,1.2573,1,-0.015814,-0.10805,0.084341,0.0625
"supp_frac.B",66,1.1037,0.90973,1.3058,1,0.017905,-0.10099,0.13857,0.0625
"supp_frac.B",67,1.0353,0.8625,1.1994,1,0.025769,-0.096122,0.15256,0.0625
"supp_frac.B",68,1.0913,0.89413,1.2783,1,0.0024797,-0.13309,0.1398,0.0625
"supp_frac.B",69,1.0565,0.86385,1.2566,1,0.016342,-0.10908,0.14271,0.0625
"supp_frac.B",70,1.1447,0.99329,1.2979,1,-0.021736,-0.15043,0.1286,0.0625
"supp_frac.B",71,1.2112,1.0282,1.3905,1,-0.042654,-0.16866,0.10711,0.0625
"supp_frac.B",72,1.2013,0.99927,1.3775,1,-0.042285,-0.16695,0.081115,0.0625
"supp_frac.B",73,1.0685,0.88026,1.2562,1,0.0047684,-0.10172,0.12149,0.0625
"supp_frac.B",74,0.8884,0.72897,1.0656,0.99715,0.068275,-0.040042,0.1607,0.082132
"supp_frac.B",75,0.86975,0.74242,1.0218,0.99642,0.034571,-0.06741,0.1313,0.08646
"supp_frac.B",76,0.90377,0.70899,1.1299,0.99601,0.026245,-0.10944,0.1529,0.088788
"supp_frac.B",77,0.92482,0.75854,1.0913,0.99815,-0.0020681,-0.11873,0.11614,0.075795
"supp_frac.B",78,1.0962,0.94312,1.274,1,0.0047907,-0.11572,0.12606,0.0625
"supp_frac.B",79,1.0054,0.85851,1.1958,0.9983,0.0070789,-0.13347,0.15937,0.074828
"supp_frac.B",80,0.85716,0.69455,1.0277,0.99442,-0.022653,-0.14023,0.09162,0.097272
"supp_frac.B",81,0.93259,0.76031,1.0973,0.99896,-0.032735,-0.12885,0.061175,0.070313
"supp_frac.B",82,0.98156,0.8038,1.1336,0.99932,-0.021137,-0.14019,0.07638,0.067675
"supp_frac.B",83,1.0214,0.87219,1.1588,0.9996,-0.0044905,-0.13354,0.12291,0.065574
"supp_frac.B",84,1.0636,0.87639,1.2471,1,-0.003631,-0.13882,0.12106,0.0625
"supp_frac.B",85,1.0202,0.80629,1.2458,1,0.0070683,-0.097216,0.10522,0.0625
"supp_frac.B",86,0.95993,0.79337,1.1683,0.9994,-0.047247,-0.15524,0.047873,0.067139
"supp_frac.B",87,0.92469,0.77811,1.0793,0.99721,-0.079881,-0.21219,0.037735,0.081769
"supp_frac.B",88,0.87907,0.71878,1.0595,0.99543,-0.057972,-0.18578,0.070677,0.091947
"supp_frac.B",89,0.94517,0.78081,1.1148,0.99764,-0.015169,-0.14805,0.10807,0.079133
"supp_frac.B",90,0.97123,0.81019,1.1432,0.99893,0.00037661,-0.11789,0.11333,0.070526
"supp_frac.B",91,0.96494,0.82291,1.1186,0.99814,0.035781,-0.079573,0.14869,0.075914
"supp_frac.B",92,1.0232,0.85545,1.1987,1,0.010639,-0.11512,0.15239,0.0625
"supp_frac.B",93,1.1164,0.90808,1.3145,1,-0.029858,-0.17459,0.11677,0.0625
"supp_frac.B",94,0.99027,0.8044,1.1854,0.99926,-0.040939,-0.18839,0.10917,0.068165
"supp_frac.B",95,1.041,0.86185,1.2122,1,-0.026116,-0.17254,0.11478,0.0625
"supp_frac.B",96,1.1132,0.91136,1.3514,1,-0.024061,-0.14554,0.1005,0.0625
"supp_frac.B",97,1.1363,0.95639,1.3212,1,-0.10312,-0.21457,-3.2045e-05,0.0625
"supp_frac.B",98,1.0533,0.89009,1.2053,1,-0.058978,-0.15209,0.031729,0.0625
"supp_frac.B",99,0.95672,0.79894,1.1417,0.99994,-0.03395,-0.12585,0.05917,0.062949
"supp_frac.B",100,1.0381,0.84714,1.2158,1,-0.074813,-0.17203,0.021345,0.0625
"supp_frac.B",101,1.0535,0.87092,1.2546,1,-0.089328,-0.17108,0.014033,0.0625
"supp_frac.B",102,1.0158,0.83133,1.2116,1,-0.075275,-0.16954,0.029285,0.0625
"supp_frac.B",103,1.0555,0.85102,1.271,1,-0.086882,-0.18607,0.019106,0.0625
"supp_frac.B",104,0.93786,0.7671,1.0996,0.99847,-0.06736,-0.17705,0.042838,0.073714
"supp_frac.B",105,0.97777,0.82804,1.1225,0.99981,-0.0043116,-0.10638,0.11274,0.064033
"supp_frac.B",106,0.98656,0.81672,1.1532,0.99997,-0.0090187,-0.12055,0.11678,0.062731
"supp_frac.B",107,0.95483,0.77813,1.1317,0.99823,0.0020926,-0.1109,0.12807,0.075283
"supp_frac.B",108,1.0078,0.8005,1.2205,1,0.016109,-0.068143,0.10341,0.0625
"supp_frac.B",109,1.0126,0.82147,1.2179,1,-0.0086716,-0.10166,0.084212,0.0625
"supp_frac.B",110,0.98817,0.80728,1.1658,1,-0.023633,-0.11934,0.064563,0.0625
"supp_frac.B",111,1.0226,0.83839,1.2004,1,-0.092306,-0.20349,0.0061355,0.0625
"supp_frac.B",112,1.1057,0.8725,1.3409,1,-0.040656,-0.15322,0.063354,0.0625
"supp_frac.B",113,1.01,0.84601,1.1795,1,-0.050776,-0.15671,0.055296,0.0625
"supp_frac.B",114,0.86682,0.74186,1.0034,0.99659,-0.098479,-0.19548,-0.0061208,0.085444
"supp_frac.B",115,0.86305,0.73089,1.0232,0.99631,-0.052878,-0.15049,0.033493,0.087055
"supp_frac.B",116,0.98435,0.84777,1.1316,0.99985,-0.058542,-0.17315,0.048114,0.063654
"supp_frac.B",117,0.99868,0.85743,1.1517,1,-0.08329,-0.19167,0.028274,0.0625
"supp_frac.B",118,1.1442,0.93303,1.3686,1,-0.053382,-0.15806,0.069752,0.0625
"supp_frac.B",119,1.0456,0.87346,1.242,1,-0.046661,-0.17113,0.080771,0.0625
"supp_frac.B",120,1.0576,0.90054,1.2144,1,-0.045203,-0.16491,0.069682,0.0625
"supp_frac.B",121,1.0221,0.88589,1.1451,1,-0.032935,-0.1578,0.094806,0.0625
"supp_frac.B",122,1.0095,0.83447,1.1843,0.99875,-0.004928,-0.14115,0.13289,0.071784
"supp_frac.B",123,1.0166,0.84723,1.1812,0.99759,0.0094396,-0.15098,0.16365,0.079389
"supp_frac.B",124,0.98902,0.83067,1.1459,0.99797,-0.016584,-0.14422,0.11831,0.076976
"supp_frac.B",125,0.99977,0.85234,1.1707,0.99972,-0.0022068,-0.11485,0.12643,0.064727
"supp_frac.B",126,0.95371,0.79406,1.0929,0.99845,0.019297,-0.092962,0.14409,0.073816
"supp_frac.B",127,0.87347,0.73036,1.0273,0.99731,0.06276,-0.023539,0.1614,0.081178
"supp_frac.B",128,0.9183,0.78483,1.0771,0.99808,0.015533,-0.089044,0.1234,0.076297
"supp_frac.B",129,0.94546,0.79584,1.0695,0.99786,-0.021554,-0.15522,0.11669,0.077686
"supp_frac.B",130,0.99203,0.85872,1.122,0.99955,-0.0020093,-0.12151,0.13665,0.065997
"supp_frac.B",131,0.8857,0.71168,1.1113,0.99652,0.026511,-0.074847,0.14566,0.085866
"supp_frac.B",132,0.9214,0.7787,1.1017,0.99794,0.035428,-0.05853,0.14408,0.077188
"supp_frac.B",133,0.94566,0.79385,1.1561,0.99857,0.047039,-0.061276,0.15309,0.072982
"supp_frac.B",134,0.99943,0.8223,1.1577,1,0.073098,-0.024674,0.18041,0.0625
"supp_frac.B",135,1.0867,0.93168,1.2714,1,0.129,0.021957,0.24515,0.0625
"supp_frac.B",136,1.0299,0.85596,1.2104,1,0.088461,-0.037167,0.20932,0.0625
"supp_frac.B",137,1.0605,0.90914,1.2292,1,0.076244,-0.041928,0.19757,0.0625
"supp_frac.B",138,0.97564,0.81787,1.1251,0.99933,0.03921,-0.090691,0.15907,0.067654
"supp_frac.B",139,1.0644,0.90692,1.2091,1,0.027454,-0.089749,0.15803,0.0625
"supp_frac.B",140,0.99693,0.84938,1.1498,0.99846,0.054346,-0.069559,0.19306,0.073775
"supp_frac.B",141,1.0036,0.86039,1.1518,0.99847,-0.025832,-0.15027,0.11073,0.073658
"supp_frac.B",142,0.95986,0.8002,1.1261,0.99648,-0.050818,-0.17112,0.08411,0.086099
"supp_frac.B",143,0.97741,0.77051,1.197,0.99801,-0.026109,-0.13613,0.109,0.076743
"supp_frac.B",144,0.93986,0.77956,1.1038,0.99612,-0.02477,-0.14267,0.10976,0.088136
"supp_frac.B",145,0.99585,0.85644,1.1399,0.99942,-0.00068124,-0.12173,0.12838,0.066998
"supp_frac.B",146,0.94907,0.79094,1.1041,0.9975,0.042849,-0.080129,0.1554,0.079975
"supp_frac.B",147,0.89917,0.75265,1.0751,0.99555,0.0012735,-0.12005,0.12755,0.091316
"supp_frac.B",148,0.91435,0.75724,1.0795,0.99762,-0.011425,-0.11714,0.10708,0.079225
"supp_frac.B",149,0.96685,0.75544,1.1789,0.99899,0.00063966,-0.10724,0.10896,0.070074
"supp_frac.B",150,1.0274,0.82311,1.2308,1,0.0018896,-0.11137,0.10416,0.0625
"prep_cov.B",1,0.85035,0.63976,1.0922,0.9843,0.14367,-0.074304,0.35522,0.13981
"prep_cov.B",2,0.96287,0.7579,1.1663,0.99526,0.091068,-0.092616,0.25907,0.092859
"prep_cov.B",3,1.0105,0.84765,1.1557,0.99915,-0.084061,-0.24402,0.062675,0.068949
"prep_cov.B",4,0.97421,0.77857,1.1564,0.99705,-0.0072278,-0.1724,0.1458,0.082738
"prep_cov.B",5,1.1754,0.96192,1.3532,1,-0.12846,-0.29666,0.035689,0.0625
"prep_cov.B",6,1.2184,1.042,1.393,1,-0.10079,-0.24182,0.073975,0.0625
"prep_cov.B",7,1.0234,0.82153,1.2031,1,-0.049269,-0.18209,0.089284,0.0625
"prep_cov.B",8,0.95561,0.79782,1.1204,0.99577,-0.032077,-0.19304,0.10918,0.090117
"prep_cov.B",9,1.0405,0.85603,1.2138,0.99872,-0.015895,-0.17074,0.15838,0.071972
"prep_cov.B",10,0.86805,0.71578,1.0245,0.99602,0.11188,0.0051133,0.23366,0.088741
"prep_cov.B",11,0.93724,0.7787,1.0673,0.99564,0.028711,-0.13686,0.19598,0.09084
"prep_cov.B",12,1.0232,0.84577,1.1802,0.99833,0.051111,-0.1093,0.18241,0.07461
"prep_cov.B",13,1.025,0.85427,1.2065,0.99869,-0.091557,-0.24839,0.076784,0.072185
"prep_cov.B",14,1.0691,0.93295,1.2162,1,-0.066165,-0.20714,0.063263,0.0625
"prep_cov.B",15,1.032,0.85144,1.2378,1,-0.015927,-0.11992,0.079936,0.0625
"prep_cov.B",16,0.9508,0.82399,1.0807,0.99934,-0.0097722,-0.1155,0.092885,0.067534
"prep_cov.B",17,1.0533,0.90594,1.2038,1,-0.022759,-0.14151,0.095833,0.0625
"prep_cov.B",18,0.95632,0.78858,1.103,0.99695,0.0060663,-0.13369,0.15786,0.083321
"prep_cov.B",19,0.96503,0.80616,1.1186,0.99863,-0.043898,-0.15907,0.074388,0.072596
"prep_cov.B",20,1.0116,0.86094,1.1645,0.9999,-0.16379,-0.30969,-0.025833,0.06328
"prep_cov.B",21,1.234,1.0579,1.4445,1,-0.063776,-0.21441,0.082755,0.0625
"prep_cov.B",22,1.0023,0.83569,1.1575,1,0.078368,-0.055358,0.18427,0.0625
"prep_cov.B",23,1.0511,0.90108,1.2127,1,-0.041345,-0.14373,0.056286,0.0625
"prep_cov.B",24,1.2141,0.99239,1.4654,1,-0.018375,-0.13985,0.12441,0.0625
"prep_cov.B",25,1.0532,0.89248,1.2253,1,-0.013353,-0.10915,0.10534,0.0625
"prep_cov.B",26,0.89796,0.7205,1.0504,0.99808,0.018361,-0.083771,0.11012,0.0763
"prep_cov.B",27,0.92783,0.7603,1.0806,0.99726,-0.0074947,-0.12338,0.12619,0.081466
"prep_cov.B",28,0.87713,0.77862,0.97393,0.99661,0.038101,-0.06427,0.14995,0.085359
"prep_cov.B",29,0.96041,0.81553,1.0907,0.99685,0.032966,-0.11257,0.17287,0.083907
"prep_cov.B",30,0.95752,0.80951,1.1275,0.99833,0.083425,-0.049482,0.20189,0.074659
"prep_cov.B",31,0.89839,0.73914,1.0576,0.99646,-0.023761,-0.14328,0.095149,0.086229
"prep_cov.B",32,0.95685,0.78898,1.1338,0.99826,0.034686,-0.082135,0.15611,0.075107
"prep_cov.B",33,1.0527,0.88454,1.2281,1,-0.071586,-0.19994,0.054772,0.0625
"prep_cov.B",34,0.93134,0.81589,1.0572,0.99686,-0.0029574,-0.13774,0.13426,0.083863
"prep_cov.B",35,0.93643,0.7855,1.0825,0.99628,0.044184,-0.078974,0.18001,0.087268
"prep_cov.B",36,1.0699,0.88313,1.2599,1,0.07191,-0.060284,0.21717,0.0625
"prep_cov.B",37,1.0209,0.8378,1.207,1,0.028454,-0.06899,0.14357,0.0625
"prep_cov.B",38,1.1627,0.98617,1.3334,1,0.077762,-0.036986,0.2037,0.0625
"prep_cov.B",39,0.96767,0.81263,1.1174,0.99988,0.0067934,-0.093255,0.11105,0.063425
"prep_cov.B",40,0.92289,0.77286,1.0704,0.99776,-0.0070618,-0.11194,0.098446,0.078314
"prep_cov.B",41,1.0217,0.81879,1.2244,0.99976,-0.10193,-0.22966,0.02412,0.064353
"prep_cov.B",42,0.93433,0.77861,1.1004,0.99792,-0.076563,-0.17869,0.031985,0.077291
"prep_cov.B",43,1.0051,0.86865,1.1362,1,0.036765,-0.05763,0.13667,0.0625
"prep_cov.B",44,0.97946,0.78756,1.1392,0.99855,-0.063923,-0.20438,0.07191,0.07318
"prep_cov.B",45,1.0614,0.8376,1.2652,1,-0.1036,-0.23624,0.020684,0.0625
"prep_cov.B",46,1.0245,0.84737,1.1776,1,-0.073993,-0.19606,0.046725,0.0625
"prep_cov.B",47,1.0464,0.8478,1.2382,1,0.073091,-0.051091,0.20302,0.0625
"prep_cov.B",48,0.99233,0.82027,1.1401,0.9999,0.034576,-0.080293,0.16543,0.063322
"prep_cov.B",49,0.95764,0.83612,1.0737,0.99881,-0.016407,-0.13302,0.092607,0.071359
"prep_cov.B",50,1.0716,0.94023,1.2219,1,0.018553,-0.069773,0.10658,0.0625
"prep_cov.B",51,1.0172,0.86018,1.1633,1,-0.026261,-0.1354,0.090238,0.0625
"prep_cov.B",52,0.97742,0.8005,1.14,1,-0.045883,-0.12245,0.039009,0.0625
"prep_cov.B",53,0.97773,0.83998,1.1329,0.99909,0.039791,-0.080253,0.15124,0.0694
"prep_cov.B",54,0.85569,0.73051,0.98919,0.99564,-0.019589,-0.12869,0.08443,0.090799
"prep_cov.B",55,1.1595,0.98819,1.3157,1,-0.010137,-0.13801,0.12266,0.0625
"prep_cov.B",56,1.0693,0.89628,1.2317,0.99976,-0.059364,-0.20081,0.097826,0.064393
"prep_cov.B",57,0.99143,0.83616,1.1953,0.99953,0.019426,-0.095691,0.14206,0.066137
"prep_cov.B",58,0.94063,0.76207,1.103,0.99911,-0.025993,-0.13044,0.069521,0.069237
"prep_cov.B",59,1.077,0.89939,1.2727,1,-0.039097,-0.1568,0.079267,0.0625
"prep_cov.B",60,1.0903,0.93635,1.232,1,0.022244,-0.088135,0.1408,0.0625
"prep_cov.B",61,1.1053,0.92875,1.2855,1,-0.12959,-0.21371,-0.039521,0.0625
"prep_cov.B",62,1.1412,0.99082,1.2924,1,0.016471,-0.070863,0.11542,0.0625
"prep_cov.B",63,1.1334,0.98108,1.2722,1,0.0057858,-0.14967,0.15211,0.0625
"prep_cov.B",64,1.12,0.94983,1.2882,1,0.015399,-0.10876,0.13529,0.0625
"prep_cov.B",65,0.99603,0.79108,1.1519,1,-0.054481,-0.15058,0.051297,0.0625
"prep_cov.B",66,0.96397,0.80038,1.1146,0.99912,-0.053036,-0.17575,0.064523,0.069152
"prep_cov.B",67,0.93188,0.78915,1.0622,0.9977,0.028532,-0.082867,0.14758,0.078745
"prep_cov.B",68,1.1354,0.94443,1.313,1,-0.054502,-0.21599,0.1171,0.0625
"prep_cov.B",69,1.0069,0.83205,1.1733,1,-0.06167,-0.17684,0.061437,0.0625
"prep_cov.B",70,0.89305,0.72642,1.0385,0.99531,0.03325,-0.080434,0.1458,0.092641
"prep_cov.B",71,1.1688,0.95808,1.3636,1,0.045135,-0.073075,0.16623,0.0625
"prep_cov.B",72,1.0577,0.88722,1.2092,1,-0.0032766,-0.11271,0.1098,0.0625
"prep_cov.B",73,1.1269,0.89733,1.3516,1,0.04809,-0.068442,0.163,0.0625
"prep_cov.B",74,1.1131,0.92876,1.3131,1,-0.058946,-0.19979,0.074004,0.0625
"prep_cov.B",75,1.0281,0.86893,1.2114,0.99872,-0.092599,-0.23374,0.047628,0.072011
"prep_cov.B",76,1.0439,0.863,1.2202,1,-0.11674,-0.26722,0.014195,0.0625
"prep_cov.B",77,1.0628,0.85924,1.2676,1,0.015081,-0.11237,0.14094,0.0625
"prep_cov.B",78,0.90693,0.73585,1.0757,0.99581,-0.0077201,-0.12035,0.11104,0.089888
"prep_cov.B",79,1.0199,0.87991,1.1781,0.99843,0.12059,-0.014971,0.27798,0.073943
"prep_cov.B",80,1.1884,1.0233,1.3522,1,0.085555,-0.020433,0.19367,0.0625
"prep_cov.B",81,1.0102,0.8461,1.1745,1,0.024748,-0.095675,0.14367,0.0625
"prep_cov.B",82,0.91766,0.79034,1.0616,0.99729,0.045141,-0.067192,0.15786,0.081291
"prep_cov.B",83,1.1471,0.97128,1.3149,1,-0.012286,-0.15462,0.14749,0.0625
"prep_cov.B",84,0.97815,0.83691,1.1235,0.99856,-0.085856,-0.22157,0.059094,0.073096
"prep_cov.B",85,1.0269,0.86976,1.1607,0.99955,0.036909,-0.10362,0.17787,0.066009
"prep_cov.B",86,0.95813,0.80244,1.0952,0.99653,0.040421,-0.092361,0.17751,0.085778
"prep_cov.B",87,0.97579,0.81334,1.1235,0.99867,0.054828,-0.075936,0.16325,0.072355
"prep_cov.B",88,1.0983,0.91458,1.2799,1,0.056875,-0.069339,0.17998,0.0625
"prep_cov.B",89,0.96331,0.76521,1.1607,0.99795,0.10613,-0.028262,0.23592,0.07713
"prep_cov.B",90,1.1305,0.97183,1.3188,1,0.088569,-0.0043158,0.1896,0.0625
"prep_cov.B",91,0.91572,0.77081,1.0503,0.9975,0.065207,-0.038821,0.17404,0.08
"prep_cov.B",92,0.86515,0.72024,1.0098,0.99671,0.05534,-0.036202,0.14363,0.084768
"prep_cov.B",93,1.0293,0.83968,1.2609,1,0.079943,-0.030636,0.19508,0.0625
"prep_cov.B",94,0.9278,0.76049,1.0881,0.99892,0.071626,-0.023558,0.15901,0.070551
"prep_cov.B",95,1.0113,0.83865,1.1673,1,0.017302,-0.09101,0.13393,0.0625
"prep_cov.B",96,1.0433,0.8667,1.2169,0.99983,-0.066647,-0.19619,0.074718,0.06384
"prep_cov.B",97,1.1389,0.96397,1.2948,1,-0.028143,-0.17219,0.12629,0.0625
"prep_cov.B",98,1.1427,0.96849,1.3068,1,0.029079,-0.1128,0.14857,0.0625
"prep_cov.B",99,0.95309,0.78277,1.1191,0.99875,0.00055611,-0.11198,0.10828,0.071773
"prep_cov.B",100,1.0737,0.87565,1.2777,1,0.0027849,-0.12869,0.13938,0.0625
"prep_cov.B",101,0.96594,0.82449,1.1213,0.99682,0.0028739,-0.14147,0.15272,0.084129
"prep_cov.B",102,0.91609,0.73106,1.0655,0.99546,-0.037517,-0.18361,0.10634,0.091833
"prep_cov.B",103,1.053,0.88225,1.2285,1,0.057542,-0.046929,0.17552,0.0625
"prep_cov.B",104,1.0694,0.89621,1.2557,1,0.051432,-0.076032,0.18447,0.0625
"prep_cov.B",105,1.0478,0.87142,1.1898,1,-0.0019439,-0.12149,0.13084,0.0625
"prep_cov.B",106,1.0604,0.86472,1.2882,1,0.018793,-0.10085,0.16174,0.0625
"prep_cov.B",107,1.0536,0.88879,1.2219,1,-0.0099936,-0.12791,0.12496,0.0625
"prep_cov.B",108,0.98858,0.83083,1.1511,0.99932,-0.019341,-0.15277,0.1066,0.067671
"prep_cov.B",109,1.0793,0.92628,1.2139,1,-0.02006,-0.13736,0.10308,0.0625
"prep_cov.B",110,1.0024,0.88689,1.126,0.9997,-0.033707,-0.15855,0.10073,0.06486
"prep_cov.B",111,0.99868,0.83385,1.1495,1,-0.042609,-0.17517,0.090362,0.0625
"prep_cov.B",112,0.99184,0.81767,1.1705,1,-0.099501,-0.21245,0.022844,0.0625
"prep_cov.B",113,1.1462,0.9503,1.3397,1,-0.0071006,-0.16226,0.13655,0.0625
"prep_cov.B",114,0.94315,0.794,1.0665,0.99775,0.084953,-0.031581,0.19865,0.078416
"prep_cov.B",115,0.95587,0.79206,1.1088,0.99871,0.022551,-0.10943,0.16571,0.072017
"prep_cov.B",116,1.0159,0.85364,1.1764,1,0.095106,-0.023958,0.20603,0.0625
"prep_cov.B",117,1.0954,0.9087,1.2631,1,0.092939,-0.00253,0.19227,0.0625
"prep_cov.B",118,0.96313,0.81104,1.1436,0.99805,0.010462,-0.10138,0.12286,0.076473
"prep_cov.B",119,1.0735,0.8862,1.2512,1,0.0095746,-0.12072,0.14435,0.0625
"prep_cov.B",120,0.99945,0.8191,1.2029,0.99924,0.031537,-0.10546,0.16971,0.068305
"prep_cov.B",121,0.97184,0.79814,1.1582,0.99652,0.062579,-0.08728,0.21139,0.085856
"prep_cov.B",122,0.75503,0.64828,0.87434,0.99261,0.044785,-0.066151,0.14606,0.10615
"prep_cov.B",123,0.91144,0.72436,1.0863,0.99721,0.020257,-0.098081,0.13812,0.081777
"prep_cov.B",124,1.0053,0.84814,1.15,0.99907,0.057826,-0.072417,0.18423,0.069551
"prep_cov.B",125,1.0202,0.88749,1.1922,1,0.059896,-0.059016,0.17688,0.0625
"prep_cov.B",126,1.0973,0.93302,1.2892,1,0.1127,0.013106,0.22631,0.0625
"prep_cov.B",127,1.0209,0.82912,1.191,1,0.012183,-0.099472,0.13539,0.0625
"prep_cov.B",128,1.0731,0.90067,1.2287,1,-0.023954,-0.15549,0.12025,0.0625
"prep_cov.B",129,0.94058,0.78602,1.0997,0.9981,-0.047929,-0.16749,0.07698,0.076139
"prep_cov.B",130,1.0754,0.89694,1.2469,1,-0.15753,-0.29774,0.0020169,0.0625
"prep_cov.B",131,1.045,0.84562,1.2411,1,-0.14865,-0.25587,-0.029645,0.0625
"prep_cov.B",132,1.0139,0.88452,1.1452,0.99991,-0.044701,-0.1717,0.083922,0.063192
"prep_cov.B",133,0.86014,0.74083,1.0034,0.99398,-0.070171,-0.17574,0.057071,0.099535
"prep_cov.B",134,0.98691,0.80141,1.162,1,-0.07531,-0.18964,0.017938,0.0625
"prep_cov.B",135,1.1918,0.93661,1.4721,1,-0.097915,-0.19843,0.012718,0.0625
"prep_cov.B",136,0.99948,0.8161,1.2362,1,-0.0076959,-0.12708,0.10145,0.0625
"prep_cov.B",137,0.94838,0.80827,1.0888,0.99877,-0.052694,-0.15855,0.062999,0.07165
"prep_cov.B",138,0.99926,0.82116,1.1823,0.99952,-0.063737,-0.17681,0.040263,0.066205
"prep_cov.B",139,0.97097,0.78177,1.196,0.99922,-0.074599,-0.20111,0.061322,0.068425
"prep_cov.B",140,1.048,0.90013,1.1943,1,-0.12537,-0.23668,-0.0058914,0.0625
"prep_cov.B",141,0.93628,0.77769,1.0916,0.99766,0.030571,-0.10462,0.14984,0.079007
"prep_cov.B",142,1.0165,0.82323,1.1968,0.99885,0.035623,-0.11333,0.2169,0.071041
"prep_cov.B",143,1.1878,0.98596,1.3615,1,0.11102,-0.036034,0.25668,0.0625
"prep_cov.B",144,0.85128,0.72059,0.98494,0.99454,0.14681,0.03431,0.26922,0.096644
"prep_cov.B",145,1.0674,0.89243,1.2407,1,0.021937,-0.091981,0.15418,0.0625
"prep_cov.B",146,0.9984,0.89868,1.0891,1,-0.023926,-0.11283,0.088832,0.0625
"prep_cov.B",147,0.94546,0.81502,1.0864,0.99618,0.007881,-0.13284,0.16905,0.087824
"prep_cov.B",148,1.0457,0.87496,1.2527,0.99906,-0.10073,-0.25809,0.04638,0.069588
"prep_cov.B",149,1.0388,0.90777,1.1854,1,-0.060237,-0.17547,0.042512,0.0625
"prep_cov.B",150,0.90364,0.75607,1.0498,0.99841,-0.050236,-0.13219,0.038939,0.074126
"prev.H",1,0.87213,0.41787,1.3121,0.968,0.060946,-0.29805,0.42805,0.18917
"prev.H",2,0.91703,0.45225,1.3578,0.96937,0.015379,-0.35645,0.38117,0.18552
"prev.H",3,0.99464,0.54379,1.4819,0.97121,-0.024763,-0.41587,0.35748,0.18052
"prev.H",4,1.0916,0.56809,1.6868,0.97325,-0.041358,-0.43891,0.35559,0.1748
"prev.H",5,1.1513,0.63221,1.716,0.97513,-0.038374,-0.43496,0.35936,0.16934
"prev.H",6,1.1198,0.64436,1.649,0.97608,-0.031667,-0.41335,0.34212,0.16655
"prev.H",7,1.0345,0.64694,1.4611,0.97761,0.0062405,-0.35075,0.35675,0.16189
"prev.H",8,0.94658,0.62459,1.2956,0.97773,0.024602,-0.30697,0.34666,0.16151
"prev.H",9,0.91078,0.62471,1.2397,0.97948,0.00092813,-0.30661,0.30095,0.15602
"prev.H",10,0.85655,0.60444,1.1733,0.98005,-0.014153,-0.30492,0.27368,0.15422
"prev.H",11,0.85032,0.61398,1.1082,0.98113,-0.003627,-0.27297,0.27372,0.15067
"prev.H",12,0.84906,0.62474,1.1047,0.98183,-0.0022613,-0.26423,0.26725,0.14833
"prev.H",13,0.85301,0.63976,1.093,0.98301,-0.020638,-0.27877,0.23499,0.14433
"prev.H",14,0.87263,0.66887,1.1089,0.98412,-0.037382,-0.30107,0.20868,0.14043
"prev.H",15,0.89613,0.70343,1.1267,0.98481,0.014832,-0.24889,0.26706,0.13798
"prev.H",16,0.88721,0.69989,1.0911,0.98531,0.034876,-0.22122,0.28705,0.13616
"prev.H",17,0.91385,0.72764,1.1109,0.98608,0.02463,-0.22463,0.26738,0.1333
"prev.H",18,0.92633,0.73759,1.092,0.98756,0.017835,-0.23345,0.25743,0.12766
"prev.H",19,0.93683,0.73921,1.0959,0.9894,0.044904,-0.19919,0.27436,0.12029
"prev.H",20,0.96079,0.78954,1.1076,0.99108,0.058948,-0.16365,0.27967,0.11311
"prev.H",21,0.99712,0.83469,1.1432,0.99173,0.061654,-0.17288,0.28561,0.11022
"prev.H",22,0.97922,0.81975,1.1197,0.99171,0.047863,-0.1791,0.27388,0.11029
"prev.H",23,0.97859,0.80503,1.1189,0.99265,0.042496,-0.17236,0.25577,0.10595
"prev.H",24,0.95299,0.78191,1.1124,0.99228,0.037441,-0.1815,0.25022,0.10768
"prev.H",25,0.97556,0.80142,1.1373,0.99315,0.033344,-0.18544,0.24057,0.10359
"prev.H",26,0.96438,0.80094,1.13,0.99235,0.071008,-0.15576,0.28849,0.10735
"prev.H",27,0.93303,0.75769,1.1289,0.99117,0.091752,-0.12869,0.30248,0.11272
"prev.H",28,0.94162,0.75441,1.1495,0.99158,0.091363,-0.12803,0.30399,0.11086
"prev.H",29,0.94311,0.7423,1.161,0.99256,0.10176,-0.12105,0.31158,0.1064
"prev.H",30,0.95607,0.72405,1.1954,0.99332,0.11364,-0.10817,0.33332,0.10274
"prev.H",31,0.97552,0.72824,1.2404,0.99394,0.10967,-0.12153,0.33856,0.099694
"prev.H",32,0.92547,0.70184,1.1766,0.99305,0.10001,-0.12439,0.31332,0.10407
"prev.H",33,0.90526,0.69593,1.1427,0.99215,0.087749,-0.13028,0.29506,0.10827
"prev.H",34,0.88095,0.67676,1.0937,0.99184,0.068686,-0.13439,0.27639,0.10968
"prev.H",35,0.83922,0.63038,1.0491,0.99062,0.09089,-0.10104,0.29396,0.11512
"prev.H",36,0.88039,0.6743,1.0944,0.99193,0.085888,-0.10791,0.27912,0.1093
"prev.H",37,0.88694,0.69162,1.0894,0.9931,0.061738,-0.11236,0.25769,0.10383
"prev.H",38,0.85434,0.67676,1.0416,0.9922,0.052571,-0.11675,0.24434,0.10807
"prev.H",39,0.88625,0.71164,1.0576,0.99317,0.047413,-0.11975,0.24665,0.10347
"prev.H",40,0.89247,0.72609,1.0646,0.99348,0.039991,-0.12535,0.23664,0.10198
"prev.H",41,0.95808,0.77223,1.1444,0.99515,0.04041,-0.13491,0.2459,0.093484
"prev.H",42,0.97921,0.78499,1.1661,0.996,0.036298,-0.13868,0.24091,0.08883
"prev.H",43,0.95694,0.79021,1.138,0.99523,0.026001,-0.14508,0.23275,0.093051
"prev.H",44,0.95606,0.7994,1.1168,0.99571,0.0064535,-0.15853,0.19993,0.090429
"prev.H",45,0.9687,0.82016,1.1245,0.99622,-0.012034,-0.16626,0.17757,0.087594
"prev.H",46,0.97344,0.80625,1.1345,0.99683,-0.022799,-0.18172,0.15572,0.084063
"prev.H",47,0.95018,0.79478,1.1079,0.99743,-0.025187,-0.16978,0.13706,0.080422
"prev.H",48,0.95603,0.81703,1.0841,0.99774,-0.016194,-0.16312,0.1476,0.078456
"prev.H",49,0.98329,0.84145,1.1232,0.99873,-0.0093744,-0.13842,0.14779,0.071913
"prev.H",50,0.98227,0.83228,1.1341,0.99873,0.012623,-0.11416,0.17317,0.07193
"prev.H",51,0.95205,0.82312,1.098,0.99831,-0.0018808,-0.12555,0.13977,0.074795
"prev.H",52,0.96265,0.82522,1.1134,0.99889,-0.013774,-0.14308,0.12659,0.070826
"prev.H",53,0.96533,0.81626,1.1277,0.9988,-0.002926,-0.12461,0.1268,0.071397
"prev.H",54,0.96693,0.78795,1.1188,0.99869,0.0016921,-0.12167,0.12982,0.072162
"prev.H",55,0.93843,0.75342,1.0874,0.99727,0.024706,-0.098917,0.15685,0.081409
"prev.H",56,0.93625,0.72891,1.1135,0.99725,0.029777,-0.09003,0.15767,0.081493
"prev.H",57,0.9109,0.71881,1.0961,0.99647,0.022872,-0.088774,0.14547,0.086179
"prev.H",58,0.90293,0.72105,1.058,0.99615,0.014572,-0.10606,0.13695,0.087964
"prev.H",59,0.90147,0.73756,1.0431,0.99634,-0.0054143,-0.11666,0.11032,0.086896
"prev.H",60,0.87699,0.72527,1.0011,0.99594,-0.011304,-0.12249,0.099209,0.089152
"prev.H",61,0.89454,0.73335,1.0304,0.99605,-0.020547,-0.13796,0.10643,0.088534
"prev.H",62,0.93888,0.77324,1.0823,0.99689,-0.040446,-0.17943,0.10285,0.08372
"prev.H",63,0.96292,0.80483,1.1049,0.99803,-0.050396,-0.18054,0.072537,0.076592
"prev.H",64,0.94821,0.77162,1.1116,0.99833,-0.061799,-0.18339,0.04617,0.0746
"prev.H",65,0.93618,0.75003,1.1177,0.99792,-0.052874,-0.17823,0.059455,0.077309
"prev.H",66,0.916,0.75733,1.0786,0.99748,-0.042883,-0.16642,0.068418,0.080106
"prev.H",67,0.86129,0.71394,1.0175,0.9964,-0.052004,-0.15623,0.04834,0.086576
"prev.H",68,0.87327,0.73353,1.0106,0.99685,-0.06531,-0.15648,0.026422,0.083935
"prev.H",69,0.90196,0.74592,1.0307,0.99774,-0.061121,-0.15894,0.030292,0.07849
"prev.H",70,0.93771,0.76555,1.0894,0.99929,-0.036498,-0.13949,0.054763,0.067957
"prev.H",71,0.94561,0.78493,1.1067,0.99971,-0.016004,-0.12198,0.07837,0.064778
"prev.H",72,0.91762,0.74448,1.0917,0.99906,0.002446,-0.099189,0.093703,0.069622
"prev.H",73,0.9265,0.75861,1.0864,0.99919,-0.0020146,-0.1072,0.094689,0.068616
"prev.H",74,0.9126,0.76008,1.0543,0.99881,-0.026113,-0.12549,0.070274,0.071348
"prev.H",75,0.96322,0.7846,1.1185,1,-0.007147,-0.11264,0.099681,0.0625
"prev.H",76,0.98226,0.80115,1.158,1,0.012652,-0.10397,0.12187,0.0625
"prev.H",77,1.0021,0.81801,1.1753,1,0.026083,-0.10706,0.14621,0.0625
"prev.H",78,1.0303,0.84387,1.1976,1,0.017717,-0.11822,0.14817,0.0625
"prev.H",79,1.044,0.85858,1.2038,1,-0.0057701,-0.14305,0.13138,0.0625
"prev.H",80,1.0375,0.86169,1.2134,1,-0.010661,-0.14813,0.13035,0.0625
"prev.H",81,1.0837,0.9027,1.2567,1,-0.0057622,-0.14858,0.13542,0.0625
"prev.H",82,1.1216,0.96092,1.2837,1,0.0043847,-0.13061,0.1418,0.0625
"prev.H",83,1.1407,0.97419,1.3083,1,0.026183,-0.10839,0.15461,0.0625
"prev.H",84,1.1061,0.93262,1.2859,1,0.0334,-0.087118,0.16408,0.0625
"prev.H",85,1.097,0.90038,1.2734,1,0.068466,-0.043084,0.18796,0.0625
"prev.H",86,1.0886,0.88557,1.2673,1,0.056256,-0.060027,0.17393,0.0625
"prev.H",87,1.1166,0.86899,1.3235,1,0.042308,-0.080051,0.17239,0.0625
"prev.H",88,1.0733,0.85349,1.2618,1,0.042043,-0.07658,0.17085,0.0625
"prev.H",89,1.0507,0.82381,1.2517,1,0.035502,-0.082182,0.15624,0.0625
"prev.H",90,1.0253,0.78359,1.2608,1,0.029865,-0.095788,0.15719,0.0625
"prev.H",91,1.0415,0.81274,1.26,1,0.018243,-0.11428,0.14844,0.0625
"prev.H",92,1.0439,0.83119,1.2707,1,0.018139,-0.10307,0.13702,0.0625
"prev.H",93,1.0886,0.86298,1.3087,1,0.043301,-0.08387,0.17088,0.0625
"prev.H",94,1.1469,0.90286,1.3728,1,0.066116,-0.064,0.19742,0.0625
"prev.H",95,1.1522,0.91184,1.3673,1,0.052577,-0.078049,0.17882,0.0625
"prev.H",96,1.1097,0.87231,1.3065,1,0.050497,-0.084097,0.18744,0.0625
"prev.H",97,1.1023,0.86083,1.3225,1,0.062809,-0.059172,0.18892,0.0625
"prev.H",98,1.1555,0.8984,1.3938,1,0.070467,-0.049653,0.19371,0.0625
"prev.H",99,1.0878,0.86801,1.2928,1,0.069788,-0.043699,0.18896,0.0625
"prev.H",100,1.0431,0.84987,1.2196,1,0.051094,-0.062967,0.16795,0.0625
"prev.H",101,0.99288,0.81525,1.1699,0.99961,0.066996,-0.044549,0.18165,0.065545
"prev.H",102,0.94773,0.77856,1.1025,0.9978,0.095557,-0.021195,0.21493,0.078081
"prev.H",103,0.93614,0.75606,1.1019,0.99753,0.087541,-0.028083,0.21459,0.079805
"prev.H",104,0.94588,0.75681,1.1325,0.99777,0.069157,-0.054915,0.20917,0.07831
"prev.H",105,0.9736,0.79548,1.1452,0.99883,0.0733,-0.046353,0.21421,0.071242
"prev.H",106,1.0212,0.82534,1.2064,1,0.082403,-0.036223,0.2185,0.0625
"prev.H",107,1.0728,0.86304,1.2616,1,0.077101,-0.044326,0.21412,0.0625
"prev.H",108,1.0696,0.88724,1.2375,1,0.088893,-0.032576,0.22969,0.0625
"prev.H",109,1.0745,0.88325,1.2437,1,0.072065,-0.052719,0.2131,0.0625
"prev.H",110,1.1061,0.91308,1.2879,1,0.058956,-0.072075,0.20588,0.0625
"prev.H",111,1.1143,0.90752,1.3197,1,0.058025,-0.078493,0.19996,0.0625
"prev.H",112,1.1088,0.90258,1.3177,1,0.047616,-0.10059,0.19928,0.0625
"prev.H",113,1.0743,0.88374,1.3009,1,0.038954,-0.099239,0.19765,0.0625
"prev.H",114,1.1034,0.90602,1.363,1,0.029322,-0.10891,0.17373,0.0625
"prev.H",115,1.0742,0.88787,1.3085,1,0.0048405,-0.13389,0.15459,0.0625
"prev.H",116,1.0616,0.87538,1.2917,1,-0.011489,-0.14723,0.12974,0.0625
"prev.H",117,1.0761,0.89453,1.2757,1,-3.6093e-05,-0.12853,0.14276,0.0625
"prev.H",118,1.1334,0.9562,1.323,1,0.0053112,-0.12223,0.15749,0.0625
"prev.H",119,1.1562,0.97608,1.3293,1,0.00199,-0.1294,0.15834,0.0625
"prev.H",120,1.1618,0.95995,1.3511,1,0.0085937,-0.12284,0.16237,0.0625
"prev.H",121,1.1638,0.95179,1.3544,1,0.016717,-0.12033,0.16887,0.0625
"prev.H",122,1.1928,0.97344,1.3921,1,0.0077217,-0.14075,0.16339,0.0625
"prev.H",123,1.211,0.99878,1.4069,1,-0.012662,-0.15561,0.13552,0.0625
"prev.H",124,1.2492,1.0435,1.454,1,-0.012717,-0.1615,0.13374,0.0625
"prev.H",125,1.273,1.0795,1.4938,1,0.003064,-0.14438,0.14685,0.0625
"prev.H",126,1.2326,1.0463,1.4147,1,0.0071676,-0.13232,0.15629,0.0625
"prev.H",127,1.2723,1.0872,1.4659,1,0.012059,-0.13266,0.16014,0.0625
"prev.H",128,1.3284,1.1264,1.5381,1,0.010749,-0.13489,0.16255,0.0625
"prev.H",129,1.3533,1.137,1.5663,1,0.006309,-0.1315,0.16041,0.0625
"prev.H",130,1.3213,1.1295,1.5158,1,0.006331,-0.12828,0.15283,0.0625
"prev.H",131,1.3036,1.1028,1.4951,1,0.010363,-0.12565,0.16021,0.0625
"prev.H",132,1.25,1.0683,1.442,1,-0.0096792,-0.14204,0.14412,0.0625
"prev.H",133,1.2232,1.0576,1.3873,1,-0.026501,-0.164,0.11871,0.0625
"prev.H",134,1.2095,1.0631,1.368,1,-0.033285,-0.17185,0.11234,0.0625
"prev.H",135,1.1496,1.0001,1.2923,1,-0.032627,-0.17118,0.10985,0.0625
"prev.H",136,1.1332,0.98601,1.2837,1,-0.05498,-0.18777,0.082268,0.0625
"prev.H",137,1.0909,0.92389,1.2484,1,-0.054236,-0.18167,0.088557,0.0625
"prev.H",138,1.0721,0.92175,1.206,1,-0.035998,-0.16318,0.099712,0.0625
"prev.H",139,1.0519,0.91116,1.1923,1,-0.069337,-0.19012,0.062671,0.0625
"prev.H",140,1.047,0.89002,1.2029,1,-0.061696,-0.18183,0.065222,0.0625
"prev.H",141,0.99234,0.84283,1.1516,1,-0.033839,-0.14349,0.087189,0.0625
"prev.H",142,0.98242,0.82533,1.149,1,-0.016472,-0.12452,0.10023,0.0625
"prev.H",143,0.98672,0.83802,1.149,1,-0.011738,-0.11577,0.10143,0.0625
"prev.H",144,1.0233,0.90158,1.1749,1,0.0064306,-0.10041,0.11282,0.0625
"prev.H",145,1.0188,0.90366,1.1466,1,0.033908,-0.080536,0.14101,0.0625
"prev.H",146,0.95489,0.84523,1.0687,0.99975,0.050165,-0.052617,0.14753,0.064426
"prev.H",147,0.90969,0.80663,1.0289,0.9982,0.058631,-0.045954,0.15413,0.075513
"prev.H",148,0.87656,0.76733,0.98957,0.99692,0.033599,-0.076221,0.13286,0.083501
"prev.H",149,0.88207,0.7583,1.0231,0.99728,0.033243,-0.074733,0.13274,0.081342
"prev.H",150,0.88053,0.74751,1.0226,0.99716,0.018816,-0.084387,0.11855,0.08207
"incid_rate.H",1,0.84313,0.66666,1.0256,0.99047,0.029132,-0.13452,0.19278,0.11574
"incid_rate.H",2,1.0552,0.89213,1.2096,1,-0.070347,-0.1921,0.060757,0.0625
"incid_rate.H",3,1.1471,0.98562,1.3076,1,-0.047373,-0.18526,0.093066,0.0625
"incid_rate.H",4,1.1455,0.92915,1.3822,1,-0.00085088,-0.12455,0.12019,0.0625
"incid_rate.H",5,0.98454,0.81552,1.1574,0.99892,0.14105,0.021237,0.24183,0.070582
"incid_rate.H",6,1.0706,0.87685,1.2864,1,0.046234,-0.046108,0.13773,0.0625
"incid_rate.H",7,0.90732,0.78771,1.0245,0.99822,0.050892,-0.043482,0.14969,0.075361
"incid_rate.H",8,1.0625,0.87119,1.2634,1,0.034875,-0.079585,0.1411,0.0625
"incid_rate.H",9,0.96224,0.80254,1.1235,0.99854,0.061142,-0.047558,0.17386,0.073219
"incid_rate.H",10,0.85199,0.65689,1.0442,0.99512,-0.017441,-0.13677,0.10341,0.093619
"incid_rate.H",11,0.91738,0.74119,1.1251,0.9962,-0.036515,-0.16477,0.11164,0.087687
"incid_rate.H",12,0.88838,0.77788,0.99623,0.99559,0.063639,-0.07163,0.18566,0.091088
"incid_rate.H",13,1.0552,0.92568,1.1857,1,0.0065398,-0.088023,0.11022,0.0625
"incid_rate.H",14,1.0423,0.82764,1.2474,1,0.0046008,-0.10725,0.099951,0.0625
"incid_rate.H",15,1.016,0.83868,1.1707,1,0.056542,-0.071443,0.16817,0.0625
"incid_rate.H",16,0.93853,0.79527,1.1005,0.99887,0.0067441,-0.083666,0.10581,0.070943
"incid_rate.H",17,0.96271,0.78181,1.1244,0.99818,-0.078298,-0.22695,0.042286,0.075593
"incid_rate.H",18,1.1974,0.96145,1.4574,1,0.060747,-0.058934,0.18453,0.0625
"incid_rate.H",19,1.0728,0.88283,1.2416,1,0.09102,-0.0036549,0.18599,0.0625
"incid_rate.H",20,1.0943,0.92164,1.2551,1,-0.0014232,-0.12026,0.12454,0.0625
"incid_rate.H",21,0.98291,0.82231,1.153,0.99798,0.064519,-0.052905,0.18774,0.076904
"incid_rate.H",22,1.0075,0.82987,1.1814,1,0.016045,-0.10193,0.13269,0.0625
"incid_rate.H",23,0.99407,0.81622,1.1874,0.99911,0.030341,-0.10457,0.14411,0.069249
"incid_rate.H",24,1.1029,0.89853,1.338,1,-0.013936,-0.14498,0.11319,0.0625
"incid_rate.H",25,0.86875,0.73907,1.0116,0.99581,-0.041395,-0.14954,0.071027,0.08987
"incid_rate.H",26,0.94299,0.78901,1.0712,0.99773,0.00088812,-0.12221,0.13352,0.078537
"incid_rate.H",27,1.1645,0.99256,1.3508,1,0.15618,0.035884,0.28872,0.0625
"incid_rate.H",28,1.0493,0.85064,1.2176,1,-0.030104,-0.17273,0.10074,0.0625
"incid_rate.H",29,0.89956,0.78874,1.0179,0.99727,0.039226,-0.065908,0.13487,0.081386
"incid_rate.H",30,0.97356,0.76736,1.1725,0.99915,-0.020989,-0.15115,0.10916,0.068924
"incid_rate.H",31,0.87099,0.74288,0.99468,0.99743,0.030412,-0.060824,0.11228,0.080424
"incid_rate.H",32,0.94234,0.79857,1.0892,0.99763,-0.011857,-0.1344,0.10063,0.079184
"incid_rate.H",33,0.98285,0.8198,1.1196,0.99947,0.0078347,-0.10464,0.1166,0.066601
"incid_rate.H",34,0.98644,0.81107,1.1684,0.99893,0.0085633,-0.093017,0.12949,0.070519
"incid_rate.H",35,0.97328,0.81347,1.1512,1,0.028891,-0.065741,0.11748,0.0625
"incid_rate.H",36,0.99328,0.87146,1.1067,0.99934,-0.056429,-0.18156,0.061474,0.067565
"incid_rate.H",37,0.94462,0.79704,1.1072,0.99863,-0.04311,-0.15411,0.068898,0.072633
"incid_rate.H",38,0.92908,0.76521,1.0825,0.99913,-0.073312,-0.1668,0.02362,0.069059
"incid_rate.H",39,0.98109,0.83579,1.1287,0.99985,-0.01022,-0.12719,0.096123,0.063669
"incid_rate.H",40,1.0533,0.85721,1.2399,0.99881,0.053292,-0.11699,0.22523,0.071341
"incid_rate.H",41,1.0079,0.83524,1.1729,0.99989,-0.072361,-0.18109,0.045044,0.063398
"incid_rate.H",42,0.98775,0.81769,1.1512,0.99868,0.014012,-0.1198,0.13434,0.072233
"incid_rate.H",43,0.96066,0.82952,1.0784,0.99746,-0.050366,-0.19607,0.078794,0.080212
"incid_rate.H",44,1.1199,0.96279,1.2909,1,0.014629,-0.11848,0.16009,0.0625
"incid_rate.H",45,0.9116,0.7623,1.0608,0.99669,0.023783,-0.089537,0.1369,0.084844
"incid_rate.H",46,0.90566,0.764,1.0522,0.99854,0.088534,-0.0064354,0.17755,0.073217
"incid_rate.H",47,0.97885,0.80878,1.1579,1,0.045873,-0.048381,0.14326,0.0625
"incid_rate.H",48,0.98467,0.80019,1.1568,0.9997,0.08463,-0.047497,0.18971,0.064862
"incid_rate.H",49,1.0069,0.86801,1.143,1,0.062351,-0.05732,0.16564,0.0625
"incid_rate.H",50,0.99306,0.84119,1.1405,0.99982,-0.020045,-0.13469,0.09429,0.063894
"incid_rate.H",51,0.91689,0.77073,1.052,0.99725,-0.097897,-0.23852,0.022709,0.081517
"incid_rate.H",52,1.0812,0.86625,1.287,1,0.01245,-0.10527,0.12973,0.0625
"incid_rate.H",53,1.031,0.88892,1.1934,0.99975,0.041972,-0.091334,0.1557,0.064496
"incid_rate.H",54,0.97893,0.77481,1.1683,1,0.10678,0.032087,0.17824,0.0625
"incid_rate.H",55,1.0667,0.88186,1.2436,1,0.029902,-0.080038,0.13483,0.0625
"incid_rate.H",56,0.92422,0.76437,1.1012,0.99777,-0.030455,-0.15584,0.083214,0.07827
"incid_rate.H",57,1.0137,0.84248,1.1971,0.99874,0.040208,-0.10878,0.17068,0.071852
"incid_rate.H",58,0.96746,0.85283,1.0907,1,-0.045946,-0.13445,0.041354,0.0625
"incid_rate.H",59,0.91433,0.72181,1.1817,0.9983,-0.082233,-0.17824,0.017319,0.074848
"incid_rate.H",60,1.0341,0.85168,1.2321,1,0.050176,-0.056327,0.16989,0.0625
"incid_rate.H",61,1.0775,0.94449,1.2152,1,-0.076192,-0.21159,0.056092,0.0625
"incid_rate.H",62,1.0814,0.88785,1.3021,1,0.023299,-0.12055,0.16511,0.0625
"incid_rate.H",63,0.8836,0.74352,1.0378,0.99528,-0.14445,-0.26872,-0.016223,0.092764
"incid_rate.H",64,1.0115,0.84536,1.1651,1,0.067409,-0.052635,0.19271,0.0625
"incid_rate.H",65,0.93896,0.78808,1.0661,0.99883,-0.02422,-0.13152,0.076128,0.071198
"incid_rate.H",66,0.90022,0.74907,1.0351,0.99696,0.013175,-0.098658,0.12514,0.08326
"incid_rate.H",67,1.1709,0.99786,1.3256,1,-0.10387,-0.20268,-0.0056762,0.0625
"incid_rate.H",68,1.0285,0.86452,1.1766,1,0.067104,-0.058741,0.17953,0.0625
"incid_rate.H",69,1.0825,0.86458,1.2869,1,0.035999,-0.13181,0.18916,0.0625
"incid_rate.H",70,1.1449,0.97931,1.3185,1,0.037317,-0.10406,0.18298,0.0625
"incid_rate.H",71,1.138,0.93946,1.2774,1,0.076103,-0.066829,0.22172,0.0625
"incid_rate.H",72,1.0157,0.88149,1.1655,1,-0.0070158,-0.10436,0.10138,0.0625
"incid_rate.H",73,0.95866,0.78818,1.149,0.99851,-0.06283,-0.17472,0.069306,0.073452
"incid_rate.H",74,1.0802,0.924,1.231,1,0.025614,-0.106,0.15138,0.0625
"incid_rate.H",75,1.0391,0.8807,1.2375,1,0.029471,-0.082555,0.12868,0.0625
"incid_rate.H",76,0.96217,0.8239,1.1031,0.99814,0.079446,-0.049611,0.19216,0.075919
"incid_rate.H",77,1.0801,0.90763,1.265,1,0.035114,-0.085611,0.14888,0.0625
"incid_rate.H",78,0.95197,0.82703,1.0791,0.99712,-0.12598,-0.26796,0.010481,0.082326
"incid_rate.H",79,1.018,0.84144,1.2194,1,-0.023768,-0.13354,0.088071,0.0625
"incid_rate.H",80,0.79183,0.6493,0.92944,0.9931,-0.026833,-0.1486,0.087936,0.1038
"incid_rate.H",81,1.0659,0.92639,1.1953,1,0.052199,-0.082265,0.1677,0.0625
"incid_rate.H",82,0.99877,0.85896,1.1182,1,0.023549,-0.077262,0.11679,0.0625
"incid_rate.H",83,1.0304,0.85139,1.2116,1,-0.085581,-0.19033,0.026437,0.0625
"incid_rate.H",84,1.1248,0.95811,1.291,1,0.17189,0.063156,0.27523,0.0625
"incid_rate.H",85,0.90986,0.76958,1.0717,0.99764,0.0049569,-0.092485,0.11535,0.079128
"incid_rate.H",86,1.0788,0.88887,1.256,1,-0.082855,-0.20639,0.050776,0.0625
"incid_rate.H",87,1.0152,0.83511,1.1819,1,-0.031597,-0.1502,0.074197,0.0625
"incid_rate.H",88,1.066,0.90146,1.2165,1,-0.021738,-0.10447,0.058786,0.0625
"incid_rate.H",89,0.90997,0.76046,1.0796,0.99677,-0.0011954,-0.10268,0.12697,0.084379
"incid_rate.H",90,0.98157,0.82823,1.1401,1,-0.009661,-0.12169,0.10036,0.0625
"incid_rate.H",91,0.98395,0.80255,1.2117,1,-0.017135,-0.11742,0.10051,0.0625
"incid_rate.H",92,1.0172,0.81655,1.2248,1,0.029619,-0.091138,0.16187,0.0625
"incid_rate.H",93,1.0823,0.92482,1.2326,1,0.094438,-0.021982,0.21971,0.0625
"incid_rate.H",94,0.98087,0.7938,1.199,0.99857,0.066968,-0.062303,0.21032,0.07301
"incid_rate.H",95,0.99661,0.81543,1.1606,0.99878,-0.063676,-0.18471,0.07425,0.071539
"incid_rate.H",96,1.0859,0.90384,1.265,1,0.01307,-0.075692,0.10954,0.0625
"incid_rate.H",97,0.98246,0.84633,1.105,1,0.082064,-0.038074,0.17713,0.0625
"incid_rate.H",98,1.0049,0.82599,1.181,1,0.022626,-0.090873,0.13823,0.0625
"incid_rate.H",99,1.0383,0.86335,1.2012,1,-0.0081274,-0.14572,0.11254,0.0625
"incid_rate.H",100,1.0205,0.88612,1.1553,1,0.010567,-0.11096,0.13414,0.0625
"incid_rate.H",101,0.97656,0.84953,1.0956,0.99661,0.018228,-0.14007,0.18191,0.085356
"incid_rate.H",102,0.99334,0.85759,1.1212,0.99981,0.082887,-0.038088,0.20006,0.064003
"incid_rate.H",103,0.84874,0.70018,1.0042,0.99594,-0.071234,-0.17863,0.015367,0.089153
"incid_rate.H",104,1.0024,0.8726,1.1429,0.99772,0.023272,-0.11201,0.15746,0.078608
"incid_rate.H",105,0.9443,0.82132,1.0818,0.99981,0.026929,-0.053456,0.11829,0.06396
"incid_rate.H",106,1.0227,0.85604,1.1698,0.99996,-0.028184,-0.16671,0.1049,0.062812
"incid_rate.H",107,0.97573,0.79032,1.1605,0.99742,-0.074053,-0.20335,0.060051,0.080485
"incid_rate.H",108,1.0446,0.87591,1.2224,1,0.15942,0.034031,0.27891,0.0625
"incid_rate.H",109,1.0986,0.92435,1.2883,1,-0.040528,-0.17399,0.077201,0.0625
"incid_rate.H",110,0.92155,0.76147,1.0602,0.9962,0.0076831,-0.13946,0.16106,0.087697
"incid_rate.H",111,1.0454,0.87855,1.202,1,0.086426,-0.046404,0.23675,0.0625
"incid_rate.H",112,0.92586,0.77618,1.0678,0.99804,-0.040865,-0.15495,0.053604,0.076537
"incid_rate.H",113,1.0382,0.8679,1.2044,1,-0.058033,-0.18795,0.06762,0.0625
"incid_rate.H",114,0.97772,0.83315,1.1291,0.99845,-0.098905,-0.21695,0.02657,0.073818
"incid_rate.H",115,0.90217,0.74367,1.0672,0.99652,-0.14596,-0.25555,-0.028165,0.08587
"incid_rate.H",116,1.0846,0.83353,1.3392,1,0.06996,-0.052946,0.22158,0.0625
"incid_rate.H",117,1.0601,0.89902,1.2086,1,-0.022789,-0.1739,0.11041,0.0625
"incid_rate.H",118,1.0133,0.81574,1.1949,1,-0.020022,-0.14005,0.086245,0.0625
"incid_rate.H",119,0.94637,0.72148,1.176,0.99887,0.0081964,-0.094907,0.1064,0.070926
"incid_rate.H",120,1.2419,1.0433,1.4221,1,0.049112,-0.071319,0.17244,0.0625
"incid_rate.H",121,0.99031,0.8154,1.1704,0.9999,0.096303,-0.02134,0.21278,0.063324
"incid_rate.H",122,1.0258,0.8872,1.1579,1,-0.047311,-0.18775,0.084218,0.0625
"incid_rate.H",123,0.86851,0.74312,0.99029,0.99613,0.055596,-0.054609,0.1679,0.088117
"incid_rate.H",124,1.0143,0.83452,1.2345,0.99942,0.079033,-0.055958,0.20339,0.066967
"incid_rate.H",125,1.1642,0.99981,1.3614,1,-0.011694,-0.11952,0.09222,0.0625
"incid_rate.H",126,1.072,0.90208,1.2348,1,-0.083522,-0.2168,0.052776,0.0625
"incid_rate.H",127,1.1092,0.896,1.3278,1,-0.0025796,-0.1314,0.11615,0.0625
"incid_rate.H",128,1.0617,0.92875,1.1887,1,-0.084463,-0.21128,0.053378,0.0625
"incid_rate.H",129,1.072,0.8978,1.2422,1,0.009976,-0.098269,0.12696,0.0625
"incid_rate.H",130,0.86801,0.74667,0.99864,0.99617,-0.092885,-0.20144,0.024565,0.087868
"incid_rate.H",131,1.051,0.91784,1.1844,1,0.014988,-0.11987,0.12741,0.0625
"incid_rate.H",132,0.94564,0.79706,1.0896,0.99822,-0.071093,-0.18304,0.040451,0.075368
"incid_rate.H",133,0.90603,0.76034,1.0357,0.99679,-0.037337,-0.15773,0.081449,0.08426
"incid_rate.H",134,1.0426,0.79648,1.3084,1,0.12717,0.013474,0.23929,0.0625
"incid_rate.H",135,0.91664,0.76862,1.0649,0.99773,-0.085026,-0.19167,0.023019,0.078525
"incid_rate.H",136,0.9228,0.77788,1.1102,0.99551,-0.010999,-0.15492,0.1103,0.091529
"incid_rate.H",137,1.0282,0.83822,1.2288,1,0.01015,-0.097263,0.10533,0.0625
"incid_rate.H",138,0.99144,0.80119,1.1637,1,-0.067784,-0.17909,0.027563,0.0625
"incid_rate.H",139,1.0406,0.85438,1.2232,1,-0.010312,-0.14629,0.14269,0.0625
"incid_rate.H",140,0.97043,0.82779,1.138,0.99673,0.031074,-0.12402,0.1783,0.084659
"incid_rate.H",141,1.0584,0.92378,1.2188,1,0.097706,-0.027289,0.23414,0.0625
"incid_rate.H",142,0.88985,0.7339,1.0612,0.99639,0.087883,-0.033179,0.19925,0.086632
"incid_rate.H",143,0.93228,0.76816,1.0781,0.99766,-0.049086,-0.15745,0.067604,0.078962
"incid_rate.H",144,1.1103,0.9127,1.2967,1,0.0044757,-0.126,0.12215,0.0625
"incid_rate.H",145,1.115,0.95628,1.2808,1,0.099935,-0.025477,0.21119,0.0625
"incid_rate.H",146,1.0503,0.86349,1.2489,1,0.010096,-0.12496,0.15631,0.0625
"incid_rate.H",147,0.89709,0.79035,1.0076,0.9968,-0.057483,-0.17464,0.046462,0.084204
"incid_rate.H",148,0.9875,0.82785,1.1843,1,0.016609,-0.063018,0.10234,0.0625
"incid_rate.H",149,1.1359,0.97085,1.305,1,-0.0036302,-0.14888,0.11675,0.0625
"incid_rate.H",150,0.83088,0.6642,0.99271,0.99364,-0.019334,-0.13911,0.10087,0.10122
"dx_frac.H",1,0.99039,0.5826,1.3513,0.97117,0.1487,-0.17381,0.52483,0.18062
"dx_frac.H",2,0.83671,0.5814,1.0403,0.97843,0.090201,-0.16234,0.37773,0.15935
"dx_frac.H",3,0.95899,0.75793,1.1157,0.98672,0.076905,-0.14165,0.31486,0.1309
"dx_frac.H",4,0.99022,0.82961,1.1273,0.99107,0.047432,-0.16226,0.26624,0.11313
"dx_frac.H",5,0.98387,0.80629,1.1564,0.99248,-0.044298,-0.23984,0.14195,0.10673
"dx_frac.H",6,0.99334,0.8239,1.1629,0.99443,-0.12443,-0.32047,0.046724,0.09726
"dx_frac.H",7,0.99353,0.82213,1.171,0.99542,-0.11319,-0.28997,0.064509,0.092048
"dx_frac.H",8,1.0053,0.86562,1.1438,0.99676,-0.04483,-0.20555,0.11602,0.084462
"dx_frac.H",9,1.0485,0.86032,1.23,0.99997,-0.047907,-0.19265,0.095527,0.062776
"dx_frac.H",10,0.8942,0.75495,1.0125,0.99419,-0.01703,-0.17274,0.14508,0.098441
"dx_frac.H",11,0.9695,0.82512,1.0925,0.99536,0.0017382,-0.16413,0.16933,0.092364
"dx_frac.H",12,0.94262,0.77317,1.0842,0.9952,-0.0083283,-0.15731,0.15096,0.093221
"dx_frac.H",13,0.91741,0.76969,1.0578,0.99512,-0.023492,-0.1575,0.12426,0.093647
"dx_frac.H",14,0.97638,0.802,1.1286,0.99776,-0.042327,-0.17817,0.090126,0.078371
"dx_frac.H",15,1.0786,0.88494,1.2948,0.99967,-0.025775,-0.18923,0.13014,0.065057
"dx_frac.H",16,1.025,0.81605,1.2352,0.99724,-0.011845,-0.19522,0.15322,0.081593
"dx_frac.H",17,1.0494,0.83903,1.2406,0.99883,-0.013215,-0.18063,0.15092,0.071228
"dx_frac.H",18,1.0551,0.86458,1.2033,0.99896,-0.067067,-0.23968,0.088117,0.070318
"dx_frac.H",19,0.94691,0.79018,1.0825,0.99627,-0.10631,-0.24584,0.04498,0.087314
"dx_frac.H",20,0.97736,0.83248,1.1093,0.99763,-0.062714,-0.20652,0.081512,0.079187
"dx_frac.H",21,0.97094,0.79946,1.1232,0.99758,-0.070159,-0.20366,0.064823,0.07948
"dx_frac.H",22,0.90943,0.75358,1.0673,0.99636,-0.093643,-0.20648,0.024139,0.086802
"dx_frac.H",23,0.96119,0.80272,1.1299,0.99725,-0.083769,-0.19883,0.03521,0.081544
"dx_frac.H",24,1.0232,0.87299,1.1768,0.99868,-0.08126,-0.22198,0.049792,0.072229
"dx_frac.H",25,1.0968,0.92865,1.2697,1,-0.073939,-0.21829,0.051782,0.0625
"dx_frac.H",26,1.1554,0.93571,1.3597,1,-0.079109,-0.22763,0.045092,0.0625
"dx_frac.H",27,1.102,0.91776,1.3318,0.9995,-0.09437,-0.26379,0.05222,0.066387
"dx_frac.H",28,1.017,0.80533,1.2353,0.99842,-0.12192,-0.26839,0.0094726,0.074046
"dx_frac.H",29,1.0291,0.83637,1.2205,1,-0.12206,-0.25062,-0.0026444,0.0625
"dx_frac.H",30,1.034,0.83342,1.2494,1,-0.092647,-0.22268,0.027011,0.0625
"dx_frac.H",31,1.1448,0.9105,1.3498,1,-0.053843,-0.17469,0.066318,0.0625
"dx_frac.H",32,1.041,0.83726,1.2384,1,-0.045549,-0.16893,0.088836,0.0625
"dx_frac.H",33,1.0107,0.81328,1.1926,1,-0.03275,-0.15466,0.08856,0.0625
"dx_frac.H",34,1.0228,0.86131,1.1844,1,0.0012981,-0.096916,0.097883,0.0625
"dx_frac.H",35,1.062,0.93288,1.2043,1,-0.043379,-0.15613,0.082618,0.0625
"dx_frac.H",36,0.93799,0.8146,1.0753,0.99741,-0.029318,-0.14198,0.087903,0.080538
"dx_frac.H",37,0.93451,0.8017,1.0766,0.99778,-0.017136,-0.12775,0.097387,0.07819
"dx_frac.H",38,0.97017,0.8289,1.1082,0.99963,0.034121,-0.068567,0.14412,0.065388
"dx_frac.H",39,0.99536,0.85068,1.1359,0.99995,0.069375,-0.047197,0.19897,0.062875
"dx_frac.H",40,1.018,0.87505,1.164,1,0.060012,-0.067577,0.19342,0.0625
"dx_frac.H",41,1.0121,0.87286,1.1454,1,0.043855,-0.099122,0.18429,0.0625
"dx_frac.H",42,0.96045,0.78004,1.1332,0.99882,0.042643,-0.078677,0.18494,0.071293
"dx_frac.H",43,0.91033,0.74767,1.0665,0.99642,0.054687,-0.069766,0.19656,0.086449
"dx_frac.H",44,0.87705,0.72102,1.0114,0.99413,0.065741,-0.077353,0.20482,0.098752
"dx_frac.H",45,0.95664,0.8343,1.0774,0.99707,0.068193,-0.08724,0.2026,0.082595
"dx_frac.H",46,0.89074,0.73976,1.0437,0.99682,-0.00026692,-0.13006,0.11596,0.084107
"dx_frac.H",47,0.96623,0.80722,1.1292,0.99907,-0.058065,-0.19178,0.065668,0.069484
"dx_frac.H",48,1.1108,0.91392,1.2903,1,-0.054774,-0.20049,0.085728,0.0625
"dx_frac.H",49,1.0455,0.88301,1.1896,1,-0.067678,-0.20974,0.080663,0.0625
"dx_frac.H",50,1.0051,0.85481,1.1475,1,-0.05152,-0.16936,0.069703,0.0625
"dx_frac.H",51,1.0474,0.89625,1.2089,1,0.018058,-0.084634,0.12809,0.0625
"dx_frac.H",52,1.0219,0.88964,1.1685,1,0.042424,-0.071934,0.15597,0.0625
"dx_frac.H",53,0.99995,0.83651,1.1481,0.99978,0.045133,-0.065712,0.16692,0.064252
"dx_frac.H",54,1.1005,0.91068,1.2938,1,0.017146,-0.10894,0.15835,0.0625
"dx_frac.H",55,1.0095,0.88368,1.1212,0.99855,-0.020339,-0.15437,0.13139,0.073162
"dx_frac.H",56,1.0239,0.87091,1.1715,0.99874,-0.014004,-0.14794,0.12089,0.071857
"dx_frac.H",57,0.9394,0.79982,1.0911,0.9981,-0.0062977,-0.10754,0.099875,0.076157
"dx_frac.H",58,0.97212,0.81328,1.1766,0.99961,0.028654,-0.075059,0.12572,0.065529
"dx_frac.H",59,1.0023,0.84687,1.1845,1,0.055692,-0.047057,0.16728,0.0625
"dx_frac.H",60,0.89267,0.7278,1.0738,0.99706,0.074231,-0.029494,0.18226,0.082672
"dx_frac.H",61,1.0048,0.8247,1.171,1,0.030099,-0.081051,0.14515,0.0625
"dx_frac.H",62,1.0214,0.84331,1.1828,1,0.0064935,-0.099718,0.12492,0.0625
"dx_frac.H",63,0.99912,0.80837,1.201,0.99951,-0.0071934,-0.13064,0.12386,0.066266
"dx_frac.H",64,1.0627,0.87887,1.2689,1,0.054313,-0.076513,0.20015,0.0625
"dx_frac.H",65,1.173,0.97347,1.4107,1,0.0098452,-0.11531,0.15223,0.0625
"dx_frac.H",66,1.0798,0.91771,1.2408,1,0.021977,-0.11101,0.17529,0.0625
"dx_frac.H",67,1.038,0.87399,1.2322,1,0.055614,-0.071318,0.20422,0.0625
"dx_frac.H",68,1.006,0.84012,1.1989,0.99928,0.0039834,-0.11682,0.12895,0.067963
"dx_frac.H",69,1.0055,0.83154,1.1941,0.99699,0.019568,-0.13642,0.1669,0.083113
"dx_frac.H",70,1.0365,0.88156,1.2043,0.99986,0.0025771,-0.13789,0.13674,0.06363
"dx_frac.H",71,0.95366,0.78494,1.1347,0.99792,-0.042355,-0.16661,0.082913,0.077334
"dx_frac.H",72,0.8282,0.68855,0.99228,0.99329,-0.06679,-0.20001,0.057559,0.10291
"dx_frac.H",73,0.83728,0.72561,0.94614,0.99338,-0.021856,-0.15252,0.1132,0.10248
"dx_frac.H",74,0.91712,0.78614,1.0356,0.99611,0.0033498,-0.11423,0.13879,0.088233
"dx_frac.H",75,0.96623,0.83543,1.0828,0.99751,-0.030222,-0.15511,0.11004,0.079913
"dx_frac.H",76,0.96265,0.79739,1.1031,0.99855,-0.029,-0.14521,0.09174,0.073134
"dx_frac.H",77,0.99761,0.84059,1.144,0.99992,-0.041469,-0.15008,0.076039,0.063123
"dx_frac.H",78,1.1546,1.0013,1.3102,1,0.0047459,-0.11968,0.13453,0.0625
"dx_frac.H",79,1.1446,0.96925,1.3075,1,0.047387,-0.085024,0.17325,0.0625
"dx_frac.H",80,1.1877,1.0261,1.3192,1,0.047255,-0.070432,0.16599,0.0625
"dx_frac.H",81,1.2443,1.0421,1.4197,1,-0.017745,-0.17053,0.15127,0.0625
"dx_frac.H",82,1.1773,0.98372,1.3678,1,0.00089751,-0.14126,0.15597,0.0625
"dx_frac.H",83,1.0601,0.8799,1.2343,1,-0.005431,-0.12013,0.11345,0.0625
"dx_frac.H",84,1.0323,0.90242,1.1627,1,-0.055016,-0.16438,0.062626,0.0625
"dx_frac.H",85,0.99528,0.84551,1.1525,0.99989,-0.072293,-0.18242,0.055045,0.063359
"dx_frac.H",86,0.99825,0.8498,1.1476,0.99933,-0.05248,-0.17947,0.066414,0.067649
"dx_frac.H",87,1.0805,0.92404,1.2337,1,-0.054377,-0.16934,0.068567,0.0625
"dx_frac.H",88,1.078,0.94304,1.237,1,-0.039925,-0.14033,0.076619,0.0625
"dx_frac.H",89,1.1128,0.92975,1.2818,1,0.019348,-0.10773,0.15113,0.0625
"dx_frac.H",90,1.124,0.92931,1.3243,1,0.050334,-0.092756,0.20357,0.0625
"dx_frac.H",91,1.175,0.94818,1.3905,1,0.075852,-0.071963,0.20395,0.0625
"dx_frac.H",92,1.1575,0.95649,1.3732,1,0.066957,-0.069235,0.18891,0.0625
"dx_frac.H",93,1.1176,0.93982,1.3321,1,0.017685,-0.093001,0.11824,0.0625
"dx_frac.H",94,1.1284,0.93606,1.3192,1,0.010661,-0.10616,0.10791,0.0625
"dx_frac.H",95,1.0851,0.95,1.243,1,-0.021442,-0.13122,0.086435,0.0625
"dx_frac.H",96,1.115,0.94671,1.302,1,0.0043465,-0.12011,0.11159,0.0625
"dx_frac.H",97,1.1761,0.99091,1.3782,1,0.030426,-0.057351,0.10826,0.0625
"dx_frac.H",98,1.1882,1.0148,1.3844,1,0.0070616,-0.11541,0.11703,0.0625
"dx_frac.H",99,1.0728,0.89396,1.2629,1,-0.0060941,-0.12593,0.13124,0.0625
"dx_frac.H",100,1.0268,0.85986,1.1874,0.99939,0.021661,-0.11638,0.18893,0.067173
"dx_frac.H",101,1.0205,0.86878,1.1391,0.99918,0.007999,-0.14024,0.15971,0.068689
"dx_frac.H",102,1.0649,0.89112,1.2173,1,-0.01414,-0.13906,0.11527,0.0625
"dx_frac.H",103,1.0012,0.82218,1.1741,1,0.028884,-0.083743,0.14414,0.0625
"dx_frac.H",104,1.0079,0.83144,1.1751,1,0.081003,-0.025435,0.19547,0.0625
"dx_frac.H",105,1.0006,0.85771,1.1412,1,0.011655,-0.091751,0.12208,0.0625
"dx_frac.H",106,0.98814,0.84825,1.1337,1,-0.028081,-0.13198,0.084563,0.0625
"dx_frac.H",107,1.0328,0.85008,1.1985,1,-0.050422,-0.15427,0.053098,0.0625
"dx_frac.H",108,1.0158,0.85298,1.1805,1,-0.099051,-0.20037,0.013648,0.0625
"dx_frac.H",109,0.85117,0.72009,0.9745,0.99572,-0.040585,-0.12333,0.059854,0.090409
"dx_frac.H",110,0.8291,0.66806,0.98245,0.99559,0.014035,-0.065525,0.097545,0.091117
"dx_frac.H",111,0.84065,0.70526,0.96456,0.9964,0.0088329,-0.07354,0.083275,0.086534
"dx_frac.H",112,0.89062,0.70099,1.0961,0.99797,0.0038783,-0.093932,0.094658,0.077014
"dx_frac.H",113,0.95156,0.76959,1.1385,1,0.030334,-0.048655,0.10077,0.0625
"dx_frac.H",114,1.0255,0.84977,1.1948,1,0.011362,-0.082444,0.10417,0.0625
"dx_frac.H",115,1.1289,0.92149,1.3331,1,0.081625,-0.039604,0.19674,0.0625
"dx_frac.H",116,1.0929,0.89748,1.3283,1,0.044918,-0.063182,0.15118,0.0625
"dx_frac.H",117,1.121,0.87896,1.4036,1,0.079642,-0.036776,0.19236,0.0625
"dx_frac.H",118,1.1025,0.85188,1.388,1,0.087279,-0.036565,0.21013,0.0625
"dx_frac.H",119,1.1177,0.89576,1.3598,1,0.10635,-0.011626,0.23129,0.0625
"dx_frac.H",120,1.0726,0.86478,1.291,1,0.075613,-0.059149,0.20076,0.0625
"dx_frac.H",121,0.99749,0.7914,1.2111,0.99985,0.066924,-0.051305,0.18544,0.063654
"dx_frac.H",122,0.92514,0.74752,1.1429,0.9983,0.050547,-0.051102,0.14726,0.074817
"dx_frac.H",123,0.94033,0.77617,1.1237,0.99954,0.037217,-0.049957,0.12777,0.066072
"dx_frac.H",124,0.99258,0.85121,1.1141,1,-0.0060711,-0.11952,0.12772,0.0625
"dx_frac.H",125,0.92233,0.79504,1.061,0.99841,-0.019839,-0.10545,0.087385,0.074095
"dx_frac.H",126,0.94782,0.78202,1.1181,0.99834,-0.028685,-0.1292,0.079948,0.074591
"dx_frac.H",127,0.92658,0.77552,1.0597,0.99732,0.0051906,-0.096203,0.11387,0.081072
"dx_frac.H",128,0.88804,0.73765,1.0463,0.99645,0.072002,-0.031324,0.17199,0.086291
"dx_frac.H",129,0.90524,0.75506,1.0595,0.99829,0.09669,0.01525,0.18704,0.074888
"dx_frac.H",130,0.97729,0.76213,1.2392,1,0.10654,0.029117,0.19751,0.0625
"dx_frac.H",131,1.0433,0.86836,1.2598,1,0.094066,0.0010403,0.19617,0.0625
"dx_frac.H",132,0.94157,0.81884,1.1005,0.9993,0.092809,-0.0039943,0.18367,0.067832
"dx_frac.H",133,0.90884,0.76787,1.0472,0.99739,0.076833,-0.03752,0.18709,0.080663
"dx_frac.H",134,0.83484,0.69986,0.98709,0.99446,0.056672,-0.06019,0.16822,0.097087
"dx_frac.H",135,0.95415,0.79856,1.108,0.99859,0.063125,-0.062518,0.17337,0.072885
"dx_frac.H",136,0.97048,0.77982,1.1691,0.9986,0.10197,-0.014973,0.21931,0.072798
"dx_frac.H",137,0.9365,0.79302,1.0851,0.99834,0.098335,-0.0067553,0.20233,0.074538
"dx_frac.H",138,1.0486,0.88505,1.207,1,0.043973,-0.065383,0.1387,0.0625
"dx_frac.H",139,1.0525,0.87865,1.2357,1,-0.0052961,-0.11444,0.10193,0.0625
"dx_frac.H",140,1.0549,0.87778,1.2269,1,-0.069023,-0.20516,0.059065,0.0625
"dx_frac.H",141,1.1174,0.95451,1.2877,1,-0.13071,-0.25251,-0.01875,0.0625
"dx_frac.H",142,1.1014,0.9484,1.2612,1,-0.14842,-0.26,-0.042279,0.0625
"dx_frac.H",143,0.94472,0.83068,1.0795,0.99865,-0.08618,-0.18535,0.028094,0.072473
"dx_frac.H",144,1.0627,0.90841,1.2252,1,-0.01544,-0.13577,0.12132,0.0625
"dx_frac.H",145,1.0529,0.88514,1.205,1,0.030889,-0.10659,0.18489,0.0625
"dx_frac.H",146,1.1168,0.90178,1.3016,1,0.031788,-0.11755,0.18342,0.0625
"dx_frac.H",147,1.1576,0.96244,1.3388,1,0.037195,-0.12408,0.20558,0.0625
"dx_frac.H",148,1.1806,0.98248,1.3892,1,0.00022157,-0.13116,0.14003,0.0625
"dx_frac.H",149,1.1023,0.92435,1.296,1,-0.033115,-0.14269,0.06725,0.0625
"dx_frac.H",150,1.0913,0.93204,1.2646,1,-0.066949,-0.17452,0.051103,0.0625
"supp_frac.H",1,1.2596,0.73552,1.8192,0.97107,-0.12941,-0.52303,0.25855,0.1809
"supp_frac.H",2,1.0529,0.79001,1.3458,0.98139,-0.10467,-0.41821,0.19653,0.1498
"supp_frac.H",3,0.99471,0.76742,1.2522,0.98652,-0.055581,-0.32031,0.19944,0.13166
"supp_frac.H",4,0.98319,0.79505,1.155,0.99163,-0.088963,-0.30489,0.11286,0.11067
"supp_frac.H",5,1.0408,0.87224,1.2073,0.99646,-0.076972,-0.27395,0.097522,0.086203
"supp_frac.H",6,1.1412,0.97909,1.3244,1,-0.14975,-0.33032,0.013886,0.0625
"supp_frac.H",7,1.1318,0.94041,1.33,1,-0.19476,-0.37128,-0.043309,0.0625
"supp_frac.H",8,1.0462,0.79718,1.3256,0.99967,-0.13384,-0.29683,0.013244,0.065082
"supp_frac.H",9,1.0326,0.80182,1.2708,1,-0.073194,-0.20977,0.054359,0.0625
"supp_frac.H",10,1.0038,0.80955,1.202,0.99789,-0.016679,-0.1681,0.1299,0.077525
"supp_frac.H",11,1.1185,0.89075,1.3657,1,-0.024419,-0.17291,0.1228,0.0625
"supp_frac.H",12,1.157,0.93506,1.3998,1,-0.0095729,-0.1463,0.1212,0.0625
"supp_frac.H",13,1.0847,0.91472,1.2577,1,0.014855,-0.12193,0.14266,0.0625
"supp_frac.H",14,1.0024,0.85584,1.1356,0.99861,-0.041219,-0.17629,0.086564,0.072715
"supp_frac.H",15,1.0509,0.89925,1.211,1,-0.016699,-0.13695,0.11382,0.0625
"supp_frac.H",16,1.2488,1.0164,1.525,1,0.014023,-0.13609,0.15729,0.0625
"supp_frac.H",17,1.2405,1.0306,1.4554,1,0.044488,-0.094007,0.18019,0.0625
"supp_frac.H",18,1.1446,0.95528,1.3166,1,0.05568,-0.048495,0.17874,0.0625
"supp_frac.H",19,0.93346,0.81891,1.0438,0.99801,0.015954,-0.10174,0.1323,0.076715
"supp_frac.H",20,1.0021,0.87748,1.1264,1,0.049972,-0.062838,0.15914,0.0625
"supp_frac.H",21,0.98915,0.8735,1.0921,0.99976,0.05777,-0.043838,0.16494,0.064387
"supp_frac.H",22,1.0962,0.92249,1.2581,1,0.051713,-0.057397,0.17087,0.0625
"supp_frac.H",23,1.1887,0.9957,1.4198,1,0.048607,-0.0622,0.17212,0.0625
"supp_frac.H",24,1.1325,0.93389,1.3345,1,-0.020064,-0.13709,0.10163,0.0625
"supp_frac.H",25,1.0063,0.77227,1.2168,1,-0.020704,-0.12751,0.10148,0.0625
"supp_frac.H",26,1.0581,0.7851,1.3255,1,-0.033041,-0.13285,0.066147,0.0625
"supp_frac.H",27,0.99184,0.81029,1.1836,1,-0.06019,-0.15646,0.050883,0.0625
"supp_frac.H",28,0.98046,0.86457,1.1245,0.99974,-0.092423,-0.18948,0.033688,0.064563
"supp_frac.H",29,0.96982,0.81407,1.1312,1,-0.13975,-0.23081,-0.035604,0.0625
"supp_frac.H",30,1.0153,0.84569,1.1786,1,-0.10259,-0.20469,0.00078994,0.0625
"supp_frac.H",31,1.1549,0.98447,1.3468,1,-0.071666,-0.18883,0.042292,0.0625
"supp_frac.H",32,1.1141,0.94519,1.3212,1,-0.021652,-0.14956,0.105,0.0625
"supp_frac.H",33,1.0516,0.88276,1.2119,1,-0.009843,-0.13294,0.10569,0.0625
"supp_frac.H",34,1.1079,0.93014,1.2734,1,-0.019608,-0.12911,0.098527,0.0625
"supp_frac.H",35,1.0803,0.89247,1.2986,1,-0.072819,-0.20289,0.06331,0.0625
"supp_frac.H",36,0.98753,0.77646,1.2392,0.99893,-0.093362,-0.2129,0.038461,0.070505
"supp_frac.H",37,1.0072,0.75243,1.2619,0.99954,-0.096532,-0.21518,0.029542,0.066038
"supp_frac.H",38,0.9971,0.76577,1.2175,0.99869,-0.12993,-0.25533,0.00059079,0.072186
"supp_frac.H",39,0.93252,0.77806,1.0898,0.99819,-0.15959,-0.28118,-0.043549,0.075553
"supp_frac.H",40,1.0422,0.83143,1.3105,1,-0.15099,-0.26764,-0.039803,0.0625
"supp_frac.H",41,1.0802,0.90096,1.2873,1,-0.11249,-0.2309,0.012809,0.0625
"supp_frac.H",42,1.0605,0.88304,1.24,1,-0.087859,-0.20995,0.046873,0.0625
"supp_frac.H",43,1.0068,0.87713,1.1194,0.99694,-0.042882,-0.20463,0.11165,0.083412
"supp_frac.H",44,0.9323,0.80153,1.0446,0.99484,-0.058181,-0.20577,0.087814,0.095103
"supp_frac.H",45,0.94616,0.77846,1.1362,0.99525,-0.051731,-0.19291,0.07491,0.092945
"supp_frac.H",46,0.93209,0.79039,1.0889,0.99644,-0.07593,-0.20538,0.044186,0.08635
"supp_frac.H",47,1.0277,0.86231,1.2117,1,-0.091639,-0.2276,0.024297,0.0625
"supp_frac.H",48,1.1391,0.96525,1.3071,1,-0.047224,-0.17636,0.076048,0.0625
"supp_frac.H",49,0.97149,0.80546,1.1409,0.99844,-0.046276,-0.18082,0.083222,0.073913
"supp_frac.H",50,1.0164,0.85787,1.2019,0.99875,-0.041472,-0.19565,0.1061,0.07179
"supp_frac.H",51,1.1333,0.94461,1.3432,1,-0.061009,-0.20545,0.075548,0.0625
"supp_frac.H",52,0.99473,0.8353,1.1456,0.99993,-0.031553,-0.14038,0.078324,0.063026
"supp_frac.H",53,1.0542,0.89556,1.2416,1,-0.022449,-0.15066,0.10189,0.0625
"supp_frac.H",54,1.0417,0.8893,1.218,1,-0.024032,-0.14963,0.10002,0.0625
"supp_frac.H",55,1.0891,0.90738,1.2558,1,-0.003715,-0.13592,0.12046,0.0625
"supp_frac.H",56,1.0998,0.9602,1.2524,1,-0.022846,-0.14359,0.10166,0.0625
"supp_frac.H",57,1.017,0.87576,1.1581,1,0.023899,-0.08791,0.12771,0.0625
"supp_frac.H",58,1.0011,0.8413,1.1669,1,0.050577,-0.046726,0.14487,0.0625
"supp_frac.H",59,0.98843,0.81147,1.1473,1,0.077524,-0.018816,0.17114,0.0625
"supp_frac.H",60,1.1621,0.91741,1.4332,1,0.027136,-0.083032,0.14234,0.0625
"supp_frac.H",61,1.2047,0.98227,1.4176,1,-0.030938,-0.16976,0.10467,0.0625
"supp_frac.H",62,1.1393,0.97334,1.2908,1,-0.047555,-0.18663,0.09049,0.0625
"supp_frac.H",63,1.1173,0.95161,1.2691,1,-0.082974,-0.22851,0.051946,0.0625
"supp_frac.H",64,1.1479,0.98777,1.3279,1,-0.0070979,-0.16029,0.14193,0.0625
"supp_frac.H",65,1.1214,0.94194,1.3099,1,-0.049203,-0.18982,0.1167,0.0625
"supp_frac.H",66,1.0222,0.87512,1.1596,0.99971,-0.021349,-0.16846,0.13912,0.064761
"supp_frac.H",67,0.96094,0.80882,1.1153,0.99703,0.014342,-0.13274,0.16839,0.082881
"supp_frac.H",68,1.0225,0.84581,1.2237,0.99928,0.0077059,-0.13961,0.1622,0.06797
"supp_frac.H",69,0.97538,0.84561,1.129,0.99805,-0.0046028,-0.14806,0.13201,0.076502
"supp_frac.H",70,1.0497,0.91622,1.189,1,0.026671,-0.11242,0.17662,0.0625
"supp_frac.H",71,1.0011,0.85774,1.1639,0.99838,-0.0093092,-0.13823,0.12722,0.07428
"supp_frac.H",72,0.98328,0.86879,1.1134,0.99748,-0.042499,-0.17505,0.099102,0.080078
"supp_frac.H",73,0.99553,0.83239,1.1878,0.9984,-0.027565,-0.15768,0.11807,0.07417
"supp_frac.H",74,1.0767,0.90541,1.2481,1,0.062919,-0.079081,0.1935,0.0625
"supp_frac.H",75,0.9873,0.83728,1.1221,0.99875,0.049522,-0.079543,0.17426,0.07175
"supp_frac.H",76,1.0337,0.89014,1.1843,1,0.046653,-0.06219,0.15462,0.0625
"supp_frac.H",77,1.0634,0.91489,1.1977,1,0.0075553,-0.1019,0.12804,0.0625
"supp_frac.H",78,1.1217,0.95819,1.2961,1,0.068023,-0.056453,0.20026,0.0625
"supp_frac.H",79,1.1006,0.91248,1.3184,1,0.15747,0.025735,0.27201,0.0625
"supp_frac.H",80,1.0436,0.86053,1.2215,1,0.15148,0.02935,0.26004,0.0625
"supp_frac.H",81,1.1078,0.90682,1.3092,1,0.080308,-0.053395,0.22151,0.0625
"supp_frac.H",82,0.89418,0.75124,1.043,0.99653,0.083478,-0.046077,0.20465,0.085809
"supp_frac.H",83,0.92195,0.75327,1.0956,0.9981,0.029449,-0.064691,0.13654,0.076131
"supp_frac.H",84,1.0358,0.87743,1.199,1,0.0036589,-0.11453,0.12246,0.0625
"supp_frac.H",85,0.94785,0.78315,1.1204,0.99868,-0.029921,-0.12496,0.059179,0.072227
"supp_frac.H",86,0.94562,0.79106,1.0847,0.99811,-0.039926,-0.14723,0.068625,0.076068
"supp_frac.H",87,0.88275,0.74046,1.0223,0.99502,-0.0043266,-0.13071,0.12032,0.094187
"supp_frac.H",88,0.90017,0.75866,1.0459,0.99606,0.047431,-0.071937,0.16822,0.088466
"supp_frac.H",89,1.0308,0.86502,1.1964,1,0.081333,-0.029389,0.19007,0.0625
"supp_frac.H",90,0.95964,0.80285,1.1035,0.99936,0.03158,-0.070583,0.14992,0.067388
"supp_frac.H",91,0.90999,0.75508,1.0706,0.99813,0.050236,-0.048651,0.14947,0.075969
"supp_frac.H",92,0.92288,0.73617,1.1254,0.9989,0.094392,-7.4881e-05,0.19005,0.07075
"supp_frac.H",93,0.94949,0.73281,1.1592,0.99883,0.049688,-0.053209,0.15909,0.071236
"supp_frac.H",94,1.0053,0.80474,1.18,0.99946,0.040301,-0.097226,0.17956,0.066636
"supp_frac.H",95,0.97892,0.82055,1.1398,1,0.041993,-0.075301,0.16253,0.0625
"supp_frac.H",96,0.94992,0.81558,1.087,1,0.0754,-0.0058505,0.17605,0.0625
"supp_frac.H",97,1.0145,0.85785,1.1656,1,0.070615,-0.0198,0.16984,0.0625
"supp_frac.H",98,0.98927,0.7981,1.1866,1,0.035903,-0.075499,0.14404,0.0625
"supp_frac.H",99,0.85067,0.71255,1.0082,0.99554,0.015314,-0.078856,0.12227,0.091345
"supp_frac.H",100,0.8386,0.70812,0.97074,0.99434,0.0045016,-0.10497,0.13944,0.097713
"supp_frac.H",101,0.87798,0.75293,1.021,0.99465,-0.010771,-0.11737,0.14699,0.096119
"supp_frac.H",102,0.89994,0.74584,1.0916,0.99723,0.046122,-0.044001,0.14106,0.081615
"supp_frac.H",103,0.92698,0.77975,1.0939,0.997,0.029105,-0.07531,0.14686,0.083044
"supp_frac.H",104,1.0216,0.87301,1.1539,1,0.058885,-0.043477,0.15301,0.0625
"supp_frac.H",105,0.94034,0.79862,1.068,0.99845,0.016182,-0.088105,0.10865,0.073816
"supp_frac.H",106,0.88122,0.73179,1.0243,0.99533,-0.004513,-0.12791,0.12123,0.092507
"supp_frac.H",107,0.9873,0.81019,1.1826,0.99956,-0.056664,-0.18111,0.072368,0.065931
"supp_frac.H",108,1.1027,0.91268,1.299,1,-0.072212,-0.20972,0.068547,0.0625
"supp_frac.H",109,0.96926,0.7787,1.1858,1,-0.066651,-0.18233,0.03664,0.0625
"supp_frac.H",110,0.91608,0.77791,1.0897,0.99876,-0.094351,-0.20244,0.0018603,0.071698
"supp_frac.H",111,0.85504,0.72523,0.9811,0.99634,-0.058818,-0.16621,0.043762,0.086908
"supp_frac.H",112,0.82714,0.67562,0.98081,0.99507,-0.043375,-0.15503,0.071682,0.093912
"supp_frac.H",113,0.90525,0.76437,1.0387,0.99808,0.056319,-0.054906,0.16695,0.07631
"supp_frac.H",114,1.0428,0.87166,1.2179,1,0.027088,-0.099602,0.15053,0.0625
"supp_frac.H",115,1.0723,0.91216,1.2293,1,-0.0093213,-0.14826,0.12704,0.0625
"supp_frac.H",116,1.0129,0.81907,1.2132,1,0.0097341,-0.13139,0.13067,0.0625
"supp_frac.H",117,0.95861,0.79244,1.1158,0.99876,0.013057,-0.13524,0.13555,0.07167
"supp_frac.H",118,0.98471,0.84688,1.1309,1,0.017019,-0.096437,0.12253,0.0625
"supp_frac.H",119,1.0087,0.88557,1.1296,1,0.0032665,-0.10259,0.10272,0.0625
"supp_frac.H",120,1.0159,0.85028,1.156,1,-0.059496,-0.18758,0.053852,0.0625
"supp_frac.H",121,1.0987,0.91812,1.2593,1,-0.088096,-0.23537,0.041651,0.0625
"supp_frac.H",122,1.093,0.92014,1.2724,1,-0.056152,-0.19152,0.074223,0.0625
"supp_frac.H",123,1.1352,0.97295,1.2908,1,-0.07539,-0.18483,0.029707,0.0625
"supp_frac.H",124,1.068,0.89656,1.2672,1,-0.085151,-0.20185,0.021316,0.0625
"supp_frac.H",125,1.0054,0.81465,1.2098,0.99975,-0.093906,-0.22092,0.024392,0.064431
"supp_frac.H",126,1.0272,0.87134,1.1905,0.99957,-0.096778,-0.23109,0.024805,0.065836
"supp_frac.H",127,1.0009,0.84016,1.1746,0.99923,-0.10332,-0.22693,0.019387,0.068369
"supp_frac.H",128,0.99805,0.80932,1.1854,0.99824,-0.056804,-0.19603,0.085736,0.075258
"supp_frac.H",129,0.97883,0.79455,1.1561,0.99869,-0.024916,-0.15463,0.12658,0.07221
"supp_frac.H",130,1.0826,0.90424,1.2572,1,-0.0030282,-0.14063,0.14305,0.0625
"supp_frac.H",131,1.1412,0.99318,1.2784,1,0.045095,-0.10898,0.18897,0.0625
"supp_frac.H",132,1.0943,0.92263,1.259,1,0.067734,-0.089746,0.20475,0.0625
"supp_frac.H",133,0.91974,0.7905,1.0499,0.99643,0.035031,-0.094812,0.16305,0.086357
"supp_frac.H",134,0.94966,0.8246,1.0746,0.99876,0.049642,-0.07573,0.16205,0.071728
"supp_frac.H",135,1.0295,0.89308,1.1749,1,0.04221,-0.065991,0.13868,0.0625
"supp_frac.H",136,0.88862,0.71523,1.0563,0.99726,-0.00094946,-0.11112,0.091125,0.081488
"supp_frac.H",137,0.88532,0.75394,1.0472,0.99649,0.0077978,-0.10086,0.10975,0.086043
"supp_frac.H",138,0.99425,0.80749,1.2004,0.9997,0.01354,-0.10678,0.12339,0.064849
"supp_frac.H",139,1.0526,0.83818,1.2381,1,0.0027292,-0.10229,0.11055,0.0625
"supp_frac.H",140,1.0816,0.8862,1.2769,1,-0.053637,-0.17289,0.073046,0.0625
"supp_frac.H",141,1.1756,0.96203,1.4065,1,-0.11079,-0.23558,0.034016,0.0625
"supp_frac.H",142,1.0495,0.8831,1.2128,1,-0.096283,-0.21867,0.040312,0.0625
"supp_frac.H",143,0.86468,0.6978,1.0374,0.9959,-0.11078,-0.20578,-0.006629,0.089407
"supp_frac.H",144,0.95277,0.77499,1.1382,0.99854,0.013345,-0.091769,0.11572,0.073224
"supp_frac.H",145,0.957,0.79524,1.1041,0.99773,0.062475,-0.048007,0.17568,0.078564
"supp_frac.H",146,0.93663,0.79185,1.0656,0.99769,0.043658,-0.066001,0.17199,0.078811
"supp_frac.H",147,0.89641,0.72871,1.0449,0.99579,0.072661,-0.050875,0.21429,0.09002
"supp_frac.H",148,0.77648,0.63531,0.90366,0.99248,-0.0039471,-0.12057,0.11954,0.10674
"supp_frac.H",149,0.85298,0.7002,0.99491,0.99574,-0.020941,-0.12511,0.097224,0.090258
"supp_frac.H",150,0.9601,0.79234,1.1021,0.99937,-0.043207,-0.15601,0.07831,0.067307
"prep_cov.H",1,1.0698,0.80967,1.3548,0.98193,0.32899,0.028154,0.62872,0.148
"prep_cov.H",2,1.058,0.85707,1.2232,0.99808,0.12751,-0.053751,0.29418,0.076309
"prep_cov.H",3,0.94066,0.78448,1.121,0.99833,0.11423,-0.015163,0.21989,0.074609
"prep_cov.H",4,1.0671,0.90027,1.2409,1,0.065445,-0.058357,0.19515,0.0625
"prep_cov.H",5,0.96766,0.80137,1.1372,0.99932,-0.011596,-0.13831,0.10678,0.06767
"prep_cov.H",6,0.90279,0.74992,1.063,0.99664,0.06797,-0.05368,0.17953,0.08515
"prep_cov.H",7,0.94173,0.77708,1.114,0.99537,0.059672,-0.076068,0.20218,0.092291
"prep_cov.H",8,0.84891,0.71975,0.97767,0.99477,0.10985,-0.0073056,0.22129,0.09548
"prep_cov.H",9,0.85411,0.72925,0.98356,0.99681,0.064859,-0.017915,0.1513,0.084173
"prep_cov.H",10,1.0313,0.86268,1.1833,1,-0.082051,-0.17536,0.011911,0.0625
"prep_cov.H",11,1.0915,0.91131,1.3014,1,-0.09084,-0.203,0.017386,0.0625
"prep_cov.H",12,0.89915,0.72102,1.0705,0.99749,-0.02044,-0.12906,0.08913,0.080055
"prep_cov.H",13,0.82865,0.69642,0.95382,0.99538,0.023036,-0.078379,0.11846,0.092259
"prep_cov.H",14,1.0586,0.88707,1.2254,1,0.0046198,-0.10147,0.12188,0.0625
"prep_cov.H",15,1.157,0.91007,1.4377,1,0.04741,-0.079257,0.1818,0.0625
"prep_cov.H",16,1.0858,0.91897,1.2738,1,-0.014662,-0.16022,0.13002,0.0625
"prep_cov.H",17,0.92384,0.77724,1.0641,0.9972,-0.030942,-0.14981,0.08932,0.0818
"prep_cov.H",18,0.91895,0.7604,1.0707,0.99608,-0.045261,-0.16285,0.087639,0.088354
"prep_cov.H",19,1.0188,0.84689,1.1797,1,0.012102,-0.099681,0.11915,0.0625
"prep_cov.H",20,1.1088,0.91513,1.2874,1,-0.030541,-0.15517,0.097817,0.0625
"prep_cov.H",21,1.0296,0.87232,1.1757,0.99922,0.018949,-0.12449,0.16518,0.068441
"prep_cov.H",22,1.0106,0.8494,1.1587,0.9998,0.035048,-0.10188,0.1664,0.064057
"prep_cov.H",23,1.0675,0.86008,1.2975,1,-0.049735,-0.19463,0.081399,0.0625
"prep_cov.H",24,0.95007,0.79325,1.0786,0.99709,-0.0090227,-0.13282,0.11017,0.082507
"prep_cov.H",25,1.0163,0.8693,1.1595,1,0.051977,-0.053718,0.1513,0.0625
"prep_cov.H",26,1.0915,0.95273,1.2555,1,0.028112,-0.12437,0.17492,0.0625
"prep_cov.H",27,1.0649,0.86732,1.2951,1,-0.023713,-0.15231,0.10072,0.0625
"prep_cov.H",28,1.2041,1.0071,1.3961,1,-0.047494,-0.17196,0.076798,0.0625
"prep_cov.H",29,0.89203,0.75471,1.0316,0.99624,-0.050432,-0.17992,0.059747,0.087485
"prep_cov.H",30,1.0493,0.81244,1.3196,1,-0.015734,-0.12482,0.10308,0.0625
"prep_cov.H",31,1.0392,0.84436,1.2425,1,-0.08733,-0.19751,0.034294,0.0625
"prep_cov.H",32,1.1351,0.95609,1.2991,1,-0.049465,-0.16303,0.065556,0.0625
"prep_cov.H",33,1.0575,0.95244,1.1701,1,0.014168,-0.08571,0.135,0.0625
"prep_cov.H",34,1.0609,0.83828,1.3001,1,0.01829,-0.10629,0.1331,0.0625
"prep_cov.H",35,1.0465,0.88879,1.1917,1,-0.056258,-0.18003,0.080228,0.0625
"prep_cov.H",36,0.92266,0.78931,1.0537,0.99892,0.028097,-0.068239,0.11549,0.070573
"prep_cov.H",37,0.94833,0.78638,1.1004,0.99902,0.042728,-0.07859,0.12804,0.069879
"prep_cov.H",38,0.97384,0.82705,1.0948,1,0.068545,-0.035363,0.17541,0.0625
"prep_cov.H",39,1.0015,0.82591,1.162,0.99953,0.024071,-0.094934,0.15347,0.066107
"prep_cov.H",40,0.93896,0.78111,1.1255,0.99791,0.066525,-0.062217,0.1906,0.077388
"prep_cov.H",41,0.8516,0.74754,0.95683,0.99481,0.035357,-0.076271,0.15358,0.095272
"prep_cov.H",42,0.87265,0.68282,1.0602,0.99715,-0.0083542,-0.11,0.095967,0.082133
"prep_cov.H",43,1.0541,0.91544,1.1802,1,-0.016135,-0.14863,0.11089,0.0625
"prep_cov.H",44,0.89207,0.74667,1.0478,0.99596,0.027388,-0.098966,0.15258,0.089044
"prep_cov.H",45,0.87326,0.70223,1.0672,0.99664,-0.014189,-0.11023,0.091284,0.085162
"prep_cov.H",46,0.92111,0.7536,1.0663,0.9988,-0.084625,-0.17339,0.0031376,0.071391
"prep_cov.H",47,0.8467,0.72469,0.97767,0.9947,-0.021253,-0.12614,0.094588,0.095834
"prep_cov.H",48,0.98764,0.84268,1.1258,1,-0.038568,-0.14199,0.077402,0.0625
"prep_cov.H",49,1.0249,0.82725,1.2089,1,0.036782,-0.071906,0.16445,0.0625
"prep_cov.H",50,1.1203,0.93576,1.2874,1,-0.012945,-0.11682,0.11693,0.0625
"prep_cov.H",51,0.96256,0.82421,1.1047,0.99896,0.01745,-0.095823,0.13476,0.070308
"prep_cov.H",52,1.0216,0.88098,1.1769,1,0.054426,-0.068205,0.17087,0.0625
"prep_cov.H",53,0.8215,0.71304,0.92592,0.99519,0.011144,-0.076169,0.10085,0.093267
"prep_cov.H",54,0.8755,0.72187,1.0468,0.99786,0.014222,-0.064332,0.1026,0.077689
"prep_cov.H",55,0.97642,0.83382,1.1308,0.99914,-0.00046822,-0.12169,0.14596,0.069004
"prep_cov.H",56,0.95265,0.78301,1.1837,0.99715,0.028858,-0.10432,0.16659,0.082149
"prep_cov.H",57,0.87295,0.72132,1.0478,0.99623,0.038457,-0.063903,0.15376,0.087512
"prep_cov.H",58,0.90749,0.731,1.0548,0.99703,0.0027896,-0.10716,0.11065,0.082872
"prep_cov.H",59,1.0915,0.8982,1.3022,1,0.014278,-0.087622,0.12789,0.0625
"prep_cov.H",60,0.89622,0.71779,1.0992,0.99893,0.021809,-0.048912,0.088976,0.070491
"prep_cov.H",61,0.98995,0.8114,1.1808,1,0.016921,-0.082139,0.12123,0.0625
"prep_cov.H",62,0.99366,0.82934,1.1528,0.99999,-0.014304,-0.12098,0.10478,0.062594
"prep_cov.H",63,0.99544,0.82652,1.1537,1,-0.050098,-0.13714,0.04011,0.0625
"prep_cov.H",64,0.99298,0.79537,1.2049,1,0.0068574,-0.1132,0.11699,0.0625
"prep_cov.H",65,1.1271,0.9122,1.3254,1,0.024233,-0.12334,0.1707,0.0625
"prep_cov.H",66,0.88046,0.69861,1.0634,0.9965,-0.12498,-0.22584,-0.010394,0.085969
"prep_cov.H",67,0.89236,0.71931,1.0752,0.99757,-0.12287,-0.21714,-0.023182,0.079546
"prep_cov.H",68,0.82041,0.66152,0.96154,0.99422,-0.071938,-0.18095,0.037226,0.09828
"prep_cov.H",69,0.92011,0.8161,1.0275,0.99804,-0.034908,-0.13855,0.068826,0.076537
"prep_cov.H",70,1.0309,0.84666,1.1805,0.99948,-0.048069,-0.1951,0.093661,0.066538
"prep_cov.H",71,1.0279,0.86149,1.2078,1,-0.030389,-0.15522,0.10035,0.0625
"prep_cov.H",72,1.0953,0.94408,1.2397,1,-0.015524,-0.14279,0.11891,0.0625
"prep_cov.H",73,1.0345,0.88065,1.2264,1,-0.019924,-0.13738,0.10289,0.0625
"prep_cov.H",74,1.0985,0.92587,1.2821,1,-0.00041055,-0.13059,0.1319,0.0625
"prep_cov.H",75,0.97036,0.81692,1.1583,0.99891,0.013794,-0.10562,0.12683,0.070677
"prep_cov.H",76,0.95079,0.79079,1.1009,0.99882,-0.015527,-0.11965,0.08226,0.071295
"prep_cov.H",77,0.77738,0.64427,0.92237,0.99331,0.0077651,-0.094865,0.12359,0.10279
"prep_cov.H",78,0.91915,0.7359,1.1084,0.99672,-0.031125,-0.15165,0.10043,0.084707
"prep_cov.H",79,1.1067,0.90233,1.3081,1,0.082901,-0.054144,0.23261,0.0625
"prep_cov.H",80,0.93243,0.757,1.078,0.99994,0.019988,-0.065679,0.11315,0.062966
"prep_cov.H",81,0.91215,0.73259,1.089,0.99804,-0.0095703,-0.12544,0.10316,0.076569
"prep_cov.H",82,0.97265,0.7866,1.1375,0.99894,-0.097709,-0.23404,0.034386,0.070419
"prep_cov.H",83,0.9344,0.74413,1.1252,0.99589,-0.051108,-0.18505,0.099473,0.089451
"prep_cov.H",84,0.93062,0.79458,1.0824,0.99869,-0.10209,-0.19609,-0.0094178,0.072156
"prep_cov.H",85,1.0332,0.88512,1.1635,1,-0.024416,-0.16407,0.10202,0.0625
"prep_cov.H",86,0.96733,0.80939,1.1331,0.99962,-0.065302,-0.16764,0.046648,0.065484
"prep_cov.H",87,0.99449,0.81248,1.1911,0.99976,0.012691,-0.10256,0.12687,0.064422
"prep_cov.H",88,0.96709,0.81941,1.1073,0.99751,0.043059,-0.093336,0.17008,0.079928
"prep_cov.H",89,0.87905,0.72077,1.0254,0.9951,0.044005,-0.086981,0.16998,0.093751
"prep_cov.H",90,0.88404,0.78421,0.98338,0.99663,0.059276,-0.037866,0.16478,0.08523
"prep_cov.H",91,0.9514,0.802,1.1167,0.99876,0.03226,-0.075092,0.13641,0.07171
"prep_cov.H",92,1.0097,0.86024,1.1831,1,-0.0073622,-0.11812,0.097641,0.0625
"prep_cov.H",93,0.99973,0.81591,1.1696,0.99999,-0.088614,-0.20536,0.034423,0.062602
"prep_cov.H",94,0.93371,0.72845,1.165,0.99593,-0.10223,-0.24484,0.052455,0.089246
"prep_cov.H",95,1.0536,0.85698,1.2875,1,-0.046392,-0.17958,0.071077,0.0625
"prep_cov.H",96,0.95315,0.79829,1.1085,0.9955,-0.07789,-0.22265,0.074222,0.091593
"prep_cov.H",97,0.77904,0.6753,0.90134,0.99241,0.039866,-0.082391,0.15491,0.1071
"prep_cov.H",98,1.0485,0.88808,1.2273,1,-0.069152,-0.19209,0.049015,0.0625
"prep_cov.H",99,1.0226,0.85367,1.185,1,-0.063374,-0.18098,0.065013,0.0625
"prep_cov.H",100,1.1717,0.99548,1.3373,1,-0.085517,-0.21696,0.05798,0.0625
"prep_cov.H",101,1.0785,0.89204,1.252,1,-0.10027,-0.20455,0.018731,0.0625
"prep_cov.H",102,1.0262,0.84967,1.2078,1,-0.049158,-0.17445,0.072168,0.0625
"prep_cov.H",103,0.88868,0.72645,1.0465,0.99747,-0.065229,-0.16344,0.032363,0.080189
"prep_cov.H",104,0.95947,0.80155,1.1328,1,-0.031425,-0.12712,0.058001,0.0625
"prep_cov.H",105,0.93037,0.78684,1.0592,0.99822,-0.04462,-0.16596,0.059403,0.075331
"prep_cov.H",106,1.1367,0.98831,1.2866,1,-0.069866,-0.20553,0.050871,0.0625
"prep_cov.H",107,1.1159,0.96619,1.255,1,-0.077573,-0.19504,0.041788,0.0625
"prep_cov.H",108,1.0258,0.87268,1.1771,1,-0.063499,-0.15221,0.030708,0.0625
"prep_cov.H",109,1.0948,0.92858,1.2671,1,-0.017036,-0.13341,0.116,0.0625
"prep_cov.H",110,1.0709,0.84372,1.2979,1,0.099992,-0.031435,0.24776,0.0625
"prep_cov.H",111,0.97478,0.83466,1.121,0.9987,0.031757,-0.11145,0.17061,0.072088
"prep_cov.H",112,0.96945,0.81314,1.1075,0.99875,0.013979,-0.11249,0.14086,0.071803
"prep_cov.H",113,1.1903,0.93557,1.484,1,-0.029097,-0.1657,0.11173,0.0625
"prep_cov.H",114,0.94868,0.80462,1.0953,0.99868,-0.030372,-0.1341,0.080077,0.072249
"prep_cov.H",115,0.96941,0.78458,1.2421,0.99938,-0.011438,-0.12139,0.11894,0.067254
"prep_cov.H",116,1.086,0.92259,1.2901,1,0.052464,-0.072302,0.16651,0.0625
"prep_cov.H",117,1.1274,0.98015,1.2662,1,0.12067,0.0092632,0.23393,0.0625
"prep_cov.H",118,0.91678,0.7963,1.0441,0.99737,0.12219,0.022478,0.22772,0.080772
"prep_cov.H",119,1.039,0.85498,1.213,0.99872,0.1209,-0.026985,0.27276,0.07195
"prep_cov.H",120,0.89756,0.75477,1.0359,0.99486,0.0054203,-0.13581,0.13923,0.095015
"prep_cov.H",121,0.94628,0.72321,1.1895,0.99979,-0.12403,-0.22656,-0.027626,0.064126
"prep_cov.H",122,0.9369,0.77601,1.101,0.99933,-0.12032,-0.2091,-0.026861,0.067652
"prep_cov.H",123,1.0887,0.93568,1.2223,1,0.035477,-0.1044,0.18899,0.0625
"prep_cov.H",124,1.0204,0.84114,1.2072,1,0.080129,-0.040577,0.20299,0.0625
"prep_cov.H",125,0.89434,0.76672,1.0051,0.99549,0.022975,-0.10914,0.15025,0.091627
"prep_cov.H",126,0.96437,0.81997,1.1118,0.99975,-0.010053,-0.10475,0.10552,0.064429
"prep_cov.H",127,1.0362,0.87557,1.2096,1,-0.071767,-0.18259,0.050944,0.0625
"prep_cov.H",128,0.85709,0.69117,1.0486,0.99569,-0.083847,-0.17619,0.042469,0.090536
"prep_cov.H",129,0.95846,0.79161,1.1087,0.99951,-0.081021,-0.1961,0.03441,0.066312
"prep_cov.H",130,0.86647,0.70986,1.0238,0.99684,-0.053588,-0.14561,0.037155,0.083977
"prep_cov.H",131,1.087,0.9305,1.2126,1,-0.039327,-0.17389,0.094162,0.0625
"prep_cov.H",132,1.1795,0.99978,1.3815,1,-0.080647,-0.19348,0.031493,0.0625
"prep_cov.H",133,0.86953,0.76611,0.966,0.99659,0.080535,-0.024389,0.17202,0.085436
"prep_cov.H",134,0.94381,0.79103,1.1219,0.9977,0.17691,0.053222,0.28981,0.07871
"prep_cov.H",135,0.95613,0.81983,1.1119,0.998,0.090122,-0.036756,0.20022,0.076801
"prep_cov.H",136,1.1171,0.93427,1.3574,1,0.019314,-0.10838,0.12299,0.0625
"prep_cov.H",137,1.0399,0.87733,1.2163,1,-0.024443,-0.15902,0.09023,0.0625
"prep_cov.H",138,1.0946,0.94021,1.2777,1,0.047259,-0.093401,0.16826,0.0625
"prep_cov.H",139,0.91607,0.78718,1.0539,0.99803,0.082175,-0.016728,0.1968,0.076599
"prep_cov.H",140,0.86057,0.72734,0.98168,0.99466,-0.022367,-0.13647,0.097126,0.096042
"prep_cov.H",141,1.0539,0.86345,1.2553,1,-0.032279,-0.1507,0.084045,0.0625
"prep_cov.H",142,1.0035,0.86781,1.1582,1,-0.0096704,-0.1041,0.097496,0.0625
"prep_cov.H",143,0.94278,0.77072,1.1076,0.99757,0.034018,-0.084052,0.16648,0.079529
"prep_cov.H",144,0.98676,0.8228,1.172,0.99981,0.049465,-0.061495,0.16415,0.064001
"prep_cov.H",145,0.99702,0.85709,1.1561,0.99885,0.012105,-0.12551,0.12783,0.07111
"prep_cov.H",146,0.96954,0.77412,1.1514,0.99718,0.11085,-0.037654,0.24738,0.08197
"prep_cov.H",147,1.009,0.83015,1.1999,1,0.042745,-0.068579,0.15319,0.0625
"prep_cov.H",148,1.071,0.88756,1.2433,1,-0.014619,-0.14686,0.10059,0.0625
"prep_cov.H",149,0.95649,0.80589,1.0995,0.99923,-0.10799,-0.21807,0.0033973,0.068358
"prep_cov.H",150,0.97544,0.78653,1.1842,0.99987,-0.024593,-0.12256,0.101,0.063536
"prev.W",1,1.2343,0.66104,1.9063,0.96777,0.32546,-0.093786,0.76808,0.18976
"prev.W",2,1.1722,0.65058,1.8137,0.96836,0.31645,-0.086164,0.75057,0.18821
"prev.W",3,1.1489,0.62103,1.7504,0.96889,0.3283,-0.068612,0.75448,0.18679
"prev.W",4,1.1482,0.6404,1.7315,0.96933,0.3411,-0.056442,0.76684,0.18561
"prev.W",5,1.0975,0.61942,1.6503,0.96996,0.35234,-0.032748,0.7641,0.18392
"prev.W",6,1.0726,0.6074,1.611,0.97082,0.35928,-0.016727,0.74198,0.18158
"prev.W",7,1.0611,0.63693,1.5459,0.97171,0.35558,-0.021432,0.7375,0.17913
"prev.W",8,1.0549,0.62132,1.5216,0.9729,0.3362,-0.033291,0.71587,0.17578
"prev.W",9,1.0423,0.65324,1.4729,0.97379,0.34166,-0.015899,0.71556,0.17325
"prev.W",10,1.0542,0.64147,1.5062,0.97433,0.36741,0.007961,0.74739,0.17169
"prev.W",11,1.0797,0.65128,1.539,0.97516,0.37465,0.011308,0.75816,0.16927
"prev.W",12,1.0699,0.65852,1.5179,0.9758,0.36619,0.018603,0.73794,0.16737
"prev.W",13,1.0393,0.64676,1.4699,0.97638,0.35636,0.011123,0.70698,0.16562
"prev.W",14,1.0376,0.63783,1.4691,0.97684,0.33961,0.0038196,0.68997,0.16424
"prev.W",15,1.03,0.65805,1.4415,0.97705,0.31369,-0.020196,0.66807,0.1636
"prev.W",16,1.0549,0.70239,1.458,0.97806,0.31104,-0.018897,0.66231,0.16049
"prev.W",17,1.0794,0.72354,1.4724,0.97914,0.30849,-0.023889,0.66358,0.15712
"prev.W",18,1.0788,0.73602,1.4806,0.98009,0.29139,-0.028742,0.64744,0.15407
"prev.W",19,1.1007,0.77163,1.4586,0.98083,0.29584,-0.019586,0.64011,0.15167
"prev.W",20,1.1224,0.78553,1.4663,0.98121,0.28076,-0.034328,0.62485,0.15041
"prev.W",21,1.1218,0.79502,1.4781,0.98124,0.27036,-0.061174,0.61823,0.15032
"prev.W",22,1.1174,0.79969,1.4435,0.98225,0.27177,-0.056747,0.61938,0.14692
"prev.W",23,1.0954,0.7755,1.4301,0.98343,0.27593,-0.042168,0.61503,0.14288
"prev.W",24,1.0788,0.78994,1.3931,0.98428,0.28088,-0.031427,0.60454,0.13988
"prev.W",25,1.0108,0.75072,1.3133,0.98479,0.26737,-0.024311,0.5728,0.13804
"prev.W",26,0.96545,0.7142,1.2467,0.98594,0.25446,-0.02068,0.54008,0.13385
"prev.W",27,0.93471,0.70306,1.1879,0.98576,0.23617,-0.025658,0.50116,0.13449
"prev.W",28,0.9069,0.70431,1.1303,0.98603,0.23458,-0.011645,0.48818,0.13351
"prev.W",29,0.89784,0.6928,1.1169,0.98606,0.22538,-0.02766,0.47875,0.13339
"prev.W",30,0.88431,0.68043,1.0889,0.98642,0.20423,-0.039107,0.45348,0.13205
"prev.W",31,0.87183,0.67438,1.0522,0.98676,0.18802,-0.046238,0.42984,0.13075
"prev.W",32,0.89113,0.70628,1.0623,0.9879,0.1603,-0.076857,0.39809,0.12633
"prev.W",33,0.9118,0.73621,1.0698,0.9894,0.12947,-0.10181,0.35864,0.12026
"prev.W",34,0.92743,0.76575,1.0774,0.99051,0.10844,-0.11177,0.32916,0.11558
"prev.W",35,0.94778,0.79215,1.1001,0.99123,0.088069,-0.13223,0.30427,0.11242
"prev.W",36,0.93731,0.77842,1.097,0.99117,0.085247,-0.13225,0.29816,0.1127
"prev.W",37,0.92758,0.75903,1.0915,0.99097,0.06985,-0.14824,0.27459,0.11358
"prev.W",38,0.91223,0.74038,1.0709,0.99115,0.068951,-0.13993,0.26919,0.11279
"prev.W",39,0.91856,0.74952,1.0711,0.99116,0.073588,-0.13131,0.28131,0.11273
"prev.W",40,0.94801,0.77266,1.1049,0.99184,0.081751,-0.12897,0.29304,0.10971
"prev.W",41,0.98566,0.79583,1.1652,0.99247,0.074771,-0.1415,0.29246,0.10679
"prev.W",42,0.98282,0.80333,1.1529,0.99198,0.075797,-0.1506,0.29095,0.10907
"prev.W",43,0.99029,0.80033,1.1618,0.99239,0.071792,-0.1593,0.29246,0.10715
"prev.W",44,1.0001,0.79416,1.1839,0.99311,0.075976,-0.15158,0.28643,0.10378
"prev.W",45,1.0216,0.82111,1.2079,0.99377,0.070108,-0.15152,0.28394,0.10056
"prev.W",46,1.0366,0.84045,1.2354,0.99494,0.071839,-0.14206,0.28713,0.09457
"prev.W",47,1.0175,0.8225,1.2182,0.9949,0.07637,-0.12072,0.29111,0.094777
"prev.W",48,1.0287,0.8262,1.2483,0.99504,0.088475,-0.1097,0.30273,0.094065
"prev.W",49,1.0231,0.82975,1.2295,0.99503,0.09099,-0.095075,0.29656,0.094094
"prev.W",50,1.0081,0.8411,1.1854,0.99566,0.089147,-0.087217,0.28395,0.090722
"prev.W",51,1.0222,0.86204,1.1929,0.99646,0.083396,-0.091102,0.27794,0.086218
"prev.W",52,1.0285,0.8711,1.1937,0.99667,0.080069,-0.091006,0.27203,0.084985
"prev.W",53,1.0502,0.87803,1.2256,0.99779,0.080055,-0.088951,0.26342,0.078166
"prev.W",54,1.0731,0.91754,1.2426,0.99823,0.073681,-0.098356,0.25985,0.075286
"prev.W",55,1.0552,0.9311,1.1907,0.99801,0.07779,-0.093461,0.26191,0.076762
"prev.W",56,1.0376,0.90961,1.172,0.99773,0.078964,-0.089149,0.25814,0.07856
"prev.W",57,1.0453,0.9092,1.1859,0.99828,0.079729,-0.086843,0.25569,0.074979
"prev.W",58,1.0486,0.93151,1.1719,0.99887,0.082521,-0.070836,0.24976,0.070924
"prev.W",59,1.0635,0.94546,1.1852,0.99917,0.092234,-0.064969,0.25407,0.068832
"prev.W",60,1.0865,0.9614,1.2117,0.9993,0.092161,-0.06774,0.25703,0.06783
"prev.W",61,1.1223,0.97259,1.2579,1,0.081568,-0.08459,0.2533,0.0625
"prev.W",62,1.1456,0.99144,1.2909,1,0.072809,-0.093203,0.24728,0.0625
"prev.W",63,1.1561,0.99084,1.3025,1,0.072079,-0.095253,0.24738,0.0625
"prev.W",64,1.1813,1.0103,1.3495,1,0.069567,-0.094741,0.24504,0.0625
"prev.W",65,1.168,1.0068,1.3292,1,0.072206,-0.090548,0.24308,0.0625
"prev.W",66,1.1608,0.99895,1.3319,1,0.076215,-0.080948,0.24306,0.0625
"prev.W",67,1.175,0.99181,1.3504,1,0.087811,-0.062955,0.2461,0.0625
"prev.W",68,1.1659,0.98324,1.3418,1,0.095821,-0.048353,0.24881,0.0625
"prev.W",69,1.143,0.95209,1.3282,1,0.10468,-0.038209,0.24589,0.0625
"prev.W",70,1.1207,0.94001,1.2968,1,0.099325,-0.043266,0.23728,0.0625
"prev.W",71,1.0716,0.89601,1.2325,1,0.10038,-0.042745,0.23451,0.0625
"prev.W",72,1.0394,0.86416,1.1949,1,0.07813,-0.059641,0.21047,0.0625
"prev.W",73,1.0096,0.84754,1.1458,0.99962,0.084287,-0.049168,0.21282,0.065464
"prev.W",74,1.0174,0.8632,1.157,1,0.080019,-0.053469,0.20054,0.0625
"prev.W",75,0.99009,0.8442,1.1146,0.99966,0.067294,-0.066764,0.18581,0.065163
"prev.W",76,0.97396,0.82749,1.0926,0.99941,0.057974,-0.067811,0.17467,0.067033
"prev.W",77,0.9313,0.7919,1.043,0.99805,0.049795,-0.073497,0.16144,0.076506
"prev.W",78,0.95737,0.81273,1.0614,0.99888,0.038241,-0.088471,0.15027,0.070851
"prev.W",79,0.96822,0.82353,1.0856,0.99889,0.0064441,-0.13067,0.12965,0.070783
"prev.W",80,0.95407,0.81358,1.0727,0.99846,-0.015014,-0.15964,0.10618,0.073775
"prev.W",81,0.9268,0.79801,1.0434,0.99769,-0.02668,-0.1625,0.086391,0.078782
"prev.W",82,0.92453,0.79645,1.0583,0.99777,-0.03242,-0.1606,0.081757,0.078275
"prev.W",83,0.96209,0.82973,1.1021,0.99955,-0.035229,-0.15906,0.075172,0.065971
"prev.W",84,0.97472,0.83622,1.1147,1,-0.054183,-0.17254,0.043655,0.0625
"prev.W",85,0.98118,0.84705,1.1261,1,-0.050433,-0.16596,0.050081,0.0625
"prev.W",86,0.97871,0.83202,1.1286,1,-0.052252,-0.16379,0.047547,0.0625
"prev.W",87,1.0035,0.85843,1.1398,1,-0.040116,-0.15154,0.06062,0.0625
"prev.W",88,1.0218,0.86137,1.1675,1,-0.051548,-0.15837,0.046927,0.0625
"prev.W",89,1.0254,0.87032,1.1765,1,-0.064095,-0.18322,0.034904,0.0625
"prev.W",90,1.0302,0.86689,1.1938,1,-0.079481,-0.19838,0.019262,0.0625
"prev.W",91,1.0306,0.86225,1.2025,1,-0.097316,-0.2116,-0.0049245,0.0625
"prev.W",92,1.015,0.84474,1.1803,1,-0.090364,-0.20838,0.0052471,0.0625
"prev.W",93,1.0122,0.84104,1.1708,1,-0.084121,-0.20344,0.014489,0.0625
"prev.W",94,1.0232,0.84111,1.1932,1,-0.076537,-0.20567,0.030246,0.0625
"prev.W",95,1.0611,0.87896,1.2225,1,-0.08296,-0.21813,0.033067,0.0625
"prev.W",96,1.0918,0.89962,1.2592,1,-0.079237,-0.21134,0.040625,0.0625
"prev.W",97,1.1111,0.91948,1.2749,1,-0.079771,-0.21158,0.042339,0.0625
"prev.W",98,1.1336,0.94063,1.2975,1,-0.077542,-0.21126,0.043037,0.0625
"prev.W",99,1.1533,0.95874,1.3366,1,-0.077001,-0.21415,0.047837,0.0625
"prev.W",100,1.1703,0.97999,1.3473,1,-0.075479,-0.21612,0.04383,0.0625
"prev.W",101,1.1982,1.0137,1.3673,1,-0.069224,-0.21091,0.04997,0.0625
"prev.W",102,1.2294,1.0296,1.4154,1,-0.070864,-0.22257,0.050416,0.0625
"prev.W",103,1.2492,1.0493,1.4468,1,-0.074803,-0.23444,0.053101,0.0625
"prev.W",104,1.2403,1.0579,1.4299,1,-0.07491,-0.23181,0.054646,0.0625
"prev.W",105,1.2284,1.0445,1.4135,1,-0.069623,-0.21798,0.058425,0.0625
"prev.W",106,1.2346,1.0151,1.4485,1,-0.066401,-0.222,0.067457,0.0625
"prev.W",107,1.2109,1.001,1.4227,1,-0.066542,-0.23053,0.068122,0.0625
"prev.W",108,1.2049,0.99359,1.4324,1,-0.055046,-0.21568,0.083866,0.0625
"prev.W",109,1.1813,0.98222,1.381,1,-0.057029,-0.21209,0.078897,0.0625
"prev.W",110,1.1448,0.95212,1.3349,1,-0.055253,-0.21197,0.081421,0.0625
"prev.W",111,1.1094,0.91156,1.3005,1,-0.048577,-0.21116,0.08425,0.0625
"prev.W",112,1.1109,0.90677,1.3153,1,-0.028824,-0.18032,0.10154,0.0625
"prev.W",113,1.0915,0.89466,1.2834,1,-0.023418,-0.17126,0.10762,0.0625
"prev.W",114,1.0909,0.88967,1.2945,1,-0.017122,-0.16506,0.11518,0.0625
"prev.W",115,1.0942,0.90702,1.3014,1,-0.0036132,-0.14994,0.12517,0.0625
"prev.W",116,1.1151,0.92393,1.3083,1,-0.0033317,-0.13658,0.11785,0.0625
"prev.W",117,1.1048,0.92371,1.2994,1,0.006246,-0.12737,0.12395,0.0625
"prev.W",118,1.1191,0.93108,1.3188,1,0.0055429,-0.12456,0.12231,0.0625
"prev.W",119,1.1354,0.94792,1.3416,1,0.017622,-0.10719,0.14498,0.0625
"prev.W",120,1.1182,0.93481,1.3242,1,0.029705,-0.10139,0.15955,0.0625
"prev.W",121,1.1046,0.91633,1.3186,1,0.032378,-0.10174,0.15901,0.0625
"prev.W",122,1.0858,0.89515,1.2954,1,0.043975,-0.088009,0.16202,0.0625
"prev.W",123,1.0746,0.88166,1.2751,1,0.042869,-0.087492,0.15905,0.0625
"prev.W",124,1.0815,0.88726,1.2799,1,0.048289,-0.082121,0.16532,0.0625
"prev.W",125,1.1214,0.92379,1.3292,1,0.048868,-0.077011,0.16862,0.0625
"prev.W",126,1.1157,0.91692,1.3379,1,0.049381,-0.078832,0.17591,0.0625
"prev.W",127,1.0586,0.86621,1.2675,1,0.036385,-0.088875,0.16342,0.0625
"prev.W",128,1.0578,0.87592,1.2538,1,0.034612,-0.084191,0.15643,0.0625
"prev.W",129,1.055,0.8764,1.2378,1,0.047082,-0.071864,0.1708,0.0625
"prev.W",130,1.0553,0.88716,1.2355,1,0.03578,-0.081691,0.15649,0.0625
"prev.W",131,1.0322,0.87818,1.1901,1,0.045836,-0.070717,0.16445,0.0625
"prev.W",132,0.99356,0.84527,1.1622,0.99923,0.050257,-0.064809,0.17678,0.068383
"prev.W",133,0.96022,0.81657,1.1087,0.99798,0.049356,-0.068106,0.18111,0.076958
"prev.W",134,0.93916,0.80833,1.0705,0.99687,0.035681,-0.081823,0.17096,0.083784
"prev.W",135,0.93003,0.79268,1.0843,0.99634,0.035162,-0.084812,0.17957,0.086916
"prev.W",136,0.92206,0.78606,1.0706,0.99574,0.025252,-0.093074,0.17531,0.090274
"prev.W",137,0.90503,0.76682,1.0337,0.99479,0.029133,-0.090446,0.18314,0.095381
"prev.W",138,0.89323,0.76008,1.0121,0.9944,0.048141,-0.072974,0.20557,0.09738
"prev.W",139,0.89136,0.74843,1.0185,0.99461,0.065751,-0.058145,0.21801,0.096323
"prev.W",140,0.91124,0.77175,1.0475,0.99513,0.079091,-0.042889,0.23088,0.09359
"prev.W",141,0.91983,0.77622,1.0705,0.99558,0.099281,-0.018742,0.24731,0.091138
"prev.W",142,0.91828,0.77784,1.0737,0.99574,0.099758,-0.0232,0.24801,0.090294
"prev.W",143,0.90469,0.74862,1.0709,0.99521,0.095463,-0.022893,0.24324,0.093166
"prev.W",144,0.8969,0.75325,1.0702,0.99473,0.099983,-0.020805,0.24911,0.095673
"prev.W",145,0.88775,0.74663,1.0539,0.99482,0.099175,-0.01777,0.24626,0.095205
"prev.W",146,0.93554,0.77697,1.1191,0.99625,0.094704,-0.026413,0.24664,0.087433
"prev.W",147,0.93927,0.77489,1.1239,0.99627,0.1003,-0.024647,0.25011,0.087309
"prev.W",148,0.93785,0.77431,1.1282,0.996,0.11347,-0.020576,0.26885,0.088831
"prev.W",149,0.93543,0.77551,1.1218,0.99614,0.12366,-0.0055769,0.27532,0.088036
"prev.W",150,0.94306,0.78456,1.1279,0.99647,0.1296,0.0032461,0.28194,0.086147
"incid_rate.W",1,0.8409,0.62633,1.0944,0.98986,0.069169,-0.10455,0.27808,0.11837
"incid_rate.W",2,1.1622,0.992,1.3272,0.99915,0.087219,-0.11217,0.27236,0.068951
"incid_rate.W",3,0.99213,0.82867,1.1874,0.99632,0.24453,0.073978,0.41967,0.087001
"incid_rate.W",4,1.0651,0.87964,1.2462,1,-0.04153,-0.18554,0.11422,0.0625
"incid_rate.W",5,0.89428,0.76019,1.0204,0.9949,-0.0086037,-0.12905,0.13306,0.094811
"incid_rate.W",6,1.0016,0.84798,1.1742,0.99839,0.080418,-0.06283,0.22304,0.074248
"incid_rate.W",7,1.0087,0.82091,1.1972,1,-0.048268,-0.16957,0.063695,0.0625
"incid_rate.W",8,0.89272,0.76216,1.0028,0.99555,0.071392,-0.040976,0.19215,0.091298
"incid_rate.W",9,1.0825,0.89053,1.2545,0.99746,0.22662,0.058123,0.42386,0.080219
"incid_rate.W",10,0.99245,0.81899,1.1553,0.99551,0.088309,-0.064161,0.24159,0.091533
"incid_rate.W",11,0.88645,0.76224,1.0452,0.9956,0.040552,-0.084516,0.17073,0.091022
"incid_rate.W",12,0.93495,0.75777,1.0943,0.99473,-0.045469,-0.20646,0.13654,0.095706
"incid_rate.W",13,0.93861,0.7962,1.093,0.99749,0.015234,-0.11362,0.13743,0.080062
"incid_rate.W",14,0.96125,0.8229,1.092,0.99447,-0.090076,-0.25975,0.078772,0.097007
"incid_rate.W",15,1.0638,0.88413,1.262,1,0.089366,-0.059498,0.24091,0.0625
"incid_rate.W",16,1.0679,0.88887,1.2713,1,0.067263,-0.058341,0.17989,0.0625
"incid_rate.W",17,1.0461,0.86605,1.2135,0.99912,0.054062,-0.10313,0.23725,0.069157
"incid_rate.W",18,0.88075,0.71129,1.0798,0.99576,0.071998,-0.031107,0.16792,0.090144
"incid_rate.W",19,1.0259,0.81315,1.2042,0.99894,0.053637,-0.10205,0.22798,0.070463
"incid_rate.W",20,0.89111,0.76297,1.01,0.99418,0.0081089,-0.14265,0.15507,0.098525
"incid_rate.W",21,1.0343,0.84543,1.2092,0.99888,0.12511,-0.016356,0.28447,0.070877
"incid_rate.W",22,0.97951,0.84371,1.0994,0.99993,0.07828,-0.015775,0.19727,0.063065
"incid_rate.W",23,0.98825,0.80368,1.1885,1,0.017369,-0.086386,0.12435,0.0625
"incid_rate.W",24,1.0265,0.85726,1.2156,1,0.053853,-0.0502,0.15439,0.0625
"incid_rate.W",25,0.92901,0.76328,1.0862,0.99665,-0.00024762,-0.12707,0.13039,0.085133
"incid_rate.W",26,0.98114,0.75529,1.1494,0.99902,0.0051489,-0.12109,0.15256,0.069876
"incid_rate.W",27,0.96782,0.82566,1.1543,0.99642,0.056316,-0.094709,0.21421,0.086431
"incid_rate.W",28,0.98687,0.82978,1.135,0.99954,0.14591,0.024161,0.27015,0.066051
"incid_rate.W",29,0.88571,0.76832,1.0197,0.99581,-0.019717,-0.13033,0.10351,0.089896
"incid_rate.W",30,0.80874,0.69162,0.93498,0.99407,0.046592,-0.065133,0.17272,0.099086
"incid_rate.W",31,1.0398,0.89652,1.1661,1,-0.036583,-0.16872,0.10745,0.0625
"incid_rate.W",32,1.1842,1.0001,1.3717,1,-0.023776,-0.15493,0.11974,0.0625
"incid_rate.W",33,0.9706,0.83111,1.1161,1,0.0072902,-0.085754,0.10737,0.0625
"incid_rate.W",34,1.1504,0.9624,1.3213,1,0.037923,-0.092466,0.19092,0.0625
"incid_rate.W",35,0.94427,0.79717,1.0745,0.99755,0.0078545,-0.12233,0.12142,0.07967
"incid_rate.W",36,1.05,0.89042,1.2051,1,0.064963,-0.054143,0.18965,0.0625
"incid_rate.W",37,0.95324,0.81153,1.0982,0.99846,-0.099903,-0.21808,0.020454,0.073787
"incid_rate.W",38,0.8853,0.70096,1.0987,0.9973,0.11401,0.026186,0.21831,0.081189
"incid_rate.W",39,0.79755,0.63621,0.95306,0.98897,-0.024718,-0.18484,0.15222,0.12203
"incid_rate.W",40,1.0618,0.88351,1.2304,1,0.0080764,-0.12372,0.13971,0.0625
"incid_rate.W",41,1.0715,0.87753,1.2494,0.99871,0.03956,-0.11399,0.20192,0.07206
"incid_rate.W",42,1.0118,0.8699,1.1541,1,-0.0014471,-0.13326,0.11448,0.0625
"incid_rate.W",43,1.1571,0.97848,1.3892,1,0.022214,-0.088035,0.122,0.0625
"incid_rate.W",44,0.94932,0.80717,1.1024,0.99845,0.10122,-0.012808,0.21651,0.073804
"incid_rate.W",45,0.98485,0.8055,1.1677,1,0.033482,-0.076747,0.14801,0.0625
"incid_rate.W",46,1.1284,0.93513,1.3785,1,0.026243,-0.11493,0.15248,0.0625
"incid_rate.W",47,0.96332,0.85477,1.0992,1,0.097684,0.01515,0.19132,0.0625
"incid_rate.W",48,0.94254,0.73412,1.1244,0.99877,0.030121,-0.077018,0.1304,0.07165
"incid_rate.W",49,1.0237,0.8386,1.1972,1,0.010989,-0.12251,0.12496,0.0625
"incid_rate.W",50,1.0392,0.86615,1.2242,1,0.016123,-0.089269,0.11468,0.0625
"incid_rate.W",51,0.98426,0.83812,1.1411,0.99891,-0.07648,-0.20497,0.037272,0.070623
"incid_rate.W",52,1.1099,0.92352,1.2915,1,0.086545,-0.038819,0.19935,0.0625
"incid_rate.W",53,0.87809,0.72797,1.0343,0.99637,-0.011529,-0.13,0.086563,0.086757
"incid_rate.W",54,1.0721,0.87723,1.2802,1,0.087055,-0.053441,0.19424,0.0625
"incid_rate.W",55,0.99639,0.83127,1.1555,0.99997,0.12103,0.0045529,0.22128,0.062761
"incid_rate.W",56,1.0546,0.87286,1.2406,1,0.012567,-0.11361,0.14333,0.0625
"incid_rate.W",57,0.91702,0.75945,1.065,0.99761,0.029539,-0.089713,0.13682,0.079264
"incid_rate.W",58,1.0347,0.84727,1.2708,1,0.053807,-0.059186,0.15544,0.0625
"incid_rate.W",59,0.98967,0.84152,1.1519,0.9985,0.067199,-0.063707,0.18821,0.073506
"incid_rate.W",60,0.90634,0.76328,1.0499,0.9969,-0.0085515,-0.11652,0.099629,0.083627
"incid_rate.W",61,0.92906,0.75517,1.135,0.99776,-0.049786,-0.15576,0.049463,0.078328
"incid_rate.W",62,1.0699,0.85284,1.319,1,-0.032414,-0.18484,0.10025,0.0625
"incid_rate.W",63,0.92707,0.78268,1.0561,0.99767,-0.01073,-0.12939,0.1022,0.078928
"incid_rate.W",64,1.021,0.85153,1.2076,1,0.082789,-0.037604,0.20697,0.0625
"incid_rate.W",65,1.0914,0.92519,1.247,1,0.10506,-0.033433,0.24634,0.0625
"incid_rate.W",66,0.91203,0.77343,1.0565,0.99881,0.026397,-0.072524,0.106,0.07137
"incid_rate.W",67,0.96899,0.78066,1.1581,0.99798,0.073973,-0.059247,0.1991,0.076912
"incid_rate.W",68,0.93575,0.73329,1.1584,0.99829,0.022173,-0.10317,0.14269,0.074926
"incid_rate.W",69,0.99446,0.80772,1.1401,0.99722,0.0094163,-0.16143,0.1572,0.081702
"incid_rate.W",70,0.89659,0.73141,1.0659,0.99707,-0.029706,-0.14262,0.067749,0.082587
"incid_rate.W",71,1.1251,0.94744,1.3013,1,-0.080496,-0.2059,0.044251,0.0625
"incid_rate.W",72,1.0572,0.87396,1.2543,1,-0.061428,-0.1802,0.054508,0.0625
"incid_rate.W",73,1.0237,0.8552,1.1857,1,-0.035589,-0.15532,0.07659,0.0625
"incid_rate.W",74,0.97601,0.8337,1.1331,0.99923,-0.017786,-0.1228,0.11108,0.06837
"incid_rate.W",75,0.8854,0.75776,1.0421,0.99699,-0.017183,-0.12325,0.08789,0.083067
"incid_rate.W",76,0.97512,0.80285,1.1757,1,-0.09322,-0.19419,0.025697,0.0625
"incid_rate.W",77,1.0617,0.88855,1.2181,1,0.078554,-0.046544,0.20562,0.0625
"incid_rate.W",78,1.0222,0.82932,1.2027,1,-0.13313,-0.23063,-0.028788,0.0625
"incid_rate.W",79,0.95622,0.79067,1.1102,0.99833,-0.074012,-0.20015,0.051772,0.074648
"incid_rate.W",80,0.96935,0.78512,1.1767,0.99821,-0.063502,-0.18494,0.065856,0.075416
"incid_rate.W",81,0.97969,0.80197,1.1449,0.99783,-0.047592,-0.18741,0.085645,0.077917
"incid_rate.W",82,1.0928,0.92692,1.2559,1,0.049168,-0.06957,0.18177,0.0625
"incid_rate.W",83,1.0081,0.85962,1.155,1,-0.11788,-0.23169,-0.018619,0.0625
"incid_rate.W",84,0.94353,0.74925,1.1331,0.9977,-0.042927,-0.15831,0.077888,0.078714
"incid_rate.W",85,1.1146,0.94662,1.273,1,-0.0019379,-0.1449,0.14199,0.0625
"incid_rate.W",86,1.1304,0.94722,1.3832,1,0.036907,-0.092585,0.16955,0.0625
"incid_rate.W",87,0.99393,0.79659,1.1798,0.9995,0.055885,-0.075027,0.19258,0.066347
"incid_rate.W",88,1.1058,0.88269,1.3428,1,-0.043035,-0.17511,0.081673,0.0625
"incid_rate.W",89,1.095,0.95312,1.254,1,-0.049756,-0.17991,0.067943,0.0625
"incid_rate.W",90,0.90042,0.75737,1.0364,0.99769,-0.08411,-0.17713,0.028083,0.078778
"incid_rate.W",91,1.0835,0.90952,1.2926,1,0.01006,-0.11382,0.1502,0.0625
"incid_rate.W",92,1.0012,0.8598,1.1575,0.99977,0.12753,0.023126,0.26269,0.064285
"incid_rate.W",93,1.1857,0.96261,1.4497,1,0.025107,-0.081386,0.16606,0.0625
"incid_rate.W",94,1.1561,0.999,1.3006,1,0.049741,-0.093046,0.21444,0.0625
"incid_rate.W",95,1.0909,0.96417,1.2487,1,-0.039325,-0.15516,0.077269,0.0625
"incid_rate.W",96,1.0016,0.87319,1.1361,1,-0.016212,-0.11195,0.067837,0.0625
"incid_rate.W",97,0.81238,0.68175,0.94554,0.99334,0.042912,-0.074081,0.15663,0.10265
"incid_rate.W",98,1.0205,0.87399,1.1767,1,-0.10411,-0.21036,-0.0067666,0.0625
"incid_rate.W",99,1.0779,0.90389,1.2237,1,-0.10607,-0.21513,0.0092474,0.0625
"incid_rate.W",100,1.1748,0.93999,1.4397,1,-0.071641,-0.19519,0.04593,0.0625
"incid_rate.W",101,0.91335,0.74045,1.0764,0.9974,-0.026359,-0.14158,0.082374,0.080613
"incid_rate.W",102,1.1378,0.88851,1.391,1,0.050591,-0.065533,0.16062,0.0625
"incid_rate.W",103,1.0097,0.85167,1.1998,0.99895,-0.051307,-0.19103,0.092407,0.070378
"incid_rate.W",104,0.95965,0.80281,1.112,0.99778,0.011537,-0.10268,0.12386,0.078219
"incid_rate.W",105,0.94453,0.79494,1.1332,0.9978,-0.028201,-0.15671,0.095805,0.078112
"incid_rate.W",106,1.2141,1.041,1.3693,1,0.009092,-0.1461,0.15181,0.0625
"incid_rate.W",107,1.0311,0.83557,1.2462,0.99896,0.063,-0.09689,0.19688,0.07031
"incid_rate.W",108,0.97282,0.83327,1.1198,0.99997,0.015299,-0.089317,0.13271,0.062709
"incid_rate.W",109,0.89988,0.7412,1.0985,0.99739,0.016703,-0.085207,0.11443,0.080658
"incid_rate.W",110,0.82892,0.66164,1.0167,0.99443,-0.10718,-0.21709,-0.012244,0.097254
"incid_rate.W",111,0.98214,0.80633,1.1355,0.99946,0.058751,-0.053968,0.18299,0.066649
"incid_rate.W",112,0.96493,0.84,1.0668,0.99838,0.046107,-0.077151,0.19075,0.074279
"incid_rate.W",113,0.99155,0.81004,1.198,0.99603,0.011556,-0.14603,0.19251,0.08864
"incid_rate.W",114,1.0535,0.84961,1.2478,1,0.049709,-0.065257,0.16761,0.0625
"incid_rate.W",115,1.0388,0.84974,1.2163,1,-0.0026953,-0.10564,0.1147,0.0625
"incid_rate.W",116,1.2292,1.025,1.4869,1,0.086413,-0.036628,0.20574,0.0625
"incid_rate.W",117,0.92543,0.77174,1.0717,0.99796,-0.056262,-0.17558,0.057453,0.077048
"incid_rate.W",118,1.1288,0.9753,1.2752,1,0.0055789,-0.11529,0.13686,0.0625
"incid_rate.W",119,1.0535,0.90928,1.2108,1,0.077617,-0.055645,0.24453,0.0625
"incid_rate.W",120,1.0154,0.8969,1.16,1,0.11736,0.013592,0.2191,0.0625
"incid_rate.W",121,0.95725,0.80671,1.1154,1,0.024284,-0.068216,0.11452,0.0625
"incid_rate.W",122,0.93908,0.78254,1.1092,0.99583,0.10769,-0.034533,0.23933,0.089798
"incid_rate.W",123,1.0749,0.94245,1.2258,1,-0.021915,-0.14002,0.085123,0.0625
"incid_rate.W",124,0.86749,0.69148,1.06,0.99541,0.041677,-0.062953,0.1666,0.092102
"incid_rate.W",125,1.241,1.0448,1.4668,1,-0.001684,-0.13571,0.13942,0.0625
"incid_rate.W",126,0.8922,0.77028,1.0313,0.99634,-0.02625,-0.1405,0.088051,0.08688
"incid_rate.W",127,0.85149,0.70009,0.99146,0.99634,-0.032647,-0.13421,0.057877,0.086888
"incid_rate.W",128,0.99321,0.83857,1.1727,1,0.032122,-0.075754,0.16037,0.0625
"incid_rate.W",129,1.0355,0.85899,1.2116,1,-0.002102,-0.13095,0.13408,0.0625
"incid_rate.W",130,0.76096,0.60822,0.90289,0.99223,-0.022461,-0.13446,0.074789,0.1079
"incid_rate.W",131,0.94235,0.79068,1.1046,0.99844,0.041093,-0.067224,0.1552,0.073867
"incid_rate.W",132,0.98604,0.81595,1.1467,0.99951,0.019466,-0.1173,0.12442,0.066302
"incid_rate.W",133,0.98321,0.8518,1.1321,0.99995,-0.0038771,-0.11283,0.10045,0.062899
"incid_rate.W",134,1.0033,0.82346,1.1857,0.99856,0.0088308,-0.14464,0.14228,0.073067
"incid_rate.W",135,0.97846,0.82022,1.1699,0.99851,0.036095,-0.08583,0.15796,0.073394
"incid_rate.W",136,1.0286,0.84856,1.2145,1,-0.093741,-0.18211,0.0010957,0.0625
"incid_rate.W",137,0.92157,0.75273,1.0526,0.99795,0.0053108,-0.09365,0.11547,0.077121
"incid_rate.W",138,0.94854,0.80872,1.0797,0.99727,0.12369,-0.011593,0.26168,0.081395
"incid_rate.W",139,1.0977,0.9327,1.2475,1,0.04956,-0.10328,0.19951,0.0625
"incid_rate.W",140,1.0105,0.83628,1.2099,1,0.10822,-0.0052197,0.23558,0.0625
"incid_rate.W",141,0.98033,0.81986,1.1647,1,0.070071,-0.04139,0.17567,0.0625
"incid_rate.W",142,0.90307,0.74692,1.0758,0.99866,0.021961,-0.05708,0.10036,0.072415
"incid_rate.W",143,1.0219,0.81996,1.2074,1,0.08846,-0.031584,0.20784,0.0625
"incid_rate.W",144,0.97958,0.83324,1.1441,0.99806,0.047525,-0.10021,0.18142,0.076436
"incid_rate.W",145,1.1697,0.95789,1.3968,1,0.11604,-0.023973,0.25275,0.0625
"incid_rate.W",146,1.1557,0.99797,1.3044,1,0.045726,-0.094351,0.17844,0.0625
"incid_rate.W",147,1.0066,0.87403,1.1284,1,0.080313,-0.033421,0.18902,0.0625
"incid_rate.W",148,1.0028,0.83644,1.1541,1,0.078619,-0.039704,0.21163,0.0625
"incid_rate.W",149,0.88296,0.74142,1.0211,0.99573,0.070341,-0.062425,0.19446,0.090318
"incid_rate.W",150,0.98007,0.83266,1.126,1,0.0063068,-0.090113,0.11348,0.0625
"dx_frac.W",1,0.79049,0.50756,1.0829,0.97228,-0.055518,-0.30809,0.21894,0.17753
"dx_frac.W",2,0.78919,0.61571,0.97112,0.98179,0.014314,-0.19054,0.2333,0.14848
"dx_frac.W",3,0.84728,0.68414,0.99032,0.98644,-0.016484,-0.21831,0.18064,0.13195
"dx_frac.W",4,0.94885,0.76266,1.1522,0.98847,0.024585,-0.18112,0.22453,0.12405
"dx_frac.W",5,1.0427,0.83106,1.2469,0.99365,0.083772,-0.11842,0.26639,0.10116
"dx_frac.W",6,1.1428,0.96851,1.3273,0.99858,0.1221,-0.07035,0.29947,0.072957
"dx_frac.W",7,1.0878,0.90858,1.2523,0.99769,0.12409,-0.070946,0.28873,0.078763
"dx_frac.W",8,1.2059,1.018,1.3985,1,0.13053,-0.071656,0.30634,0.0625
"dx_frac.W",9,1.0695,0.89235,1.2614,0.99669,0.056957,-0.12944,0.237,0.084858
"dx_frac.W",10,0.99346,0.81604,1.1786,0.99316,0.014152,-0.17223,0.20939,0.10355
"dx_frac.W",11,0.94787,0.77249,1.163,0.99263,0.019708,-0.14721,0.18526,0.10604
"dx_frac.W",12,0.80605,0.65578,0.96769,0.98976,0.11982,-0.039793,0.25865,0.11878
"dx_frac.W",13,0.81001,0.67999,0.93134,0.99099,0.1673,0.011595,0.29979,0.1135
"dx_frac.W",14,0.88453,0.75732,1.0179,0.99398,0.17978,0.022746,0.30586,0.099511
"dx_frac.W",15,0.87139,0.74406,0.99449,0.99498,0.15951,0.044703,0.27129,0.09439
"dx_frac.W",16,0.97157,0.81622,1.1169,0.99904,0.16135,0.048454,0.26869,0.069751
"dx_frac.W",17,0.95849,0.77984,1.1127,0.99785,0.16327,0.032256,0.28536,0.077755
"dx_frac.W",18,1.0184,0.82252,1.204,0.99843,0.10556,-0.033784,0.25018,0.073993
"dx_frac.W",19,0.98937,0.84345,1.1299,0.99777,0.094088,-0.026334,0.22932,0.078273
"dx_frac.W",20,0.98092,0.82016,1.1164,0.99857,0.13329,-0.0042531,0.27276,0.073036
"dx_frac.W",21,0.92113,0.7952,1.0444,0.99684,0.13431,-0.0016949,0.26251,0.083966
"dx_frac.W",22,0.82748,0.71873,0.94566,0.99255,0.073083,-0.083088,0.22013,0.10644
"dx_frac.W",23,0.95839,0.73716,1.2293,0.99421,0.046702,-0.13192,0.21313,0.098371
"dx_frac.W",24,1.1052,0.91348,1.3179,0.99637,0.064059,-0.13584,0.26957,0.086744
"dx_frac.W",25,1.119,0.93081,1.3279,0.99747,0.1074,-0.06957,0.30696,0.080156
"dx_frac.W",26,1.1257,0.93739,1.309,0.99926,0.10761,-0.052545,0.27983,0.068114
"dx_frac.W",27,0.98039,0.79772,1.1556,0.99846,0.15753,0.035161,0.28313,0.073766
"dx_frac.W",28,0.98119,0.79328,1.1386,0.99963,0.12545,-0.0036749,0.24939,0.06537
"dx_frac.W",29,0.94641,0.76271,1.1433,0.99717,0.11164,-0.011893,0.25916,0.082023
"dx_frac.W",30,0.93219,0.80585,1.0695,0.9972,0.090498,-0.028407,0.22291,0.081836
"dx_frac.W",31,0.9474,0.80314,1.0996,0.99664,0.083134,-0.049753,0.21271,0.08518
"dx_frac.W",32,1.0236,0.87222,1.1532,0.99935,0.075098,-0.064715,0.21084,0.067463
"dx_frac.W",33,1.0799,0.91021,1.2638,1,0.088041,-0.05258,0.22231,0.0625
"dx_frac.W",34,0.92931,0.79045,1.0633,0.99674,0.12378,-0.0017102,0.22838,0.084589
"dx_frac.W",35,0.82336,0.70279,0.93519,0.99445,0.13662,0.036954,0.23481,0.097141
"dx_frac.W",36,0.89396,0.71143,1.0767,0.99603,0.1183,0.0028171,0.24077,0.088665
"dx_frac.W",37,0.9403,0.77589,1.0915,0.99823,0.1593,0.035685,0.28643,0.075307
"dx_frac.W",38,0.93436,0.79276,1.076,0.99813,0.10079,-0.012351,0.22728,0.075967
"dx_frac.W",39,0.95465,0.79226,1.1201,0.99924,0.078733,-0.038735,0.19591,0.068316
"dx_frac.W",40,0.81345,0.71801,0.89209,0.99404,0.054297,-0.062103,0.1708,0.099211
"dx_frac.W",41,0.82341,0.72134,0.91272,0.99299,0.0035471,-0.11727,0.13474,0.10436
"dx_frac.W",42,0.89847,0.76619,1.0274,0.99653,-0.006719,-0.12116,0.10114,0.085799
"dx_frac.W",43,0.93443,0.81867,1.054,0.99859,0.062769,-0.038522,0.16602,0.07287
"dx_frac.W",44,0.95046,0.78964,1.1404,0.99926,-0.0093246,-0.11202,0.10219,0.068133
"dx_frac.W",45,0.93318,0.74602,1.1554,0.99917,-0.072414,-0.15357,0.019979,0.068817
"dx_frac.W",46,0.9648,0.7781,1.1305,1,-0.084148,-0.17627,0.0091769,0.0625
"dx_frac.W",47,0.86518,0.68798,1.0709,0.99593,-0.038061,-0.1424,0.054589,0.089207
"dx_frac.W",48,0.91158,0.7445,1.0873,0.99785,-0.11768,-0.2254,-0.01837,0.077767
"dx_frac.W",49,0.92737,0.77953,1.0673,0.99765,-0.065133,-0.19188,0.037264,0.079015
"dx_frac.W",50,0.96895,0.79706,1.144,0.99936,-0.0077169,-0.12508,0.10383,0.067387
"dx_frac.W",51,1.0612,0.88688,1.2438,1,0.012271,-0.10397,0.11216,0.0625
"dx_frac.W",52,1.1203,0.92009,1.3264,1,0.048799,-0.078505,0.16188,0.0625
"dx_frac.W",53,1.1351,0.90222,1.359,1,0.095677,-0.061728,0.24504,0.0625
"dx_frac.W",54,1.0312,0.82822,1.219,0.99891,0.043329,-0.1091,0.1867,0.070628
"dx_frac.W",55,1.0619,0.85412,1.2723,1,0.034099,-0.10646,0.18434,0.0625
"dx_frac.W",56,0.99449,0.81042,1.1829,0.99834,0.074388,-0.062211,0.21678,0.074563
"dx_frac.W",57,1.0132,0.82829,1.2125,0.99876,0.073716,-0.077275,0.22291,0.071719
"dx_frac.W",58,1.0825,0.89257,1.2822,1,0.071643,-0.081497,0.22125,0.0625
"dx_frac.W",59,1.0941,0.92452,1.2466,1,0.034087,-0.11833,0.18579,0.0625
"dx_frac.W",60,1.084,0.91213,1.2488,1,0.066187,-0.072053,0.20626,0.0625
"dx_frac.W",61,0.98795,0.79138,1.2043,0.99931,0.081669,-0.042291,0.20883,0.067759
"dx_frac.W",62,1.0257,0.84201,1.2524,0.99891,0.11092,-0.038656,0.25626,0.070647
"dx_frac.W",63,1.0187,0.85793,1.2038,0.99961,0.11064,-0.014405,0.23951,0.065531
"dx_frac.W",64,0.83498,0.7242,0.97224,0.9941,0.024263,-0.087187,0.13467,0.098895
"dx_frac.W",65,0.87489,0.72238,1.0615,0.9952,-0.003896,-0.13243,0.11607,0.09319
"dx_frac.W",66,0.90728,0.73907,1.0744,0.99564,-0.0035325,-0.1387,0.11439,0.090832
"dx_frac.W",67,0.96244,0.81182,1.1381,0.99668,0.023164,-0.12764,0.15449,0.084925
"dx_frac.W",68,0.97269,0.79105,1.1614,0.99718,0.062045,-0.081553,0.19832,0.081958
"dx_frac.W",69,0.9466,0.8183,1.0812,0.99704,0.059972,-0.067941,0.19065,0.0828
"dx_frac.W",70,0.96504,0.80585,1.1217,0.99792,0.070238,-0.055877,0.20077,0.077347
"dx_frac.W",71,1.0401,0.86116,1.2157,1,0.14291,0.022586,0.27973,0.0625
"dx_frac.W",72,1.1166,0.93576,1.2976,1,0.18244,0.046978,0.32401,0.0625
"dx_frac.W",73,1.1647,0.94887,1.3846,1,0.11289,-0.025932,0.25132,0.0625
"dx_frac.W",74,1.1563,0.97786,1.3365,1,0.13657,0.0051287,0.26775,0.0625
"dx_frac.W",75,1.0639,0.89812,1.2316,1,0.21619,0.087985,0.35957,0.0625
"dx_frac.W",76,0.98383,0.84931,1.1223,0.99932,0.17566,0.050936,0.30641,0.067689
"dx_frac.W",77,0.84479,0.72,0.98547,0.99455,0.17737,0.056749,0.30013,0.096603
"dx_frac.W",78,0.91273,0.77091,1.0404,0.99584,0.13887,-0.0019278,0.25929,0.089729
"dx_frac.W",79,0.83798,0.70583,0.96315,0.99394,0.15304,0.031306,0.27146,0.099709
"dx_frac.W",80,0.95055,0.78909,1.094,0.99656,0.151,0.0021538,0.30634,0.085619
"dx_frac.W",81,1.0474,0.89337,1.1941,1,0.089841,-0.032734,0.23084,0.0625
"dx_frac.W",82,1.0631,0.88283,1.2351,1,0.09807,-0.011853,0.2271,0.0625
"dx_frac.W",83,0.99165,0.82189,1.1504,1,0.13641,0.032431,0.2474,0.0625
"dx_frac.W",84,1.0042,0.83521,1.1881,1,0.21404,0.10542,0.32548,0.0625
"dx_frac.W",85,1.1049,0.87121,1.367,1,0.16887,0.054783,0.29355,0.0625
"dx_frac.W",86,1.1869,0.92667,1.4532,1,0.10727,-0.018062,0.22263,0.0625
"dx_frac.W",87,1.1557,0.90487,1.4107,1,0.025014,-0.099583,0.14233,0.0625
"dx_frac.W",88,1.154,0.93606,1.3834,1,0.014132,-0.1308,0.14308,0.0625
"dx_frac.W",89,1.0305,0.83598,1.2289,1,0.01073,-0.12808,0.14243,0.0625
"dx_frac.W",90,1.0773,0.85472,1.2846,1,-0.013346,-0.1679,0.14104,0.0625
"dx_frac.W",91,1.0643,0.85328,1.2505,1,-0.023626,-0.17317,0.13281,0.0625
"dx_frac.W",92,1.0706,0.87517,1.274,1,-0.086663,-0.22917,0.056489,0.0625
"dx_frac.W",93,0.99737,0.82216,1.1682,0.99907,-0.067766,-0.20389,0.084257,0.069539
"dx_frac.W",94,1.1329,0.94003,1.3294,1,-0.10502,-0.24722,0.039937,0.0625
"dx_frac.W",95,1.0761,0.89084,1.2625,1,-0.057441,-0.20373,0.082203,0.0625
"dx_frac.W",96,1.0901,0.94017,1.2216,1,-0.038676,-0.17124,0.089748,0.0625
"dx_frac.W",97,1.0213,0.87041,1.171,1,-0.015777,-0.14068,0.10364,0.0625
"dx_frac.W",98,0.9597,0.79009,1.1395,0.99753,-0.022767,-0.15591,0.099745,0.079804
"dx_frac.W",99,1.0213,0.86355,1.2115,1,-1.255e-05,-0.108,0.10696,0.0625
"dx_frac.W",100,0.89152,0.74764,1.0343,0.9963,-0.00096429,-0.098489,0.10116,0.087135
"dx_frac.W",101,0.92383,0.78209,1.0802,0.99777,-0.011777,-0.11884,0.088738,0.078284
"dx_frac.W",102,0.9826,0.82219,1.148,0.99921,-0.027142,-0.14525,0.081502,0.068492
"dx_frac.W",103,1.0215,0.84864,1.1765,1,-0.065599,-0.16446,0.043912,0.0625
"dx_frac.W",104,0.93544,0.76828,1.0998,0.99896,-0.074377,-0.16509,0.0146,0.070331
"dx_frac.W",105,0.91793,0.76083,1.0518,0.99706,-0.015593,-0.1281,0.10662,0.082678
"dx_frac.W",106,1.0484,0.85571,1.2131,1,-0.025983,-0.16428,0.10951,0.0625
"dx_frac.W",107,1.1666,0.95519,1.3358,1,-0.021878,-0.15427,0.11484,0.0625
"dx_frac.W",108,1.0781,0.88646,1.2385,1,-0.022161,-0.15005,0.10666,0.0625
"dx_frac.W",109,1.0108,0.8072,1.2124,0.99933,0.0044177,-0.13624,0.13826,0.067618
"dx_frac.W",110,1.0017,0.78763,1.1871,0.9977,0.017107,-0.11765,0.15238,0.078752
"dx_frac.W",111,1.051,0.81429,1.2662,1,-0.0027128,-0.13765,0.13998,0.0625
"dx_frac.W",112,1.0859,0.87534,1.2842,1,-0.0091274,-0.15458,0.13522,0.0625
"dx_frac.W",113,0.99527,0.82409,1.1608,0.99762,-0.015486,-0.16635,0.12979,0.079238
"dx_frac.W",114,1.0142,0.82476,1.19,0.99988,-0.052981,-0.19346,0.083264,0.063449
"dx_frac.W",115,1.035,0.81703,1.2889,1,-0.091929,-0.20493,0.028577,0.0625
"dx_frac.W",116,1.0186,0.82518,1.2487,1,-0.10504,-0.20333,-0.004542,0.0625
"dx_frac.W",117,1.0303,0.82582,1.2437,1,-0.084769,-0.19087,0.022733,0.0625
"dx_frac.W",118,1.0708,0.8458,1.2854,1,-0.05478,-0.17088,0.067274,0.0625
"dx_frac.W",119,1.0184,0.81357,1.2101,1,-0.043357,-0.17465,0.081551,0.0625
"dx_frac.W",120,1.0192,0.80303,1.2228,1,-0.074135,-0.19696,0.059707,0.0625
"dx_frac.W",121,1.0019,0.84698,1.1497,1,-0.098328,-0.21878,0.019391,0.0625
"dx_frac.W",122,1.0232,0.84866,1.204,1,-0.030268,-0.15651,0.08537,0.0625
"dx_frac.W",123,1.0626,0.8474,1.2641,1,0.013352,-0.11998,0.15128,0.0625
"dx_frac.W",124,1.0334,0.83169,1.2213,1,-0.04261,-0.18675,0.10575,0.0625
"dx_frac.W",125,1.1015,0.94775,1.2511,1,-0.0078374,-0.16308,0.14398,0.0625
"dx_frac.W",126,1.094,0.95398,1.2342,1,-0.010332,-0.15794,0.13907,0.0625
"dx_frac.W",127,1.1165,0.96734,1.2837,1,0.028491,-0.12168,0.17672,0.0625
"dx_frac.W",128,1.0889,0.92748,1.2646,1,0.031172,-0.11825,0.18472,0.0625
"dx_frac.W",129,0.947,0.80963,1.0964,0.99853,0.00016872,-0.11112,0.10222,0.0733
"dx_frac.W",130,0.945,0.80983,1.0886,0.99743,0.0063414,-0.10119,0.11703,0.080383
"dx_frac.W",131,0.95894,0.79968,1.1309,0.99726,-0.0094219,-0.13158,0.11327,0.081439
"dx_frac.W",132,0.92947,0.7791,1.0676,0.99707,-0.040614,-0.15905,0.08077,0.082608
"dx_frac.W",133,1.0096,0.87369,1.1466,0.99909,-0.026891,-0.16803,0.10385,0.069391
"dx_frac.W",134,1.0463,0.87825,1.2109,0.9992,0.036345,-0.12432,0.18053,0.068546
"dx_frac.W",135,1.1158,0.92434,1.3544,1,0.02284,-0.12103,0.18518,0.0625
"dx_frac.W",136,1.0744,0.88198,1.3045,1,0.023804,-0.10481,0.16025,0.0625
"dx_frac.W",137,1.094,0.90546,1.2978,1,0.0097046,-0.11302,0.12761,0.0625
"dx_frac.W",138,0.98641,0.85541,1.1607,0.99982,0.012072,-0.11288,0.12666,0.063937
"dx_frac.W",139,0.94829,0.79611,1.1155,0.99735,-0.0072577,-0.13736,0.11223,0.08091
"dx_frac.W",140,0.99178,0.82467,1.1647,0.9986,-0.025011,-0.15608,0.10591,0.072777
"dx_frac.W",141,0.94683,0.77219,1.1353,0.99749,-0.025271,-0.14221,0.086896,0.080068
"dx_frac.W",142,0.93084,0.75922,1.12,0.9983,0.001286,-0.10607,0.099031,0.074805
"dx_frac.W",143,0.85772,0.6987,1.0337,0.99528,-0.0064242,-0.12485,0.11805,0.092766
"dx_frac.W",144,0.96195,0.76947,1.1914,0.9993,-0.00095893,-0.099525,0.12038,0.067827
"dx_frac.W",145,0.95205,0.79112,1.1294,0.99766,0.0259,-0.085296,0.16093,0.078972
"dx_frac.W",146,0.95477,0.81328,1.0953,0.99773,0.0046462,-0.087949,0.12496,0.078536
"dx_frac.W",147,0.8755,0.76094,0.99832,0.99507,-0.0043219,-0.10676,0.11356,0.093874
"dx_frac.W",148,0.89925,0.75845,1.0611,0.99687,0.013764,-0.095697,0.12133,0.083838
"dx_frac.W",149,0.8772,0.70708,1.0476,0.99678,-0.016771,-0.11673,0.082378,0.084318
"dx_frac.W",150,0.99034,0.82485,1.1779,1,-0.0040459,-0.093362,0.095694,0.0625
"supp_frac.W",1,0.9233,0.61372,1.2159,0.97146,0.055927,-0.27815,0.34481,0.17982
"supp_frac.W",2,0.90472,0.66521,1.1502,0.98278,0.106,-0.16037,0.36346,0.14513
"supp_frac.W",3,1.0239,0.80435,1.2704,0.99042,0.11782,-0.11922,0.35356,0.11596
"supp_frac.W",4,1.0085,0.81675,1.2291,0.99463,0.13312,-0.056828,0.30346,0.096204
"supp_frac.W",5,1.0585,0.8695,1.2663,0.99972,0.076421,-0.1,0.22613,0.064717
"supp_frac.W",6,1.0521,0.83412,1.3055,1,0.11605,-0.036126,0.25454,0.0625
"supp_frac.W",7,1.1154,0.95952,1.3185,1,0.14074,-0.028996,0.2832,0.0625
"supp_frac.W",8,1.0947,0.88931,1.3308,1,0.19712,0.045361,0.34511,0.0625
"supp_frac.W",9,1.0622,0.88181,1.262,1,0.15986,0.028729,0.30816,0.0625
"supp_frac.W",10,0.94259,0.75677,1.1703,0.99692,0.071876,-0.061469,0.21223,0.083487
"supp_frac.W",11,0.98486,0.77301,1.241,0.99966,0.032995,-0.083629,0.15494,0.06517
"supp_frac.W",12,0.96724,0.76871,1.212,0.99976,0.069239,-0.031986,0.18196,0.064422
"supp_frac.W",13,0.94969,0.75907,1.1442,0.99976,0.068221,-0.036868,0.17177,0.064383
"supp_frac.W",14,1.0265,0.87793,1.1983,1,0.08175,-0.034149,0.19072,0.0625
"supp_frac.W",15,0.88337,0.75636,1.033,0.99791,0.034737,-0.042956,0.12238,0.07736
"supp_frac.W",16,0.91085,0.75825,1.0873,0.99886,0.0024604,-0.081576,0.089293,0.070979
"supp_frac.W",17,1.0097,0.85709,1.1864,1,0.0090132,-0.10839,0.11976,0.0625
"supp_frac.W",18,0.95871,0.81913,1.1131,0.99844,-0.0023326,-0.11917,0.12081,0.073868
"supp_frac.W",19,0.89088,0.78367,0.99989,0.99547,0.0296,-0.078381,0.14767,0.091776
"supp_frac.W",20,0.88136,0.74141,1.0361,0.99589,0.040173,-0.073264,0.14659,0.089424
"supp_frac.W",21,0.93361,0.78203,1.0966,0.99835,0.097379,-0.0078774,0.20324,0.07449
"supp_frac.W",22,1.041,0.83217,1.2596,1,0.046774,-0.04906,0.14382,0.0625
"supp_frac.W",23,1.0523,0.83354,1.3228,1,-0.039634,-0.15769,0.076118,0.0625
"supp_frac.W",24,0.96889,0.76951,1.1827,0.99817,-0.049105,-0.16586,0.079657,0.075667
"supp_frac.W",25,0.9454,0.73168,1.2169,0.99715,-0.025619,-0.14389,0.10622,0.08212
"supp_frac.W",26,0.93625,0.73655,1.1193,0.99768,-0.068894,-0.19012,0.060551,0.078832
"supp_frac.W",27,0.9637,0.79207,1.1605,1,-0.0038121,-0.087819,0.081581,0.0625
"supp_frac.W",28,0.90044,0.75938,1.0445,0.99867,0.076064,-0.0057446,0.15471,0.072359
"supp_frac.W",29,0.95405,0.80011,1.1268,1,0.088471,0.0020514,0.18537,0.0625
"supp_frac.W",30,1.0119,0.86644,1.1863,1,0.065284,-0.023727,0.16707,0.0625
"supp_frac.W",31,0.99865,0.86756,1.174,1,0.019708,-0.070326,0.12105,0.0625
"supp_frac.W",32,1.0014,0.87068,1.1259,1,0.03779,-0.055263,0.13465,0.0625
"supp_frac.W",33,1.0365,0.87905,1.1768,1,0.05408,-0.051367,0.15721,0.0625
"supp_frac.W",34,0.91812,0.77354,1.0535,0.99772,0.074372,-0.032553,0.18271,0.078597
"supp_frac.W",35,0.96037,0.82792,1.1094,0.99913,0.075818,-0.033483,0.17187,0.06906
"supp_frac.W",36,0.99957,0.84582,1.1485,0.99872,0.053382,-0.064511,0.17693,0.072003
"supp_frac.W",37,0.9137,0.76526,1.0596,0.99611,0.091406,-0.02159,0.2315,0.088203
"supp_frac.W",38,0.91724,0.76863,1.0578,0.99724,0.069813,-0.045702,0.1996,0.081586
"supp_frac.W",39,0.92528,0.79215,1.0701,0.99732,0.021263,-0.10939,0.15783,0.081065
"supp_frac.W",40,0.86063,0.71286,1.0104,0.99446,0.027313,-0.094628,0.1533,0.09707
"supp_frac.W",41,0.90157,0.75994,1.0464,0.99485,-0.047362,-0.18208,0.087844,0.095048
"supp_frac.W",42,0.97472,0.83277,1.1151,0.99885,-0.021163,-0.14883,0.10278,0.071086
"supp_frac.W",43,0.97729,0.84625,1.1187,0.99891,0.049795,-0.071591,0.17732,0.070642
"supp_frac.W",44,1.0496,0.84732,1.2293,1,0.050473,-0.062791,0.18513,0.0625
"supp_frac.W",45,0.9486,0.79808,1.0848,0.9998,-0.040002,-0.13549,0.05369,0.064052
"supp_frac.W",46,0.93825,0.79033,1.0823,1,-0.0039272,-0.087037,0.087175,0.0625
"supp_frac.W",47,0.87906,0.7762,1.011,0.99765,0.053048,-0.042902,0.14382,0.079045
"supp_frac.W",48,1.0093,0.8277,1.2016,0.99887,-0.029881,-0.18245,0.10663,0.070964
"supp_frac.W",49,0.99132,0.82865,1.1683,0.99724,-0.020545,-0.18135,0.11758,0.081578
"supp_frac.W",50,0.97068,0.84526,1.1096,0.99767,0.02026,-0.12702,0.16876,0.078939
"supp_frac.W",51,1.0855,0.91651,1.3068,1,0.050987,-0.086491,0.19283,0.0625
"supp_frac.W",52,1.0901,0.914,1.2759,1,0.061107,-0.074329,0.20003,0.0625
"supp_frac.W",53,1.034,0.8918,1.1628,0.99852,0.084385,-0.065822,0.25921,0.07338
"supp_frac.W",54,1.0189,0.86049,1.1761,0.9973,0.046744,-0.11727,0.22209,0.081235
"supp_frac.W",55,0.99866,0.83311,1.1602,0.99923,0.018702,-0.10563,0.14703,0.068364
"supp_frac.W",56,0.9683,0.8044,1.1117,0.99886,0.063081,-0.048746,0.17913,0.071011
"supp_frac.W",57,1.0309,0.8602,1.19,1,0.069094,-0.057477,0.18994,0.0625
"supp_frac.W",58,1.0378,0.8713,1.1962,1,0.081287,-0.041288,0.20414,0.0625
"supp_frac.W",59,1.0426,0.8798,1.1969,1,0.06397,-0.065582,0.20415,0.0625
"supp_frac.W",60,0.96603,0.82592,1.1201,0.99807,0.12397,-0.0090997,0.24446,0.076321
"supp_frac.W",61,0.90577,0.77918,1.0409,0.99752,0.093428,-0.019231,0.18875,0.079842
"supp_frac.W",62,0.96233,0.76727,1.1584,0.99832,0.080949,-0.03847,0.19608,0.074686
"supp_frac.W",63,1.0221,0.85579,1.1899,1,0.047436,-0.046093,0.13961,0.0625
"supp_frac.W",64,0.87815,0.74607,1.0105,0.99788,-0.022708,-0.098705,0.065353,0.077564
"supp_frac.W",65,1.0261,0.85468,1.1966,1,-0.060727,-0.14522,0.034161,0.0625
"supp_frac.W",66,1.1866,0.99531,1.3619,1,-0.072351,-0.17054,0.034306,0.0625
"supp_frac.W",67,1.117,0.96104,1.2793,1,-0.050248,-0.17685,0.06551,0.0625
"supp_frac.W",68,1.0298,0.83106,1.2092,1,-0.027378,-0.16203,0.081563,0.0625
"supp_frac.W",69,1.0235,0.81649,1.2055,1,0.011109,-0.1243,0.13356,0.0625
"supp_frac.W",70,1.0177,0.83882,1.1881,1,0.027166,-0.0885,0.14567,0.0625
"supp_frac.W",71,1.0592,0.8674,1.2354,1,0.12722,0.012469,0.21719,0.0625
"supp_frac.W",72,1.1097,0.90384,1.3115,1,0.19513,0.086918,0.28922,0.0625
"supp_frac.W",73,1.0872,0.93748,1.2592,1,0.15281,0.045551,0.24964,0.0625
"supp_frac.W",74,0.92368,0.77036,1.0754,0.9977,0.12895,0.018828,0.23823,0.078753
"supp_frac.W",75,0.94892,0.77464,1.1446,0.99846,0.12219,-0.0074765,0.24932,0.073779
"supp_frac.W",76,1.0457,0.85737,1.2358,1,0.043477,-0.078835,0.16387,0.0625
"supp_frac.W",77,0.93307,0.77527,1.0775,0.99808,0.033971,-0.092144,0.15402,0.076313
"supp_frac.W",78,0.82354,0.67432,0.97027,0.99486,0.018771,-0.088843,0.12501,0.095005
"supp_frac.W",79,0.89539,0.74187,1.0342,0.99761,0.022103,-0.069807,0.1229,0.079277
"supp_frac.W",80,0.95484,0.81568,1.0808,0.99869,0.047,-0.07006,0.17664,0.07216
"supp_frac.W",81,1.0405,0.83049,1.2365,1,-0.0066382,-0.10656,0.09507,0.0625
"supp_frac.W",82,1.0117,0.7949,1.2133,0.99994,-0.018004,-0.13406,0.1034,0.063008
"supp_frac.W",83,1.0339,0.81595,1.2088,1,-0.014075,-0.14547,0.1021,0.0625
"supp_frac.W",84,1.0706,0.85824,1.2653,1,0.028567,-0.095383,0.15464,0.0625
"supp_frac.W",85,1.185,0.98145,1.3945,1,0.043724,-0.068469,0.15788,0.0625
"supp_frac.W",86,1.1834,0.99689,1.3823,1,0.024564,-0.093269,0.13231,0.0625
"supp_frac.W",87,1.169,0.94854,1.3895,1,-0.010565,-0.13382,0.10771,0.0625
"supp_frac.W",88,1.2061,0.99189,1.4261,1,0.045616,-0.088222,0.19104,0.0625
"supp_frac.W",89,1.1065,0.90092,1.3122,1,0.086953,-0.044675,0.2311,0.0625
"supp_frac.W",90,1.1042,0.8895,1.3223,1,0.036251,-0.098135,0.18486,0.0625
"supp_frac.W",91,1.1448,0.92644,1.3378,1,0.016431,-0.12357,0.16537,0.0625
"supp_frac.W",92,1.1085,0.907,1.309,1,-0.048107,-0.1597,0.079562,0.0625
"supp_frac.W",93,1.0922,0.92043,1.2409,1,-0.087858,-0.20033,0.022942,0.0625
"supp_frac.W",94,1.1497,0.97655,1.3144,1,-0.10115,-0.20722,0.00028683,0.0625
"supp_frac.W",95,1.0246,0.86795,1.1884,1,-0.07414,-0.18529,0.027602,0.0625
"supp_frac.W",96,1.018,0.84193,1.1818,1,-0.012536,-0.11294,0.089777,0.0625
"supp_frac.W",97,1.0343,0.89718,1.1851,1,0.0042389,-0.12077,0.12913,0.0625
"supp_frac.W",98,1.0407,0.88586,1.2209,1,0.02996,-0.10814,0.15504,0.0625
"supp_frac.W",99,1.1896,1.0137,1.4097,1,0.10342,-0.027526,0.22857,0.0625
"supp_frac.W",100,1.1022,0.93291,1.278,1,0.1282,0.00093378,0.26211,0.0625
"supp_frac.W",101,1.0418,0.84515,1.2027,0.99915,0.055029,-0.098391,0.20144,0.06894
"supp_frac.W",102,1.0203,0.83938,1.1985,1,0.024624,-0.10491,0.14489,0.0625
"supp_frac.W",103,1.1354,0.9731,1.2858,1,0.022253,-0.087273,0.12201,0.0625
"supp_frac.W",104,1.0706,0.90157,1.2243,1,-0.0017067,-0.11797,0.10654,0.0625
"supp_frac.W",105,1.0509,0.87821,1.2343,1,0.041382,-0.077447,0.15962,0.0625
"supp_frac.W",106,1.1578,0.98185,1.3818,1,-0.026115,-0.16657,0.10216,0.0625
"supp_frac.W",107,1.1736,0.95917,1.4017,1,-0.062101,-0.19929,0.071974,0.0625
"supp_frac.W",108,1.1054,0.92824,1.2777,1,-0.062723,-0.20804,0.077514,0.0625
"supp_frac.W",109,1.1122,0.94379,1.2796,1,-0.033199,-0.15895,0.10796,0.0625
"supp_frac.W",110,1.1006,0.91259,1.2866,1,-0.051745,-0.19023,0.082283,0.0625
"supp_frac.W",111,1.0143,0.8597,1.141,0.99934,-0.080873,-0.20194,0.03598,0.067556
"supp_frac.W",112,0.98815,0.8445,1.1215,0.99959,-0.054717,-0.16479,0.049219,0.065677
"supp_frac.W",113,0.93287,0.7818,1.1023,0.99712,-0.059503,-0.1946,0.050883,0.082329
"supp_frac.W",114,0.94034,0.80845,1.0949,0.99816,-0.11493,-0.22991,-0.018797,0.075765
"supp_frac.W",115,1.1521,1.0092,1.2884,1,-0.18117,-0.298,-0.051394,0.0625
"supp_frac.W",116,1.173,0.9941,1.3431,1,-0.19403,-0.32711,-0.049575,0.0625
"supp_frac.W",117,1.1228,0.9216,1.3213,1,-0.19072,-0.30443,-0.074994,0.0625
"supp_frac.W",118,1.2499,1.0087,1.4798,1,-0.16359,-0.27239,-0.045785,0.0625
"supp_frac.W",119,1.1402,0.94817,1.318,1,-0.16157,-0.27419,-0.044205,0.0625
"supp_frac.W",120,1.0082,0.8545,1.1697,0.99942,-0.13107,-0.26112,-5.1154e-05,0.066952
"supp_frac.W",121,1.1097,0.91464,1.3073,1,-0.1043,-0.25704,0.042656,0.0625
"supp_frac.W",122,1.1409,0.93543,1.3384,1,-0.0417,-0.20564,0.1138,0.0625
"supp_frac.W",123,1.1646,0.94932,1.3978,1,0.018417,-0.13464,0.1677,0.0625
"supp_frac.W",124,1.1178,0.93383,1.3123,1,-0.039414,-0.18549,0.10469,0.0625
"supp_frac.W",125,1.242,1.0468,1.4533,1,-0.033025,-0.17785,0.13757,0.0625
"supp_frac.W",126,1.1756,0.93025,1.4215,1,-0.03483,-0.18291,0.10569,0.0625
"supp_frac.W",127,1.2096,0.97494,1.4399,1,-0.0053306,-0.12038,0.12878,0.0625
"supp_frac.W",128,1.1412,0.91338,1.3663,1,-0.016889,-0.15479,0.11836,0.0625
"supp_frac.W",129,0.98049,0.81913,1.1566,1,0.0090128,-0.093468,0.11126,0.0625
"supp_frac.W",130,0.92931,0.75686,1.1064,0.99708,0.0075437,-0.090971,0.1267,0.082563
"supp_frac.W",131,0.95863,0.81587,1.0955,0.99747,0.025002,-0.092182,0.15515,0.08014
"supp_frac.W",132,1.0108,0.8508,1.1872,1,0.029097,-0.078294,0.14374,0.0625
"supp_frac.W",133,0.92518,0.80032,1.045,0.99704,0.014812,-0.094486,0.12949,0.082812
"supp_frac.W",134,0.94328,0.80828,1.0852,0.99748,0.006806,-0.10968,0.12818,0.080126
"supp_frac.W",135,1.0748,0.90524,1.2505,1,0.020015,-0.080265,0.1236,0.0625
"supp_frac.W",136,0.94917,0.79394,1.1134,0.99956,-0.0036577,-0.10515,0.098665,0.065901
"supp_frac.W",137,1.1378,0.93877,1.3647,1,-0.012706,-0.11981,0.099221,0.0625
"supp_frac.W",138,1.1751,0.95694,1.4167,1,-0.065514,-0.18642,0.061189,0.0625
"supp_frac.W",139,1.08,0.8632,1.2833,1,-0.059569,-0.19379,0.078829,0.0625
"supp_frac.W",140,1.098,0.89271,1.3263,1,-0.10057,-0.23629,0.036337,0.0625
"supp_frac.W",141,1.1206,0.96995,1.2642,1,-0.060869,-0.18459,0.054104,0.0625
"supp_frac.W",142,0.99931,0.82831,1.1622,1,0.00083809,-0.12334,0.10584,0.0625
"supp_frac.W",143,0.93177,0.79743,1.0544,0.99888,0.018939,-0.085361,0.11029,0.070884
"supp_frac.W",144,0.94016,0.76773,1.0739,0.99906,0.02558,-0.071214,0.12468,0.069555
"supp_frac.W",145,0.97448,0.8306,1.0971,0.99986,0.056203,-0.057706,0.16154,0.063618
"supp_frac.W",146,0.95759,0.80303,1.1108,1,0.0031342,-0.083678,0.090083,0.0625
"supp_frac.W",147,0.9088,0.73821,1.0557,0.99819,-0.033008,-0.12895,0.061218,0.075576
"supp_frac.W",148,0.93729,0.76927,1.0871,0.99896,-0.054742,-0.16229,0.050151,0.070309
"supp_frac.W",149,1.0196,0.83306,1.1955,1,-0.03649,-0.15198,0.065254,0.0625
"supp_frac.W",150,0.99348,0.79984,1.2239,1,0.0057167,-0.10163,0.10084,0.0625
"prep_cov.W",1,0.94723,0.73152,1.1299,0.98242,0.21169,-0.069993,0.49512,0.14633
"prep_cov.W",2,0.96505,0.84243,1.0723,0.99553,-0.021027,-0.17816,0.13499,0.091418
"prep_cov.W",3,0.92554,0.7611,1.1054,0.99732,-0.050588,-0.17499,0.068399,0.081103
"prep_cov.W",4,0.97636,0.79452,1.1459,0.99929,0.036074,-0.075495,0.15487,0.067935
"prep_cov.W",5,1.04,0.8075,1.2531,1,0.012211,-0.085767,0.10098,0.0625
"prep_cov.W",6,1.0302,0.89279,1.1598,0.99929,-0.076793,-0.20827,0.061277,0.067938
"prep_cov.W",7,1.1361,0.98289,1.2728,1,-0.015018,-0.1358,0.11719,0.0625
"prep_cov.W",8,0.88763,0.75471,1.0186,0.99792,0.035885,-0.048306,0.13603,0.07732
"prep_cov.W",9,0.97447,0.80268,1.129,1,0.033567,-0.066464,0.13681,0.0625
"prep_cov.W",10,1.0518,0.8849,1.2021,1,0.046508,-0.073639,0.17145,0.0625
"prep_cov.W",11,1.0394,0.87524,1.1841,1,-0.065512,-0.19806,0.074163,0.0625
"prep_cov.W",12,1.0061,0.84359,1.174,0.99871,-0.017206,-0.14719,0.12114,0.072081
"prep_cov.W",13,1.0747,0.89498,1.2511,1,0.005756,-0.10813,0.12156,0.0625
"prep_cov.W",14,1.0025,0.82447,1.1951,1,0.076604,-0.0087825,0.16628,0.0625
"prep_cov.W",15,0.996,0.82606,1.1597,0.99907,0.017161,-0.114,0.13879,0.069523
"prep_cov.W",16,0.9236,0.77581,1.0951,0.99846,0.021976,-0.070224,0.10719,0.073738
"prep_cov.W",17,1.0064,0.85141,1.1419,0.99888,-0.012144,-0.14444,0.1301,0.070892
"prep_cov.W",18,1.083,0.83948,1.3315,1,-0.074665,-0.18144,0.035987,0.0625
"prep_cov.W",19,0.93534,0.78478,1.0782,0.9973,-0.0087945,-0.14172,0.1218,0.081201
"prep_cov.W",20,1.0861,0.96312,1.2233,1,-0.061479,-0.18052,0.043641,0.0625
"prep_cov.W",21,1.096,0.94028,1.2589,1,0.022635,-0.088961,0.13806,0.0625
"prep_cov.W",22,1.1018,0.89823,1.2859,1,0.070508,-0.045444,0.21225,0.0625
"prep_cov.W",23,1.0092,0.86832,1.145,1,0.023892,-0.092954,0.14328,0.0625
"prep_cov.W",24,0.92927,0.78257,1.068,0.99804,0.027671,-0.063011,0.13543,0.076539
"prep_cov.W",25,0.94808,0.78664,1.0993,0.99603,-0.073406,-0.20336,0.051457,0.088681
"prep_cov.W",26,1.0931,0.90044,1.2835,1,-0.15084,-0.3011,-0.0046118,0.0625
"prep_cov.W",27,0.96998,0.79881,1.136,0.99837,-0.036732,-0.15825,0.096586,0.074388
"prep_cov.W",28,0.91101,0.68216,1.1262,0.99713,-0.031822,-0.14301,0.086814,0.082223
"prep_cov.W",29,0.92813,0.79185,1.0857,0.99806,-0.030705,-0.13832,0.081851,0.076442
"prep_cov.W",30,0.95612,0.80773,1.0977,0.99861,-0.042625,-0.15319,0.077437,0.072741
"prep_cov.W",31,1.0038,0.84585,1.1702,1,-0.050287,-0.15844,0.057791,0.0625
"prep_cov.W",32,0.95555,0.79972,1.128,0.99936,-0.084105,-0.1981,0.037051,0.067408
"prep_cov.W",33,0.87236,0.7245,1.0068,0.9954,-0.07833,-0.21035,0.048189,0.092119
"prep_cov.W",34,1.069,0.89783,1.2481,1,-0.043883,-0.16457,0.09559,0.0625
"prep_cov.W",35,1.02,0.85168,1.1663,1,0.02667,-0.063227,0.12463,0.0625
"prep_cov.W",36,0.97188,0.83408,1.1252,1,0.065755,-0.020639,0.15505,0.0625
"prep_cov.W",37,1.0401,0.89032,1.2027,1,0.032679,-0.079139,0.13553,0.0625
"prep_cov.W",38,1.0655,0.88306,1.2132,1,0.029161,-0.091637,0.15299,0.0625
"prep_cov.W",39,1.0038,0.83903,1.1732,0.99923,-0.037597,-0.16085,0.089089,0.068332
"prep_cov.W",40,1.0039,0.8294,1.2033,0.99718,-0.094987,-0.26193,0.059219,0.081948
"prep_cov.W",41,1.0002,0.84944,1.1435,1,-0.11565,-0.23836,-0.0050271,0.0625
"prep_cov.W",42,0.97112,0.78374,1.1603,0.9996,-0.062811,-0.18913,0.059596,0.06564
"prep_cov.W",43,1.1144,0.94315,1.3175,1,0.018509,-0.10161,0.13346,0.0625
"prep_cov.W",44,1.0408,0.90165,1.1727,1,0.034763,-0.081044,0.1675,0.0625
"prep_cov.W",45,0.96985,0.77933,1.1574,0.99978,0.061557,-0.040974,0.17341,0.06421
"prep_cov.W",46,0.91099,0.75687,1.0695,0.99759,-0.0089932,-0.11188,0.093383,0.07944
"prep_cov.W",47,0.92366,0.7791,1.0682,0.99693,-0.016386,-0.13928,0.091085,0.083429
"prep_cov.W",48,0.98219,0.81593,1.1379,0.99962,0.020404,-0.097769,0.13423,0.065476
"prep_cov.W",49,0.96557,0.77887,1.1645,0.99942,0.091636,-0.012293,0.21079,0.066936
"prep_cov.W",50,0.99659,0.78563,1.2226,0.99985,0.0314,-0.086161,0.15263,0.063685
"prep_cov.W",51,1.0189,0.85534,1.1832,1,-0.036906,-0.14274,0.059389,0.0625
"prep_cov.W",52,1.0932,0.91199,1.2558,1,-0.0032112,-0.094824,0.094912,0.0625
"prep_cov.W",53,0.9412,0.79431,1.0876,1,0.070108,-0.02238,0.16145,0.0625
"prep_cov.W",54,0.94199,0.7917,1.0964,0.99977,0.043735,-0.046219,0.14342,0.064343
"prep_cov.W",55,1.0619,0.87379,1.2491,1,-0.083225,-0.19273,0.036796,0.0625
"prep_cov.W",56,1.0021,0.85739,1.177,0.99782,-0.085326,-0.21846,0.080997,0.077972
"prep_cov.W",57,1.0482,0.87466,1.2144,1,-0.046651,-0.14315,0.055771,0.0625
"prep_cov.W",58,0.90425,0.74415,1.0677,0.99733,0.039012,-0.075488,0.15707,0.081019
"prep_cov.W",59,1.0338,0.90032,1.1561,1,-0.011971,-0.14919,0.11412,0.0625
"prep_cov.W",60,1.0637,0.9515,1.1747,1,0.0054719,-0.11104,0.10473,0.0625
"prep_cov.W",61,1.0132,0.84721,1.1748,1,-0.10987,-0.22287,0.0047756,0.0625
"prep_cov.W",62,1.0122,0.87564,1.1737,1,0.0045345,-0.099622,0.10794,0.0625
"prep_cov.W",63,0.97742,0.85104,1.1123,0.99941,-0.080943,-0.18971,0.024212,0.067022
"prep_cov.W",64,0.94065,0.78945,1.1032,0.99867,0.038091,-0.063232,0.14728,0.072307
"prep_cov.W",65,0.79053,0.67,0.92124,0.99214,0.038613,-0.081182,0.16344,0.10835
"prep_cov.W",66,1.0677,0.85333,1.2632,1,0.017064,-0.1309,0.14823,0.0625
"prep_cov.W",67,0.90023,0.77817,1.0446,0.99719,0.049202,-0.059135,0.13649,0.081889
"prep_cov.W",68,1.0275,0.89977,1.1663,1,0.040399,-0.073538,0.16627,0.0625
"prep_cov.W",69,0.96904,0.8566,1.0915,0.99945,-0.086787,-0.20297,0.018635,0.066737
"prep_cov.W",70,0.91995,0.76156,1.0801,0.99825,-0.066109,-0.16949,0.040139,0.075155
"prep_cov.W",71,0.88183,0.74944,1.0078,0.99701,-0.0042543,-0.11307,0.10787,0.082947
"prep_cov.W",72,0.84788,0.69881,0.97362,0.99423,0.070113,-0.05133,0.18499,0.098244
"prep_cov.W",73,0.82731,0.69075,0.96054,0.99327,-0.044972,-0.16848,0.080469,0.10298
"prep_cov.W",74,1.0763,0.84731,1.317,1,-0.0257,-0.14832,0.093672,0.0625
"prep_cov.W",75,1.0181,0.84247,1.2001,1,0.060121,-0.048746,0.15931,0.0625
"prep_cov.W",76,0.98696,0.83174,1.1531,0.99916,0.0451,-0.069687,0.16334,0.06886
"prep_cov.W",77,1.0672,0.89369,1.2469,1,0.023966,-0.11927,0.15463,0.0625
"prep_cov.W",78,1.0845,0.88697,1.2857,1,0.01546,-0.12828,0.15287,0.0625
"prep_cov.W",79,0.93183,0.77445,1.1081,0.99653,0.064259,-0.078204,0.2183,0.085791
"prep_cov.W",80,1.0635,0.86287,1.2876,1,0.064722,-0.076681,0.21442,0.0625
"prep_cov.W",81,0.87728,0.69093,1.0593,0.99637,0.01671,-0.091805,0.13605,0.086723
"prep_cov.W",82,0.8785,0.67863,1.0423,0.99579,0.056521,-0.059537,0.1768,0.089982
"prep_cov.W",83,1.1008,0.91763,1.2699,1,0.06357,-0.071067,0.20686,0.0625
"prep_cov.W",84,0.96186,0.79731,1.1008,1,-0.016073,-0.11814,0.095015,0.0625
"prep_cov.W",85,0.98987,0.84647,1.1363,1,0.050989,-0.049035,0.14687,0.0625
"prep_cov.W",86,0.98826,0.85335,1.1235,0.99988,0.0023603,-0.12331,0.11204,0.063442
"prep_cov.W",87,0.93307,0.77283,1.1001,0.99936,0.12824,0.027118,0.22294,0.067402
"prep_cov.W",88,0.98744,0.79989,1.1916,1,0.14918,0.040129,0.2543,0.0625
"prep_cov.W",89,0.93602,0.81107,1.0829,0.99829,0.107,0.008409,0.22374,0.074901
"prep_cov.W",90,0.97198,0.79915,1.1118,0.99948,0.097125,-0.0062021,0.20326,0.066536
"prep_cov.W",91,0.9324,0.78321,1.0768,0.99786,0.11521,-0.0077325,0.23049,0.077721
"prep_cov.W",92,1.0657,0.85413,1.2836,1,0.02509,-0.10181,0.15918,0.0625
"prep_cov.W",93,0.94902,0.77235,1.13,0.99942,0.010588,-0.10451,0.11932,0.066934
"prep_cov.W",94,0.92118,0.74336,1.1003,0.99866,0.0074905,-0.092622,0.099938,0.072379
"prep_cov.W",95,0.87426,0.72152,1.0622,0.99746,-0.049361,-0.15736,0.040968,0.080231
"prep_cov.W",96,0.89264,0.75967,1.0282,0.99662,-0.08818,-0.20639,0.025,0.085261
"prep_cov.W",97,0.99071,0.81723,1.1473,0.9973,-0.026457,-0.17142,0.1214,0.081209
"prep_cov.W",98,1.0064,0.85787,1.1402,0.9986,0.065062,-0.074573,0.20731,0.072785
"prep_cov.W",99,1.1886,0.94199,1.4344,1,0.0021152,-0.15116,0.15626,0.0625
"prep_cov.W",100,0.99662,0.84893,1.1481,0.99935,-0.096056,-0.2141,0.033785,0.067452
"prep_cov.W",101,1.17,0.99844,1.3881,1,-0.12804,-0.24975,0.023667,0.0625
"prep_cov.W",102,1.056,0.88494,1.2369,1,-0.088908,-0.24944,0.032749,0.0625
"prep_cov.W",103,1.066,0.86257,1.2667,1,-0.049883,-0.15719,0.056813,0.0625
"prep_cov.W",104,0.95031,0.81513,1.0842,0.99948,-0.03754,-0.14777,0.071203,0.066494
"prep_cov.W",105,1.0226,0.79361,1.2316,1,0.038358,-0.081488,0.15521,0.0625
"prep_cov.W",106,0.98673,0.79619,1.1757,0.99957,-0.048898,-0.17026,0.085067,0.065802
"prep_cov.W",107,1.0106,0.87594,1.1481,1,-0.056765,-0.17467,0.045612,0.0625
"prep_cov.W",108,1.1216,0.9256,1.298,1,0.012034,-0.080062,0.11262,0.0625
"prep_cov.W",109,1.0147,0.87477,1.1606,0.99941,0.15464,0.018757,0.27461,0.067041
"prep_cov.W",110,0.93097,0.78401,1.0795,0.99692,0.040921,-0.092734,0.15513,0.083498
"prep_cov.W",111,0.96093,0.80252,1.1244,0.99946,-0.052488,-0.18521,0.0602,0.06667
"prep_cov.W",112,0.90188,0.78527,1.0307,0.99702,-0.077579,-0.21323,0.037052,0.08292
"prep_cov.W",113,0.88195,0.70597,1.1039,0.99676,-0.053181,-0.15911,0.049552,0.084461
"prep_cov.W",114,1.0053,0.85076,1.1621,1,-0.0088763,-0.13189,0.10396,0.0625
"prep_cov.W",115,1.0317,0.8531,1.1973,1,0.015179,-0.11296,0.13757,0.0625
"prep_cov.W",116,1.0295,0.87251,1.1713,0.99987,0.093991,-0.037469,0.2182,0.06352
"prep_cov.W",117,0.9657,0.83218,1.1056,0.99859,0.061065,-0.06014,0.18572,0.07285
"prep_cov.W",118,1.07,0.86747,1.2557,1,0.038389,-0.069295,0.15943,0.0625
"prep_cov.W",119,1.1081,0.95732,1.2536,1,-0.092523,-0.23965,0.065873,0.0625
"prep_cov.W",120,0.93559,0.76279,1.115,0.99672,-0.060792,-0.18742,0.061441,0.084668
"prep_cov.W",121,0.88489,0.73706,1.0282,0.99602,-0.015848,-0.13311,0.10954,0.088726
"prep_cov.W",122,0.91664,0.78201,1.0582,0.99849,0.039928,-0.04321,0.13795,0.073582
"prep_cov.W",123,0.97671,0.82759,1.1158,0.99778,-0.019384,-0.14386,0.11404,0.078217
"prep_cov.W",124,0.96339,0.83111,1.086,0.99879,-0.064924,-0.18915,0.060754,0.071488
"prep_cov.W",125,1.0113,0.83077,1.1857,0.99898,-0.013105,-0.15648,0.13696,0.070173
"prep_cov.W",126,1.1028,0.84603,1.369,1,0.016832,-0.15461,0.1783,0.0625
"prep_cov.W",127,0.93035,0.79119,1.0677,0.99754,0.0014247,-0.13605,0.11481,0.079719
"prep_cov.W",128,1.0174,0.81049,1.2514,1,-0.013802,-0.14701,0.097508,0.0625
"prep_cov.W",129,0.86043,0.68891,1.0244,0.99494,-0.035994,-0.15527,0.074739,0.094604
"prep_cov.W",130,0.87094,0.70103,1.0272,0.99568,0.043109,-0.066313,0.15198,0.09063
"prep_cov.W",131,0.91346,0.75496,1.111,0.99705,-0.024613,-0.13865,0.09512,0.082726
"prep_cov.W",132,0.85822,0.70857,1.0211,0.99522,-0.020867,-0.1258,0.09759,0.093094
"prep_cov.W",133,1.0661,0.85317,1.2715,1,0.026693,-0.091594,0.15466,0.0625
"prep_cov.W",134,1.0266,0.85185,1.1978,0.999,-0.0022737,-0.14444,0.15715,0.070001
"prep_cov.W",135,0.99738,0.85438,1.133,0.99897,-0.0057359,-0.14484,0.12337,0.070241
"prep_cov.W",136,0.95867,0.79263,1.1199,0.99841,-0.035056,-0.16233,0.086563,0.074069
"prep_cov.W",137,0.98525,0.83961,1.1379,0.99882,-0.063819,-0.17613,0.064285,0.071273
"prep_cov.W",138,0.91016,0.74833,1.0733,0.99781,-0.10321,-0.20577,-0.00078228,0.078046
"prep_cov.W",139,1.0234,0.84208,1.2015,1,0.051852,-0.069244,0.17277,0.0625
"prep_cov.W",140,1.0032,0.83057,1.224,1,0.014939,-0.086987,0.10769,0.0625
"prep_cov.W",141,0.98842,0.81684,1.1811,0.9983,-0.0094496,-0.13772,0.10808,0.074864
"prep_cov.W",142,0.9756,0.81439,1.1872,0.9987,-0.055479,-0.18253,0.068856,0.072106
"prep_cov.W",143,1.0643,0.89996,1.2974,1,-0.13181,-0.24361,-0.015617,0.0625
"prep_cov.W",144,1.0993,0.94487,1.2747,1,-0.03903,-0.16817,0.073251,0.0625
"prep_cov.W",145,1.0505,0.85214,1.26,1,-0.0021814,-0.098769,0.095292,0.0625
"prep_cov.W",146,1.0729,0.89464,1.2728,1,0.021509,-0.1061,0.14933,0.0625
"prep_cov.W",147,1.0434,0.84542,1.2812,1,-0.0057235,-0.11699,0.10164,0.0625
"prep_cov.W",148,1.227,1.0044,1.4713,1,0.025004,-0.13338,0.17009,0.0625
"prep_cov.W",149,1.1277,0.93888,1.3233,1,-0.0046517,-0.16031,0.14331,0.0625
"prep_cov.W",150,0.94667,0.82785,1.086,0.99814,-0.056409,-0.17923,0.060497,0.07589
"gono_prev",1,0.86281,0.38951,1.4862,0.96926,0.18783,-0.15706,0.50923,0.1858
"gono_prev",2,0.92244,0.47264,1.5207,0.97445,0.21402,-0.11449,0.49211,0.17132
"gono_prev",3,0.89427,0.53077,1.3924,0.97821,0.23875,-0.053338,0.48787,0.16005
"gono_prev",4,0.95429,0.63466,1.3502,0.98129,0.2159,-0.081881,0.45242,0.15015
"gono_prev",5,0.94074,0.68806,1.2356,0.98327,0.17196,-0.10628,0.41175,0.14344
"gono_prev",6,0.95295,0.72748,1.1973,0.98507,0.1951,-0.062379,0.42659,0.13704
"gono_prev",7,0.96948,0.76322,1.1798,0.98649,0.22343,-0.036094,0.46328,0.13176
"gono_prev",8,0.88806,0.68779,1.0961,0.98561,0.16511,-0.064614,0.37828,0.13506
"gono_prev",9,0.85928,0.70817,1.008,0.98676,0.15186,-0.072722,0.33599,0.13075
"gono_prev",10,0.84355,0.70928,0.993,0.98866,0.13533,-0.059413,0.30166,0.12329
"gono_prev",11,0.88106,0.75234,1.0212,0.99062,0.15342,-0.041385,0.32116,0.11509
"gono_prev",12,0.81576,0.68672,0.94854,0.98949,0.11607,-0.071723,0.26336,0.11991
"gono_prev",13,0.85991,0.71712,1.0018,0.99093,0.11089,-0.090471,0.25731,0.11378
"gono_prev",14,0.91475,0.77039,1.0479,0.99215,0.10829,-0.097948,0.27109,0.10829
"gono_prev",15,0.87529,0.73506,1.0041,0.99178,0.11383,-0.07614,0.27631,0.10999
"gono_prev",16,0.84713,0.69447,0.97665,0.99164,0.10252,-0.077599,0.25328,0.1106
"gono_prev",17,0.87581,0.70372,1.0279,0.99272,0.065507,-0.10748,0.20591,0.10562
"gono_prev",18,0.90652,0.69151,1.1094,0.99371,0.068491,-0.097607,0.21367,0.10086
"gono_prev",19,0.8876,0.72954,1.0777,0.99262,0.046457,-0.11479,0.19028,0.10612
"gono_prev",20,0.8501,0.72385,0.99327,0.99174,0.058211,-0.090488,0.20218,0.11014
"gono_prev",21,0.82128,0.69532,0.95301,0.99147,0.08142,-0.062302,0.20289,0.11138
"gono_prev",22,0.85383,0.73593,0.98783,0.99317,0.097137,-0.045759,0.21826,0.1035
"gono_prev",23,0.93555,0.81298,1.0836,0.9968,0.08914,-0.039776,0.20682,0.084251
"gono_prev",24,0.98134,0.84023,1.1214,0.99842,0.088012,-0.047992,0.20868,0.074029
"gono_prev",25,0.91819,0.75519,1.0908,0.99595,0.039539,-0.09229,0.1625,0.089099
"gono_prev",26,0.79638,0.65771,0.94787,0.99106,0.0080675,-0.13317,0.13599,0.11319
"gono_prev",27,0.85847,0.72381,1.0074,0.99275,0.028857,-0.12916,0.15962,0.10551
"gono_prev",28,0.91083,0.76718,1.066,0.99381,0.0031323,-0.1649,0.15275,0.10037
"gono_prev",29,0.9987,0.82617,1.1868,0.99631,-0.042245,-0.2202,0.11355,0.087074
"gono_prev",30,1.0316,0.86313,1.2152,0.99735,-0.029389,-0.20798,0.11782,0.080894
"gono_prev",31,0.96793,0.82253,1.1329,0.99658,-0.031493,-0.19876,0.11642,0.08551
"gono_prev",32,0.90405,0.7658,1.065,0.995,-0.023475,-0.176,0.12339,0.094268
"gono_prev",33,0.79792,0.67501,0.9507,0.99186,0.0053423,-0.13131,0.13663,0.10962
"gono_prev",34,0.78578,0.66914,0.91252,0.99146,-0.025484,-0.16119,0.11003,0.1114
"gono_prev",35,0.77545,0.63009,0.90801,0.99111,-0.058523,-0.18709,0.073308,0.11298
"gono_prev",36,0.83969,0.66825,0.99185,0.99342,-0.043818,-0.16527,0.08024,0.10227
"gono_prev",37,0.91529,0.73348,1.0873,0.99516,-0.023087,-0.15593,0.10497,0.093417
"gono_prev",38,0.93357,0.76545,1.0904,0.99543,-0.041424,-0.19257,0.097141,0.09195
"gono_prev",39,0.95247,0.79958,1.0976,0.99683,-0.031226,-0.18211,0.10671,0.084051
"gono_prev",40,0.9353,0.80858,1.0701,0.99591,-0.036451,-0.19335,0.10903,0.089309
"gono_prev",41,0.96487,0.84046,1.0866,0.99726,-0.050402,-0.20714,0.087565,0.081455
"gono_prev",42,1.011,0.86043,1.1514,0.99899,-0.012026,-0.16114,0.13145,0.070068
"gono_prev",43,0.99339,0.8261,1.1574,0.99859,0.066291,-0.081487,0.2061,0.072882
"gono_prev",44,1.049,0.87377,1.2268,1,0.14163,-0.0033323,0.26806,0.0625
"gono_prev",45,1.0475,0.86347,1.271,1,0.1396,-0.0038116,0.262,0.0625
"gono_prev",46,1.0263,0.81932,1.2806,1,0.13626,0.017617,0.25227,0.0625
"gono_prev",47,0.97955,0.77059,1.2182,1,0.13687,0.014208,0.25232,0.0625
"gono_prev",48,0.91353,0.74891,1.1289,0.99828,0.15831,0.051041,0.26318,0.074953
"gono_prev",49,0.90248,0.76668,1.0488,0.99743,0.15638,0.041616,0.26514,0.080425
"gono_prev",50,0.91591,0.78841,1.0494,0.99812,0.15411,0.040928,0.26008,0.076042
"gono_prev",51,0.91107,0.79165,1.0294,0.99761,0.10621,-0.016057,0.21553,0.079319
"gono_prev",52,0.9304,0.80737,1.055,0.99819,0.074305,-0.041297,0.18361,0.075534
"gono_prev",53,1.0037,0.88216,1.1239,1,0.087325,-0.045318,0.20783,0.0625
"gono_prev",54,1.0306,0.88808,1.1714,1,0.082359,-0.072582,0.22628,0.0625
"gono_prev",55,1.0078,0.83576,1.1702,1,0.080448,-0.066488,0.21553,0.0625
"gono_prev",56,1.0457,0.85811,1.239,1,0.10554,-0.030442,0.22134,0.0625
"gono_prev",57,1.0071,0.82969,1.2043,1,0.07423,-0.06016,0.18971,0.0625
"gono_prev",58,0.95575,0.76927,1.1532,0.99829,0.10128,-0.041173,0.2274,0.074919
"gono_prev",59,0.89367,0.71377,1.0974,0.99612,0.10679,-0.038276,0.23546,0.088153
"gono_prev",60,0.93141,0.74495,1.1019,0.99837,0.10794,-0.016468,0.22048,0.074386
"gono_prev",61,1.0085,0.83103,1.1584,1,0.081771,-0.041879,0.19434,0.0625
"gono_prev",62,1.0868,0.88998,1.2364,1,0.062237,-0.073027,0.18395,0.0625
"gono_prev",63,1.1343,0.94508,1.3077,1,0.057021,-0.098366,0.18852,0.0625
"gono_prev",64,1.1027,0.92304,1.2679,1,0.032876,-0.13565,0.17306,0.0625
"gono_prev",65,0.99976,0.82763,1.1494,0.99994,0.033525,-0.12635,0.16885,0.063012
"gono_prev",66,0.98251,0.81582,1.1077,0.99889,0.012472,-0.15496,0.15049,0.070781
"gono_prev",67,0.95087,0.78184,1.0955,0.9981,-0.0062212,-0.15746,0.13299,0.076143
"gono_prev",68,0.95436,0.77174,1.1028,0.9975,-0.04291,-0.20188,0.11794,0.079947
"gono_prev",69,0.97578,0.78931,1.142,0.99778,-0.063621,-0.22998,0.099085,0.078239
"gono_prev",70,1.0358,0.81909,1.24,0.99844,-0.028516,-0.2269,0.16599,0.073906
"gono_prev",71,1.0103,0.81918,1.1857,0.9977,-0.040637,-0.22474,0.15558,0.078751
"gono_prev",72,0.97299,0.82839,1.1108,0.99711,-0.035872,-0.21563,0.14697,0.082388
"gono_prev",73,0.93465,0.8242,1.0433,0.99668,-0.058154,-0.20637,0.097976,0.084907
"gono_prev",74,0.95519,0.81771,1.0737,0.9973,-0.10808,-0.25066,0.048858,0.081236
"gono_prev",75,0.96388,0.82359,1.106,0.99857,-0.14727,-0.26922,-0.0081373,0.073009
"gono_prev",76,0.93815,0.80814,1.0788,0.99758,-0.12915,-0.25526,0.0079017,0.079506
"gono_prev",77,0.88734,0.75749,1.018,0.99618,-0.098546,-0.21566,0.026063,0.08781
"gono_prev",78,0.91146,0.78591,1.0471,0.99738,-0.058098,-0.16671,0.05272,0.080739
"gono_prev",79,0.96727,0.81025,1.1357,0.99862,-0.0243,-0.14774,0.092826,0.072638
"gono_prev",80,0.97007,0.83099,1.132,0.99849,0.0049719,-0.11578,0.11928,0.073581
"gono_prev",81,0.9891,0.83031,1.1531,0.99933,0.039759,-0.080189,0.15159,0.067601
"gono_prev",82,1.0163,0.84517,1.1997,0.99986,0.028485,-0.10046,0.14952,0.06357
"gono_prev",83,0.98316,0.7883,1.1849,0.99918,0.023832,-0.096193,0.15159,0.068699
"gono_prev",84,1.0671,0.90061,1.2501,1,0.06474,-0.054809,0.18607,0.0625
"gono_prev",85,1.0914,0.93314,1.2609,1,0.039601,-0.095459,0.17242,0.0625
"gono_prev",86,1.1151,0.94509,1.3228,1,-0.0031596,-0.13956,0.13614,0.0625
"gono_prev",87,1.0599,0.87754,1.2889,1,0.01308,-0.11552,0.15171,0.0625
"gono_prev",88,1.0493,0.86473,1.2736,1,0.015308,-0.11072,0.15621,0.0625
"gono_prev",89,1.0768,0.88953,1.2929,1,0.010837,-0.107,0.15262,0.0625
"gono_prev",90,1.0821,0.87344,1.3049,1,0.008049,-0.10209,0.1556,0.0625
"gono_prev",91,1.1558,0.92307,1.3809,1,-0.037501,-0.1565,0.099156,0.0625
"gono_prev",92,1.2587,1.0247,1.5031,1,-0.054373,-0.18613,0.094351,0.0625
"gono_prev",93,1.2311,0.99151,1.4784,1,-0.0221,-0.1536,0.12245,0.0625
"gono_prev",94,1.2046,0.95619,1.4613,1,-0.029986,-0.15417,0.096975,0.0625
"gono_prev",95,1.2034,0.9459,1.4584,1,-0.032364,-0.15282,0.096745,0.0625
"gono_prev",96,1.2064,0.96624,1.4487,1,-0.017726,-0.14076,0.12012,0.0625
"gono_prev",97,1.1109,0.90315,1.3447,1,-0.018745,-0.14249,0.1122,0.0625
"gono_prev",98,1.1172,0.93305,1.33,1,-0.01283,-0.12322,0.11776,0.0625
"gono_prev",99,1.1242,0.94363,1.3395,1,0.012448,-0.10324,0.14318,0.0625
"gono_prev",100,1.104,0.92848,1.3105,1,-0.031218,-0.14699,0.080123,0.0625
"gono_prev",101,1.1096,0.90267,1.3429,1,-0.047258,-0.17089,0.067291,0.0625
"gono_prev",102,1.0789,0.89159,1.2965,1,-0.030598,-0.16084,0.079114,0.0625
"gono_prev",103,1.0475,0.87257,1.2429,1,-0.020196,-0.14493,0.089387,0.0625
"gono_prev",104,0.97995,0.81493,1.1491,0.99966,-0.012968,-0.14,0.12371,0.065145
"gono_prev",105,0.99755,0.84411,1.1414,0.99971,-0.0063029,-0.14798,0.12894,0.064732
"gono_prev",106,0.98778,0.83487,1.1399,0.99935,-0.021887,-0.16844,0.11331,0.06745
"gono_prev",107,0.97086,0.82245,1.1293,0.99888,-0.036333,-0.16601,0.087448,0.070891
"gono_prev",108,0.9586,0.81137,1.0848,0.99814,-0.017316,-0.15088,0.1124,0.075903
"gono_prev",109,0.95103,0.8076,1.1004,0.99858,-0.0095377,-0.13274,0.11868,0.072914
"gono_prev",110,0.94942,0.79332,1.1205,0.99839,-0.010024,-0.12568,0.1214,0.074255
"gono_prev",111,1.0312,0.85277,1.2105,1,-0.027254,-0.14389,0.095373,0.0625
"gono_prev",112,1.1438,0.96076,1.3557,1,-0.026723,-0.14994,0.099044,0.0625
"gono_prev",113,1.2141,0.99956,1.4664,1,0.010449,-0.11225,0.12633,0.0625
"gono_prev",114,1.1159,0.90609,1.3635,1,0.017318,-0.10212,0.12653,0.0625
"gono_prev",115,1.1424,0.94285,1.4001,1,0.04257,-0.074913,0.1605,0.0625
"gono_prev",116,1.2184,1.0024,1.5024,1,0.041704,-0.087426,0.16802,0.0625
"gono_prev",117,1.212,1.0158,1.4543,1,0.0012427,-0.16175,0.14223,0.0625
"gono_prev",118,1.1292,0.94683,1.3468,1,-0.022942,-0.18572,0.13244,0.0625
"gono_prev",119,1.0934,0.89658,1.3413,1,-0.041733,-0.2035,0.11696,0.0625
"gono_prev",120,0.99346,0.8023,1.2556,0.99905,-0.022691,-0.17184,0.11826,0.069684
"gono_prev",121,0.96967,0.79039,1.2033,0.99888,-0.02813,-0.17126,0.10377,0.070868
"gono_prev",122,1.0326,0.81987,1.285,1,0.0081296,-0.12827,0.14025,0.0625
"gono_prev",123,1.0321,0.83789,1.2742,1,0.0042698,-0.11941,0.12166,0.0625
"gono_prev",124,1.0638,0.85923,1.2849,1,0.035544,-0.093971,0.155,0.0625
"gono_prev",125,1.1076,0.88686,1.3491,1,0.023514,-0.10822,0.14827,0.0625
"gono_prev",126,1.0435,0.86364,1.2698,1,0.030819,-0.084978,0.14561,0.0625
"gono_prev",127,0.96857,0.82404,1.1222,0.99833,0.038417,-0.079807,0.14581,0.074654
"gono_prev",128,0.96048,0.82148,1.1126,0.99754,0.065287,-0.05808,0.18196,0.079715
"gono_prev",129,0.95049,0.79912,1.1248,0.99648,0.077057,-0.064819,0.19941,0.086115
"gono_prev",130,0.9708,0.82747,1.1589,0.99815,0.066311,-0.058311,0.1831,0.075812
"gono_prev",131,0.99927,0.85089,1.1428,0.99997,0.047651,-0.072311,0.16122,0.062726
"gono_prev",132,1.0313,0.88985,1.1863,1,0.028607,-0.11038,0.15733,0.0625
"gono_prev",133,1.0187,0.86385,1.174,0.99945,0.05018,-0.085674,0.18339,0.066744
"gono_prev",134,0.93271,0.78846,1.0861,0.99669,0.017831,-0.11499,0.15126,0.084848
"gono_prev",135,0.88209,0.74018,1.0361,0.99569,-0.0059433,-0.12423,0.11858,0.090553
"gono_prev",136,0.92677,0.77428,1.1055,0.99697,-0.013196,-0.13162,0.11043,0.083216
"gono_prev",137,0.93287,0.7954,1.1015,0.99716,-0.01952,-0.14788,0.09729,0.082088
"gono_prev",138,0.96123,0.83013,1.1089,0.99907,0.0085402,-0.10525,0.11194,0.069521
"gono_prev",139,1.0122,0.85702,1.2135,1,0.060041,-0.037172,0.16214,0.0625
"gono_prev",140,1.0991,0.89772,1.3422,1,0.067382,-0.03641,0.17618,0.0625
"gono_prev",141,1.0162,0.84048,1.2161,1,0.084255,-0.01654,0.17833,0.0625
"gono_prev",142,1.0061,0.82216,1.1902,1,0.13877,0.035052,0.23278,0.0625
"gono_prev",143,1.0201,0.79591,1.2427,1,0.17085,0.069737,0.26553,0.0625
"gono_prev",144,1.0079,0.79243,1.2244,1,0.18619,0.093325,0.283,0.0625
"gono_prev",145,0.99388,0.7954,1.1948,1,0.12861,0.0047952,0.24693,0.0625
"gono_prev",146,0.93379,0.77212,1.1009,0.99838,0.11197,-7.7042e-05,0.22009,0.074324
"gono_prev",147,0.93453,0.7589,1.1202,0.99818,0.12948,0.015289,0.24824,0.075629
"gono_prev",148,0.99046,0.81748,1.1842,1,0.15685,0.043929,0.26843,0.0625
"gono_prev",149,0.99707,0.83808,1.1842,1,0.15502,0.045927,0.2606,0.0625
"gono_prev",150,1.0441,0.85709,1.2348,1,0.16228,0.054615,0.26399,0.0625
"gono_ir",1,0.84712,0.39044,1.4535,0.97016,0.2116,-0.13774,0.51863,0.1834
"gono_ir",2,0.92596,0.49509,1.4911,0.97521,0.22895,-0.10648,0.51175,0.16911
"gono_ir",3,0.90482,0.55361,1.3802,0.97909,0.24065,-0.066405,0.5019,0.15728
"gono_ir",4,0.95653,0.6466,1.3326,0.98183,0.22004,-0.071064,0.47823,0.14833
"gono_ir",5,0.95768,0.70805,1.2534,0.98411,0.16802,-0.1017,0.41153,0.14048
"gono_ir",6,0.95806,0.74769,1.1802,0.98574,0.19968,-0.058286,0.4489,0.13457
"gono_ir",7,0.96131,0.76377,1.1709,0.98649,0.21689,-0.032393,0.45801,0.13176
"gono_ir",8,0.87694,0.68871,1.0776,0.98602,0.15603,-0.07997,0.3669,0.13355
"gono_ir",9,0.83592,0.67391,0.98914,0.98677,0.15113,-0.062233,0.35516,0.13072
"gono_ir",10,0.85581,0.70758,1.0045,0.98917,0.12725,-0.062211,0.30456,0.12122
"gono_ir",11,0.88698,0.75306,1.0468,0.99084,0.15388,-0.029781,0.33564,0.11414
"gono_ir",12,0.81969,0.70039,0.95198,0.98997,0.11586,-0.044419,0.27594,0.1179
"gono_ir",13,0.88426,0.73988,1.0339,0.99166,0.10427,-0.0566,0.27413,0.11053
"gono_ir",14,0.90297,0.76118,1.0535,0.99214,0.10451,-0.064242,0.27138,0.10832
"gono_ir",15,0.85686,0.71712,0.97878,0.9915,0.10949,-0.049733,0.27681,0.11123
"gono_ir",16,0.85422,0.70418,0.99755,0.99201,0.098931,-0.059078,0.25414,0.10891
"gono_ir",17,0.88645,0.71705,1.0503,0.99313,0.057135,-0.10016,0.20899,0.10369
"gono_ir",18,0.89442,0.68272,1.1423,0.99368,0.06498,-0.090147,0.21067,0.10103
"gono_ir",19,0.85218,0.67047,1.0075,0.99159,0.052874,-0.093497,0.21014,0.11083
"gono_ir",20,0.84672,0.70361,0.97354,0.99183,0.070371,-0.058346,0.21846,0.10976
"gono_ir",21,0.83997,0.70127,0.96806,0.99211,0.08718,-0.041641,0.21419,0.10847
"gono_ir",22,0.86074,0.72118,0.9836,0.99356,0.10687,-0.022291,0.22839,0.10159
"gono_ir",23,0.96635,0.83244,1.0885,0.99761,0.095458,-0.026506,0.22604,0.079309
"gono_ir",24,0.99915,0.85205,1.1387,0.99889,0.08303,-0.042318,0.20184,0.070787
"gono_ir",25,0.92055,0.75074,1.0887,0.99599,0.036315,-0.09897,0.14869,0.08888
"gono_ir",26,0.80896,0.65088,0.95411,0.99121,0.018711,-0.13263,0.13721,0.11252
"gono_ir",27,0.85711,0.71176,1.0143,0.99278,0.026418,-0.12895,0.15001,0.10533
"gono_ir",28,0.92554,0.77449,1.0784,0.99405,-0.013192,-0.17213,0.12689,0.099154
"gono_ir",29,0.98686,0.80575,1.1511,0.99588,-0.046256,-0.21755,0.10229,0.089503
"gono_ir",30,1.0266,0.86077,1.179,0.99735,-0.027061,-0.20428,0.1218,0.080917
"gono_ir",31,0.95337,0.79805,1.1063,0.99622,-0.026407,-0.18557,0.11825,0.087559
"gono_ir",32,0.88454,0.7326,1.0323,0.99457,-0.031357,-0.17334,0.097947,0.096493
"gono_ir",33,0.81584,0.68526,0.93828,0.99261,0.00028623,-0.128,0.12324,0.10615
"gono_ir",34,0.79611,0.67653,0.90944,0.99184,-0.031732,-0.15978,0.089099,0.1097
"gono_ir",35,0.78983,0.64858,0.91102,0.99187,-0.069145,-0.19397,0.047937,0.10957
"gono_ir",36,0.84446,0.69469,0.9927,0.99381,-0.052532,-0.17778,0.052332,0.10035
"gono_ir",37,0.90481,0.73721,1.0845,0.99482,-0.03729,-0.16347,0.092185,0.095214
"gono_ir",38,0.94464,0.77974,1.1058,0.99597,-0.035915,-0.1849,0.11268,0.08898
"gono_ir",39,0.96921,0.80567,1.1057,0.9972,-0.016915,-0.16185,0.1343,0.081803
"gono_ir",40,0.96061,0.80996,1.0773,0.99673,-0.038065,-0.18988,0.11079,0.084648
"gono_ir",41,0.97803,0.83733,1.0969,0.99757,-0.044449,-0.19206,0.097067,0.079547
"gono_ir",42,1.0147,0.85695,1.16,0.99898,0.00090263,-0.15273,0.13229,0.070148
"gono_ir",43,1.0092,0.84528,1.1656,0.99921,0.077171,-0.06753,0.19677,0.068478
"gono_ir",44,1.0658,0.89412,1.2199,1,0.1406,0.0009305,0.25622,0.0625
"gono_ir",45,1.0394,0.84647,1.2464,1,0.14336,0.0058217,0.26673,0.0625
"gono_ir",46,1.0294,0.8017,1.2809,1,0.14525,0.028354,0.26336,0.0625
"gono_ir",47,0.97539,0.77196,1.19,0.99975,0.14602,0.035079,0.25553,0.064447
"gono_ir",48,0.92267,0.74458,1.1078,0.99844,0.14871,0.043809,0.24553,0.073885
"gono_ir",49,0.93957,0.79296,1.088,0.99852,0.16752,0.049357,0.27328,0.07335
"gono_ir",50,0.91275,0.7803,1.032,0.9978,0.14754,0.038093,0.2496,0.078118
"gono_ir",51,0.90514,0.78228,1.0264,0.99727,0.10051,-0.019529,0.20721,0.081388
"gono_ir",52,0.95035,0.82928,1.0659,0.99903,0.075489,-0.037413,0.18574,0.069833
"gono_ir",53,1.0065,0.87902,1.113,1,0.0798,-0.044689,0.20373,0.0625
"gono_ir",54,1.0131,0.84952,1.1615,1,0.074995,-0.053292,0.22284,0.0625
"gono_ir",55,1.0243,0.84151,1.2075,1,0.09734,-0.030509,0.23648,0.0625
"gono_ir",56,1.0435,0.87296,1.2221,1,0.10118,-0.015282,0.21821,0.0625
"gono_ir",57,1.0086,0.81884,1.2071,1,0.080746,-0.035312,0.22349,0.0625
"gono_ir",58,0.9307,0.74677,1.1193,0.99741,0.10816,-0.012669,0.26146,0.080544
"gono_ir",59,0.87336,0.69601,1.0427,0.99531,0.10859,-0.035669,0.25825,0.092634
"gono_ir",60,0.96413,0.77353,1.1154,0.99962,0.096718,-0.026311,0.22458,0.065463
"gono_ir",61,1.0319,0.84301,1.1771,1,0.078409,-0.053588,0.20851,0.0625
"gono_ir",62,1.1035,0.90741,1.2562,1,0.053494,-0.068393,0.17824,0.0625
"gono_ir",63,1.1124,0.90853,1.2642,1,0.056973,-0.087804,0.19842,0.0625
"gono_ir",64,1.0962,0.91137,1.2565,1,0.039153,-0.11845,0.18422,0.0625
"gono_ir",65,0.99867,0.81093,1.1507,1,0.028719,-0.1205,0.1631,0.0625
"gono_ir",66,0.98147,0.80829,1.1138,0.99847,-0.002182,-0.16838,0.13943,0.073659
"gono_ir",67,0.96345,0.77807,1.132,0.99838,-0.013284,-0.16836,0.12631,0.07431
"gono_ir",68,0.96203,0.77315,1.1242,0.99774,-0.060733,-0.22106,0.085482,0.078448
"gono_ir",69,1.0137,0.81805,1.1649,0.9989,-0.054183,-0.22066,0.11619,0.070705
"gono_ir",70,1.0411,0.82646,1.231,0.99873,-0.02226,-0.20414,0.16661,0.0719
"gono_ir",71,1.0118,0.84263,1.1723,0.99805,-0.042618,-0.21502,0.13497,0.076488
"gono_ir",72,0.9858,0.84553,1.1254,0.99727,-0.052462,-0.22473,0.12177,0.081417
"gono_ir",73,0.91782,0.81844,1.0215,0.9961,-0.077189,-0.22793,0.067274,0.088265
"gono_ir",74,0.97937,0.85673,1.1075,0.9985,-0.11269,-0.2604,0.038987,0.073507
"gono_ir",75,0.95341,0.81141,1.1129,0.99823,-0.14996,-0.2738,-0.0093335,0.075295
"gono_ir",76,0.92334,0.78245,1.084,0.99695,-0.12162,-0.24316,0.0088591,0.083343
"gono_ir",77,0.87108,0.71801,1.0157,0.99562,-0.081657,-0.18996,0.040145,0.090939
"gono_ir",78,0.92596,0.78551,1.0638,0.99794,-0.041951,-0.14345,0.077664,0.077163
"gono_ir",79,0.99042,0.84191,1.1467,0.99892,-0.011638,-0.12796,0.1153,0.070555
"gono_ir",80,0.97024,0.82763,1.1526,0.99853,0.009552,-0.10697,0.13155,0.073254
"gono_ir",81,0.97969,0.82248,1.1651,0.99891,0.045846,-0.077161,0.18049,0.070664
"gono_ir",82,0.98117,0.82488,1.1604,0.99855,0.018051,-0.11909,0.16599,0.073148
"gono_ir",83,0.99253,0.80742,1.1697,0.99942,0.018537,-0.11577,0.15481,0.066987
"gono_ir",84,1.086,0.91494,1.2689,1,0.065431,-0.067929,0.20097,0.0625
"gono_ir",85,1.0969,0.93658,1.2726,1,0.032799,-0.10226,0.17691,0.0625
"gono_ir",86,1.1143,0.93363,1.3206,1,-0.0059202,-0.14299,0.14903,0.0625
"gono_ir",87,1.0473,0.85385,1.2576,1,0.013602,-0.12369,0.16265,0.0625
"gono_ir",88,1.0599,0.86471,1.276,1,0.016711,-0.11393,0.17198,0.0625
"gono_ir",89,1.0923,0.89407,1.324,1,0.0095767,-0.11535,0.15841,0.0625
"gono_ir",90,1.078,0.87323,1.3242,1,-0.0010988,-0.12269,0.13933,0.0625
"gono_ir",91,1.1708,0.95714,1.427,1,-0.039227,-0.1562,0.089145,0.0625
"gono_ir",92,1.2768,1.0495,1.5252,1,-0.049514,-0.17854,0.087156,0.0625
"gono_ir",93,1.2333,0.99661,1.4813,1,-0.016232,-0.1422,0.11609,0.0625
"gono_ir",94,1.1918,0.95516,1.4562,1,-0.031982,-0.14708,0.095872,0.0625
"gono_ir",95,1.22,0.9939,1.5059,1,-0.023306,-0.14564,0.11763,0.0625
"gono_ir",96,1.2037,0.9869,1.4579,1,-0.012759,-0.13334,0.13081,0.0625
"gono_ir",97,1.111,0.90094,1.3361,1,-0.014099,-0.13722,0.10617,0.0625
"gono_ir",98,1.1211,0.94735,1.3166,1,-0.0084398,-0.12442,0.11661,0.0625
"gono_ir",99,1.1257,0.9449,1.3251,1,0.018229,-0.10232,0.14808,0.0625
"gono_ir",100,1.1038,0.92574,1.2955,1,-0.031274,-0.14562,0.085126,0.0625
"gono_ir",101,1.1083,0.91497,1.3201,1,-0.044706,-0.16372,0.080135,0.0625
"gono_ir",102,1.0801,0.90521,1.2516,1,-0.028539,-0.14563,0.086646,0.0625
"gono_ir",103,1.0421,0.85294,1.2191,1,-0.030424,-0.14603,0.082514,0.0625
"gono_ir",104,0.98116,0.81927,1.1371,0.99958,-0.016793,-0.14471,0.109,0.065748
"gono_ir",105,1.0165,0.87732,1.1733,1,-0.0073467,-0.14624,0.13564,0.0625
"gono_ir",106,0.99928,0.85518,1.1488,0.99965,-0.021873,-0.15493,0.12168,0.065196
"gono_ir",107,0.99104,0.83277,1.1458,0.99935,-0.03056,-0.1552,0.096381,0.067497
"gono_ir",108,0.95268,0.81777,1.0977,0.99793,-0.0039931,-0.11904,0.12424,0.077282
"gono_ir",109,0.93678,0.7874,1.0922,0.99825,-0.0061843,-0.11017,0.11577,0.075137
"gono_ir",110,0.95364,0.80083,1.1161,0.99862,-0.0071006,-0.12825,0.11153,0.072691
"gono_ir",111,1.0219,0.86294,1.2037,1,-0.026502,-0.14221,0.087526,0.0625
"gono_ir",112,1.1477,0.96285,1.3622,1,-0.02141,-0.14207,0.10918,0.0625
"gono_ir",113,1.1857,0.96818,1.4249,1,0.012252,-0.089115,0.12937,0.0625
"gono_ir",114,1.1204,0.91481,1.3591,1,0.0039846,-0.098519,0.11677,0.0625
"gono_ir",115,1.1513,0.94545,1.4092,1,0.041668,-0.070147,0.16794,0.0625
"gono_ir",116,1.2379,1.0061,1.4985,1,0.035965,-0.088531,0.16933,0.0625
"gono_ir",117,1.2163,1.0333,1.4244,1,-0.0069417,-0.15476,0.14893,0.0625
"gono_ir",118,1.1412,0.96205,1.3246,1,-0.029634,-0.17029,0.12247,0.0625
"gono_ir",119,1.0814,0.87916,1.3136,1,-0.051093,-0.19589,0.098674,0.0625
"gono_ir",120,0.98815,0.78044,1.246,0.99894,-0.026632,-0.16641,0.10504,0.070468
"gono_ir",121,0.97078,0.77364,1.2049,0.999,-0.038747,-0.16974,0.09096,0.070034
"gono_ir",122,1.0442,0.82219,1.3118,1,0.017121,-0.11129,0.14107,0.0625
"gono_ir",123,1.0256,0.8201,1.2563,1,-0.0020159,-0.12632,0.13236,0.0625
"gono_ir",124,1.0703,0.84522,1.2844,1,0.040245,-0.080545,0.17833,0.0625
"gono_ir",125,1.1254,0.90622,1.3176,1,0.022673,-0.10403,0.15755,0.0625
"gono_ir",126,1.0431,0.87792,1.2211,1,0.027592,-0.098662,0.14656,0.0625
"gono_ir",127,0.97284,0.8236,1.1357,0.99831,0.056733,-0.076079,0.17366,0.074788
"gono_ir",128,0.97745,0.81753,1.1442,0.99791,0.078622,-0.06052,0.19954,0.07738
"gono_ir",129,0.95635,0.79508,1.1215,0.99645,0.066703,-0.089714,0.20229,0.086268
"gono_ir",130,0.97395,0.8081,1.1398,0.99852,0.056172,-0.080245,0.18107,0.073357
"gono_ir",131,1.0046,0.85705,1.1598,1,0.051644,-0.07551,0.18978,0.0625
"gono_ir",132,1.0282,0.87643,1.1665,1,0.026192,-0.11303,0.15845,0.0625
"gono_ir",133,1.0245,0.8554,1.1843,0.99972,0.052492,-0.094476,0.20251,0.064717
"gono_ir",134,0.9429,0.80988,1.0809,0.99723,0.012172,-0.1283,0.14504,0.081635
"gono_ir",135,0.88252,0.73054,1.0369,0.99558,-0.013419,-0.13667,0.10986,0.091173
"gono_ir",136,0.91592,0.74564,1.0829,0.99639,-0.013795,-0.13716,0.11676,0.086601
"gono_ir",137,0.92425,0.75585,1.075,0.99706,-0.022771,-0.14945,0.10313,0.082698
"gono_ir",138,0.98552,0.84765,1.1287,1,0.012047,-0.098971,0.12245,0.0625
"gono_ir",139,1.0278,0.85637,1.232,1,0.082413,-0.029703,0.18994,0.0625
"gono_ir",140,1.0827,0.8967,1.3319,1,0.068184,-0.046942,0.1814,0.0625
"gono_ir",141,0.9935,0.82816,1.1916,1,0.090818,-0.014248,0.19075,0.0625
"gono_ir",142,1.0181,0.8404,1.2067,1,0.1476,0.051386,0.24161,0.0625
"gono_ir",143,1.0068,0.79142,1.2346,1,0.17733,0.089957,0.26513,0.0625
"gono_ir",144,0.98493,0.78232,1.1945,1,0.18338,0.098743,0.27251,0.0625
"gono_ir",145,0.96398,0.78578,1.1519,0.99932,0.11406,0.0092557,0.21815,0.067723
"gono_ir",146,0.94479,0.77817,1.0973,0.99883,0.1205,0.0077872,0.22786,0.071227
"gono_ir",147,0.94112,0.73727,1.1307,0.99856,0.13087,0.013897,0.24609,0.0731
"gono_ir",148,0.97826,0.79434,1.1666,1,0.14624,0.0338,0.25909,0.0625
"gono_ir",149,1.0041,0.84264,1.1836,1,0.15546,0.05574,0.268,0.0625
"gono_ir",150,1.0413,0.85025,1.2469,1,0.16765,0.066544,0.27583,0.0625
"chla_prev",1,0.966,0.51543,1.4162,0.96904,0.19385,-0.17079,0.57727,0.18639
"chla_prev",2,0.9718,0.54647,1.4109,0.97332,0.22002,-0.1297,0.5902,0.17458
"chla_prev",3,1.0286,0.64198,1.4196,0.97735,0.2423,-0.098427,0.59094,0.16267
"chla_prev",4,0.9846,0.6898,1.2871,0.98042,0.21284,-0.097118,0.522,0.15299
"chla_prev",5,1,0.74451,1.2691,0.98387,0.19646,-0.085812,0.46441,0.14131
"chla_prev",6,1.0368,0.80382,1.3057,0.98715,0.2153,-0.054721,0.48406,0.12924
"chla_prev",7,1.0299,0.8196,1.2882,0.98766,0.20891,-0.063712,0.46579,0.12728
"chla_prev",8,0.96009,0.74848,1.1869,0.9859,0.19029,-0.067864,0.4395,0.13396
"chla_prev",9,0.91621,0.72371,1.0884,0.98762,0.13733,-0.10544,0.35568,0.12744
"chla_prev",10,1.0011,0.82409,1.1645,0.99079,0.085778,-0.15487,0.30632,0.11437
"chla_prev",11,1.0824,0.92017,1.2464,0.99476,0.06978,-0.16171,0.28948,0.095524
"chla_prev",12,1.0056,0.85316,1.143,0.99424,0.063309,-0.14248,0.26401,0.098223
"chla_prev",13,0.90523,0.74741,1.064,0.99212,0.077486,-0.11596,0.25959,0.10843
"chla_prev",14,0.81091,0.67925,0.94527,0.98855,0.11342,-0.076076,0.30386,0.12372
"chla_prev",15,0.7876,0.64356,0.92936,0.98776,0.075587,-0.10538,0.2626,0.12686
"chla_prev",16,0.78062,0.61858,0.94318,0.98832,0.040458,-0.12915,0.21822,0.12466
"chla_prev",17,0.72929,0.59201,0.85865,0.98775,0.024651,-0.13075,0.17782,0.12691
"chla_prev",18,0.74757,0.59077,0.9056,0.98836,0.0013073,-0.14909,0.13586,0.1245
"chla_prev",19,0.81164,0.66282,0.95184,0.98983,0.00755,-0.14201,0.15056,0.11847
"chla_prev",20,0.81976,0.68781,0.94744,0.99062,0.032193,-0.10962,0.16861,0.1151
"chla_prev",21,0.8774,0.76084,1.0043,0.9922,0.026528,-0.12539,0.17151,0.10803
"chla_prev",22,0.89162,0.7608,1.0363,0.9933,0.022508,-0.11318,0.1602,0.10285
"chla_prev",23,0.95225,0.80849,1.1012,0.99577,0.06572,-0.065605,0.20412,0.090126
"chla_prev",24,0.97338,0.8663,1.0974,0.99535,0.067954,-0.089632,0.22272,0.092412
"chla_prev",25,0.98727,0.87069,1.1007,0.99529,0.029665,-0.14965,0.20518,0.092708
"chla_prev",26,0.95733,0.84677,1.0677,0.99496,0.014139,-0.14718,0.17983,0.094494
"chla_prev",27,0.9109,0.80073,1.0292,0.99342,0.013857,-0.14516,0.17892,0.1023
"chla_prev",28,0.93623,0.82425,1.0561,0.99463,-0.015283,-0.16048,0.1366,0.096221
"chla_prev",29,0.97587,0.86085,1.0928,0.99663,-0.053433,-0.20709,0.099844,0.085222
"chla_prev",30,0.9811,0.87593,1.0918,0.99639,-0.04653,-0.20877,0.12754,0.086633
"chla_prev",31,1.0136,0.85725,1.1942,0.99801,-0.059138,-0.21771,0.1164,0.076736
"chla_prev",32,1.0034,0.79972,1.2375,0.9981,-0.061578,-0.21473,0.10851,0.076139
"chla_prev",33,0.96761,0.77308,1.1874,0.99658,-0.062051,-0.21769,0.10834,0.085492
"chla_prev",34,0.93043,0.73321,1.1288,0.99645,-0.066164,-0.20923,0.08346,0.086289
"chla_prev",35,0.93846,0.75149,1.1326,0.99738,-0.074876,-0.20516,0.057637,0.080694
"chla_prev",36,0.96683,0.77977,1.1598,0.9983,-0.071837,-0.20085,0.066168,0.074834
"chla_prev",37,0.9421,0.75798,1.1231,0.99641,-0.08046,-0.2121,0.066827,0.086478
"chla_prev",38,0.9445,0.7842,1.1116,0.99689,-0.080632,-0.20882,0.056235,0.083704
"chla_prev",39,0.98214,0.83797,1.1286,0.99831,-0.08386,-0.213,0.059383,0.074769
"chla_prev",40,0.99733,0.8549,1.1438,0.99867,-0.065955,-0.18964,0.07778,0.072305
"chla_prev",41,1.0373,0.89281,1.1565,0.99997,-0.00047376,-0.13457,0.1462,0.062729
"chla_prev",42,1.0443,0.89089,1.1761,0.9989,0.0047027,-0.14505,0.1611,0.07071
"chla_prev",43,1.044,0.88568,1.1669,1,0.027089,-0.11398,0.17002,0.0625
"chla_prev",44,1.0927,0.94062,1.2155,1,0.030781,-0.10088,0.16303,0.0625
"chla_prev",45,1.0612,0.92618,1.1924,1,0.020866,-0.085128,0.13101,0.0625
"chla_prev",46,1.0439,0.88891,1.1848,1,0.0099679,-0.09311,0.11494,0.0625
"chla_prev",47,1.0535,0.87314,1.2214,1,0.038025,-0.082208,0.14764,0.0625
"chla_prev",48,1.015,0.87321,1.1516,1,0.01621,-0.13322,0.13629,0.0625
"chla_prev",49,1.1193,0.98653,1.2619,1,0.006404,-0.16503,0.14666,0.0625
"chla_prev",50,1.0923,0.96017,1.2341,1,4.7225e-05,-0.14489,0.12546,0.0625
"chla_prev",51,1.0578,0.93464,1.1906,1,0.0091239,-0.13474,0.13638,0.0625
"chla_prev",52,1.0399,0.86183,1.2029,1,0.07534,-0.083636,0.22087,0.0625
"chla_prev",53,1.0433,0.88802,1.2036,1,0.089874,-0.068214,0.23528,0.0625
"chla_prev",54,0.98446,0.83862,1.139,0.9977,0.10661,-0.049895,0.25618,0.078747
"chla_prev",55,0.97421,0.83681,1.1195,0.99755,0.071584,-0.07475,0.2121,0.079695
"chla_prev",56,0.9543,0.8287,1.0787,0.99818,0.054102,-0.076202,0.1738,0.075601
"chla_prev",57,0.94365,0.81502,1.0658,0.99796,0.054563,-0.07276,0.17592,0.07708
"chla_prev",58,0.95618,0.81884,1.092,0.99697,0.059033,-0.086917,0.1954,0.083233
"chla_prev",59,0.92707,0.78034,1.0801,0.99529,0.025567,-0.13938,0.17178,0.092722
"chla_prev",60,0.91162,0.75225,1.0767,0.99527,0.0018522,-0.14786,0.13454,0.092841
"chla_prev",61,1.0014,0.83121,1.1894,0.99965,0.02024,-0.10247,0.14589,0.065206
"chla_prev",62,0.98829,0.82887,1.1398,0.99945,0.019678,-0.10661,0.14784,0.06673
"chla_prev",63,0.98007,0.82508,1.127,0.99917,0.0148,-0.11101,0.14058,0.068793
"chla_prev",64,0.9954,0.82811,1.1702,0.99948,0.029237,-0.10416,0.15603,0.066529
"chla_prev",65,0.99412,0.84537,1.1488,1,0.054982,-0.062292,0.16937,0.0625
"chla_prev",66,1.0253,0.85399,1.1965,1,0.096526,-0.0336,0.2188,0.0625
"chla_prev",67,0.98844,0.81021,1.1758,1,0.11727,-0.017145,0.23415,0.0625
"chla_prev",68,0.9553,0.76232,1.1561,0.99896,0.092592,-0.050855,0.21539,0.070281
"chla_prev",69,0.9018,0.70288,1.0908,0.99763,0.03487,-0.096808,0.16321,0.079188
"chla_prev",70,0.91143,0.72714,1.0929,0.99789,0.0084096,-0.12083,0.1408,0.077533
"chla_prev",71,0.93641,0.75245,1.1142,0.99871,0.020774,-0.10679,0.14518,0.072069
"chla_prev",72,0.94145,0.79452,1.0931,0.99836,-0.0043143,-0.1414,0.1165,0.074461
"chla_prev",73,0.99191,0.85507,1.1355,1,-0.039695,-0.17336,0.081634,0.0625
"chla_prev",74,1.0185,0.88986,1.1534,1,-0.060471,-0.1961,0.06396,0.0625
"chla_prev",75,1.0506,0.92626,1.1719,1,-0.082164,-0.2151,0.045339,0.0625
"chla_prev",76,1.0875,0.95401,1.2186,1,-0.060306,-0.20039,0.079496,0.0625
"chla_prev",77,0.97575,0.85385,1.1121,0.99947,-0.037657,-0.16483,0.082376,0.066617
"chla_prev",78,0.89618,0.78386,1.0191,0.99637,-0.016185,-0.14385,0.09751,0.08675
"chla_prev",79,0.92424,0.80222,1.0706,0.99718,-0.03498,-0.15926,0.084593,0.081928
"chla_prev",80,0.98888,0.83087,1.1867,0.99955,-0.045111,-0.17324,0.074752,0.066024
"chla_prev",81,1.0741,0.89661,1.2553,1,-0.00055455,-0.15729,0.13933,0.0625
"chla_prev",82,1.0788,0.92771,1.2272,1,0.03245,-0.11099,0.1547,0.0625
"chla_prev",83,1.0561,0.9016,1.2152,1,-0.0050739,-0.13609,0.11721,0.0625
"chla_prev",84,1.0525,0.88848,1.2209,1,-0.022227,-0.14463,0.10592,0.0625
"chla_prev",85,1.0288,0.82966,1.2238,1,-0.031873,-0.17042,0.11471,0.0625
"chla_prev",86,1.0259,0.82943,1.2573,1,0.0037129,-0.11955,0.14012,0.0625
"chla_prev",87,1.0547,0.85607,1.2766,1,0.020975,-0.09394,0.15074,0.0625
"chla_prev",88,1.1114,0.89989,1.3414,1,0.011916,-0.11121,0.14599,0.0625
"chla_prev",89,1.0969,0.91405,1.3023,1,0.0096099,-0.10117,0.1315,0.0625
"chla_prev",90,1.1091,0.89657,1.3299,1,0.0032453,-0.096374,0.11441,0.0625
"chla_prev",91,1.1417,0.91091,1.3656,1,-0.032384,-0.13139,0.074974,0.0625
"chla_prev",92,1.116,0.90558,1.323,1,-0.0066307,-0.10002,0.084752,0.0625
"chla_prev",93,1.1154,0.92768,1.3223,1,-0.0014512,-0.11416,0.10188,0.0625
"chla_prev",94,1.1072,0.92024,1.3117,1,-0.0086962,-0.11284,0.088721,0.0625
"chla_prev",95,1.1314,0.92881,1.338,1,-0.022585,-0.14308,0.098675,0.0625
"chla_prev",96,1.0558,0.88295,1.2431,1,-0.037703,-0.17154,0.095688,0.0625
"chla_prev",97,0.98728,0.82141,1.1567,0.99948,-0.03155,-0.16287,0.10722,0.066519
"chla_prev",98,0.97809,0.79554,1.157,0.99932,-0.035023,-0.16696,0.096841,0.067721
"chla_prev",99,1.0715,0.88572,1.2699,1,-0.031274,-0.16422,0.11315,0.0625
"chla_prev",100,1.1327,0.91838,1.3994,1,-0.067175,-0.1963,0.066613,0.0625
"chla_prev",101,1.1451,0.91311,1.4643,1,-0.078363,-0.20031,0.045551,0.0625
"chla_prev",102,1.132,0.91528,1.3786,1,-0.060162,-0.18118,0.058,0.0625
"chla_prev",103,1.1541,0.97985,1.3411,1,-0.049855,-0.18151,0.087642,0.0625
"chla_prev",104,1.1294,0.98709,1.2702,1,-0.031782,-0.17321,0.11189,0.0625
"chla_prev",105,1.0944,0.94688,1.2525,1,-0.063209,-0.19562,0.067199,0.0625
"chla_prev",106,0.99197,0.84228,1.131,1,-0.097085,-0.2352,0.035237,0.0625
"chla_prev",107,0.93025,0.78069,1.0819,0.99814,-0.12136,-0.2585,0.0031638,0.075856
"chla_prev",108,0.91628,0.76894,1.0736,0.99723,-0.095186,-0.23883,0.035188,0.081638
"chla_prev",109,0.97266,0.79614,1.1536,0.99877,-0.060813,-0.20052,0.070262,0.071634
"chla_prev",110,1.0333,0.84385,1.2401,1,-0.069857,-0.20642,0.052223,0.0625
"chla_prev",111,1.0097,0.84939,1.1866,1,-0.079273,-0.2134,0.04844,0.0625
"chla_prev",112,1.0008,0.84148,1.2147,0.99999,-0.084649,-0.23002,0.048905,0.062563
"chla_prev",113,1.0028,0.82512,1.2415,1,-0.052614,-0.17988,0.067444,0.0625
"chla_prev",114,1.0115,0.83165,1.2304,1,0.019127,-0.13275,0.14897,0.0625
"chla_prev",115,1.0532,0.87763,1.2467,1,0.05755,-0.10342,0.21019,0.0625
"chla_prev",116,1.0827,0.90993,1.2759,1,0.045497,-0.10385,0.20625,0.0625
"chla_prev",117,0.99037,0.81788,1.1837,0.99994,0.0077986,-0.1237,0.13903,0.063015
"chla_prev",118,0.92012,0.73107,1.1176,0.99708,0.020443,-0.11431,0.16117,0.082578
"chla_prev",119,1.0268,0.87044,1.1584,1,0.025065,-0.11761,0.18157,0.0625
"chla_prev",120,1.0795,0.92115,1.2129,1,0.00080448,-0.14037,0.15997,0.0625
"chla_prev",121,0.98569,0.8396,1.1145,0.99861,0.014557,-0.13279,0.16456,0.072762
"chla_prev",122,1.0056,0.83521,1.1903,0.9996,0.0023022,-0.13036,0.15357,0.065598
"chla_prev",123,1.0225,0.86029,1.1982,1,0.0066644,-0.1116,0.13604,0.0625
"chla_prev",124,1.0184,0.85657,1.2087,1,0.022529,-0.085143,0.1456,0.0625
"chla_prev",125,0.9919,0.84687,1.1543,1,0.026873,-0.075147,0.14495,0.0625
"chla_prev",126,0.98259,0.821,1.1478,0.99956,0.0056099,-0.11632,0.13346,0.065902
"chla_prev",127,0.94642,0.79319,1.1085,0.9988,-0.013383,-0.12859,0.10101,0.071436
"chla_prev",128,1.0161,0.83768,1.1947,1,0.0081339,-0.11378,0.12153,0.0625
"chla_prev",129,1.038,0.85567,1.2362,1,0.013578,-0.11151,0.12352,0.0625
"chla_prev",130,1.0384,0.88132,1.1789,1,-0.011672,-0.13209,0.10703,0.0625
"chla_prev",131,0.94186,0.79996,1.0791,0.99821,-0.053811,-0.17401,0.058264,0.0754
"chla_prev",132,0.94593,0.78234,1.1291,0.99873,-0.076246,-0.19388,0.030239,0.071938
"chla_prev",133,0.91818,0.75716,1.1091,0.9977,-0.070079,-0.19398,0.045995,0.078754
"chla_prev",134,0.81159,0.65377,0.97772,0.99409,-0.04837,-0.17197,0.062749,0.098939
"chla_prev",135,0.85285,0.68335,1.0393,0.9949,0.0024503,-0.11994,0.1264,0.094803
"chla_prev",136,0.90042,0.73947,1.0722,0.99587,0.0070585,-0.1301,0.15598,0.089538
"chla_prev",137,0.92367,0.7506,1.1064,0.99705,0.012055,-0.1138,0.1601,0.08275
"chla_prev",138,0.95235,0.79419,1.1208,0.99822,0.019895,-0.10191,0.16607,0.075379
"chla_prev",139,0.95074,0.78435,1.1464,0.99768,0.024462,-0.10225,0.17168,0.078863
"chla_prev",140,0.92166,0.75413,1.1176,0.99687,-0.0082239,-0.13915,0.12964,0.083782
"chla_prev",141,0.93377,0.76569,1.096,0.99844,0.010251,-0.099949,0.12575,0.073865
"chla_prev",142,0.9562,0.7817,1.1308,0.99977,0.028304,-0.075911,0.13906,0.064313
"chla_prev",143,0.94356,0.79454,1.104,0.99921,0.057097,-0.053135,0.16454,0.068478
"chla_prev",144,0.84742,0.73034,0.97953,0.99547,0.089022,-0.029788,0.20537,0.091741
"chla_prev",145,0.8132,0.69825,0.94069,0.9941,0.10188,-0.009079,0.21255,0.098904
"chla_prev",146,0.90051,0.78226,1.0401,0.99687,0.089173,-0.025581,0.2051,0.083793
"chla_prev",147,0.935,0.78658,1.1073,0.99783,0.10203,-0.025116,0.23108,0.07788
"chla_prev",148,0.9765,0.81495,1.1477,0.99868,0.12513,-0.011116,0.26276,0.072288
"chla_prev",149,1.0275,0.88373,1.1927,1,0.1648,0.037349,0.28626,0.0625
"chla_prev",150,1.0914,0.90704,1.3157,1,0.16711,0.052485,0.28268,0.0625
"chla_ir",1,0.95673,0.55212,1.3791,0.97046,0.26339,-0.085936,0.60355,0.18256
"chla_ir",2,0.99198,0.60726,1.4045,0.97419,0.21488,-0.11429,0.55115,0.1721
"chla_ir",3,1.03,0.71035,1.3811,0.97891,0.24796,-0.063425,0.55275,0.15785
"chla_ir",4,0.96977,0.68842,1.2237,0.98121,0.19897,-0.077549,0.46141,0.1504
"chla_ir",5,0.97804,0.7312,1.2159,0.9846,0.2062,-0.036592,0.45203,0.13872
"chla_ir",6,1.0329,0.81692,1.2415,0.98835,0.2124,-0.0073821,0.43161,0.12456
"chla_ir",7,0.98788,0.79127,1.177,0.98759,0.20418,-0.01889,0.41189,0.12756
"chla_ir",8,0.93592,0.74153,1.1165,0.98619,0.18023,-0.031595,0.38365,0.13292
"chla_ir",9,0.92983,0.77179,1.0881,0.98876,0.12588,-0.072798,0.31819,0.12289
"chla_ir",10,1.0234,0.86407,1.1763,0.99277,0.078278,-0.11992,0.27915,0.1054
"chla_ir",11,1.0831,0.93182,1.2369,0.99602,0.062975,-0.13604,0.2611,0.088741
"chla_ir",12,0.94626,0.80829,1.107,0.9932,0.064837,-0.12976,0.23885,0.10336
"chla_ir",13,0.90053,0.76394,1.0705,0.9921,0.088072,-0.097625,0.2589,0.1085
"chla_ir",14,0.78872,0.65347,0.91813,0.98791,0.11631,-0.068031,0.28463,0.12628
"chla_ir",15,0.79101,0.64614,0.9267,0.98803,0.067367,-0.11058,0.22696,0.12583
"chla_ir",16,0.72219,0.57624,0.86441,0.9867,0.044943,-0.11234,0.19297,0.13099
"chla_ir",17,0.73714,0.60008,0.87137,0.98769,0.02493,-0.12148,0.16129,0.12716
"chla_ir",18,0.76245,0.60592,0.92039,0.98872,0.00073341,-0.13964,0.13637,0.12306
"chla_ir",19,0.83102,0.68807,0.97721,0.99066,0.018898,-0.13202,0.16362,0.11492
"chla_ir",20,0.85604,0.72566,0.97795,0.99168,0.034331,-0.099964,0.1658,0.11043
"chla_ir",21,0.86657,0.74872,0.98768,0.9919,0.026055,-0.11264,0.16679,0.10942
"chla_ir",22,0.93367,0.80005,1.0765,0.99496,0.039587,-0.10049,0.16494,0.09446
"chla_ir",23,0.9976,0.85066,1.1402,0.99712,0.068153,-0.073282,0.20883,0.082332
"chla_ir",24,0.95684,0.85158,1.0688,0.99495,0.066627,-0.090609,0.2269,0.094538
"chla_ir",25,0.97591,0.869,1.1067,0.99555,0.017212,-0.14207,0.18089,0.091321
"chla_ir",26,0.93988,0.82158,1.0668,0.99436,0.0043247,-0.1513,0.16406,0.097592
"chla_ir",27,0.91587,0.80632,1.0364,0.99342,0.0073964,-0.15863,0.1672,0.10228
"chla_ir",28,0.95725,0.83842,1.0854,0.99568,-0.038656,-0.18599,0.1201,0.090587
"chla_ir",29,0.98235,0.86066,1.0752,0.99684,-0.042035,-0.20231,0.11621,0.083989
"chla_ir",30,0.97768,0.84242,1.1005,0.99643,-0.053442,-0.20832,0.12399,0.086368
"chla_ir",31,1.0508,0.85346,1.2481,0.99958,-0.060404,-0.21284,0.10274,0.065736
"chla_ir",32,0.98081,0.78509,1.2155,0.99744,-0.073054,-0.22738,0.086283,0.08037
"chla_ir",33,0.94946,0.7272,1.1818,0.99606,-0.058048,-0.21181,0.090466,0.088475
"chla_ir",34,0.92093,0.70932,1.1243,0.99635,-0.07175,-0.20225,0.063282,0.086857
"chla_ir",35,0.94961,0.76115,1.1367,0.99749,-0.068878,-0.19286,0.063209,0.080026
"chla_ir",36,0.96943,0.76721,1.1238,0.99835,-0.070664,-0.19324,0.048538,0.074486
"chla_ir",37,0.93024,0.75528,1.1006,0.9956,-0.064829,-0.20199,0.066277,0.091062
"chla_ir",38,0.93889,0.7857,1.0705,0.99658,-0.067052,-0.20854,0.044447,0.085531
"chla_ir",39,0.9983,0.85635,1.1176,0.99842,-0.076317,-0.21878,0.057482,0.074022
"chla_ir",40,1.0006,0.86683,1.117,0.99864,-0.04274,-0.18556,0.079895,0.072536
"chla_ir",41,1.0329,0.89411,1.1454,0.99965,0.017499,-0.12342,0.15178,0.065247
"chla_ir",42,1.0475,0.90175,1.1727,0.99973,0.014203,-0.126,0.14818,0.06465
"chla_ir",43,1.0715,0.9399,1.1759,1,0.042758,-0.095002,0.17177,0.0625
"chla_ir",44,1.0889,0.9393,1.2123,1,0.034875,-0.091767,0.14223,0.0625
"chla_ir",45,1.0398,0.90413,1.1682,1,0.0040779,-0.11211,0.098158,0.0625
"chla_ir",46,1.0321,0.8727,1.1775,1,0.017545,-0.10354,0.1224,0.0625
"chla_ir",47,1.0195,0.84902,1.1824,1,0.051812,-0.068336,0.16234,0.0625
"chla_ir",48,1.0132,0.8712,1.1784,1,0.01905,-0.12061,0.14408,0.0625
"chla_ir",49,1.106,0.95763,1.2516,1,0.018182,-0.14234,0.15808,0.0625
"chla_ir",50,1.0694,0.93495,1.2029,1,0.0082009,-0.13382,0.13035,0.0625
"chla_ir",51,1.0457,0.92264,1.152,1,0.029433,-0.10866,0.14882,0.0625
"chla_ir",52,1.0185,0.8402,1.1671,0.99967,0.085795,-0.064137,0.22365,0.065063
"chla_ir",53,1.006,0.83033,1.1786,0.9984,0.10495,-0.054457,0.25288,0.074137
"chla_ir",54,0.96345,0.82852,1.1084,0.9969,0.087209,-0.066236,0.23461,0.083605
"chla_ir",55,0.94698,0.81383,1.087,0.997,0.069514,-0.078602,0.20417,0.083034
"chla_ir",56,0.94455,0.81516,1.0701,0.99843,0.044683,-0.084487,0.15719,0.07395
"chla_ir",57,0.95582,0.83535,1.073,0.99819,0.071185,-0.06046,0.19381,0.075533
"chla_ir",58,0.93595,0.81732,1.0451,0.99607,0.062009,-0.087016,0.19245,0.088461
"chla_ir",59,0.89398,0.74477,1.0602,0.99441,0.025678,-0.11834,0.14881,0.097355
"chla_ir",60,0.90813,0.75518,1.0759,0.99538,-0.0036674,-0.14632,0.11959,0.092228
"chla_ir",61,1.0112,0.84205,1.2008,1,0.015274,-0.11255,0.13227,0.0625
"chla_ir",62,0.98778,0.84092,1.1403,0.99978,0.013745,-0.11424,0.14058,0.064246
"chla_ir",63,0.97838,0.83091,1.1265,0.99879,0.016003,-0.11922,0.15215,0.07153
"chla_ir",64,0.97764,0.81646,1.1434,0.99883,0.060036,-0.069942,0.18999,0.071237
"chla_ir",65,0.99653,0.84766,1.1542,1,0.056833,-0.078018,0.18374,0.0625
"chla_ir",66,0.99599,0.84577,1.1683,1,0.10541,-0.028304,0.23372,0.0625
"chla_ir",67,1.0079,0.82486,1.198,1,0.1066,-0.030363,0.23071,0.0625
"chla_ir",68,0.93788,0.74225,1.112,0.99816,0.078986,-0.067936,0.20771,0.075725
"chla_ir",69,0.88403,0.70527,1.0646,0.99679,0.019756,-0.12441,0.14648,0.084296
"chla_ir",70,0.91182,0.71721,1.1037,0.99796,0.015931,-0.11577,0.13619,0.077042
"chla_ir",71,0.94125,0.7624,1.1268,0.99871,0.014847,-0.12881,0.14597,0.072043
"chla_ir",72,0.96305,0.81419,1.1213,0.999,-0.029766,-0.16978,0.10653,0.070021
"chla_ir",73,0.99391,0.86306,1.1395,1,-0.054548,-0.17962,0.063056,0.0625
"chla_ir",74,1.0377,0.90303,1.1614,1,-0.066403,-0.19566,0.063459,0.0625
"chla_ir",75,1.0356,0.90623,1.1555,1,-0.076351,-0.20788,0.054464,0.0625
"chla_ir",76,1.0702,0.92547,1.2024,1,-0.052262,-0.17684,0.083556,0.0625
"chla_ir",77,0.92456,0.80841,1.0426,0.99794,-0.016907,-0.14368,0.10535,0.077209
"chla_ir",78,0.88983,0.77933,1.0021,0.99602,-0.014576,-0.13967,0.1023,0.08872
"chla_ir",79,0.96345,0.8292,1.1106,0.99829,-0.031167,-0.16365,0.083302,0.074872
"chla_ir",80,1.0152,0.84114,1.1893,1,-0.036715,-0.17703,0.08582,0.0625
"chla_ir",81,1.093,0.93301,1.252,1,0.016798,-0.13487,0.1453,0.0625
"chla_ir",82,1.0404,0.88078,1.1714,1,0.039968,-0.098256,0.1636,0.0625
"chla_ir",83,1.0213,0.84417,1.169,1,0.00073896,-0.12293,0.12859,0.0625
"chla_ir",84,1.0054,0.83708,1.1822,1,-0.017739,-0.13316,0.10082,0.0625
"chla_ir",85,1.0319,0.81097,1.2422,1,-0.037335,-0.16792,0.093959,0.0625
"chla_ir",86,1.0136,0.81278,1.2125,1,0.006969,-0.11752,0.11787,0.0625
"chla_ir",87,1.0813,0.86355,1.3007,1,0.02543,-0.097985,0.13281,0.0625
"chla_ir",88,1.0962,0.88106,1.324,1,0.017901,-0.11045,0.1281,0.0625
"chla_ir",89,1.0655,0.88298,1.278,1,0.010778,-0.097386,0.11607,0.0625
"chla_ir",90,1.111,0.90781,1.3398,1,-0.0095989,-0.11272,0.092648,0.0625
"chla_ir",91,1.1226,0.92222,1.3487,1,-0.021129,-0.12505,0.071579,0.0625
"chla_ir",92,1.134,0.94072,1.325,1,0.008614,-0.092601,0.099403,0.0625
"chla_ir",93,1.0765,0.90827,1.2589,1,-0.0090505,-0.12572,0.097107,0.0625
"chla_ir",94,1.0939,0.91737,1.2973,1,-0.0079148,-0.10981,0.083199,0.0625
"chla_ir",95,1.1164,0.92001,1.3075,1,-0.023649,-0.14846,0.084458,0.0625
"chla_ir",96,1.0119,0.82249,1.212,1,-0.044585,-0.17656,0.079111,0.0625
"chla_ir",97,0.99528,0.83929,1.1715,0.99972,-0.022106,-0.16467,0.11559,0.064729
"chla_ir",98,0.99024,0.81096,1.2057,0.99988,-0.025677,-0.15822,0.11256,0.063468
"chla_ir",99,1.1045,0.91928,1.3229,1,-0.039392,-0.16835,0.090678,0.0625
"chla_ir",100,1.1193,0.92137,1.3886,1,-0.087744,-0.22206,0.027802,0.0625
"chla_ir",101,1.1419,0.9122,1.4639,1,-0.066273,-0.18611,0.04416,0.0625
"chla_ir",102,1.1284,0.90394,1.3526,1,-0.053396,-0.18551,0.064185,0.0625
"chla_ir",103,1.1604,0.97271,1.3353,1,-0.043498,-0.18007,0.091451,0.0625
"chla_ir",104,1.145,1.0013,1.2933,1,-0.040948,-0.1857,0.090527,0.0625
"chla_ir",105,1.0438,0.86408,1.2182,1,-0.065485,-0.2107,0.060214,0.0625
"chla_ir",106,0.952,0.80211,1.0976,0.99925,-0.098834,-0.23466,0.028734,0.068242
"chla_ir",107,0.94268,0.79219,1.0891,0.99845,-0.11527,-0.24211,0.014788,0.073854
"chla_ir",108,0.89928,0.7681,1.0406,0.99666,-0.084743,-0.2157,0.039999,0.08507
"chla_ir",109,0.97416,0.78712,1.1537,0.999,-0.06854,-0.20285,0.056445,0.070011
"chla_ir",110,1.0351,0.84613,1.2238,1,-0.063015,-0.17928,0.05355,0.0625
"chla_ir",111,0.99332,0.82684,1.1532,0.99997,-0.089124,-0.22092,0.040728,0.06272
"chla_ir",112,0.97599,0.81102,1.1868,0.99973,-0.083044,-0.20798,0.037052,0.064591
"chla_ir",113,1.0174,0.83801,1.2397,1,-0.046957,-0.16673,0.076721,0.0625
"chla_ir",114,1.012,0.8378,1.2205,1,0.032817,-0.10301,0.15697,0.0625
"chla_ir",115,1.0907,0.90874,1.2917,1,0.067579,-0.070271,0.21399,0.0625
"chla_ir",116,1.0858,0.90531,1.2832,1,0.031085,-0.11168,0.17414,0.0625
"chla_ir",117,0.96248,0.7889,1.1636,0.99872,-0.0041457,-0.14,0.13235,0.071969
"chla_ir",118,0.93366,0.74105,1.1182,0.99739,0.025668,-0.11338,0.16605,0.08063
"chla_ir",119,1.0946,0.94385,1.2562,1,0.024229,-0.12434,0.1926,0.0625
"chla_ir",120,1.0679,0.92234,1.2359,1,0.0059543,-0.13383,0.15249,0.0625
"chla_ir",121,0.96041,0.8256,1.1269,0.99747,-0.014428,-0.16025,0.13305,0.080144
"chla_ir",122,0.99821,0.84218,1.1847,0.99951,0.0036469,-0.12248,0.14643,0.066303
"chla_ir",123,1.02,0.86021,1.2068,1,0.0038053,-0.11993,0.13606,0.0625
"chla_ir",124,1.0325,0.88304,1.2046,1,0.016719,-0.087217,0.13096,0.0625
"chla_ir",125,0.99261,0.84229,1.1404,1,0.024984,-0.084356,0.14131,0.0625
"chla_ir",126,0.9738,0.8168,1.1277,0.99941,-0.015563,-0.13549,0.10442,0.067032
"chla_ir",127,0.94473,0.79085,1.0965,0.9986,-1.4826e-06,-0.1169,0.1208,0.072779
"chla_ir",128,1.0354,0.86548,1.1992,1,0.014174,-0.10816,0.13032,0.0625
"chla_ir",129,1.0367,0.87223,1.2045,1,0.016505,-0.10257,0.12953,0.0625
"chla_ir",130,1.0137,0.84957,1.1445,1,-0.0091194,-0.13548,0.11413,0.0625
"chla_ir",131,0.94459,0.80243,1.0822,0.99808,-0.054953,-0.1816,0.069702,0.076272
"chla_ir",132,0.94914,0.7729,1.1238,0.99854,-0.084495,-0.20856,0.025329,0.073205
"chla_ir",133,0.88819,0.71886,1.0721,0.99663,-0.065771,-0.17694,0.039664,0.085235
"chla_ir",134,0.77899,0.62344,0.93281,0.99274,-0.047855,-0.16827,0.056478,0.10553
"chla_ir",135,0.86766,0.71561,1.0188,0.99527,0.011154,-0.11618,0.12148,0.092829
"chla_ir",136,0.93231,0.77363,1.0952,0.99697,-0.0023473,-0.13274,0.11281,0.083207
"chla_ir",137,0.9765,0.81772,1.1534,0.99878,0.0061179,-0.13349,0.11186,0.071542
"chla_ir",138,0.94536,0.79509,1.0961,0.99774,0.010272,-0.12021,0.12334,0.07848
"chla_ir",139,0.93337,0.77148,1.1053,0.99722,0.015519,-0.11337,0.13377,0.081696
"chla_ir",140,0.93468,0.7803,1.1225,0.99765,-0.015999,-0.13388,0.093723,0.079065
"chla_ir",141,0.94847,0.79571,1.1229,0.99926,0.01264,-0.08606,0.10844,0.068171
"chla_ir",142,0.96035,0.81195,1.1694,1,0.027299,-0.072192,0.1211,0.0625
"chla_ir",143,0.94192,0.81229,1.0988,0.99912,0.072938,-0.027117,0.17583,0.069123
"chla_ir",144,0.84587,0.73369,0.96482,0.99516,0.11971,0.014584,0.23264,0.093397
"chla_ir",145,0.86217,0.73137,1.0078,0.99564,0.10877,0.0096628,0.22143,0.090852
"chla_ir",146,0.94565,0.80944,1.0801,0.99764,0.10204,-0.019798,0.23625,0.0791
"chla_ir",147,0.94054,0.77784,1.0932,0.99779,0.12281,0.0050488,0.26192,0.078173
"chla_ir",148,1.0167,0.84715,1.1629,0.99998,0.13378,0.00095868,0.2808,0.062622
"chla_ir",149,1.0441,0.86575,1.2163,1,0.15888,0.037632,0.27497,0.0625
"chla_ir",150,1.0915,0.89555,1.278,1,0.15556,0.045265,0.27915,0.0625
"syph_prev",1,0.90925,0.51004,1.3302,0.968,0.093099,-0.22727,0.38421,0.18916
"syph_prev",2,1.0535,0.57753,1.577,0.97085,0.12164,-0.21067,0.41528,0.18151
"syph_prev",3,1.0905,0.65925,1.5321,0.9761,0.13918,-0.19095,0.41307,0.16646
"syph_prev",4,1.0927,0.74931,1.4225,0.98175,0.16429,-0.13925,0.42221,0.14859
"syph_prev",5,1.0754,0.81204,1.3446,0.98599,0.17252,-0.11336,0.40463,0.13365
"syph_prev",6,1.0166,0.80576,1.2184,0.9887,0.15883,-0.088444,0.3693,0.12314
"syph_prev",7,0.95894,0.78578,1.1323,0.99094,0.16652,-0.03932,0.3418,0.11372
"syph_prev",8,0.92817,0.78335,1.083,0.99175,0.15738,-0.039342,0.31421,0.11012
"syph_prev",9,0.94533,0.79729,1.0889,0.99318,0.11254,-0.078832,0.27294,0.10344
"syph_prev",10,0.94391,0.79382,1.0919,0.99384,0.12128,-0.061121,0.27585,0.10022
"syph_prev",11,0.90232,0.77181,1.0305,0.99366,0.10953,-0.055009,0.25802,0.10111
"syph_prev",12,0.88843,0.7484,1.0129,0.99449,0.084141,-0.062196,0.21791,0.096905
"syph_prev",13,0.88445,0.75736,1.0053,0.99562,0.057249,-0.076609,0.17355,0.090932
"syph_prev",14,0.87466,0.72413,1.0068,0.99654,0.040875,-0.073863,0.15022,0.085745
"syph_prev",15,0.84899,0.70565,0.99155,0.99583,0.04189,-0.067761,0.15911,0.089765
"syph_prev",16,0.87331,0.73989,1.0092,0.99614,0.053098,-0.063178,0.17526,0.088052
"syph_prev",17,0.8907,0.76189,1.0206,0.99626,0.056384,-0.071758,0.18197,0.087347
"syph_prev",18,0.86911,0.72107,1.0084,0.99541,0.0578,-0.079705,0.1804,0.092095
"syph_prev",19,0.89521,0.73771,1.075,0.99618,0.082238,-0.056347,0.20242,0.087825
"syph_prev",20,0.87088,0.7205,1.0301,0.99511,0.10433,-0.030596,0.23954,0.093709
"syph_prev",21,0.89673,0.73688,1.0459,0.99543,0.11351,-0.032295,0.25048,0.091949
"syph_prev",22,0.9508,0.78285,1.1049,0.9967,0.11261,-0.046562,0.25425,0.084843
"syph_prev",23,0.9222,0.77238,1.0888,0.9956,0.10645,-0.041306,0.24343,0.091051
"syph_prev",24,0.90643,0.77648,1.0403,0.99514,0.10666,-0.031419,0.24127,0.093553
"syph_prev",25,0.928,0.78518,1.1015,0.99581,0.0611,-0.076794,0.19069,0.089895
"syph_prev",26,0.93607,0.77217,1.1223,0.9955,-0.0082047,-0.15445,0.13185,0.091593
"syph_prev",27,0.93621,0.76755,1.1247,0.99521,-0.041365,-0.19542,0.11237,0.093166
"syph_prev",28,0.94471,0.77077,1.1318,0.99606,-0.057897,-0.22592,0.090482,0.088498
"syph_prev",29,0.93953,0.76602,1.1449,0.99659,-0.06849,-0.23653,0.074846,0.085447
"syph_prev",30,0.96953,0.78925,1.181,0.99781,-0.083869,-0.25458,0.056109,0.078007
"syph_prev",31,1.0117,0.85644,1.1745,0.9993,-0.080276,-0.24637,0.064966,0.067879
"syph_prev",32,1.0401,0.88001,1.1959,1,-0.059676,-0.21379,0.076314,0.0625
"syph_prev",33,1.0421,0.87787,1.2256,1,-0.054949,-0.19135,0.06972,0.0625
"syph_prev",34,1.0076,0.80947,1.2372,1,-0.075998,-0.2063,0.048875,0.0625
"syph_prev",35,0.93473,0.75127,1.1327,0.99834,-0.088603,-0.22456,0.051778,0.074577
"syph_prev",36,0.89156,0.72262,1.0726,0.99659,-0.088444,-0.21588,0.043742,0.08543
"syph_prev",37,0.82625,0.67373,0.99004,0.99431,-0.076889,-0.19756,0.043237,0.097828
"syph_prev",38,0.7776,0.61483,0.95494,0.99253,-0.065497,-0.17999,0.043756,0.10651
"syph_prev",39,0.77927,0.61241,0.94879,0.99248,-0.079763,-0.18762,0.037548,0.10677
"syph_prev",40,0.83878,0.66355,1.015,0.99442,-0.081915,-0.1905,0.044004,0.097287
"syph_prev",41,0.86749,0.68653,1.0619,0.99597,-0.060492,-0.16551,0.053078,0.089013
"syph_prev",42,0.87476,0.70913,1.0454,0.99659,-0.01445,-0.12035,0.082303,0.085435
"syph_prev",43,0.96559,0.79883,1.1499,0.99911,0.050086,-0.073571,0.15881,0.069262
"syph_prev",44,1.0501,0.86086,1.2426,1,0.096878,-0.042035,0.22465,0.0625
"syph_prev",45,1.1322,0.92244,1.3452,1,0.1141,-0.042334,0.26139,0.0625
"syph_prev",46,1.1608,0.94502,1.3764,1,0.097219,-0.049953,0.24172,0.0625
"syph_prev",47,1.0952,0.88749,1.2899,1,0.075554,-0.068945,0.20213,0.0625
"syph_prev",48,1.1187,0.92336,1.3002,1,0.090305,-0.044603,0.21752,0.0625
"syph_prev",49,1.1219,0.91842,1.2959,1,0.089876,-0.04374,0.21616,0.0625
"syph_prev",50,1.1029,0.9183,1.2831,1,0.10279,-0.027083,0.21918,0.0625
"syph_prev",51,1.1166,0.93958,1.2922,1,0.12825,0.0047405,0.24365,0.0625
"syph_prev",52,1.0652,0.91346,1.2103,1,0.14116,0.033283,0.24156,0.0625
"syph_prev",53,0.97357,0.83208,1.1109,0.99982,0.15859,0.056371,0.25604,0.063927
"syph_prev",54,0.92596,0.7884,1.0646,0.99804,0.15368,0.052506,0.25647,0.076518
"syph_prev",55,0.90592,0.75117,1.0286,0.99743,0.13849,0.036509,0.24392,0.080428
"syph_prev",56,0.92907,0.7768,1.0577,0.99796,0.11554,0.010845,0.22315,0.077043
"syph_prev",57,0.92508,0.7641,1.074,0.99775,0.11455,0.0056346,0.2261,0.0784
"syph_prev",58,0.86457,0.73366,0.9926,0.99541,0.11817,-0.0031265,0.22667,0.092084
"syph_prev",59,0.84608,0.73509,0.95777,0.99448,0.098601,-0.028946,0.21381,0.096955
"syph_prev",60,0.8298,0.71203,0.9499,0.99313,0.065991,-0.070686,0.19763,0.10366
"syph_prev",61,0.79152,0.67145,0.90952,0.99181,0.061762,-0.075977,0.19248,0.10986
"syph_prev",62,0.7987,0.67347,0.93716,0.99222,0.052208,-0.075985,0.17581,0.10797
"syph_prev",63,0.82357,0.70259,0.9697,0.99301,0.039856,-0.092138,0.16011,0.10426
"syph_prev",64,0.85239,0.74054,1.0025,0.99392,0.023138,-0.11016,0.147,0.099825
"syph_prev",65,0.85465,0.71918,1.0166,0.99385,0.057051,-0.078918,0.20035,0.10015
"syph_prev",66,0.85827,0.6957,1.0515,0.99369,0.086175,-0.05463,0.22866,0.10097
"syph_prev",67,0.88378,0.7027,1.085,0.99435,0.10189,-0.039713,0.246,0.097657
"syph_prev",68,0.90635,0.74069,1.0688,0.99585,0.10169,-0.043962,0.23953,0.089677
"syph_prev",69,0.90943,0.75403,1.0586,0.99697,0.094264,-0.041641,0.21687,0.083194
"syph_prev",70,0.91657,0.76633,1.0822,0.99768,0.085941,-0.031686,0.20438,0.078829
"syph_prev",71,0.89675,0.75922,1.0542,0.99671,0.08489,-0.039594,0.20748,0.084762
"syph_prev",72,0.87474,0.75366,1.0095,0.99599,0.079995,-0.038893,0.2035,0.088873
"syph_prev",73,0.86439,0.71088,0.99452,0.99596,0.060493,-0.048683,0.17856,0.089051
"syph_prev",74,0.89927,0.70838,1.0461,0.99723,0.072061,-0.032175,0.19046,0.081662
"syph_prev",75,0.94572,0.75075,1.1107,0.99869,0.068987,-0.036178,0.18769,0.072205
"syph_prev",76,0.96633,0.75333,1.1729,0.99911,0.045447,-0.071417,0.15923,0.069201
"syph_prev",77,0.95581,0.73706,1.1737,0.99874,0.0033541,-0.11704,0.1286,0.071831
"syph_prev",78,0.97244,0.7745,1.1753,0.99908,-0.028231,-0.1497,0.09766,0.069418
"syph_prev",79,1.0258,0.84475,1.2224,1,-0.058634,-0.18767,0.072318,0.0625
"syph_prev",80,1.0468,0.87348,1.2127,0.99992,-0.079643,-0.23005,0.065836,0.063169
"syph_prev",81,1.0472,0.86252,1.2037,0.99823,-0.084632,-0.24063,0.076226,0.075296
"syph_prev",82,1.0142,0.82845,1.172,0.99654,-0.065843,-0.22002,0.096687,0.085729
"syph_prev",83,1.007,0.81784,1.1778,0.99766,-0.034823,-0.17758,0.10221,0.079006
"syph_prev",84,1.0252,0.82568,1.2285,0.99985,-0.010925,-0.13524,0.10969,0.063675
"syph_prev",85,1.0397,0.81725,1.2562,1,-0.0032148,-0.12851,0.11262,0.0625
"syph_prev",86,1.0441,0.83467,1.2702,1,-0.0037638,-0.13047,0.1171,0.0625
"syph_prev",87,1.0542,0.84561,1.2858,1,0.015875,-0.10431,0.12849,0.0625
"syph_prev",88,1.1133,0.89856,1.3651,1,0.033485,-0.071147,0.13958,0.0625
"syph_prev",89,1.137,0.91705,1.4082,1,0.025667,-0.07462,0.12352,0.0625
"syph_prev",90,1.1045,0.88888,1.3821,1,-0.0053384,-0.10975,0.094179,0.0625
"syph_prev",91,1.038,0.85334,1.279,1,-0.014873,-0.12139,0.10014,0.0625
"syph_prev",92,0.97443,0.81345,1.1751,0.99885,-0.040534,-0.1544,0.085004,0.071072
"syph_prev",93,0.93036,0.77004,1.1191,0.99603,-0.074619,-0.19288,0.059888,0.088651
"syph_prev",94,0.8721,0.72841,1.0336,0.99354,-0.091387,-0.22131,0.049655,0.10171
"syph_prev",95,0.88822,0.75086,1.0363,0.99399,-0.083172,-0.2183,0.076859,0.099469
"syph_prev",96,0.97774,0.8108,1.1384,0.9962,-0.040153,-0.17408,0.13514,0.087721
"syph_prev",97,1.1063,0.91434,1.2776,0.99973,0.0058144,-0.13321,0.19712,0.064609
"syph_prev",98,1.2415,1.0484,1.4269,1,0.010899,-0.12837,0.16682,0.0625
"syph_prev",99,1.2751,1.1127,1.4449,1,-0.0052683,-0.14482,0.14055,0.0625
"syph_prev",100,1.2635,1.1011,1.4208,1,0.0069076,-0.13075,0.13362,0.0625
"syph_prev",101,1.2198,1.0305,1.4054,1,-0.0056555,-0.14476,0.11821,0.0625
"syph_prev",102,1.1015,0.91925,1.2981,1,-0.025153,-0.16381,0.089816,0.0625
"syph_prev",103,1.0219,0.84617,1.2193,1,-0.019332,-0.14777,0.090804,0.0625
"syph_prev",104,0.9822,0.80313,1.1709,1,-0.018004,-0.1325,0.086137,0.0625
"syph_prev",105,1.0081,0.84478,1.1847,1,0.0062777,-0.11646,0.11424,0.0625
"syph_prev",106,1.0224,0.86126,1.1767,1,0.026304,-0.10402,0.14437,0.0625
"syph_prev",107,0.9838,0.82118,1.13,0.99976,0.048206,-0.076583,0.1647,0.064422
"syph_prev",108,0.94727,0.79967,1.0893,0.99819,0.073281,-0.04846,0.19246,0.075587
"syph_prev",109,0.91719,0.7928,1.0389,0.9971,0.057044,-0.068434,0.1686,0.082436
"syph_prev",110,0.94183,0.79182,1.0822,0.99899,0.049783,-0.064005,0.1463,0.070071
"syph_prev",111,0.95162,0.79212,1.1081,0.99984,0.032045,-0.077954,0.12598,0.063767
"syph_prev",112,0.93982,0.76869,1.109,0.99913,-0.0021101,-0.11959,0.1027,0.069059
"syph_prev",113,0.98391,0.78838,1.1808,1,-0.012434,-0.13229,0.08855,0.0625
"syph_prev",114,1.0148,0.79093,1.2211,1,-0.0070648,-0.12175,0.098221,0.0625
"syph_prev",115,0.96474,0.76768,1.192,0.99957,-0.0087781,-0.11777,0.092779,0.065801
"syph_prev",116,0.94197,0.7593,1.1442,0.99807,0.031518,-0.084487,0.14806,0.076317
"syph_prev",117,1.0103,0.82985,1.2053,1,0.096436,-0.03207,0.2182,0.0625
"syph_prev",118,1.0934,0.89245,1.2806,1,0.13076,-0.00732,0.26247,0.0625
"syph_prev",119,1.1344,0.94195,1.3131,1,0.1199,-0.012425,0.2431,0.0625
"syph_prev",120,1.0832,0.90874,1.262,1,0.12189,0.0016753,0.23925,0.0625
"syph_prev",121,1.032,0.89348,1.1767,1,0.13052,0.0066996,0.26439,0.0625
"syph_prev",122,1.0482,0.93881,1.1572,1,0.13478,0.0012162,0.26405,0.0625
"syph_prev",123,1.0818,0.9545,1.2059,1,0.12063,-0.010906,0.25093,0.0625
"syph_prev",124,1.065,0.89995,1.2405,1,0.073429,-0.070643,0.21329,0.0625
"syph_prev",125,1.0871,0.89432,1.2751,1,0.032287,-0.12577,0.18646,0.0625
"syph_prev",126,1.0773,0.86791,1.2742,0.99954,0.031083,-0.12863,0.19339,0.066045
"syph_prev",127,1.0583,0.85923,1.2479,0.99927,0.032969,-0.12501,0.19227,0.068039
"syph_prev",128,1.0477,0.84955,1.2358,1,0.026524,-0.12053,0.17042,0.0625
"syph_prev",129,1.0524,0.84827,1.2702,1,0.020843,-0.11398,0.15738,0.0625
"syph_prev",130,1.0404,0.83342,1.2551,1,0.037705,-0.089547,0.17223,0.0625
"syph_prev",131,0.95222,0.77067,1.1559,0.99871,0.039294,-0.072649,0.1574,0.072019
"syph_prev",132,0.89983,0.74733,1.0432,0.99688,0.025591,-0.076914,0.13438,0.083774
"syph_prev",133,0.89984,0.75925,1.0341,0.99725,0.016658,-0.084714,0.12663,0.081504
"syph_prev",134,0.9173,0.76601,1.0662,0.99814,-0.0049048,-0.10936,0.10451,0.075884
"syph_prev",135,0.91132,0.75911,1.0515,0.99828,-0.00067918,-0.10294,0.10619,0.074959
"syph_prev",136,0.96262,0.80571,1.1083,1,0.033772,-0.06357,0.14894,0.0625
"syph_prev",137,1.0399,0.86718,1.2139,1,0.060253,-0.044073,0.17356,0.0625
"syph_prev",138,1.0368,0.87453,1.1952,1,0.07688,-0.043543,0.19338,0.0625
"syph_prev",139,0.95073,0.83098,1.0699,0.99869,0.099094,-0.013963,0.2208,0.072174
"syph_prev",140,0.90309,0.78176,1.037,0.99656,0.10723,-0.0045791,0.22299,0.085626
"syph_prev",141,0.88518,0.7431,1.0326,0.99551,0.08754,-0.033132,0.21907,0.091546
"syph_prev",142,0.89959,0.74191,1.0469,0.99623,0.083578,-0.042194,0.21062,0.087541
"syph_prev",143,0.94497,0.7607,1.1404,0.99812,0.10316,-0.01264,0.23654,0.076012
"syph_prev",144,0.96289,0.77445,1.16,0.99908,0.11369,0.0001676,0.23793,0.069419
"syph_prev",145,1.0094,0.8547,1.1777,1,0.083721,-0.024224,0.18969,0.0625
"syph_prev",146,1.048,0.91503,1.2068,1,0.055243,-0.052576,0.1555,0.0625
"syph_prev",147,1.0459,0.91663,1.1921,1,0.058323,-0.042569,0.15541,0.0625
"syph_prev",148,0.98649,0.86206,1.1222,1,0.048444,-0.044817,0.14418,0.0625
"syph_prev",149,0.96578,0.82914,1.1152,1,0.041546,-0.050797,0.1474,0.0625
"syph_prev",150,0.9462,0.80806,1.0899,0.99899,0.046375,-0.059481,0.17039,0.070102
"syph_ir",1,1.1279,0.62438,1.7337,0.97046,0.12803,-0.24686,0.49234,0.18256
"syph_ir",2,1.1755,0.75049,1.6743,0.97841,0.13971,-0.19725,0.46336,0.15941
"syph_ir",3,1.0682,0.7857,1.3845,0.98472,0.14776,-0.12141,0.39718,0.13831
"syph_ir",4,1.068,0.85781,1.2913,0.98889,0.18504,-0.070563,0.39961,0.12238
"syph_ir",5,1.0113,0.83254,1.2037,0.99077,0.14232,-0.078573,0.35107,0.11444
"syph_ir",6,0.95304,0.77544,1.1418,0.99287,0.1461,-0.042916,0.31909,0.10491
"syph_ir",7,0.91927,0.74528,1.08,0.99374,0.15453,-0.0013539,0.29769,0.10072
"syph_ir",8,0.95038,0.82135,1.0867,0.99455,0.12327,-0.040767,0.273,0.096622
"syph_ir",9,0.9471,0.81231,1.0711,0.99459,0.080522,-0.089799,0.2299,0.096396
"syph_ir",10,0.91602,0.79282,1.0408,0.99477,0.11909,-0.030433,0.2578,0.095489
"syph_ir",11,0.90343,0.78929,1.0501,0.99571,0.072063,-0.067593,0.19095,0.09046
"syph_ir",12,0.91483,0.77832,1.0766,0.99716,0.044613,-0.081838,0.15209,0.082082
"syph_ir",13,0.89588,0.74032,1.0364,0.99757,0.026454,-0.074168,0.12572,0.07955
"syph_ir",14,0.88003,0.71786,1.0278,0.9977,0.0234,-0.07046,0.12366,0.078729
"syph_ir",15,0.87864,0.74226,1.0093,0.9965,0.048988,-0.070403,0.17075,0.08596
"syph_ir",16,0.94097,0.80634,1.0881,0.99774,0.059536,-0.07469,0.20607,0.078445
"syph_ir",17,0.87478,0.75256,1.0055,0.99568,0.053063,-0.078948,0.19706,0.090631
"syph_ir",18,0.88653,0.73177,1.0421,0.99591,0.069727,-0.066342,0.21272,0.089335
"syph_ir",19,0.88832,0.7416,1.049,0.9962,0.10377,-0.02584,0.23837,0.087682
"syph_ir",20,0.88325,0.74831,1.0263,0.99476,0.11195,-0.019822,0.2515,0.095553
"syph_ir",21,0.95867,0.82729,1.105,0.99735,0.11279,-0.026223,0.24699,0.080897
"syph_ir",22,0.97023,0.78419,1.1807,0.9973,0.099725,-0.044566,0.24248,0.081221
"syph_ir",23,0.89919,0.76357,1.0522,0.9954,0.087751,-0.044779,0.22586,0.092132
"syph_ir",24,0.95187,0.8014,1.1128,0.99693,0.077375,-0.051412,0.21565,0.083444
"syph_ir",25,0.95741,0.78444,1.1296,0.99681,-0.0057251,-0.13953,0.15287,0.084166
"syph_ir",26,0.90991,0.74823,1.0846,0.99437,-0.083343,-0.22661,0.079145,0.097563
"syph_ir",27,0.94767,0.80098,1.1048,0.99601,-0.057696,-0.1875,0.10751,0.088792
"syph_ir",28,0.95441,0.79215,1.1529,0.99748,-0.074245,-0.19385,0.06554,0.080072
"syph_ir",29,0.94836,0.80308,1.109,0.99746,-0.087731,-0.20627,0.058777,0.08021
"syph_ir",30,1.0402,0.89532,1.1828,1,-0.089343,-0.22059,0.069476,0.0625
"syph_ir",31,1.0726,0.91249,1.2005,1,-0.068008,-0.20934,0.090893,0.0625
"syph_ir",32,1.0673,0.92172,1.2164,1,-0.031384,-0.14932,0.11207,0.0625
"syph_ir",33,0.99768,0.83287,1.2048,1,-0.061073,-0.16851,0.051037,0.0625
"syph_ir",34,0.95639,0.79847,1.147,0.9993,-0.086103,-0.18651,0.035102,0.067831
"syph_ir",35,0.87657,0.73999,1.0305,0.99603,-0.102,-0.21279,0.022342,0.088645
"syph_ir",36,0.84951,0.71486,1.0002,0.99483,-0.080301,-0.18908,0.033642,0.095156
"syph_ir",37,0.79233,0.66058,0.94907,0.99332,-0.055161,-0.16382,0.047416,0.10279
"syph_ir",38,0.76901,0.62837,0.93904,0.99201,-0.069831,-0.18962,0.044334,0.10891
"syph_ir",39,0.84837,0.7158,1.0092,0.99427,-0.072917,-0.17848,0.054654,0.098051
"syph_ir",40,0.89914,0.74433,1.0712,0.99613,-0.069019,-0.18355,0.049051,0.088105
"syph_ir",41,0.87353,0.72503,1.0249,0.99699,-0.027423,-0.11683,0.062755,0.083094
"syph_ir",42,0.95692,0.77229,1.1349,0.99888,0.052992,-0.065226,0.15965,0.070884
"syph_ir",43,1.0557,0.88682,1.2456,1,0.11582,-0.015532,0.23773,0.0625
"syph_ir",44,1.1207,0.88465,1.3397,1,0.12614,-0.023148,0.26721,0.0625
"syph_ir",45,1.2354,1.0018,1.477,1,0.11606,-0.040503,0.26565,0.0625
"syph_ir",46,1.1669,0.9365,1.3805,1,0.066207,-0.081876,0.1975,0.0625
"syph_ir",47,1.0667,0.86876,1.2795,1,0.073692,-0.047337,0.18821,0.0625
"syph_ir",48,1.1289,0.92568,1.339,1,0.097022,-0.028852,0.21462,0.0625
"syph_ir",49,1.0855,0.91254,1.2677,1,0.092075,-0.035381,0.20768,0.0625
"syph_ir",50,1.0882,0.93417,1.2566,1,0.12485,-0.0015024,0.24288,0.0625
"syph_ir",51,1.058,0.9259,1.2081,1,0.1426,0.036991,0.24366,0.0625
"syph_ir",52,0.97093,0.85126,1.0963,1,0.14471,0.034893,0.24352,0.0625
"syph_ir",53,0.90551,0.76905,1.0307,0.99754,0.16235,0.052833,0.26214,0.07976
"syph_ir",54,0.88115,0.74341,1.0183,0.99658,0.1436,0.030836,0.25151,0.085505
"syph_ir",55,0.91562,0.75101,1.0881,0.99756,0.10349,-0.0079364,0.22088,0.079622
"syph_ir",56,0.99348,0.82195,1.1769,0.99968,0.099363,-0.030898,0.23858,0.064966
"syph_ir",57,0.88943,0.76683,1.0318,0.99628,0.10856,-0.017603,0.22412,0.08722
"syph_ir",58,0.82523,0.71435,0.94899,0.9939,0.10304,-0.025161,0.21754,0.099921
"syph_ir",59,0.87853,0.75839,1.0122,0.99554,0.053158,-0.074571,0.18394,0.091362
"syph_ir",60,0.81308,0.70005,0.93395,0.99187,0.03558,-0.11257,0.16814,0.10955
"syph_ir",61,0.81454,0.67726,0.9832,0.99265,0.042887,-0.083353,0.16058,0.10598
"syph_ir",62,0.84409,0.7014,1.0119,0.9939,0.036049,-0.087286,0.16112,0.09991
"syph_ir",63,0.91637,0.80724,1.0381,0.99617,0.025564,-0.10242,0.14923,0.08787
"syph_ir",64,0.88376,0.74639,1.0123,0.99455,0.01968,-0.12146,0.16269,0.096637
"syph_ir",65,0.87347,0.70303,1.0534,0.99441,0.087659,-0.036014,0.22717,0.097325
"syph_ir",66,0.89666,0.68648,1.1239,0.9943,0.10103,-0.040902,0.24696,0.097923
"syph_ir",67,0.93093,0.76675,1.1046,0.99662,0.11536,-0.017746,0.25034,0.085296
"syph_ir",68,0.93961,0.77585,1.1038,0.99818,0.086185,-0.045103,0.21608,0.075645
"syph_ir",69,0.95471,0.79654,1.1356,0.99936,0.076521,-0.04554,0.17944,0.06742
"syph_ir",70,0.91218,0.77091,1.0738,0.99758,0.07119,-0.036188,0.19544,0.079477
"syph_ir",71,0.89352,0.77584,1.0241,0.99646,0.085162,-0.032013,0.20288,0.086191
"syph_ir",72,0.84109,0.70831,0.96566,0.99547,0.05915,-0.045103,0.16107,0.09174
"syph_ir",73,0.91449,0.73706,1.106,0.9982,0.056398,-0.048837,0.15619,0.07551
"syph_ir",74,0.97568,0.7949,1.1759,0.99968,0.091333,-0.028018,0.20934,0.065008
"syph_ir",75,0.99134,0.80776,1.2054,0.99963,0.057209,-0.076289,0.17852,0.065372
"syph_ir",76,0.99103,0.78267,1.2336,0.99968,0.0072123,-0.12199,0.12815,0.065021
"syph_ir",77,0.96715,0.79574,1.2173,0.99903,-0.03131,-0.14972,0.097703,0.069777
"syph_ir",78,1.058,0.89164,1.2817,1,-0.060434,-0.18084,0.075892,0.0625
"syph_ir",79,1.0576,0.87967,1.225,1,-0.093061,-0.24208,0.053481,0.0625
"syph_ir",80,1.0112,0.86043,1.152,0.99781,-0.095094,-0.25034,0.058677,0.07804
"syph_ir",81,1.0415,0.86348,1.2025,0.99678,-0.064107,-0.24151,0.11738,0.084367
"syph_ir",82,0.99867,0.8267,1.162,0.99655,-0.018199,-0.18,0.14831,0.085716
"syph_ir",83,0.99948,0.8209,1.1688,0.99923,0.0058962,-0.1385,0.13931,0.068364
"syph_ir",84,1.0473,0.82822,1.2694,1,0.014982,-0.12399,0.14589,0.0625
"syph_ir",85,1.0375,0.82321,1.2711,1,-0.0036478,-0.14362,0.11581,0.0625
"syph_ir",86,1.0641,0.85459,1.2877,1,0.0060074,-0.12172,0.12265,0.0625
"syph_ir",87,1.1055,0.88311,1.337,1,0.034958,-0.074454,0.14406,0.0625
"syph_ir",88,1.1452,0.91036,1.3941,1,0.043073,-0.046414,0.13999,0.0625
"syph_ir",89,1.0918,0.88979,1.3382,1,0.0015518,-0.09906,0.11938,0.0625
"syph_ir",90,1.005,0.83373,1.1932,1,-0.029331,-0.13073,0.076448,0.0625
"syph_ir",91,0.92985,0.7755,1.0964,0.99747,-0.025632,-0.13216,0.08954,0.080178
"syph_ir",92,0.91679,0.76186,1.097,0.99595,-0.075872,-0.20843,0.052908,0.089134
"syph_ir",93,0.86515,0.72246,1.0282,0.99295,-0.11116,-0.27537,0.032097,0.10453
"syph_ir",94,0.87025,0.74145,1.0179,0.99339,-0.08261,-0.23592,0.061697,0.10241
"syph_ir",95,0.95737,0.81086,1.0971,0.99691,-0.049004,-0.19441,0.10018,0.083594
"syph_ir",96,1.1066,0.94206,1.2834,0.99934,0.027566,-0.145,0.21509,0.067562
"syph_ir",97,1.2297,1.0604,1.4196,1,0.043827,-0.11963,0.20847,0.0625
"syph_ir",98,1.3156,1.1361,1.5086,1,0.0068433,-0.12697,0.16804,0.0625
"syph_ir",99,1.259,1.1042,1.3923,1,-0.0089267,-0.15263,0.1529,0.0625
"syph_ir",100,1.2139,1.0312,1.3911,1,0.02955,-0.10096,0.17321,0.0625
"syph_ir",101,1.13,0.93109,1.3427,1,-0.032933,-0.16558,0.08628,0.0625
"syph_ir",102,0.98394,0.80394,1.1815,1,-0.021373,-0.14896,0.09179,0.0625
"syph_ir",103,0.97893,0.80328,1.174,1,-0.02169,-0.13166,0.089193,0.0625
"syph_ir",104,0.96854,0.79149,1.1632,0.99902,0.0025108,-0.11303,0.12015,0.069877
"syph_ir",105,1.038,0.88544,1.19,1,0.039332,-0.082795,0.16444,0.0625
"syph_ir",106,1.0066,0.8641,1.1292,1,0.037747,-0.072873,0.16273,0.0625
"syph_ir",107,0.96171,0.79198,1.1344,0.99908,0.074985,-0.033798,0.20126,0.069434
"syph_ir",108,0.90018,0.77157,1.0244,0.99634,0.080928,-0.03481,0.20415,0.086908
"syph_ir",109,0.95413,0.77919,1.1162,0.99878,0.033424,-0.083219,0.14102,0.071548
"syph_ir",110,0.96044,0.79212,1.1006,1,0.052421,-0.039522,0.14096,0.0625
"syph_ir",111,0.93614,0.79443,1.1103,0.99935,0.0035672,-0.09602,0.10376,0.067515
"syph_ir",112,0.94277,0.75887,1.1439,0.99916,-0.03319,-0.14655,0.074766,0.068846
"syph_ir",113,1.0721,0.86926,1.2938,1,-0.010886,-0.12759,0.10288,0.0625
"syph_ir",114,0.99831,0.78842,1.2129,1,-0.0011412,-0.11684,0.10871,0.0625
"syph_ir",115,0.91035,0.74886,1.0858,0.99675,0.0061807,-0.11675,0.12602,0.084493
"syph_ir",116,0.99263,0.80267,1.1898,0.99946,0.10135,-0.038224,0.22074,0.066635
"syph_ir",117,1.1127,0.92713,1.2945,1,0.16006,0.021693,0.29348,0.0625
"syph_ir",118,1.1232,0.95189,1.2983,1,0.13994,0.0045781,0.26472,0.0625
"syph_ir",119,1.1186,0.95784,1.2757,1,0.10251,-0.037681,0.22043,0.0625
"syph_ir",120,1.0039,0.83416,1.1798,1,0.10495,-0.012776,0.21694,0.0625
"syph_ir",121,1.0186,0.89597,1.1459,0.99997,0.13018,-0.0054444,0.25334,0.062747
"syph_ir",122,1.0716,0.93164,1.2324,1,0.13248,-0.0082986,0.26912,0.0625
"syph_ir",123,1.0816,0.89416,1.2877,1,0.079836,-0.05153,0.22111,0.0625
"syph_ir",124,1.0575,0.84574,1.2703,0.99939,0.013224,-0.14474,0.16702,0.067182
"syph_ir",125,1.0909,0.90489,1.2658,0.9999,0.00813,-0.15876,0.16977,0.063328
"syph_ir",126,1.0596,0.85104,1.273,0.99885,0.052107,-0.10414,0.22273,0.071056
"syph_ir",127,1.0091,0.81876,1.1967,0.99911,0.022327,-0.11615,0.17345,0.069206
"syph_ir",128,1.0366,0.83778,1.2259,1,0.016196,-0.11146,0.15559,0.0625
"syph_ir",129,1.0686,0.83981,1.2997,1,0.032037,-0.095092,0.16955,0.0625
"syph_ir",130,1.0071,0.82487,1.2177,1,0.041551,-0.068517,0.16645,0.0625
"syph_ir",131,0.86863,0.71483,1.0269,0.99599,0.029099,-0.058951,0.14158,0.088879
"syph_ir",132,0.89944,0.75906,1.0369,0.99718,0.016593,-0.088033,0.12027,0.081924
"syph_ir",133,0.89992,0.76945,1.0291,0.99762,0.0038278,-0.09635,0.12598,0.079205
"syph_ir",134,0.92183,0.7825,1.0678,0.99847,-0.0074669,-0.10874,0.11245,0.073721
"syph_ir",135,0.89886,0.74561,1.0572,0.99841,0.023016,-0.062732,0.13424,0.074126
"syph_ir",136,1.0398,0.87303,1.2183,1,0.079859,-0.021624,0.20038,0.0625
"syph_ir",137,1.0546,0.88773,1.2142,1,0.065168,-0.047355,0.19128,0.0625
"syph_ir",138,0.96365,0.85174,1.0791,0.999,0.096366,-0.028466,0.21712,0.070022
"syph_ir",139,0.86923,0.75836,0.97652,0.9956,0.11329,-0.0082594,0.24344,0.091071
"syph_ir",140,0.9089,0.7597,1.0381,0.99606,0.091386,-0.034111,0.2299,0.088496
"syph_ir",141,0.92915,0.78204,1.0732,0.99679,0.052744,-0.08096,0.19896,0.08426
"syph_ir",142,0.95433,0.76191,1.1673,0.99845,0.081169,-0.03049,0.20318,0.073806
"syph_ir",143,0.96353,0.77242,1.193,0.99947,0.10754,-0.00094964,0.21828,0.066561
"syph_ir",144,0.97692,0.84407,1.141,1,0.081854,-0.035934,0.1942,0.0625
"syph_ir",145,1.0852,0.95566,1.2443,1,0.040909,-0.067592,0.13608,0.0625
"syph_ir",146,1.0461,0.91818,1.1972,1,0.05675,-0.043309,0.15731,0.0625
"syph_ir",147,0.98128,0.86098,1.0969,1,0.053552,-0.040397,0.14924,0.0625
"syph_ir",148,0.93796,0.80107,1.0673,0.99932,0.038462,-0.052512,0.12861,0.067698
"syph_ir",149,0.94954,0.81368,1.0947,0.99896,0.038476,-0.078978,0.14978,0.070324
"syph_ir",150,0.93473,0.79173,1.0638,0.99776,0.03767,-0.087792,0.15724,0.078335
"num",1,0.82912,0.38566,1.3439,0.96784,-0.13032,-0.48572,0.18422,0.18959
"num",2,0.87217,0.41844,1.4126,0.96867,-0.17471,-0.53857,0.14772,0.18739
"num",3,0.88885,0.45047,1.4119,0.96953,-0.21257,-0.57497,0.10132,0.18508
"num",4,0.86737,0.47782,1.3097,0.97035,-0.22133,-0.55834,0.091267,0.18285
"num",5,0.86938,0.51449,1.2158,0.97118,-0.20451,-0.53781,0.092878,0.18059
"num",6,0.86519,0.51816,1.2002,0.97207,-0.22448,-0.55211,0.070656,0.17813
"num",7,0.88589,0.53949,1.1829,0.97326,-0.25028,-0.5611,0.042347,0.17476
"num",8,0.92816,0.57441,1.2379,0.97461,-0.24512,-0.54964,0.058021,0.17089
"num",9,0.93543,0.58978,1.2376,0.97544,-0.26909,-0.57147,0.040658,0.16843
"num",10,0.92358,0.60251,1.189,0.97574,-0.27254,-0.57098,0.037535,0.16754
"num",11,0.93245,0.64872,1.1807,0.97663,-0.2388,-0.53613,0.071598,0.16487
"num",12,0.89825,0.65156,1.1142,0.97771,-0.22594,-0.50378,0.062137,0.16159
"num",13,0.9133,0.66511,1.1214,0.97788,-0.24131,-0.52492,0.034543,0.16106
"num",14,0.94424,0.69044,1.1742,0.97845,-0.26799,-0.54863,0.013232,0.15929
"num",15,0.93919,0.70011,1.1481,0.97918,-0.26947,-0.53879,-0.011851,0.15699
"num",16,0.91804,0.71576,1.0733,0.97971,-0.26874,-0.52637,-0.010781,0.15531
"num",17,0.91032,0.73371,1.0537,0.98048,-0.26092,-0.5106,-0.010561,0.15282
"num",18,0.94663,0.74533,1.1117,0.98088,-0.22695,-0.48173,0.031433,0.15151
"num",19,0.94907,0.72775,1.1344,0.98144,-0.18984,-0.44778,0.065292,0.14964
"num",20,0.97505,0.75416,1.1602,0.98191,-0.21041,-0.46934,0.052343,0.14806
"num",21,1.0068,0.76953,1.203,0.98235,-0.20076,-0.46064,0.067598,0.14657
"num",22,0.9684,0.73966,1.1566,0.98299,-0.1992,-0.44314,0.068819,0.1444
"num",23,0.94347,0.71728,1.1137,0.98301,-0.2045,-0.44942,0.041621,0.14431
"num",24,0.96673,0.74662,1.144,0.98373,-0.20491,-0.45754,0.040211,0.14182
"num",25,0.92739,0.69501,1.1116,0.98322,-0.21852,-0.46563,0.0177,0.14362
"num",26,0.92174,0.69509,1.113,0.98333,-0.22616,-0.46345,0.010136,0.14323
"num",27,0.88782,0.67515,1.0799,0.98349,-0.23369,-0.46472,-0.01545,0.14265
"num",28,0.87182,0.66998,1.0435,0.98384,-0.2242,-0.44916,-0.0090443,0.14145
"num",29,0.83632,0.64238,1.0082,0.98372,-0.21085,-0.42025,0.00014644,0.14187
"num",30,0.84289,0.63814,1.0185,0.98411,-0.23003,-0.43873,-0.019707,0.14047
"num",31,0.8175,0.62355,0.98955,0.98445,-0.23485,-0.44119,-0.039468,0.13926
"num",32,0.8264,0.63304,1.0028,0.98453,-0.25979,-0.46306,-0.064447,0.13896
"num",33,0.85103,0.63357,1.0491,0.98498,-0.26867,-0.46615,-0.057406,0.13738
"num",34,0.87811,0.63586,1.0971,0.98509,-0.289,-0.48511,-0.054538,0.13694
"num",35,0.84739,0.642,1.0248,0.98538,-0.28206,-0.49476,-0.063412,0.13589
"num",36,0.85209,0.67143,1.0052,0.98631,-0.28139,-0.49049,-0.084109,0.13246
"num",37,0.86118,0.66392,1.0311,0.98715,-0.27054,-0.46896,-0.074707,0.12926
"num",38,0.84908,0.6484,1.0206,0.98711,-0.2494,-0.43886,-0.05704,0.12942
"num",39,0.8645,0.67498,1.021,0.98743,-0.24207,-0.43382,-0.0405,0.12817
"num",40,0.86286,0.6699,1.0128,0.98797,-0.21689,-0.40458,-0.029642,0.12604
"num",41,0.87036,0.6851,1.0198,0.98824,-0.20546,-0.39475,-0.024367,0.12499
"num",42,0.91266,0.738,1.0589,0.98932,-0.16594,-0.37416,0.02232,0.1206
"num",43,0.94206,0.75398,1.1049,0.99074,-0.19584,-0.387,-0.0099008,0.11458
"num",44,0.96008,0.76742,1.1273,0.99253,-0.19312,-0.37355,-0.017595,0.10651
"num",45,0.94874,0.75852,1.1045,0.99302,-0.19338,-0.36363,-0.025936,0.10421
"num",46,0.96115,0.76823,1.1218,0.9939,-0.18628,-0.35783,-0.025101,0.09989
"num",47,0.98255,0.79691,1.1263,0.99518,-0.13771,-0.30088,0.013476,0.093332
"num",48,0.95449,0.79424,1.0842,0.99512,-0.1081,-0.26309,0.037765,0.093638
"num",49,0.9906,0.82849,1.1168,0.99612,-0.068447,-0.22218,0.085571,0.08815
"num",50,0.98463,0.81469,1.1329,0.99692,-0.051347,-0.19185,0.10336,0.083488
"num",51,0.98981,0.81358,1.1525,0.99787,-0.020506,-0.15563,0.11359,0.077643
"num",52,0.98764,0.81847,1.1474,0.99817,-0.012439,-0.14382,0.11556,0.075684
"num",53,0.95384,0.7863,1.1158,0.99711,-0.0032714,-0.12953,0.11666,0.082386
"num",54,0.98504,0.80496,1.1505,0.99854,-0.0018574,-0.12712,0.1262,0.073197
"num",55,0.99616,0.8245,1.1683,0.99875,-0.014553,-0.13966,0.1194,0.071758
"num",56,0.9854,0.82646,1.156,0.99871,-0.022493,-0.13638,0.10295,0.072074
"num",57,0.95249,0.80034,1.0951,0.99785,-0.015044,-0.12895,0.10796,0.077759
"num",58,0.93158,0.77905,1.0636,0.99688,-0.013687,-0.12701,0.10517,0.083728
"num",59,0.95112,0.80126,1.0842,0.9972,-0.025457,-0.15464,0.10093,0.081816
"num",60,0.91993,0.77496,1.0396,0.99626,-0.024099,-0.15015,0.099297,0.087353
"num",61,0.89329,0.75381,1.0112,0.99535,-0.025222,-0.15138,0.093746,0.0924
"num",62,0.88836,0.74406,1.0159,0.99482,-0.038849,-0.16752,0.074572,0.095221
"num",63,0.88129,0.72539,1.0231,0.99456,-0.04027,-0.16609,0.073127,0.096573
"num",64,0.87417,0.72692,1.0249,0.99428,-0.021338,-0.1548,0.089234,0.09799
"num",65,0.85633,0.70959,1.0034,0.99392,-0.0086282,-0.14196,0.10031,0.099821
"num",66,0.80954,0.6665,0.95923,0.99291,0.003586,-0.12704,0.11304,0.10473
"num",67,0.79881,0.65461,0.95364,0.99336,-0.0024486,-0.1274,0.10574,0.10255
"num",68,0.79931,0.66241,0.94291,0.99352,-0.0025779,-0.12589,0.10198,0.1018
"num",69,0.80515,0.6722,0.94457,0.99331,-0.012343,-0.13757,0.094906,0.10282
"num",70,0.84729,0.69299,1.0104,0.99487,-0.017917,-0.14422,0.087019,0.094931
"num",71,0.82124,0.67394,0.97614,0.99421,-0.019742,-0.13939,0.080867,0.098348
"num",72,0.78742,0.63952,0.93051,0.993,-0.019244,-0.13982,0.081486,0.10429
"num",73,0.83043,0.67552,0.98869,0.99433,-0.010004,-0.12797,0.096919,0.097736
"num",74,0.84874,0.69061,1.0276,0.99469,-0.0015505,-0.12243,0.11891,0.095898
"num",75,0.83867,0.67991,1.0164,0.99397,0.0080282,-0.11535,0.1346,0.099579
"num",76,0.82798,0.66985,0.98588,0.99352,0.0080273,-0.11311,0.13563,0.1018
"num",77,0.83326,0.67898,0.97494,0.99361,0.022537,-0.10553,0.1559,0.10136
"num",78,0.87255,0.70843,1.0239,0.99545,0.016725,-0.11369,0.15436,0.09186
"num",79,0.85694,0.70471,1.0005,0.995,-0.00087722,-0.12723,0.13161,0.094261
"num",80,0.81784,0.6669,0.96746,0.99358,0.0041379,-0.12369,0.13305,0.10149
"num",81,0.84096,0.67864,0.9994,0.99407,0.011643,-0.11497,0.1436,0.099044
"num",82,0.83574,0.66894,0.98812,0.99395,0.019754,-0.10749,0.15101,0.099682
"num",83,0.84957,0.68776,0.99521,0.99408,0.0030591,-0.13267,0.14568,0.099013
"num",84,0.8537,0.70797,1.0026,0.99405,0.0092958,-0.1335,0.15114,0.09915
"num",85,0.88478,0.74651,1.0258,0.99522,0.0031903,-0.13934,0.14043,0.093123
"num",86,0.88601,0.74631,1.0317,0.99531,0.0010618,-0.14564,0.1435,0.092597
"num",87,0.89038,0.74351,1.0413,0.99506,-0.016095,-0.16389,0.13054,0.093976
"num",88,0.86993,0.72614,1.0319,0.9944,-0.017469,-0.16036,0.12824,0.097365
"num",89,0.8795,0.7369,1.0425,0.99501,-0.022063,-0.15646,0.12041,0.094217
"num",90,0.88086,0.73877,1.0439,0.99495,-0.020389,-0.1618,0.12968,0.094528
"num",91,0.87785,0.74154,1.0392,0.99484,-0.025245,-0.16469,0.1185,0.095121
"num",92,0.89788,0.75331,1.0498,0.99551,-0.034158,-0.17071,0.11052,0.09156
"num",93,0.92238,0.76951,1.0977,0.99629,-0.021258,-0.16601,0.12507,0.087162
"num",94,0.94615,0.77951,1.13,0.99725,-0.024179,-0.17161,0.11964,0.081533
"num",95,0.96706,0.8066,1.1474,0.9978,-0.011785,-0.15161,0.13811,0.078068
"num",96,0.97188,0.81298,1.142,0.99778,0.0030131,-0.13192,0.15382,0.078192
"num",97,0.98155,0.835,1.1357,0.99794,-0.0061113,-0.14281,0.14129,0.077158
"num",98,0.96609,0.83478,1.1104,0.99759,-0.0072425,-0.14327,0.13944,0.079401
"num",99,0.9593,0.81895,1.0975,0.99733,0.006559,-0.12481,0.1477,0.08102
"num",100,1.0033,0.8455,1.1472,0.99876,-0.0053854,-0.1376,0.14306,0.071685
"num",101,1.027,0.86312,1.1793,0.99961,-0.018535,-0.15418,0.13435,0.065518
"num",102,1.0307,0.8678,1.1901,1,-0.020239,-0.15503,0.12673,0.0625
"num",103,1.0899,0.92144,1.2626,1,-0.019771,-0.15814,0.12701,0.0625
"num",104,1.1086,0.94901,1.2701,1,-0.029246,-0.16516,0.11094,0.0625
"num",105,1.1191,0.94341,1.2956,1,-0.026431,-0.16096,0.11567,0.0625
"num",106,1.1012,0.91853,1.2929,1,-0.014582,-0.15293,0.13363,0.0625
"num",107,1.1056,0.91745,1.2994,1,-0.01989,-0.15709,0.12264,0.0625
"num",108,1.0849,0.89939,1.2576,1,-0.012709,-0.15052,0.12778,0.0625
"num",109,1.0935,0.92866,1.2582,1,-0.0029848,-0.14242,0.12973,0.0625
"num",110,1.1059,0.9254,1.2798,1,-0.0025041,-0.13783,0.13634,0.0625
"num",111,1.1478,0.96118,1.3319,1,-0.022002,-0.15815,0.13359,0.0625
"num",112,1.1889,1.0042,1.3757,1,-0.039612,-0.17346,0.10683,0.0625
"num",113,1.1855,0.99218,1.404,1,-0.052406,-0.18513,0.076248,0.0625
"num",114,1.2169,1.0158,1.4404,1,-0.046425,-0.18358,0.095737,0.0625
"num",115,1.2276,1.0144,1.456,1,-0.034328,-0.17671,0.10647,0.0625
"num",116,1.1824,0.96848,1.404,1,-0.025506,-0.16699,0.12355,0.0625
"num",117,1.1834,0.97917,1.3927,1,-0.03208,-0.16627,0.11571,0.0625
"num",118,1.1373,0.94514,1.3588,1,-0.032035,-0.16122,0.11005,0.0625
"num",119,1.1438,0.93236,1.3809,1,-0.019439,-0.14406,0.11679,0.0625
"num",120,1.1388,0.92611,1.3779,1,-0.014856,-0.13411,0.11947,0.0625
"num",121,1.1394,0.93062,1.3572,1,-0.029746,-0.15094,0.094074,0.0625
"num",122,1.0881,0.89697,1.286,1,-0.031406,-0.14324,0.08417,0.0625
"num",123,1.0668,0.89175,1.245,1,-0.040142,-0.15432,0.073788,0.0625
"num",124,1.0568,0.88503,1.231,1,-0.03194,-0.14196,0.082967,0.0625
"num",125,1.04,0.8623,1.2193,1,-0.021016,-0.1345,0.097349,0.0625
"num",126,1.0546,0.87646,1.2235,1,-0.011076,-0.13042,0.11248,0.0625
"num",127,1.0634,0.8946,1.226,1,-0.011919,-0.13375,0.1088,0.0625
"num",128,1.0546,0.87886,1.2249,1,-0.013289,-0.14052,0.11783,0.0625
"num",129,1.0643,0.89241,1.2322,1,-0.0072677,-0.13474,0.11961,0.0625
"num",130,1.0736,0.90732,1.2387,1,-0.014907,-0.13493,0.1038,0.0625
"num",131,1.0704,0.91392,1.2322,1,-0.014627,-0.13618,0.10027,0.0625
"num",132,1.0757,0.93141,1.2294,1,-0.011041,-0.13102,0.11168,0.0625
"num",133,1.0633,0.89884,1.2273,1,-0.015636,-0.13806,0.10797,0.0625
"num",134,1.0484,0.88795,1.2094,1,-0.045253,-0.16811,0.082596,0.0625
"num",135,1.0709,0.91102,1.235,1,-0.047717,-0.17003,0.082653,0.0625
"num",136,1.0771,0.91113,1.2562,1,-0.048666,-0.18062,0.077029,0.0625
"num",137,1.0392,0.88856,1.2157,1,-0.042995,-0.17508,0.075356,0.0625
"num",138,1.0233,0.8745,1.2097,1,-0.042371,-0.17201,0.075333,0.0625
"num",139,1.006,0.84614,1.2053,1,-0.058325,-0.18727,0.064669,0.0625
"num",140,1.0159,0.84845,1.2021,1,-0.064802,-0.18133,0.055675,0.0625
"num",141,1.0102,0.8541,1.1901,1,-0.07321,-0.19462,0.05588,0.0625
"num",142,1.0006,0.84723,1.1743,1,-0.070098,-0.18213,0.051694,0.0625
"num",143,1.0026,0.84243,1.1859,0.99986,-0.072262,-0.19615,0.05567,0.063579
"num",144,0.96334,0.80677,1.1462,0.99865,-0.070627,-0.19879,0.052644,0.072482
"num",145,0.94699,0.79409,1.1164,0.99827,-0.073857,-0.19557,0.051482,0.07504
"num",146,0.93469,0.77664,1.115,0.99751,-0.072383,-0.19635,0.051347,0.079894
"num",147,0.91261,0.76679,1.0997,0.99677,-0.077349,-0.21124,0.052355,0.0844
"num",148,0.88389,0.74229,1.0702,0.99554,-0.09512,-0.2271,0.031382,0.091395
"num",149,0.9164,0.7607,1.1155,0.9962,-0.093727,-0.22668,0.038589,0.087674
"num",150,0.93258,0.76849,1.139,0.99639,-0.081468,-0.2265,0.054128,0.086619
