.scenario.id,.at,hiv.test.rate_1,hiv.test.rate_2,hiv.test.rate_3,tx.init.rate_1,tx.init.rate_2,tx.init.rate_3
test_0.25_treat_0.25,3381,6.592813818909695e-4,5.591423498436106e-4,5.591423498436106e-4,0.0960578029171975,0.12681904129392454,0.11748974676163075
test_0.25_treat_1,3381,6.592813818909695e-4,5.591423498436106e-4,5.591423498436106e-4,0.298276,0.3674697,0.34748219999999996
test_0.25_treat_4,3381,6.592813818909695e-4,5.591423498436106e-4,5.591423498436106e-4,0.6296634839679379,0.699140238690938,0.6805214882974173
test_1_treat_0.25,3381,0.0026319199999999994,0.002232824000000001,0.002232824000000001,0.0960578029171975,0.12681904129392454,0.11748974676163075
test_1_treat_1,3381,0.0026319199999999994,0.002232824000000001,0.002232824000000001,0.298276,0.3674697,0.34748219999999996
test_1_treat_4,3381,0.0026319199999999994,0.002232824000000001,0.002232824000000001,0.6296634839679379,0.699140238690938,0.6805214882974173
test_4_treat_0.25,3381,0.010445207151183968,0.008871868040344065,0.008871868040344065,0.0960578029171975,0.12681904129392454,0.11748974676163075
test_4_treat_1,3381,0.010445207151183968,0.008871868040344065,0.008871868040344065,0.298276,0.3674697,0.34748219999999996
test_4_treat_4,3381,0.010445207151183968,0.008871868040344065,0.008871868040344065,0.6296634839679379,0.699140238690938,0.6805214882974173
