"var","B","between","between_lo","between_hi","within","within_lo","within_hi","offset","offset_lo","offset_hi"
"prev",0,0.13665,0.11343,0.16374,2.2279,2.0075,2.4339,0.59207,0.50611,0.67677
"prev",1,0.15707,0.13087,0.18741,1.8747,1.6731,2.0572,0.66609,0.57972,0.75399
"prev",2,0.17772,0.14761,0.21182,1.5815,1.3989,1.753,0.7337,0.6445,0.82485
"prev",3,0.19823,0.16474,0.23616,1.3503,1.1932,1.5044,0.7938,0.70083,0.88786
"prev",4,0.21858,0.18179,0.26024,1.1905,1.0373,1.3348,0.84681,0.75173,0.94317
"prev",5,0.23824,0.19701,0.28288,1.1028,0.95882,1.2394,0.89304,0.79562,0.99204
"prev",6,0.25766,0.21336,0.30588,1.0512,0.9096,1.186,0.93325,0.83605,1.0347
"prev",7,0.27671,0.23007,0.32894,1.0017,0.86715,1.1316,0.96596,0.86769,1.0706
"prev",8,0.29604,0.24549,0.35359,0.95631,0.82771,1.084,0.99424,0.89364,1.1014
"prev",9,0.31582,0.26193,0.3789,0.92887,0.8072,1.0544,1.017,0.91348,1.1246
"prev",10,0.33549,0.2795,0.40371,0.90093,0.77741,1.0283,1.0374,0.93194,1.1485
"prev",11,0.35506,0.2965,0.42522,0.8859,0.76333,1.0193,1.0526,0.94604,1.1671
"prev",12,0.37486,0.31274,0.44623,0.86517,0.74669,0.99132,1.0693,0.96208,1.1862
"prev",13,0.39431,0.32865,0.47065,0.8462,0.73485,0.97085,1.0865,0.97463,1.2063
"prev",14,0.41321,0.34317,0.49385,0.83499,0.72744,0.95847,1.0993,0.98533,1.2216
"prev",15,0.43199,0.35829,0.51373,0.82285,0.72003,0.93575,1.1083,0.99208,1.2312
"prev",16,0.45163,0.37079,0.53825,0.82537,0.72726,0.94561,1.1106,0.99314,1.2333
"prev",17,0.47115,0.38866,0.55929,0.82918,0.73374,0.9498,1.1116,0.99425,1.2342
"prev",18,0.49235,0.40361,0.58428,0.82829,0.73716,0.95097,1.1116,0.99499,1.2363
"prev",19,0.51382,0.41955,0.61212,0.82314,0.73045,0.93865,1.1091,0.99147,1.2342
"prev",20,0.53396,0.43255,0.6344,0.81655,0.72199,0.92734,1.1085,0.99184,1.2328
"prev",21,0.55362,0.44849,0.65905,0.80681,0.71639,0.91773,1.1032,0.98746,1.2277
"prev",22,0.57276,0.46089,0.6799,0.798,0.70827,0.90703,1.0936,0.97654,1.2192
"prev",23,0.58957,0.4733,0.70228,0.799,0.70656,0.90609,1.0816,0.96242,1.208
"prev",24,0.60611,0.48641,0.72588,0.79874,0.70533,0.90371,1.0673,0.94763,1.1938
"prev",25,0.62181,0.49977,0.74588,0.80508,0.71346,0.90627,1.0508,0.92947,1.1782
"prev",26,0.63743,0.5129,0.7669,0.81623,0.72193,0.92345,1.0315,0.90856,1.159
"prev",27,0.65274,0.52591,0.7868,0.84968,0.75272,0.9591,1.0106,0.88634,1.1361
"prev",28,0.66633,0.53979,0.80211,0.88715,0.78625,1.001,0.98925,0.86555,1.1116
"prev",29,0.67831,0.55298,0.81601,0.9225,0.81546,1.0411,0.96823,0.84495,1.0901
"prev",30,0.68882,0.56174,0.82915,0.96676,0.85643,1.092,0.94645,0.824,1.0688
"prev",35,0.73136,0.60341,0.89255,1.0857,0.95175,1.2091,0.81982,0.69119,0.95062
"prev",40,0.76227,0.62501,0.91526,1.1308,0.98011,1.2667,0.68556,0.56592,0.81524
"prev",45,0.79937,0.66033,0.94655,1.0878,0.94708,1.2393,0.54723,0.43067,0.66954
"prev",50,0.81927,0.67167,0.95768,1.0364,0.88829,1.2012,0.42822,0.3092,0.55097
"prev",55,0.83543,0.67939,0.97927,1.0437,0.90234,1.192,0.32981,0.20461,0.45219
"prev",60,0.84559,0.68638,0.99494,1.0606,0.93773,1.2044,0.24692,0.12949,0.37231
"prev",65,0.86158,0.70399,1.0149,1.0714,0.94885,1.218,0.17549,0.059101,0.3041
"prev",70,0.90326,0.74819,1.0606,1.0667,0.92386,1.2171,0.12458,0.0036905,0.26372
"prev",75,0.94151,0.78425,1.1121,1.0637,0.90621,1.2307,0.08066,-0.040798,0.2278
"prev",80,0.98079,0.81539,1.1585,1.019,0.87213,1.1809,0.049538,-0.076506,0.19512
"prev",85,0.9963,0.82158,1.1879,0.99724,0.86902,1.1287,0.040749,-0.090106,0.1858
"prev",90,0.97471,0.8131,1.1631,1.0409,0.90828,1.1856,0.038595,-0.086002,0.18103
"prev",95,0.94306,0.78526,1.1115,1.1597,1.0333,1.3192,0.04749,-0.088654,0.18385
"prev",100,0.94189,0.78212,1.108,1.2784,1.1184,1.4621,0.047731,-0.089452,0.18462
"prev",120,1.2156,1.0285,1.4064,0.91275,0.80243,1.0297,-0.044072,-0.20359,0.10233
"prev",130,1.1983,1.0181,1.3853,1.0355,0.90775,1.1681,-0.071032,-0.22609,0.079685
"prev",140,1.0906,0.91705,1.2683,1.0516,0.93082,1.186,-0.081179,-0.22673,0.058465
"prev",150,1.0278,0.84687,1.2187,1.0114,0.88012,1.1479,-0.045965,-0.18729,0.087887
"prev",160,1.0247,0.82438,1.2209,0.963,0.83844,1.1109,0.018933,-0.12424,0.16133
"prev",170,1.0148,0.81153,1.2208,0.95285,0.85088,1.0615,0.073364,-0.074683,0.21525
"prev",180,0.92435,0.75804,1.0998,1.0202,0.8971,1.1822,0.087101,-0.060013,0.22354
"prev",190,0.87685,0.72277,1.0364,1.0163,0.8909,1.1576,0.066381,-0.074062,0.19142
"prev",200,0.87443,0.70066,1.0584,0.98324,0.84383,1.1386,0.022105,-0.11407,0.14371
"prev",210,0.87198,0.69007,1.0529,1.1334,0.99042,1.3053,-0.008861,-0.15356,0.11405
"prev",220,0.98833,0.79107,1.1808,1.013,0.87348,1.1617,-0.010647,-0.14575,0.11113
"prev",230,1.0508,0.86521,1.2144,0.97903,0.85846,1.1074,0.0086869,-0.12532,0.12848
"prev",240,1.0729,0.8967,1.236,0.89269,0.77755,1.031,0.030498,-0.10012,0.16186
"prev",250,0.99686,0.84743,1.1489,1.1691,1.0071,1.342,0.031183,-0.091606,0.14927
"incid_rate",0,0.52681,0.43931,0.62091,1.1174,1.0737,1.1669,1.6373,1.5231,1.7443
"incid_rate",1,0.55554,0.46074,0.65198,1.0577,1.016,1.1062,1.5,1.392,1.6072
"incid_rate",2,0.57628,0.48156,0.67818,1.0608,1.0175,1.1086,1.4318,1.3207,1.5381
"incid_rate",3,0.58882,0.48627,0.69484,1.0399,0.99555,1.0876,1.3725,1.2609,1.4796
"incid_rate",4,0.6013,0.48968,0.71496,1.0437,1.0009,1.0941,1.3209,1.2091,1.4309
"incid_rate",5,0.57769,0.47699,0.67779,1.0428,1.0006,1.0946,1.2663,1.1623,1.3726
"incid_rate",6,0.59735,0.49577,0.71539,1.0466,1.003,1.0964,1.2237,1.1195,1.3303
"incid_rate",7,0.6344,0.52352,0.76327,1.0356,0.99245,1.0832,1.1698,1.0611,1.2771
"incid_rate",8,0.65879,0.55226,0.77887,1.025,0.98301,1.0689,1.1162,1.0055,1.23
"incid_rate",9,0.6685,0.55954,0.793,1.0289,0.98625,1.0697,1.0587,0.94546,1.1761
"incid_rate",10,0.67938,0.57196,0.79636,1.0464,1.002,1.0917,1.0155,0.90534,1.1365
"incid_rate",11,0.69958,0.58021,0.82789,1.0407,0.99452,1.0858,0.98811,0.88014,1.1101
"incid_rate",12,0.7045,0.58915,0.83545,1.0398,0.99335,1.0815,0.9881,0.87896,1.1138
"incid_rate",13,0.71585,0.59063,0.85395,1.0328,0.99012,1.0778,0.97557,0.85961,1.0988
"incid_rate",14,0.72801,0.59759,0.86662,1.0294,0.98254,1.0759,0.94118,0.82289,1.0584
"incid_rate",15,0.73991,0.61337,0.88346,1.0208,0.97356,1.0671,0.92123,0.80259,1.0392
"incid_rate",16,0.75187,0.62948,0.89153,1.0237,0.9761,1.0703,0.89632,0.77879,1.0165
"incid_rate",17,0.7504,0.62625,0.88856,1.0337,0.98504,1.0778,0.88768,0.75842,1.0032
"incid_rate",18,0.76085,0.63066,0.90157,1.0315,0.98848,1.0746,0.85463,0.73373,0.97212
"incid_rate",19,0.76282,0.6262,0.91175,1.0348,0.99089,1.0823,0.83214,0.71374,0.94817
"incid_rate",20,0.75274,0.61094,0.9004,1.0353,0.99076,1.0844,0.78693,0.67095,0.90043
"incid_rate",21,0.78139,0.63831,0.93106,1.0444,0.99846,1.0884,0.7518,0.63153,0.87051
"incid_rate",22,0.766,0.62509,0.92191,1.0467,1.0013,1.0896,0.73795,0.61841,0.85489
"incid_rate",23,0.75594,0.61323,0.91141,1.0437,0.99664,1.0858,0.69133,0.57517,0.80531
"incid_rate",24,0.77501,0.62793,0.9342,1.0422,0.99604,1.0857,0.6591,0.53754,0.77622
"incid_rate",25,0.80141,0.65585,0.96648,1.0326,0.98496,1.0746,0.62991,0.50416,0.75137
"incid_rate",26,0.81689,0.67075,0.99267,1.0317,0.98402,1.0738,0.59934,0.47511,0.71948
"incid_rate",27,0.81233,0.67015,0.9746,1.0371,0.99221,1.0789,0.5695,0.44743,0.69123
"incid_rate",28,0.83663,0.69446,0.99104,1.0392,0.99433,1.0811,0.54048,0.41747,0.66528
"incid_rate",29,0.82801,0.68956,0.98245,1.0543,1.0104,1.0981,0.51872,0.4026,0.64068
"incid_rate",30,0.82539,0.67939,0.99222,1.0518,1.0076,1.0931,0.50483,0.38743,0.62315
"incid_rate",35,0.86596,0.72566,1.0247,1.0183,0.97433,1.063,0.34213,0.22466,0.46606
"incid_rate",40,0.89101,0.75312,1.0521,1.0384,0.98839,1.0838,0.22332,0.096827,0.34968
"incid_rate",45,0.87415,0.74118,1.0319,1.0163,0.96672,1.0628,0.14834,0.028093,0.27039
"incid_rate",50,0.88447,0.73992,1.0431,1.0186,0.97619,1.0614,0.097685,-0.024515,0.21702
"incid_rate",55,0.8961,0.74151,1.0408,1.0498,1.0084,1.0905,0.0813,-0.041595,0.20872
"incid_rate",60,0.91055,0.76776,1.0382,1.0156,0.97433,1.0585,0.038619,-0.084333,0.16456
"incid_rate",65,1.0486,0.88212,1.2252,1.0171,0.97269,1.0596,0.021329,-0.11813,0.14651
"incid_rate",70,1.0897,0.90241,1.2781,1.0017,0.95439,1.0447,-0.00064159,-0.13662,0.13879
"incid_rate",75,1.0644,0.88231,1.2585,1.0118,0.96908,1.0555,-0.01346,-0.14436,0.12896
"incid_rate",80,1.032,0.86198,1.2261,1.0327,0.99058,1.0772,0.02579,-0.092076,0.17257
"incid_rate",85,0.96976,0.81356,1.1307,1.0277,0.98436,1.0703,0.039853,-0.075072,0.18502
"incid_rate",90,0.95724,0.79874,1.1296,0.99538,0.953,1.0372,0.06719,-0.049967,0.20577
"incid_rate",95,1.0023,0.82883,1.1708,1,0.95782,1.0443,0.055629,-0.071359,0.19041
"incid_rate",100,1.1285,0.93935,1.3232,0.97251,0.9293,1.0178,0.0086704,-0.13254,0.13948
"incid_rate",120,1.0941,0.89686,1.275,1.0343,0.99463,1.0802,-0.060084,-0.19808,0.09165
"incid_rate",130,1.0531,0.88144,1.2236,1.0189,0.97552,1.0608,-0.065044,-0.19379,0.064344
"incid_rate",140,1.0316,0.85427,1.2191,1.0085,0.96487,1.0494,-0.050717,-0.19371,0.080386
"incid_rate",150,1.023,0.8329,1.2309,1.0009,0.96279,1.042,0.040874,-0.10083,0.17788
"incid_rate",160,1.0073,0.82575,1.2214,0.99554,0.95893,1.0365,0.1131,-0.026516,0.25263
"incid_rate",170,0.86295,0.70516,1.0327,1.0145,0.97488,1.0617,0.088502,-0.042094,0.22738
"incid_rate",180,0.90044,0.73985,1.0726,0.99165,0.94987,1.0329,0.025313,-0.095544,0.18336
"incid_rate",190,0.98438,0.79975,1.1807,0.9794,0.94596,1.0188,0.016982,-0.11217,0.16861
"incid_rate",200,0.92298,0.76156,1.108,1.014,0.97624,1.0607,-0.011604,-0.13838,0.11952
"incid_rate",210,1.0097,0.82905,1.1835,1.016,0.97216,1.0573,-0.037313,-0.16537,0.081089
"incid_rate",220,1.0805,0.90731,1.2725,0.98428,0.94208,1.0287,0.0099409,-0.10416,0.14301
"incid_rate",230,1.0513,0.88453,1.202,0.99168,0.95085,1.0378,0.044746,-0.059199,0.18489
"incid_rate",240,1.0136,0.84439,1.1673,1.0063,0.96825,1.0476,0.047272,-0.070212,0.18583
"incid_rate",250,0.86874,0.69585,1.0205,1.0332,0.99054,1.0802,-0.0044621,-0.12581,0.11888
"dx_frac",0,0.58378,0.49869,0.675,1.0555,0.97464,1.1454,-0.57671,-0.68336,-0.47985
"dx_frac",1,0.61574,0.52118,0.71633,1.0618,0.97756,1.1606,-0.60455,-0.71464,-0.50683
"dx_frac",2,0.63949,0.54155,0.74882,1.1004,1.0142,1.2052,-0.582,-0.69262,-0.48302
"dx_frac",3,0.64411,0.54462,0.75673,1.1352,1.0449,1.2462,-0.52779,-0.63552,-0.43174
"dx_frac",4,0.63722,0.53874,0.74926,1.1511,1.0568,1.2655,-0.46115,-0.56712,-0.36242
"dx_frac",5,0.63155,0.53048,0.74408,1.15,1.0513,1.2592,-0.37751,-0.48253,-0.27456
"dx_frac",6,0.62049,0.51879,0.73238,1.1508,1.0534,1.2581,-0.29669,-0.39656,-0.19531
"dx_frac",7,0.62276,0.5257,0.74082,1.1514,1.055,1.255,-0.21775,-0.31451,-0.11999
"dx_frac",8,0.64505,0.54404,0.76949,1.1327,1.0355,1.2363,-0.13792,-0.23936,-0.040639
"dx_frac",9,0.67445,0.56017,0.80103,1.0984,1.0045,1.2005,-0.052766,-0.16051,0.048483
"dx_frac",10,0.70086,0.57826,0.83525,1.0747,0.98476,1.166,0.022734,-0.083838,0.12349
"dx_frac",11,0.72714,0.60252,0.87143,1.0711,0.98686,1.1612,0.08081,-0.03311,0.1782
"dx_frac",12,0.74426,0.61643,0.90332,1.0574,0.97621,1.1517,0.13563,0.018394,0.23323
"dx_frac",13,0.76197,0.62573,0.92895,1.0355,0.95179,1.1265,0.18473,0.065943,0.28432
"dx_frac",14,0.76977,0.63046,0.94232,1.0116,0.9296,1.0985,0.23045,0.11163,0.33502
"dx_frac",15,0.78497,0.64128,0.9618,0.98133,0.90456,1.0641,0.26981,0.15825,0.37746
"dx_frac",16,0.80895,0.6554,0.9873,0.95592,0.88405,1.0381,0.29647,0.18603,0.40732
"dx_frac",17,0.81817,0.66326,1.0021,0.94498,0.87267,1.026,0.31943,0.20679,0.42794
"dx_frac",18,0.82321,0.67295,1.0048,0.93396,0.86232,1.0121,0.34359,0.22386,0.45411
"dx_frac",19,0.8232,0.67291,1.003,0.93684,0.86712,1.0129,0.36599,0.24379,0.48191
"dx_frac",20,0.8116,0.66295,0.9844,0.94909,0.87924,1.0263,0.39235,0.27169,0.50829
"dx_frac",21,0.80114,0.65879,0.95904,0.9666,0.89538,1.0428,0.41822,0.2967,0.53515
"dx_frac",22,0.79342,0.65529,0.94284,0.97828,0.90856,1.0523,0.43487,0.31231,0.55613
"dx_frac",23,0.78449,0.65324,0.94526,0.99215,0.91862,1.0696,0.44957,0.33044,0.57165
"dx_frac",24,0.78348,0.64654,0.94627,1.0106,0.9308,1.0896,0.4618,0.34232,0.5829
"dx_frac",25,0.78017,0.64141,0.9385,1.0315,0.94708,1.1165,0.47053,0.34913,0.59147
"dx_frac",26,0.77127,0.63589,0.92749,1.0455,0.96266,1.1283,0.48177,0.35826,0.60064
"dx_frac",27,0.76201,0.63044,0.91341,1.0478,0.96229,1.1352,0.488,0.36896,0.60815
"dx_frac",28,0.76229,0.63545,0.90573,1.0411,0.95301,1.1184,0.4921,0.37562,0.60798
"dx_frac",29,0.77037,0.63844,0.90961,1.0267,0.94345,1.1029,0.49451,0.38216,0.60943
"dx_frac",30,0.77816,0.64641,0.92033,1.0177,0.94158,1.0997,0.49606,0.38433,0.61105
"dx_frac",35,0.8354,0.68575,0.99803,0.98536,0.91055,1.0684,0.514,0.39149,0.63476
"dx_frac",40,0.89524,0.73129,1.0681,1.0202,0.93846,1.1074,0.50912,0.387,0.64142
"dx_frac",45,0.93018,0.75557,1.1117,0.95202,0.88387,1.0149,0.43991,0.32464,0.56096
"dx_frac",50,0.97812,0.79637,1.1792,0.96997,0.89997,1.0276,0.34723,0.22793,0.46649
"dx_frac",55,0.98236,0.80504,1.1711,1.0519,0.97342,1.1245,0.26391,0.13491,0.39193
"dx_frac",60,0.94432,0.78057,1.1121,1.0038,0.9263,1.0879,0.20744,0.080312,0.33429
"dx_frac",65,0.94511,0.77467,1.1047,0.9943,0.9162,1.0797,0.17805,0.055036,0.31184
"dx_frac",70,1.0128,0.82606,1.1991,0.95092,0.87365,1.0482,0.15779,0.037628,0.29159
"dx_frac",75,1.0031,0.82569,1.1876,0.95204,0.88035,1.0302,0.14818,0.027254,0.27154
"dx_frac",80,0.98509,0.81431,1.1716,1.0171,0.93431,1.0996,0.11509,-0.0063915,0.24153
"dx_frac",85,1.0199,0.82305,1.1929,1.0353,0.95395,1.1155,0.073465,-0.064256,0.19286
"dx_frac",90,1.1427,0.93773,1.3483,0.99686,0.91366,1.0874,0.03986,-0.09085,0.16111
"dx_frac",95,1.2111,1.0056,1.4206,0.95809,0.88241,1.032,0.020683,-0.11933,0.14762
"dx_frac",100,1.1189,0.91661,1.3234,0.95828,0.88118,1.0368,0.055174,-0.078963,0.17677
"dx_frac",120,0.94013,0.79195,1.1218,1.1017,1.0134,1.1925,-0.085219,-0.19009,0.034245
"dx_frac",130,0.89001,0.72682,1.0646,1.0845,1.0051,1.1702,-0.12226,-0.2263,-0.0097469
"dx_frac",140,1.0568,0.88556,1.2261,1.0094,0.94319,1.0834,-0.05288,-0.17973,0.059724
"dx_frac",150,1.0642,0.86485,1.2695,0.96714,0.90114,1.0426,-0.033623,-0.14437,0.087187
"dx_frac",160,0.95617,0.79229,1.1526,0.97411,0.90016,1.0517,-0.11128,-0.22248,0.0023745
"dx_frac",170,1.0774,0.85583,1.3067,0.96631,0.88844,1.0446,-0.078136,-0.21236,0.049101
"dx_frac",180,1.1336,0.93672,1.3561,0.99766,0.91742,1.0751,0.026886,-0.1258,0.16982
"dx_frac",190,1.0856,0.89765,1.2947,0.99286,0.91537,1.0744,0.061832,-0.09766,0.19476
"dx_frac",200,1.005,0.84104,1.1775,0.99225,0.91338,1.076,0.090358,-0.056295,0.21253
"dx_frac",210,0.96642,0.78902,1.1416,0.96976,0.8941,1.0517,0.050917,-0.082151,0.17162
"dx_frac",220,0.97205,0.82144,1.1378,0.99893,0.91687,1.0902,-0.010706,-0.13708,0.11858
"dx_frac",230,0.99828,0.81935,1.1974,1.0161,0.9433,1.1019,-0.021089,-0.14528,0.11159
"dx_frac",240,0.85302,0.70924,1.0309,1.0533,0.97112,1.14,-0.011,-0.12373,0.1114
"dx_frac",250,1.0413,0.86202,1.2429,1.0433,0.95379,1.1374,0.0016555,-0.12213,0.13656
"supp_frac",0,0.87033,0.71996,1.0109,0.96256,0.89096,1.0381,-0.059275,-0.17883,0.067893
"supp_frac",1,0.91314,0.75706,1.0667,0.99841,0.92248,1.074,-0.049375,-0.17019,0.084191
"supp_frac",2,0.94393,0.78187,1.1041,1.014,0.94505,1.0913,-0.011815,-0.13557,0.11903
"supp_frac",3,0.96566,0.80715,1.129,1.0125,0.94241,1.0862,0.037395,-0.091876,0.16794
"supp_frac",4,0.97672,0.82604,1.1383,0.99433,0.91876,1.0663,0.092612,-0.032128,0.22421
"supp_frac",5,0.97783,0.8379,1.1343,0.96471,0.89659,1.0329,0.1459,0.025017,0.27701
"supp_frac",6,0.97089,0.82956,1.1288,0.95001,0.88233,1.0193,0.17994,0.059709,0.3073
"supp_frac",7,0.94734,0.8055,1.1023,0.9546,0.88657,1.0253,0.19921,0.079598,0.33161
"supp_frac",8,0.91914,0.77992,1.0715,0.96273,0.89116,1.0324,0.21492,0.096383,0.3482
"supp_frac",9,0.9119,0.77113,1.0661,0.97963,0.90195,1.0488,0.23185,0.11313,0.36817
"supp_frac",10,0.90448,0.75853,1.0546,0.99708,0.91801,1.0677,0.24039,0.12375,0.37593
"supp_frac",11,0.89094,0.7424,1.0493,1.0153,0.9352,1.0884,0.23585,0.11999,0.36775
"supp_frac",12,0.88636,0.7392,1.0481,1.0188,0.9417,1.0903,0.22807,0.1179,0.354
"supp_frac",13,0.87645,0.73045,1.0494,1.0021,0.92421,1.0735,0.21487,0.10653,0.34042
"supp_frac",14,0.85647,0.71768,1.028,0.98888,0.91571,1.0584,0.20483,0.099543,0.32497
"supp_frac",15,0.85898,0.71673,1.0259,0.97318,0.90629,1.0387,0.19642,0.096058,0.31615
"supp_frac",16,0.88611,0.73633,1.0649,0.9577,0.88872,1.0231,0.18726,0.087423,0.30462
"supp_frac",17,0.90093,0.75066,1.0807,0.95062,0.88628,1.0124,0.18104,0.079855,0.30594
"supp_frac",18,0.90344,0.74261,1.098,0.94963,0.88587,1.0127,0.17815,0.070114,0.30237
"supp_frac",19,0.89431,0.73302,1.0931,0.95452,0.89005,1.019,0.17654,0.062417,0.30614
"supp_frac",20,0.86691,0.70685,1.0521,0.97236,0.90623,1.0389,0.17651,0.062663,0.3026
"supp_frac",21,0.84666,0.69361,1.0218,0.98493,0.91771,1.0497,0.18442,0.06928,0.30876
"supp_frac",22,0.82682,0.67451,0.99595,0.99306,0.92424,1.055,0.18601,0.074792,0.30959
"supp_frac",23,0.81006,0.65725,0.96419,1.0065,0.9349,1.0755,0.18331,0.071617,0.30135
"supp_frac",24,0.81188,0.6574,0.97134,1.0161,0.93976,1.0836,0.18409,0.072237,0.30504
"supp_frac",25,0.82451,0.6723,0.9856,1.0243,0.95088,1.0936,0.17943,0.067783,0.29911
"supp_frac",26,0.83665,0.68331,0.99048,1.0252,0.95319,1.0983,0.18688,0.070529,0.31016
"supp_frac",27,0.84912,0.69343,1.0066,1.0298,0.95372,1.1056,0.18846,0.077355,0.31772
"supp_frac",28,0.86139,0.69582,1.0121,1.0279,0.95019,1.104,0.18658,0.076541,0.31129
"supp_frac",29,0.86479,0.69915,1.0174,1.0154,0.93911,1.0902,0.18014,0.069808,0.30748
"supp_frac",30,0.89015,0.72399,1.0394,0.99693,0.91871,1.07,0.17044,0.056729,0.29757
"supp_frac",35,0.90283,0.73988,1.0625,1.0132,0.94589,1.0909,0.16486,0.042586,0.29254
"supp_frac",40,0.9261,0.77213,1.0888,1.0396,0.96285,1.1302,0.16398,0.032457,0.2924
"supp_frac",45,1.025,0.86518,1.2194,1.0001,0.93437,1.0687,0.10166,-0.030678,0.23716
"supp_frac",50,1.0296,0.87036,1.2143,0.97974,0.91284,1.0516,0.039823,-0.096139,0.17215
"supp_frac",55,0.96744,0.78668,1.1622,1.0065,0.93219,1.0786,0.030724,-0.091649,0.14927
"supp_frac",60,0.97078,0.79683,1.1526,0.96867,0.90262,1.0396,0.026817,-0.094828,0.14726
"supp_frac",65,1.0424,0.88199,1.2087,0.95994,0.8918,1.0298,0.031433,-0.093518,0.15166
"supp_frac",70,1.1239,0.94484,1.2872,0.95058,0.88365,1.0175,0.055366,-0.072075,0.18979
"supp_frac",75,1.0914,0.93126,1.2586,0.9527,0.8812,1.0151,0.031164,-0.095158,0.16898
"supp_frac",80,1.01,0.84068,1.1899,0.98696,0.91911,1.0512,-0.013446,-0.13236,0.10921
"supp_frac",85,1.0014,0.81686,1.2082,1.0143,0.9493,1.0785,-0.010688,-0.13301,0.11677
"supp_frac",90,1.1069,0.87664,1.3235,0.99039,0.92565,1.0623,-0.0095914,-0.13996,0.13573
"supp_frac",95,1.1301,0.89776,1.3614,0.99788,0.92634,1.0745,0.013936,-0.11518,0.15227
"supp_frac",100,1.1118,0.90412,1.3207,1.0481,0.9703,1.134,0.090746,-0.037118,0.21178
"supp_frac",120,0.95014,0.80278,1.0903,1.0094,0.9233,1.0903,-0.088103,-0.20466,0.021219
"supp_frac",130,0.91562,0.74996,1.1043,1.0149,0.94414,1.0813,-0.069926,-0.19404,0.039858
"supp_frac",140,0.97814,0.81253,1.1514,0.99272,0.9235,1.0613,0.028707,-0.10104,0.13706
"supp_frac",150,0.92376,0.76516,1.1093,0.99265,0.91491,1.0735,0.0038438,-0.13876,0.12913
"supp_frac",160,1.002,0.81536,1.1791,1.0229,0.94614,1.1063,-0.1465,-0.27836,-0.016011
"supp_frac",170,0.98736,0.79545,1.1653,0.99081,0.91765,1.0635,-0.14546,-0.2886,-0.017208
"supp_frac",180,0.91094,0.75051,1.0855,0.97025,0.89324,1.0382,0.0076321,-0.11744,0.13239
"supp_frac",190,1.0532,0.87427,1.2349,0.94697,0.87198,1.0146,0.073725,-0.045918,0.20295
"supp_frac",200,0.95481,0.78349,1.1285,1.0027,0.92655,1.0805,0.0023995,-0.1097,0.12453
"supp_frac",210,0.9032,0.7517,1.0594,1.0066,0.92977,1.0793,-0.078064,-0.19839,0.041846
"supp_frac",220,1.2081,0.99289,1.402,0.99934,0.93164,1.0678,-0.049226,-0.19936,0.089736
"supp_frac",230,1.2127,0.99067,1.4278,1.0513,0.96519,1.1328,-0.030909,-0.1835,0.099828
"supp_frac",240,1.0348,0.85793,1.2102,1.0963,0.99727,1.1888,-0.049336,-0.16824,0.075352
"supp_frac",250,1.1212,0.92278,1.3007,1.032,0.95042,1.1193,-0.032277,-0.16518,0.10117
"prep_cov",0,0.90045,0.74861,1.0516,0.98759,0.93989,1.0353,-0.65987,-0.77785,-0.53488
"prep_cov",1,0.90417,0.75498,1.0601,1.0191,0.97078,1.0712,-0.70067,-0.8156,-0.57576
"prep_cov",2,0.89042,0.7457,1.0422,1.0173,0.97033,1.068,-0.70532,-0.82013,-0.57568
"prep_cov",3,0.86028,0.71947,0.99778,1.0248,0.9753,1.075,-0.68177,-0.79546,-0.55443
"prep_cov",4,0.85871,0.72769,0.99043,1.0281,0.9762,1.0802,-0.66996,-0.78714,-0.54342
"prep_cov",5,0.87766,0.75228,1.0082,1.0241,0.97336,1.0728,-0.66178,-0.77035,-0.53706
"prep_cov",6,0.89443,0.76641,1.0248,1.0217,0.96869,1.0733,-0.61439,-0.7257,-0.48731
"prep_cov",7,0.9367,0.80063,1.0618,1.026,0.97315,1.0777,-0.57274,-0.6854,-0.44355
"prep_cov",8,0.95759,0.82201,1.0908,1.0269,0.9737,1.0811,-0.52215,-0.63646,-0.39858
"prep_cov",9,0.93008,0.78463,1.0654,1.0393,0.98215,1.0915,-0.45961,-0.5739,-0.35108
"prep_cov",10,0.90204,0.76047,1.0432,1.0528,0.99382,1.1033,-0.42386,-0.54252,-0.30863
"prep_cov",11,0.87817,0.72856,1.0299,1.0511,0.99689,1.1053,-0.42484,-0.54821,-0.30997
"prep_cov",12,0.88688,0.73867,1.0479,1.0541,0.99862,1.1074,-0.40373,-0.53134,-0.28778
"prep_cov",13,0.87415,0.72816,1.0225,1.0581,1.0026,1.1105,-0.36584,-0.49015,-0.25316
"prep_cov",14,0.86196,0.72526,0.99617,1.0616,1.005,1.1108,-0.31576,-0.43802,-0.20386
"prep_cov",15,0.88057,0.74706,1.0182,1.0765,1.0242,1.1307,-0.26379,-0.3913,-0.14464
"prep_cov",16,0.927,0.78754,1.0613,1.077,1.022,1.1318,-0.2266,-0.35194,-0.10515
"prep_cov",17,0.93001,0.77272,1.0711,1.0703,1.0178,1.1217,-0.1957,-0.31989,-0.076526
"prep_cov",18,0.91257,0.75302,1.0582,1.0708,1.0174,1.1226,-0.17916,-0.2958,-0.062424
"prep_cov",19,0.92011,0.76111,1.0788,1.0593,1.0084,1.1147,-0.1741,-0.29501,-0.056535
"prep_cov",20,0.95025,0.78415,1.118,1.0587,1.0064,1.1133,-0.15899,-0.28171,-0.037048
"prep_cov",21,1.0002,0.81913,1.1971,1.0607,1.007,1.1132,-0.13891,-0.26041,-0.01132
"prep_cov",22,0.97331,0.80155,1.1484,1.0636,1.0099,1.1173,-0.11683,-0.23809,0.0096445
"prep_cov",23,0.95781,0.79801,1.1145,1.0599,1.0063,1.1124,-0.08697,-0.21269,0.032817
"prep_cov",24,0.9096,0.75937,1.0596,1.0611,1.0066,1.1132,-0.066936,-0.18662,0.051341
"prep_cov",25,0.88566,0.73837,1.0334,1.0624,1.0088,1.1125,-0.054947,-0.16895,0.068819
"prep_cov",26,0.892,0.72983,1.0438,1.0641,1.0115,1.1141,-0.048088,-0.1641,0.06975
"prep_cov",27,0.94468,0.77469,1.1062,1.0581,1.0078,1.109,-0.031557,-0.15183,0.088218
"prep_cov",28,1.0127,0.82323,1.2063,1.0688,1.017,1.1206,-0.030027,-0.1544,0.10031
"prep_cov",29,1.0724,0.86981,1.2862,1.0538,1.0026,1.1071,-0.05378,-0.18809,0.077027
"prep_cov",30,1.0676,0.86249,1.271,1.0394,0.98675,1.0888,-0.048284,-0.17865,0.086856
"prep_cov",35,1.117,0.90396,1.3239,1.0177,0.97343,1.0603,-0.022261,-0.14781,0.11593
"prep_cov",40,1.0222,0.82536,1.207,1.0116,0.96727,1.0548,0.042317,-0.085411,0.15866
"prep_cov",45,1.0005,0.79303,1.2191,0.99238,0.94821,1.0399,-0.026316,-0.14896,0.086459
"prep_cov",50,0.9274,0.75832,1.079,0.99381,0.95103,1.0414,-0.054424,-0.17208,0.07798
"prep_cov",55,0.89182,0.7358,1.0427,1.0087,0.96256,1.0588,-0.050225,-0.16864,0.063067
"prep_cov",60,1.0078,0.8152,1.2051,1.0428,0.99618,1.0974,-0.064894,-0.19855,0.0627
"prep_cov",65,1.2101,0.97831,1.4891,1.034,0.9881,1.0801,-0.013856,-0.15155,0.11813
"prep_cov",70,1.1345,0.94545,1.3315,1.0478,1.0002,1.0986,-0.022159,-0.15273,0.11141
"prep_cov",75,1.1471,0.93959,1.3543,1.0313,0.98127,1.0863,0.0054116,-0.13215,0.13429
"prep_cov",80,0.97579,0.82132,1.1512,1.0231,0.97746,1.0724,-0.031286,-0.14885,0.089732
"prep_cov",85,0.97968,0.80595,1.173,1.0178,0.97544,1.0619,-0.097963,-0.20884,0.020858
"prep_cov",90,1.0243,0.83843,1.2056,0.99895,0.95434,1.0443,-0.065382,-0.19079,0.06074
"prep_cov",95,1.0134,0.84222,1.1923,0.99874,0.95291,1.0414,-0.12318,-0.2499,-0.0045535
"prep_cov",100,0.93857,0.77036,1.1136,1.0094,0.96832,1.0556,-0.082229,-0.20447,0.038156
"prep_cov",120,1.0433,0.86178,1.232,0.98397,0.94221,1.0252,-0.052359,-0.1865,0.078095
"prep_cov",130,1.0129,0.83883,1.1845,1.0085,0.96329,1.0624,-0.044535,-0.17776,0.084421
"prep_cov",140,0.98814,0.80441,1.1794,0.9996,0.95602,1.0523,0.011513,-0.11451,0.14834
"prep_cov",150,0.91129,0.74503,1.0795,1.0448,0.99373,1.1034,-0.028513,-0.13942,0.098199
"prep_cov",160,1.2151,1.0309,1.4065,1.0218,0.97225,1.0695,-0.13125,-0.2604,0.00027586
"prep_cov",170,0.99239,0.83034,1.1685,1.0108,0.96573,1.0584,-0.10886,-0.22109,0.02059
"prep_cov",180,0.99934,0.82446,1.1911,0.99383,0.9484,1.0405,-0.07284,-0.19707,0.058991
"prep_cov",190,1.0541,0.87574,1.2279,0.97722,0.93395,1.0216,-0.062963,-0.20965,0.070726
"prep_cov",200,1.0549,0.88534,1.2415,0.98737,0.94817,1.031,-0.00086834,-0.12495,0.13759
"prep_cov",210,1.0422,0.86145,1.2031,0.99089,0.94753,1.036,-0.060247,-0.19027,0.068444
"prep_cov",220,0.97977,0.82855,1.1462,0.99557,0.95107,1.043,0.013217,-0.10857,0.14648
"prep_cov",230,1.0415,0.86672,1.229,1.0214,0.97542,1.0771,0.0072676,-0.1177,0.11796
"prep_cov",240,1.1088,0.92397,1.2969,1.0309,0.98016,1.0792,-0.09969,-0.22295,0.023168
"prep_cov",250,1.1081,0.92086,1.3135,1.0266,0.97974,1.0719,-0.10032,-0.23294,0.029242
"prev.B",0,0.15519,0.1261,0.18375,2.0897,1.8924,2.2734,0.20541,0.13103,0.28241
"prev.B",1,0.17708,0.14491,0.20949,1.9087,1.7171,2.0876,0.28775,0.21199,0.36553
"prev.B",2,0.19854,0.16411,0.23508,1.7446,1.5714,1.9204,0.36628,0.28968,0.44767
"prev.B",3,0.21935,0.18243,0.25985,1.6097,1.4405,1.7786,0.43787,0.36075,0.52127
"prev.B",4,0.23992,0.19978,0.28329,1.5223,1.3647,1.6755,0.50232,0.42269,0.58647
"prev.B",5,0.2596,0.21668,0.30549,1.4636,1.3001,1.6137,0.56192,0.47924,0.64659
"prev.B",6,0.27897,0.2332,0.32763,1.42,1.2677,1.5766,0.61866,0.53407,0.70557
"prev.B",7,0.29722,0.24824,0.34883,1.3545,1.2123,1.5153,0.67197,0.58773,0.76046
"prev.B",8,0.31494,0.26388,0.3701,1.2934,1.1524,1.4624,0.72147,0.63524,0.81046
"prev.B",9,0.33288,0.27804,0.38972,1.2472,1.1108,1.4217,0.76397,0.67581,0.85355
"prev.B",10,0.35019,0.2934,0.41091,1.1982,1.0643,1.3705,0.80301,0.71156,0.89377
"prev.B",11,0.36677,0.30605,0.42926,1.1521,1.0214,1.3137,0.8386,0.74513,0.93076
"prev.B",12,0.38419,0.32083,0.44699,1.0905,0.96202,1.2367,0.87573,0.78228,0.96999
"prev.B",13,0.4017,0.33534,0.46947,1.0317,0.90376,1.1678,0.91189,0.81631,1.0084
"prev.B",14,0.41859,0.34864,0.4899,0.99756,0.87345,1.1251,0.94068,0.84351,1.0397
"prev.B",15,0.43538,0.36187,0.51024,0.95832,0.83343,1.0825,0.96453,0.86581,1.0638
"prev.B",16,0.45399,0.3779,0.53564,0.93789,0.82261,1.0616,0.98231,0.88071,1.0828
"prev.B",17,0.47333,0.39241,0.56104,0.92882,0.81177,1.0493,0.99689,0.89305,1.0982
"prev.B",18,0.49546,0.40862,0.5928,0.91327,0.80024,1.0378,1.0108,0.90462,1.1118
"prev.B",19,0.51808,0.42477,0.62063,0.89203,0.78035,1.0144,1.0219,0.91424,1.126
"prev.B",20,0.53965,0.44248,0.645,0.87655,0.76686,0.99501,1.0325,0.92331,1.1379
"prev.B",21,0.56126,0.46091,0.67169,0.86015,0.75235,0.97438,1.037,0.92505,1.1443
"prev.B",22,0.58308,0.47777,0.70022,0.84435,0.73994,0.95743,1.036,0.92287,1.145
"prev.B",23,0.60245,0.49643,0.727,0.83583,0.73268,0.94469,1.0315,0.91742,1.1426
"prev.B",24,0.62219,0.51495,0.7494,0.83083,0.72433,0.93659,1.024,0.91056,1.1363
"prev.B",25,0.64169,0.52997,0.77409,0.83553,0.7273,0.94314,1.0139,0.89909,1.1258
"prev.B",26,0.66103,0.5437,0.79733,0.84483,0.73896,0.95394,1.0003,0.88336,1.1151
"prev.B",27,0.67997,0.56221,0.8169,0.86925,0.7614,0.98048,0.98253,0.86525,1.0996
"prev.B",28,0.69745,0.57734,0.83372,0.89654,0.78783,1.0032,0.96226,0.84401,1.0804
"prev.B",29,0.7128,0.59014,0.85219,0.92735,0.81764,1.0354,0.94192,0.82149,1.06
"prev.B",30,0.72587,0.60173,0.86875,0.96972,0.85468,1.0812,0.92062,0.79907,1.0393
"prev.B",35,0.77315,0.64373,0.92871,1.0923,0.94247,1.2238,0.79634,0.67734,0.90848
"prev.B",40,0.8006,0.66231,0.95726,1.0856,0.95257,1.2149,0.65468,0.53379,0.77045
"prev.B",45,0.83309,0.70577,0.97621,1.0362,0.90901,1.1768,0.51273,0.38737,0.62863
"prev.B",50,0.84913,0.7178,0.99381,1.0294,0.87409,1.1945,0.39882,0.2735,0.51494
"prev.B",55,0.86588,0.72661,1.0192,1.0688,0.93701,1.2175,0.30856,0.17569,0.43579
"prev.B",60,0.88803,0.73647,1.0456,1.0583,0.92728,1.2049,0.23361,0.098201,0.36908
"prev.B",65,0.9158,0.77269,1.0811,1.0272,0.91178,1.1693,0.16905,0.029259,0.3145
"prev.B",70,0.96121,0.82069,1.128,0.99581,0.86573,1.1484,0.12053,-0.018834,0.27138
"prev.B",75,0.98884,0.82396,1.1497,1.0372,0.88503,1.2146,0.080609,-0.058169,0.22419
"prev.B",80,1.0152,0.83341,1.19,1.0382,0.89431,1.1993,0.050658,-0.085686,0.18673
"prev.B",85,1.0271,0.85525,1.2067,1.017,0.88964,1.1517,0.045115,-0.089776,0.17199
"prev.B",90,1.0147,0.86124,1.1798,1.028,0.90589,1.1683,0.044256,-0.085772,0.16522
"prev.B",95,0.99671,0.84408,1.1598,1.1054,0.97799,1.2645,0.04731,-0.075539,0.17364
"prev.B",100,1.0117,0.85831,1.1806,1.1864,1.0417,1.346,0.04323,-0.079568,0.1685
"prev.B",120,1.2766,1.0768,1.48,0.90282,0.78738,1.0245,-0.051862,-0.20212,0.095911
"prev.B",130,1.2548,1.0566,1.442,1.0049,0.90059,1.1279,-0.082809,-0.22402,0.061472
"prev.B",140,1.1269,0.95324,1.3072,1.0009,0.88797,1.1331,-0.098021,-0.24222,0.038008
"prev.B",150,1.0306,0.84918,1.1918,0.98201,0.84171,1.1404,-0.064188,-0.20815,0.067805
"prev.B",160,0.99649,0.82506,1.1734,0.90974,0.8027,1.03,0.0086452,-0.13065,0.14472
"prev.B",170,0.96017,0.77029,1.1654,0.93893,0.82173,1.0631,0.072292,-0.066031,0.20575
"prev.B",180,0.8676,0.71342,1.0432,0.97796,0.8459,1.1292,0.090885,-0.039993,0.23358
"prev.B",190,0.85095,0.72094,1.0346,0.98724,0.86939,1.1234,0.068086,-0.07518,0.20792
"prev.B",200,0.91306,0.75755,1.0886,0.93832,0.81205,1.0853,0.020642,-0.115,0.15431
"prev.B",210,0.91658,0.74559,1.0888,1.1046,0.97171,1.2473,-0.011549,-0.14264,0.10765
"prev.B",220,1.0017,0.84414,1.1938,1.071,0.94471,1.2014,-0.018146,-0.14131,0.090748
"prev.B",230,1.0787,0.89858,1.2718,0.96626,0.86193,1.0893,-0.0056792,-0.13968,0.1091
"prev.B",240,1.1211,0.94029,1.2906,0.91692,0.79728,1.0259,0.017789,-0.12803,0.14272
"prev.B",250,1.0386,0.87594,1.2046,1.1695,1.0259,1.3379,0.026505,-0.11489,0.16118
"incid_rate.B",0,0.53647,0.45722,0.63377,1.0621,1.0215,1.0992,1.3524,1.2649,1.4498
"incid_rate.B",1,0.56273,0.48237,0.66803,1.023,0.98302,1.06,1.2447,1.1459,1.3469
"incid_rate.B",2,0.57975,0.498,0.6862,1.0301,0.98666,1.0656,1.202,1.1082,1.3022
"incid_rate.B",3,0.59445,0.50126,0.70809,1.0254,0.98301,1.0646,1.1736,1.0782,1.2744
"incid_rate.B",4,0.60811,0.51303,0.72186,1.0391,0.99486,1.0783,1.1458,1.0472,1.2538
"incid_rate.B",5,0.59191,0.50156,0.70769,1.0404,0.99453,1.0773,1.1155,1.0154,1.2201
"incid_rate.B",6,0.61193,0.51558,0.73148,1.0474,1.0017,1.0894,1.0908,0.98511,1.1931
"incid_rate.B",7,0.64407,0.53696,0.78109,1.0366,0.99153,1.0769,1.0583,0.95373,1.17
"incid_rate.B",8,0.66534,0.56129,0.80715,1.0348,0.99131,1.0754,1.0094,0.90351,1.1221
"incid_rate.B",9,0.67287,0.56533,0.80495,1.0418,0.99508,1.0824,0.97186,0.86629,1.089
"incid_rate.B",10,0.69145,0.57891,0.84657,1.0544,1.0082,1.0983,0.93965,0.83242,1.0491
"incid_rate.B",11,0.70481,0.58841,0.85642,1.0515,1.0073,1.0947,0.92358,0.81318,1.0338
"incid_rate.B",12,0.72663,0.59818,0.88016,1.0534,1.0099,1.0951,0.933,0.82036,1.0448
"incid_rate.B",13,0.72764,0.60083,0.87208,1.0532,1.0087,1.0963,0.92494,0.81163,1.0379
"incid_rate.B",14,0.74494,0.61775,0.89828,1.051,1.0053,1.0917,0.89789,0.78324,1.0109
"incid_rate.B",15,0.77269,0.63321,0.93033,1.0437,0.99908,1.0845,0.88446,0.7661,1.0031
"incid_rate.B",16,0.79928,0.6608,0.96227,1.0417,0.99709,1.0812,0.85859,0.74114,0.97665
"incid_rate.B",17,0.81414,0.68114,0.97705,1.0517,1.0073,1.0902,0.84641,0.72712,0.96536
"incid_rate.B",18,0.81941,0.68167,0.98198,1.044,1.0028,1.0852,0.8212,0.70074,0.94062
"incid_rate.B",19,0.8334,0.69618,0.99533,1.0422,0.99514,1.0857,0.80131,0.68209,0.92078
"incid_rate.B",20,0.80893,0.67481,0.97253,1.0455,1.0007,1.0902,0.75799,0.63068,0.8807
"incid_rate.B",21,0.85009,0.70539,1.0122,1.0505,1.0065,1.0956,0.72709,0.6067,0.85679
"incid_rate.B",22,0.81629,0.67422,0.97231,1.0529,1.0062,1.0997,0.71473,0.60095,0.84417
"incid_rate.B",23,0.80132,0.66241,0.95744,1.0535,1.008,1.0999,0.66771,0.54728,0.79557
"incid_rate.B",24,0.80521,0.66778,0.94612,1.0549,1.0096,1.0966,0.6364,0.51782,0.76228
"incid_rate.B",25,0.84736,0.70043,1.0093,1.0445,1.0044,1.0853,0.61426,0.49182,0.74569
"incid_rate.B",26,0.85061,0.70215,1.012,1.0441,1.0022,1.0838,0.59198,0.46092,0.72471
"incid_rate.B",27,0.85555,0.69995,1.0124,1.053,1.0107,1.0942,0.56108,0.4408,0.69452
"incid_rate.B",28,0.86969,0.71546,1.0293,1.0527,1.0116,1.0963,0.53878,0.41333,0.67061
"incid_rate.B",29,0.86151,0.7043,1.0283,1.069,1.0259,1.1127,0.51391,0.39267,0.65055
"incid_rate.B",30,0.85602,0.70394,1.0208,1.0625,1.0196,1.1104,0.49657,0.38015,0.63471
"incid_rate.B",35,0.86473,0.71007,1.0172,1.0282,0.98454,1.0733,0.34631,0.22499,0.47451
"incid_rate.B",40,0.88903,0.7589,1.0214,1.0394,0.98972,1.0922,0.24191,0.12669,0.38974
"incid_rate.B",45,0.90306,0.76416,1.0446,1.0268,0.9848,1.0763,0.16704,0.050321,0.3055
"incid_rate.B",50,0.90625,0.75206,1.048,1.0277,0.98518,1.0761,0.12767,0.0051193,0.26476
"incid_rate.B",55,0.9716,0.80367,1.1343,1.0578,1.0143,1.1053,0.10718,-0.013214,0.23882
"incid_rate.B",60,0.95814,0.81445,1.1084,1.0365,0.99739,1.0812,0.05889,-0.058247,0.19007
"incid_rate.B",65,1.0628,0.88858,1.2352,1.0322,0.99055,1.0725,0.035825,-0.086814,0.17051
"incid_rate.B",70,1.0854,0.88955,1.2815,1.0207,0.97874,1.064,0.0055359,-0.12883,0.13903
"incid_rate.B",75,1.0927,0.87023,1.2993,1.022,0.98302,1.0596,-0.00043461,-0.13773,0.14076
"incid_rate.B",80,1.0945,0.90403,1.3251,1.0316,0.99235,1.0706,0.022547,-0.1201,0.16287
"incid_rate.B",85,1.0106,0.84342,1.1942,1.0355,0.99449,1.0757,0.048017,-0.094828,0.18297
"incid_rate.B",90,1.0045,0.8521,1.1634,1.0076,0.96943,1.0516,0.059997,-0.075647,0.1869
"incid_rate.B",95,1.0059,0.8674,1.1488,1.0017,0.96372,1.0431,0.033381,-0.096862,0.1635
"incid_rate.B",100,1.1184,0.95906,1.2798,0.98218,0.94153,1.0206,0.011191,-0.12174,0.15032
"incid_rate.B",120,1.1437,0.97894,1.3676,1.0337,0.9944,1.0744,-0.064077,-0.2034,0.080436
"incid_rate.B",130,1.0537,0.86982,1.2603,1.0315,0.98995,1.0768,-0.07835,-0.19566,0.064982
"incid_rate.B",140,1.02,0.84346,1.2102,0.99894,0.96173,1.0417,-0.07285,-0.19945,0.065549
"incid_rate.B",150,0.99459,0.80572,1.1891,0.99641,0.95656,1.0361,0.023351,-0.10046,0.17199
"incid_rate.B",160,0.9794,0.80017,1.1932,0.99742,0.96467,1.0316,0.12098,0.00050323,0.24778
"incid_rate.B",170,0.86025,0.712,1.0343,1.0172,0.97865,1.0585,0.097109,-0.032815,0.22542
"incid_rate.B",180,0.87324,0.72152,1.0603,0.99374,0.95355,1.0384,0.015977,-0.12419,0.15984
"incid_rate.B",190,0.97428,0.81169,1.1765,0.96513,0.9218,1.0098,0.002471,-0.14797,0.13453
"incid_rate.B",200,0.97047,0.79545,1.1623,1.0013,0.95961,1.0474,-0.027309,-0.16298,0.098912
"incid_rate.B",210,1.0163,0.84062,1.1977,1.0298,0.98259,1.0789,-0.042978,-0.16609,0.073972
"incid_rate.B",220,1.1339,0.95116,1.3439,1.0005,0.96042,1.0469,0.0035773,-0.13147,0.13612
"incid_rate.B",230,1.1049,0.92269,1.2822,1.0069,0.9665,1.0546,0.03318,-0.10179,0.15819
"incid_rate.B",240,1.0527,0.88435,1.2268,1.0108,0.97137,1.0534,0.054061,-0.075299,0.17424
"incid_rate.B",250,0.93619,0.77742,1.1139,1.0413,1.0014,1.0871,-0.0041064,-0.1233,0.11798
"dx_frac.B",0,0.53932,0.45156,0.61533,1.0363,0.96972,1.1096,-0.31684,-0.41121,-0.2271
"dx_frac.B",1,0.56749,0.47808,0.64876,1.0018,0.9302,1.0741,-0.37597,-0.4725,-0.2847
"dx_frac.B",2,0.58908,0.49982,0.67906,1.0082,0.93284,1.0814,-0.3924,-0.49064,-0.29989
"dx_frac.B",3,0.59763,0.50714,0.68864,1.0315,0.95105,1.1062,-0.38132,-0.4813,-0.28755
"dx_frac.B",4,0.59959,0.51096,0.69682,1.0552,0.96976,1.1309,-0.36066,-0.46163,-0.26927
"dx_frac.B",5,0.60411,0.512,0.70765,1.0701,0.98049,1.1481,-0.32011,-0.42738,-0.23409
"dx_frac.B",6,0.60863,0.51299,0.7194,1.0818,0.99016,1.1631,-0.27587,-0.387,-0.18744
"dx_frac.B",7,0.6142,0.51762,0.72579,1.0903,0.99938,1.1785,-0.21962,-0.33005,-0.13518
"dx_frac.B",8,0.63724,0.53245,0.75127,1.0865,0.98878,1.1793,-0.1546,-0.26428,-0.063406
"dx_frac.B",9,0.66529,0.55013,0.79137,1.0751,0.98167,1.1666,-0.085907,-0.19387,0.012169
"dx_frac.B",10,0.69082,0.56864,0.82753,1.0629,0.97198,1.1477,-0.025123,-0.13119,0.07563
"dx_frac.B",11,0.71795,0.58704,0.86274,1.0646,0.97165,1.1464,0.025992,-0.080078,0.12983
"dx_frac.B",12,0.74004,0.60381,0.89654,1.0533,0.96466,1.1402,0.079968,-0.024979,0.18577
"dx_frac.B",13,0.75976,0.61365,0.91998,1.028,0.94455,1.1113,0.1337,0.027555,0.24064
"dx_frac.B",14,0.77196,0.62441,0.93774,1.0064,0.92302,1.0894,0.1794,0.071205,0.29088
"dx_frac.B",15,0.78774,0.63943,0.96651,0.97821,0.89778,1.0566,0.21889,0.10916,0.33225
"dx_frac.B",16,0.8062,0.65022,0.9903,0.95282,0.87614,1.0296,0.25292,0.14658,0.37184
"dx_frac.B",17,0.81098,0.65633,0.99006,0.94403,0.8689,1.0213,0.28327,0.176,0.39809
"dx_frac.B",18,0.81413,0.66016,0.99872,0.93659,0.86438,1.0094,0.31542,0.20895,0.43708
"dx_frac.B",19,0.81131,0.66176,0.99019,0.93388,0.86351,1.003,0.34534,0.23812,0.46615
"dx_frac.B",20,0.79842,0.65376,0.9685,0.94015,0.87084,1.0072,0.37628,0.26902,0.49522
"dx_frac.B",21,0.78757,0.64741,0.95981,0.95074,0.8855,1.0181,0.40644,0.30253,0.52446
"dx_frac.B",22,0.7783,0.6356,0.94648,0.96308,0.89698,1.0353,0.42676,0.32096,0.54292
"dx_frac.B",23,0.76036,0.61734,0.92338,0.97965,0.91159,1.0502,0.44486,0.33465,0.55822
"dx_frac.B",24,0.75495,0.62334,0.91651,1.0006,0.93193,1.0758,0.46196,0.35292,0.57638
"dx_frac.B",25,0.75346,0.62192,0.90199,1.0189,0.94646,1.0965,0.47421,0.36466,0.58519
"dx_frac.B",26,0.75513,0.62672,0.89637,1.0329,0.95759,1.1129,0.48588,0.37108,0.59491
"dx_frac.B",27,0.75488,0.62767,0.88997,1.0424,0.96411,1.1244,0.48835,0.37193,0.58885
"dx_frac.B",28,0.76487,0.63689,0.89082,1.0356,0.95628,1.1232,0.48686,0.36681,0.58855
"dx_frac.B",29,0.78033,0.65166,0.90701,1.0182,0.9404,1.1041,0.48533,0.36661,0.58558
"dx_frac.B",30,0.79486,0.66765,0.92091,1.0061,0.9301,1.0929,0.48505,0.36506,0.58567
"dx_frac.B",35,0.88783,0.74596,1.0221,0.97765,0.89839,1.0637,0.48818,0.36055,0.61068
"dx_frac.B",40,0.92953,0.76965,1.1021,1.0126,0.92198,1.0985,0.44189,0.32831,0.56741
"dx_frac.B",45,0.97638,0.80044,1.1664,0.94848,0.87949,1.0227,0.34321,0.22664,0.47801
"dx_frac.B",50,0.99613,0.81509,1.1782,0.92429,0.85635,0.98805,0.24969,0.14116,0.37611
"dx_frac.B",55,0.95911,0.78801,1.1287,1.0001,0.92791,1.0789,0.20043,0.084726,0.33251
"dx_frac.B",60,0.94547,0.76862,1.1163,0.98645,0.90516,1.0702,0.16621,0.05052,0.28994
"dx_frac.B",65,0.92415,0.76881,1.0829,0.99858,0.92328,1.0798,0.15001,0.037107,0.27921
"dx_frac.B",70,0.96702,0.82378,1.1336,1.0004,0.91182,1.0842,0.15104,0.025636,0.29596
"dx_frac.B",75,0.98678,0.83248,1.1784,1.0011,0.93133,1.0751,0.12982,0.0043037,0.26563
"dx_frac.B",80,1.0206,0.85398,1.2257,1.0217,0.94132,1.1083,0.11575,-0.0097917,0.25228
"dx_frac.B",85,1.0691,0.87665,1.26,1.0266,0.9502,1.1121,0.08579,-0.061065,0.2216
"dx_frac.B",90,1.1754,0.95525,1.3607,0.99674,0.92224,1.0745,0.058192,-0.08808,0.20234
"dx_frac.B",95,1.2253,0.99352,1.4202,0.96395,0.88622,1.0454,0.027133,-0.11191,0.1763
"dx_frac.B",100,1.122,0.9295,1.2932,0.96894,0.88795,1.0633,0.022576,-0.10599,0.1608
"dx_frac.B",120,0.93536,0.77522,1.1162,1.0748,1.0007,1.1623,-0.073964,-0.18925,0.044991
"dx_frac.B",130,0.99048,0.82323,1.1522,1.0213,0.94912,1.097,-0.12612,-0.249,-0.00075665
"dx_frac.B",140,1.0962,0.90359,1.2759,1.007,0.92966,1.0761,-0.055135,-0.1911,0.086031
"dx_frac.B",150,1.1678,0.9515,1.3796,0.96134,0.88773,1.0351,-0.032777,-0.15862,0.10482
"dx_frac.B",160,1.0019,0.81191,1.179,0.97489,0.89321,1.0588,-0.12714,-0.2466,-0.0066426
"dx_frac.B",170,1.0125,0.80906,1.2127,0.99453,0.91137,1.0915,-0.083377,-0.21268,0.040587
"dx_frac.B",180,1.1082,0.90866,1.3165,0.98681,0.91945,1.0697,0.063737,-0.064356,0.19474
"dx_frac.B",190,1.0634,0.89042,1.257,0.97887,0.9042,1.0584,0.089568,-0.034647,0.20822
"dx_frac.B",200,1.0376,0.85713,1.1892,0.98138,0.88989,1.0636,0.089096,-0.037547,0.21414
"dx_frac.B",210,1.0156,0.86105,1.1955,0.98565,0.91313,1.0753,0.055624,-0.076662,0.19223
"dx_frac.B",220,1.0039,0.81935,1.1916,0.98551,0.9029,1.0735,0.012893,-0.11675,0.13051
"dx_frac.B",230,0.97247,0.79273,1.1409,0.99428,0.92041,1.0825,0.0041329,-0.12191,0.12387
"dx_frac.B",240,0.90858,0.76852,1.061,1.0393,0.96417,1.1272,-0.013578,-0.12761,0.10036
"dx_frac.B",250,1.0967,0.9063,1.2863,1.0467,0.97314,1.1244,-0.0090031,-0.12328,0.10687
"supp_frac.B",0,0.93816,0.78605,1.0827,0.93938,0.87449,1.0121,-0.0074319,-0.12807,0.10685
"supp_frac.B",1,0.98716,0.82383,1.1455,0.97281,0.90549,1.0478,-0.015538,-0.13834,0.10204
"supp_frac.B",2,1.0202,0.85382,1.1835,0.99712,0.92908,1.0731,0.0011362,-0.1242,0.12302
"supp_frac.B",3,1.0495,0.87842,1.2157,1.0096,0.93876,1.0865,0.028888,-0.1006,0.15474
"supp_frac.B",4,1.0731,0.90329,1.2422,1.0153,0.94599,1.0897,0.058749,-0.068707,0.19038
"supp_frac.B",5,1.0794,0.90626,1.2473,1.0027,0.93524,1.0802,0.086782,-0.042818,0.22251
"supp_frac.B",6,1.0814,0.91113,1.2466,0.99347,0.92669,1.0698,0.10461,-0.025173,0.23854
"supp_frac.B",7,1.06,0.89704,1.2275,1.0005,0.93586,1.0798,0.12229,-0.0045437,0.2492
"supp_frac.B",8,1.0331,0.85518,1.2016,1.0096,0.94306,1.0881,0.14086,0.01476,0.26841
"supp_frac.B",9,1.0222,0.84473,1.1978,1.0272,0.96278,1.1015,0.1544,0.027358,0.27928
"supp_frac.B",10,1.0137,0.84102,1.185,1.042,0.97934,1.1151,0.15776,0.028624,0.28725
"supp_frac.B",11,1.0054,0.83235,1.1796,1.0528,0.99098,1.122,0.15393,0.023186,0.2863
"supp_frac.B",12,1.0082,0.83247,1.1891,1.0571,0.99253,1.13,0.15082,0.021129,0.28074
"supp_frac.B",13,0.99958,0.82595,1.1771,1.0435,0.97875,1.1197,0.14922,0.020032,0.2733
"supp_frac.B",14,0.98784,0.81927,1.1583,1.0303,0.96812,1.1031,0.14621,0.012464,0.27297
"supp_frac.B",15,0.99196,0.82988,1.1613,1.0106,0.94675,1.0814,0.1404,0.011934,0.26651
"supp_frac.B",16,1.017,0.85026,1.1966,0.99009,0.92622,1.0574,0.13866,0.0099236,0.2626
"supp_frac.B",17,1.0273,0.85757,1.2189,0.9817,0.91628,1.0524,0.1412,0.015557,0.26614
"supp_frac.B",18,1.0161,0.84359,1.2103,0.98352,0.9179,1.0577,0.14604,0.022652,0.27125
"supp_frac.B",19,0.99624,0.81848,1.1882,0.98945,0.92136,1.0616,0.14986,0.03215,0.28008
"supp_frac.B",20,0.96214,0.78882,1.1468,1.0033,0.93463,1.0715,0.15079,0.027117,0.27318
"supp_frac.B",21,0.93004,0.75858,1.1154,1.0196,0.95598,1.0891,0.15798,0.03295,0.27639
"supp_frac.B",22,0.89406,0.73593,1.0695,1.0302,0.96633,1.1028,0.15952,0.036154,0.27351
"supp_frac.B",23,0.87036,0.72046,1.0342,1.0402,0.97293,1.1158,0.15489,0.034131,0.26763
"supp_frac.B",24,0.86822,0.72261,1.0215,1.0404,0.96836,1.117,0.15576,0.035636,0.26354
"supp_frac.B",25,0.88275,0.72643,1.0327,1.0398,0.97035,1.115,0.15284,0.032119,0.27013
"supp_frac.B",26,0.90529,0.74443,1.0683,1.0292,0.96095,1.1076,0.15879,0.042175,0.27982
"supp_frac.B",27,0.93421,0.76594,1.1084,1.0281,0.96059,1.1072,0.1566,0.038612,0.28189
"supp_frac.B",28,0.96807,0.79254,1.1584,1.0188,0.95288,1.092,0.1491,0.028878,0.27763
"supp_frac.B",29,0.97755,0.80294,1.1652,0.99736,0.93163,1.0646,0.14051,0.01289,0.26835
"supp_frac.B",30,1.0064,0.83237,1.203,0.97385,0.90848,1.0394,0.13357,0.0049658,0.26223
"supp_frac.B",35,1.0291,0.86259,1.2133,0.9932,0.9257,1.0747,0.10706,-0.025209,0.23355
"supp_frac.B",40,0.9439,0.79457,1.0946,1.0184,0.94366,1.1042,0.071872,-0.071386,0.20655
"supp_frac.B",45,0.9461,0.80186,1.0821,1.0024,0.9374,1.0772,-0.0031216,-0.13943,0.13122
"supp_frac.B",50,0.94951,0.80699,1.1014,0.9785,0.91696,1.051,-0.04122,-0.16906,0.081255
"supp_frac.B",55,0.91032,0.75471,1.0662,0.96311,0.89924,1.0399,7.6408e-05,-0.12503,0.12341
"supp_frac.B",60,0.95549,0.78855,1.1515,0.94845,0.88808,1.0112,0.013698,-0.11504,0.14056
"supp_frac.B",65,0.99117,0.83508,1.1536,0.98061,0.91894,1.0448,0.023278,-0.10298,0.14682
"supp_frac.B",70,1.0619,0.91244,1.2141,0.99515,0.92585,1.0637,0.028696,-0.087854,0.16258
"supp_frac.B",75,1.0852,0.89512,1.2846,0.9891,0.91683,1.0619,-0.026462,-0.14808,0.12264
"supp_frac.B",80,1.0464,0.85428,1.2344,0.9978,0.92781,1.0656,-0.054706,-0.17008,0.084002
"supp_frac.B",85,1.0487,0.88038,1.231,1.0002,0.93381,1.0703,-0.029406,-0.1514,0.1209
"supp_frac.B",90,1.0974,0.91263,1.2723,0.97442,0.91059,1.0399,-0.0042084,-0.11804,0.12922
"supp_frac.B",95,1.0845,0.90821,1.2736,0.99857,0.92866,1.0641,0.024708,-0.092505,0.16817
"supp_frac.B",100,1.0363,0.87123,1.2219,1.0635,0.9792,1.1425,0.084693,-0.037831,0.2192
"supp_frac.B",120,0.91953,0.78074,1.0937,1.0047,0.92214,1.0852,-0.095823,-0.21372,0.029454
"supp_frac.B",130,0.91394,0.74201,1.0609,0.986,0.91995,1.0616,-0.067473,-0.19331,0.04856
"supp_frac.B",140,0.9556,0.80318,1.1084,0.98858,0.91977,1.0664,0.047642,-0.085888,0.17199
"supp_frac.B",150,0.91583,0.7471,1.0869,1.0092,0.93789,1.0857,0.026356,-0.11544,0.14726
"supp_frac.B",160,0.9413,0.78336,1.0989,1.0092,0.9243,1.0883,-0.11698,-0.23853,0.0089216
"supp_frac.B",170,0.97441,0.79323,1.1769,0.99087,0.91904,1.0727,-0.11332,-0.24199,0.025112
"supp_frac.B",180,0.94042,0.7528,1.1234,0.99887,0.92749,1.0799,-0.0053352,-0.12547,0.11147
"supp_frac.B",190,1.0428,0.8683,1.2269,0.99295,0.92628,1.0653,0.016471,-0.11472,0.15189
"supp_frac.B",200,0.98409,0.82471,1.1547,1.0332,0.9576,1.1126,-0.01347,-0.14582,0.11188
"supp_frac.B",210,0.90869,0.77487,1.0806,1.0214,0.94585,1.0978,-0.067778,-0.19362,0.053153
"supp_frac.B",220,1.1329,0.94102,1.3542,1.0157,0.94956,1.0861,-0.02811,-0.17842,0.11712
"supp_frac.B",230,1.2198,1.0106,1.4484,1.0606,0.98097,1.1494,-0.010496,-0.14733,0.13294
"supp_frac.B",240,1.0126,0.84752,1.2006,1.1106,1.0266,1.2086,-0.068889,-0.18507,0.039625
"supp_frac.B",250,1.1206,0.9408,1.2951,1.0301,0.95253,1.1092,-0.047691,-0.18662,0.087829
"prep_cov.B",0,0.82973,0.69984,0.97554,0.98487,0.9378,1.033,-0.43425,-0.54279,-0.32025
"prep_cov.B",1,0.84391,0.70075,0.99451,1.0025,0.95618,1.0502,-0.42403,-0.53603,-0.30909
"prep_cov.B",2,0.85047,0.69915,1.0059,1.0047,0.96121,1.0496,-0.44473,-0.55643,-0.33479
"prep_cov.B",3,0.83565,0.68078,0.98785,1.0019,0.9577,1.0453,-0.43916,-0.55622,-0.33136
"prep_cov.B",4,0.82569,0.67355,0.985,0.99931,0.95348,1.0465,-0.43878,-0.55773,-0.331
"prep_cov.B",5,0.85434,0.69397,1.0093,0.99476,0.94585,1.0387,-0.46126,-0.58924,-0.35213
"prep_cov.B",6,0.87242,0.71386,1.0166,0.99528,0.94852,1.0366,-0.44878,-0.57966,-0.34078
"prep_cov.B",7,0.85706,0.70436,0.99599,0.99412,0.94871,1.0328,-0.4306,-0.55934,-0.32133
"prep_cov.B",8,0.81513,0.67858,0.95105,0.99895,0.95478,1.0392,-0.42556,-0.55088,-0.32058
"prep_cov.B",9,0.80509,0.67217,0.93932,1.0074,0.96581,1.0467,-0.3985,-0.51422,-0.2921
"prep_cov.B",10,0.82624,0.68639,0.95628,1.0165,0.97155,1.058,-0.40459,-0.51625,-0.29588
"prep_cov.B",11,0.81053,0.67631,0.94456,1.0196,0.97393,1.0641,-0.42713,-0.54201,-0.32524
"prep_cov.B",12,0.81426,0.6797,0.93316,1.0157,0.96698,1.0552,-0.42327,-0.54092,-0.31852
"prep_cov.B",13,0.81496,0.67173,0.93557,1.0233,0.97628,1.0636,-0.41563,-0.53215,-0.31268
"prep_cov.B",14,0.76991,0.62536,0.89033,1.0389,0.99178,1.0804,-0.39017,-0.50499,-0.28566
"prep_cov.B",15,0.73507,0.60835,0.85034,1.0444,0.99876,1.0863,-0.36299,-0.47824,-0.26336
"prep_cov.B",16,0.73883,0.60279,0.85777,1.048,1.0016,1.0902,-0.36228,-0.47437,-0.25534
"prep_cov.B",17,0.7507,0.5973,0.89448,1.043,0.99545,1.085,-0.37561,-0.48682,-0.26946
"prep_cov.B",18,0.76175,0.60454,0.90765,1.0486,1.0009,1.0928,-0.39033,-0.49804,-0.28257
"prep_cov.B",19,0.78196,0.63774,0.92218,1.0443,0.9994,1.0874,-0.39602,-0.50637,-0.29156
"prep_cov.B",20,0.78994,0.63999,0.94018,1.0359,0.98696,1.0797,-0.40178,-0.50912,-0.28524
"prep_cov.B",21,0.82869,0.65971,0.99051,1.0447,0.9989,1.0888,-0.41422,-0.51984,-0.29647
"prep_cov.B",22,0.79844,0.63966,0.94161,1.0509,1.005,1.0961,-0.39685,-0.50329,-0.27549
"prep_cov.B",23,0.80413,0.65265,0.94944,1.044,0.99565,1.0915,-0.37771,-0.48085,-0.2573
"prep_cov.B",24,0.80694,0.66358,0.94846,1.0442,0.99789,1.0903,-0.35686,-0.45673,-0.23938
"prep_cov.B",25,0.80591,0.66398,0.95812,1.0427,0.99423,1.0931,-0.34336,-0.45154,-0.23226
"prep_cov.B",26,0.78916,0.65555,0.94046,1.0449,0.99604,1.0956,-0.35476,-0.46196,-0.24453
"prep_cov.B",27,0.84081,0.6917,1.0053,1.0524,1.0008,1.1031,-0.35689,-0.46137,-0.24479
"prep_cov.B",28,0.8636,0.71238,1.0408,1.0498,0.99919,1.0999,-0.34428,-0.45442,-0.22882
"prep_cov.B",29,0.8684,0.71795,1.0421,1.036,0.98601,1.0822,-0.35173,-0.46595,-0.24234
"prep_cov.B",30,0.87275,0.71901,1.0605,1.0273,0.98078,1.0755,-0.32714,-0.44106,-0.21506
"prep_cov.B",35,0.88285,0.71373,1.0431,1.0082,0.96309,1.0519,-0.30146,-0.41606,-0.18382
"prep_cov.B",40,0.77276,0.62727,0.9214,1.0227,0.9782,1.0646,-0.14278,-0.25626,-0.037795
"prep_cov.B",45,0.82211,0.68282,0.97659,1.0098,0.96332,1.0511,-0.17058,-0.2896,-0.065532
"prep_cov.B",50,0.83409,0.71247,0.96624,0.99012,0.94654,1.0327,-0.14342,-0.2535,-0.03483
"prep_cov.B",55,0.93446,0.78062,1.0928,1.0061,0.96328,1.0527,-0.073174,-0.19119,0.043169
"prep_cov.B",60,1.0486,0.84421,1.2687,0.9956,0.95461,1.0439,-0.080604,-0.20261,0.047225
"prep_cov.B",65,1.1849,0.96281,1.4125,0.98982,0.94225,1.033,0.025208,-0.1109,0.16137
"prep_cov.B",70,1.1354,0.92154,1.3411,1.0114,0.96005,1.0574,0.029373,-0.10076,0.1664
"prep_cov.B",75,1.2174,1.0082,1.4252,1.0142,0.96708,1.0632,0.019774,-0.12484,0.15609
"prep_cov.B",80,1.1093,0.92016,1.2943,1.0333,0.98652,1.0786,-0.028993,-0.14663,0.10515
"prep_cov.B",85,1.2212,1.0105,1.4263,1.0317,0.986,1.0841,-0.088271,-0.2138,0.049235
"prep_cov.B",90,1.1358,0.94404,1.3403,1.0227,0.98294,1.0769,-0.061907,-0.1845,0.061927
"prep_cov.B",95,1.1218,0.91607,1.3035,1.0247,0.9848,1.073,-0.10873,-0.23855,0.012989
"prep_cov.B",100,1.0749,0.87646,1.2847,1.0331,0.99245,1.0758,-0.074739,-0.19492,0.055809
"prep_cov.B",120,1.0586,0.888,1.2175,1.0103,0.96085,1.0647,0.03699,-0.085278,0.17381
"prep_cov.B",130,0.93207,0.78388,1.0936,1.0498,1.0043,1.0995,0.11429,-0.014209,0.25463
"prep_cov.B",140,1.0046,0.82996,1.1846,1.0145,0.96882,1.061,0.19026,0.067282,0.31477
"prep_cov.B",150,0.92943,0.78651,1.0765,0.9796,0.9362,1.0224,0.074329,-0.057879,0.19847
"prep_cov.B",160,0.92437,0.76664,1.0753,0.96994,0.92178,1.018,-0.12544,-0.24173,-0.0024751
"prep_cov.B",170,1.0415,0.8748,1.2094,0.98887,0.94508,1.0343,-0.14482,-0.27807,-0.0040814
"prep_cov.B",180,1.0929,0.89313,1.288,1.0388,0.99246,1.0844,-0.053836,-0.19216,0.072118
"prep_cov.B",190,1.0038,0.81547,1.1926,1.0312,0.97948,1.0803,-0.020457,-0.15184,0.10438
"prep_cov.B",200,0.99662,0.81359,1.1751,0.99857,0.94938,1.0466,0.014498,-0.11923,0.14188
"prep_cov.B",210,0.94663,0.77014,1.1327,1.0111,0.96018,1.0584,-0.048343,-0.1832,0.079906
"prep_cov.B",220,0.97945,0.82256,1.1448,0.98696,0.9438,1.0312,-0.057923,-0.16892,0.077201
"prep_cov.B",230,1.0572,0.89863,1.2199,0.97745,0.93164,1.0195,-0.0072522,-0.12755,0.12452
"prep_cov.B",240,1.121,0.94225,1.3264,0.97542,0.93399,1.0225,-0.0072531,-0.13578,0.11121
"prep_cov.B",250,1.0635,0.861,1.2745,0.98876,0.94059,1.0432,-0.020542,-0.15321,0.10719
"prev.H",0,0.27541,0.22599,0.32547,1.5452,1.3969,1.6808,0.52307,0.44323,0.59952
"prev.H",1,0.3091,0.25259,0.36459,1.3693,1.2411,1.4915,0.58004,0.49654,0.65792
"prev.H",2,0.34065,0.2759,0.40183,1.2594,1.1533,1.3729,0.61633,0.52908,0.70028
"prev.H",3,0.37166,0.29847,0.44033,1.1926,1.0989,1.2973,0.64222,0.55383,0.72888
"prev.H",4,0.40458,0.32451,0.47913,1.153,1.0572,1.26,0.66035,0.57001,0.75206
"prev.H",5,0.43764,0.35062,0.51752,1.1388,1.0418,1.2452,0.67117,0.57965,0.76597
"prev.H",6,0.4703,0.37806,0.55502,1.1199,1.0248,1.2297,0.68244,0.58948,0.78048
"prev.H",7,0.50424,0.40519,0.59356,1.1328,1.0324,1.2475,0.68343,0.58529,0.78548
"prev.H",8,0.53943,0.43532,0.63709,1.1443,1.0308,1.2628,0.68872,0.58642,0.79122
"prev.H",9,0.57474,0.46242,0.67866,1.1726,1.0526,1.2948,0.6848,0.57867,0.79242
"prev.H",10,0.60927,0.48946,0.71989,1.1994,1.0715,1.3301,0.67669,0.56646,0.78784
"prev.H",11,0.64308,0.51827,0.76353,1.2108,1.0794,1.3435,0.66002,0.54897,0.77236
"prev.H",12,0.67471,0.54415,0.8045,1.2019,1.0759,1.3316,0.63954,0.52808,0.75362
"prev.H",13,0.70668,0.56586,0.84459,1.1802,1.0682,1.3047,0.61857,0.50148,0.7335
"prev.H",14,0.73759,0.59365,0.88162,1.1313,1.0311,1.247,0.59421,0.47124,0.71277
"prev.H",15,0.76826,0.617,0.91641,1.0385,0.94441,1.1388,0.55576,0.42982,0.67567
"prev.H",16,0.8015,0.64915,0.95139,0.98175,0.89172,1.0796,0.51906,0.39357,0.63991
"prev.H",17,0.83306,0.67887,0.97759,0.93597,0.84791,1.0335,0.49042,0.36518,0.61635
"prev.H",18,0.86053,0.70834,1.0024,0.90848,0.81788,1.0046,0.46672,0.34289,0.59545
"prev.H",19,0.88183,0.72873,1.0265,0.90912,0.81946,1.0098,0.44392,0.31773,0.57347
"prev.H",20,0.89815,0.74635,1.0443,0.92268,0.82599,1.0253,0.42174,0.29138,0.55134
"prev.H",21,0.90852,0.75757,1.0558,0.94642,0.84677,1.0511,0.4024,0.26966,0.53251
"prev.H",22,0.91401,0.75571,1.0587,0.97509,0.87325,1.0818,0.39347,0.25936,0.51966
"prev.H",23,0.91806,0.75707,1.0661,0.99412,0.89067,1.0994,0.39027,0.25812,0.51972
"prev.H",24,0.92088,0.75822,1.0757,1.0117,0.90738,1.1181,0.38678,0.25331,0.51532
"prev.H",25,0.92371,0.7564,1.0791,1.0182,0.91857,1.1248,0.38466,0.25135,0.50779
"prev.H",26,0.92907,0.7579,1.0865,1.0214,0.92028,1.1265,0.38193,0.24706,0.50764
"prev.H",27,0.92808,0.76127,1.0852,1.0349,0.93133,1.1468,0.37857,0.24267,0.50706
"prev.H",28,0.92089,0.75515,1.0798,1.0556,0.95069,1.1733,0.36745,0.23247,0.49542
"prev.H",29,0.91421,0.75166,1.0698,1.0646,0.95791,1.1798,0.3597,0.22468,0.49146
"prev.H",30,0.90843,0.74777,1.0569,1.0731,0.97028,1.1871,0.35677,0.22209,0.48657
"prev.H",35,0.892,0.73865,1.0313,1.0474,0.92659,1.1817,0.29584,0.16454,0.41069
"prev.H",40,0.90712,0.77041,1.0405,1.085,0.95847,1.2318,0.27788,0.14981,0.38434
"prev.H",45,0.96782,0.81937,1.1026,1.0756,0.96822,1.1974,0.25861,0.13114,0.36843
"prev.H",50,0.99951,0.85456,1.1411,1.0449,0.94807,1.1502,0.22612,0.092799,0.34337
"prev.H",55,1.0003,0.86047,1.1635,1.03,0.91176,1.1492,0.16853,0.036016,0.28858
"prev.H",60,0.96958,0.83219,1.1105,1.0368,0.90034,1.1538,0.10866,-0.014216,0.23497
"prev.H",65,0.96358,0.81654,1.0954,0.98385,0.86868,1.0989,0.059411,-0.067725,0.17621
"prev.H",70,0.99524,0.83563,1.1435,0.92112,0.82137,1.0338,0.0093821,-0.12335,0.1289
"prev.H",75,1.0163,0.8498,1.1642,0.92649,0.8433,1.0242,-0.033252,-0.17832,0.08872
"prev.H",80,1.0333,0.86622,1.2052,0.96793,0.86239,1.0834,-0.055517,-0.19349,0.078087
"prev.H",85,1.0657,0.89069,1.2308,0.9462,0.85105,1.0452,-0.066894,-0.20576,0.064635
"prev.H",90,1.0938,0.91237,1.2818,0.90472,0.80795,0.99953,-0.045713,-0.18312,0.098682
"prev.H",95,1.0645,0.89015,1.2524,0.97621,0.86883,1.0881,-0.010263,-0.14283,0.12638
"prev.H",100,1.0153,0.83826,1.2009,1.0693,0.94482,1.1731,0.012112,-0.11703,0.14876
"prev.H",120,0.92247,0.76218,1.0948,0.95371,0.86182,1.0638,-0.086383,-0.20567,0.033543
"prev.H",130,0.9767,0.81574,1.1064,0.94495,0.84103,1.0616,-0.074265,-0.20032,0.044593
"prev.H",140,0.92596,0.77633,1.0816,1.0003,0.88848,1.1223,-0.036368,-0.17043,0.092769
"prev.H",150,0.90828,0.75439,1.0577,0.95727,0.85376,1.0694,-0.018242,-0.14801,0.10828
"prev.H",160,0.97823,0.81788,1.1523,0.98336,0.87647,1.0901,0.020233,-0.1116,0.15875
"prev.H",170,0.99296,0.83305,1.1665,0.91869,0.80468,1.0289,0.069368,-0.074547,0.20738
"prev.H",180,0.93109,0.75158,1.1139,0.95368,0.8544,1.0565,0.080323,-0.053822,0.20887
"prev.H",190,0.9298,0.76054,1.0889,0.95994,0.84436,1.0765,0.084544,-0.047973,0.21189
"prev.H",200,0.88885,0.73036,1.0325,0.91869,0.81188,1.0318,0.081464,-0.057198,0.21219
"prev.H",210,0.88052,0.73637,1.0176,0.90873,0.82112,1.0046,0.040846,-0.092547,0.15715
"prev.H",220,0.97921,0.80876,1.1541,1.038,0.90541,1.1621,-0.0060184,-0.12883,0.1232
"prev.H",230,1.1438,0.934,1.3261,0.92196,0.82658,1.0403,-0.032526,-0.17917,0.099507
"prev.H",240,1.1291,0.94524,1.309,0.93087,0.83239,1.0418,-0.0088546,-0.15479,0.13152
"prev.H",250,1.0043,0.84706,1.1838,0.97649,0.86518,1.0943,0.019843,-0.11011,0.15851
"incid_rate.H",0,0.76469,0.62806,0.9173,1.0395,0.98932,1.0837,0.5313,0.42015,0.6498
"incid_rate.H",1,0.80867,0.6574,0.97134,1.0354,0.98804,1.078,0.49469,0.3782,0.61847
"incid_rate.H",2,0.77809,0.63194,0.92662,1.0305,0.98486,1.0712,0.44202,0.33518,0.56431
"incid_rate.H",3,0.7906,0.63463,0.94883,1.0165,0.97227,1.0594,0.38972,0.2751,0.51547
"incid_rate.H",4,0.86676,0.67859,1.0431,1.0108,0.96748,1.0548,0.36506,0.25242,0.49223
"incid_rate.H",5,0.85975,0.68529,1.0268,1.0132,0.96758,1.0537,0.34995,0.24469,0.476
"incid_rate.H",6,0.89902,0.72553,1.056,1.0138,0.96939,1.0565,0.33138,0.21365,0.45243
"incid_rate.H",7,0.96142,0.79753,1.119,1.0028,0.95885,1.0443,0.24845,0.12465,0.38486
"incid_rate.H",8,0.97881,0.81869,1.126,1.0108,0.97049,1.0494,0.23161,0.10903,0.36654
"incid_rate.H",9,1.0033,0.83033,1.1497,1.0023,0.9641,1.0457,0.20021,0.063995,0.33723
"incid_rate.H",10,0.98451,0.8036,1.1369,1.0108,0.97409,1.0515,0.18293,0.050441,0.31435
"incid_rate.H",11,0.97222,0.812,1.1121,1.016,0.97595,1.0576,0.16689,0.041835,0.30164
"incid_rate.H",12,1.047,0.87966,1.2066,1.0104,0.96766,1.0528,0.1407,0.0013547,0.29141
"incid_rate.H",13,1.0591,0.88092,1.22,1.0207,0.97826,1.0629,0.16671,0.02855,0.3105
"incid_rate.H",14,1.0813,0.91379,1.2325,1.0174,0.97585,1.0608,0.15995,0.01855,0.30971
"incid_rate.H",15,1.115,0.93916,1.2702,1.0243,0.97977,1.0665,0.1351,-0.0078382,0.26806
"incid_rate.H",16,1.0567,0.8911,1.2046,1.0283,0.9832,1.0714,0.16406,0.023531,0.303
"incid_rate.H",17,1.0052,0.84673,1.1726,1.0231,0.98031,1.0652,0.20329,0.063696,0.34209
"incid_rate.H",18,0.98408,0.8356,1.1198,1.0231,0.97844,1.0682,0.20415,0.059008,0.34014
"incid_rate.H",19,0.92558,0.77183,1.0703,1.0233,0.97736,1.0679,0.20428,0.0617,0.3318
"incid_rate.H",20,0.91568,0.77195,1.0682,1.0262,0.98365,1.0693,0.20675,0.068267,0.33564
"incid_rate.H",21,0.87588,0.74386,1.0205,1.0339,0.99118,1.0777,0.23911,0.095819,0.36409
"incid_rate.H",22,0.8672,0.73369,1.0109,1.0354,0.99114,1.0811,0.26467,0.12432,0.38224
"incid_rate.H",23,0.88337,0.73568,1.0414,1.0418,1.0013,1.0841,0.27358,0.13692,0.39184
"incid_rate.H",24,0.93898,0.78004,1.1006,1.029,0.98996,1.0704,0.26286,0.12364,0.38508
"incid_rate.H",25,0.95972,0.80923,1.1156,1.0226,0.98691,1.0644,0.23865,0.10021,0.36374
"incid_rate.H",26,0.97313,0.82295,1.1419,1.0286,0.99161,1.0716,0.21825,0.08625,0.34703
"incid_rate.H",27,0.93053,0.78436,1.0908,1.0228,0.98436,1.0658,0.21371,0.077548,0.33948
"incid_rate.H",28,0.94333,0.79479,1.1036,1.0154,0.97576,1.0571,0.20495,0.072281,0.32944
"incid_rate.H",29,0.96413,0.81522,1.1362,1.0255,0.98502,1.0662,0.19055,0.053699,0.3127
"incid_rate.H",30,0.93707,0.78112,1.1054,1.0226,0.98306,1.0656,0.19144,0.054573,0.31365
"incid_rate.H",35,1.12,0.95788,1.2973,0.98634,0.94836,1.0266,0.2126,0.074041,0.35072
"incid_rate.H",40,1.2156,1.0287,1.4024,0.98749,0.949,1.0248,0.15744,0.020631,0.30145
"incid_rate.H",45,1.1104,0.93773,1.3117,0.98605,0.94345,1.0268,0.10318,-0.027532,0.24292
"incid_rate.H",50,0.94454,0.797,1.1248,0.98848,0.94529,1.0326,0.091058,-0.032711,0.22227
"incid_rate.H",55,0.9042,0.77525,1.0599,0.9916,0.95353,1.0301,0.037398,-0.092044,0.16813
"incid_rate.H",60,1.0657,0.89084,1.2506,0.96006,0.9181,0.99675,-0.016274,-0.15216,0.11943
"incid_rate.H",65,1.0625,0.87271,1.2709,0.96909,0.93023,1.0092,-0.056629,-0.19264,0.072003
"incid_rate.H",70,0.9397,0.78704,1.1211,0.96994,0.93595,1.0094,-0.09129,-0.21404,0.029662
"incid_rate.H",75,1.0738,0.89858,1.2596,0.95209,0.91744,0.98874,-0.11442,-0.26159,0.031861
"incid_rate.H",80,1.0163,0.84103,1.2053,0.96357,0.92872,1.0004,-0.061703,-0.20953,0.067786
"incid_rate.H",85,1.05,0.84997,1.244,0.96295,0.92692,0.99942,-0.052456,-0.18416,0.081398
"incid_rate.H",90,1.0543,0.87495,1.2174,0.95931,0.92139,1.0003,0.022155,-0.10831,0.14091
"incid_rate.H",95,1.0198,0.83837,1.2012,0.97881,0.93805,1.0235,0.020721,-0.10499,0.12857
"incid_rate.H",100,1.0288,0.83138,1.2259,0.96234,0.91768,1.0102,0.0074835,-0.11931,0.12276
"incid_rate.H",120,1.0119,0.84042,1.1815,0.95983,0.91781,1.0043,-0.073025,-0.20125,0.048505
"incid_rate.H",130,1.003,0.8253,1.2128,0.98548,0.9433,1.0251,0.047601,-0.093409,0.16899
"incid_rate.H",140,0.92115,0.76068,1.0836,0.97236,0.93063,1.0147,0.015863,-0.11964,0.13825
"incid_rate.H",150,0.94984,0.81513,1.0935,0.96671,0.9299,1.0067,-0.030864,-0.16508,0.10089
"incid_rate.H",160,1.021,0.8635,1.2067,0.99062,0.95185,1.0344,0.10933,-0.039965,0.23793
"incid_rate.H",170,0.94989,0.78653,1.1639,0.94983,0.91615,0.98701,0.10836,-0.030559,0.23066
"incid_rate.H",180,0.90197,0.73104,1.0729,0.96561,0.92765,1.0048,0.057288,-0.079219,0.16881
"incid_rate.H",190,0.92443,0.74467,1.1168,0.99803,0.95553,1.0378,0.03917,-0.079405,0.15748
"incid_rate.H",200,0.85658,0.70165,1.0223,0.98354,0.94505,1.0219,0.025636,-0.088299,0.14308
"incid_rate.H",210,0.84107,0.69708,1.0101,0.97942,0.93805,1.0184,-0.059443,-0.18187,0.053413
"incid_rate.H",220,1.002,0.82587,1.1811,0.97401,0.9354,1.0163,-0.082703,-0.19662,0.040546
"incid_rate.H",230,1.0671,0.88141,1.2529,0.94561,0.90925,0.98424,-0.013579,-0.14893,0.1058
"incid_rate.H",240,0.93509,0.77124,1.1186,0.95062,0.91052,0.98834,-0.014656,-0.13168,0.11136
"incid_rate.H",250,0.90295,0.74603,1.0582,0.98172,0.94614,1.02,0.036239,-0.079891,0.1625
"dx_frac.H",0,0.90186,0.75103,1.0777,1.4089,1.3036,1.5206,-0.5897,-0.71338,-0.46563
"dx_frac.H",1,0.96075,0.79657,1.1533,1.3535,1.2481,1.4687,-0.44078,-0.56837,-0.31637
"dx_frac.H",2,0.98485,0.82012,1.1824,1.2856,1.1773,1.4081,-0.30521,-0.43534,-0.17733
"dx_frac.H",3,0.99302,0.82495,1.1809,1.2242,1.121,1.337,-0.18011,-0.31358,-0.054271
"dx_frac.H",4,0.99262,0.8251,1.178,1.179,1.0754,1.2863,-0.075055,-0.21107,0.050258
"dx_frac.H",5,0.98252,0.81254,1.1615,1.1391,1.037,1.2389,0.0098398,-0.12827,0.13511
"dx_frac.H",6,0.9612,0.7979,1.1312,1.1105,1.019,1.2011,0.086507,-0.042975,0.20694
"dx_frac.H",7,0.9484,0.78898,1.1023,1.0915,1.0023,1.1827,0.14592,0.01809,0.26156
"dx_frac.H",8,0.9571,0.78857,1.1201,1.0729,0.98377,1.1635,0.20504,0.079315,0.32172
"dx_frac.H",9,0.96995,0.79924,1.1385,1.0514,0.96154,1.1337,0.25854,0.13178,0.37481
"dx_frac.H",10,0.96893,0.7985,1.1499,1.0253,0.93631,1.1114,0.2999,0.17577,0.41656
"dx_frac.H",11,0.96923,0.79612,1.1455,1.0132,0.92881,1.0971,0.32572,0.20169,0.4403
"dx_frac.H",12,0.96413,0.78846,1.1467,1.0045,0.92304,1.0853,0.34686,0.22442,0.46125
"dx_frac.H",13,0.96209,0.78268,1.1378,1.0073,0.92626,1.0841,0.35721,0.23732,0.47724
"dx_frac.H",14,0.95731,0.78727,1.1337,1.0119,0.93392,1.0872,0.36684,0.25062,0.48999
"dx_frac.H",15,0.94471,0.77799,1.1164,1.0165,0.93364,1.0913,0.36314,0.25188,0.48763
"dx_frac.H",16,0.92924,0.76639,1.1066,1.0247,0.94034,1.1007,0.34393,0.23321,0.46897
"dx_frac.H",17,0.91518,0.75297,1.0859,1.027,0.94615,1.1045,0.31925,0.20963,0.4409
"dx_frac.H",18,0.88951,0.73354,1.0461,1.0259,0.94238,1.1044,0.29083,0.18052,0.41169
"dx_frac.H",19,0.87064,0.721,1.0178,1.0337,0.94984,1.1108,0.26661,0.15446,0.38655
"dx_frac.H",20,0.858,0.71362,0.99946,1.0414,0.95857,1.1157,0.24471,0.13641,0.36265
"dx_frac.H",21,0.85653,0.7158,0.99453,1.0535,0.96771,1.1249,0.21909,0.10807,0.33326
"dx_frac.H",22,0.86529,0.72658,1.0047,1.0617,0.98026,1.1371,0.19165,0.081625,0.30272
"dx_frac.H",23,0.87186,0.73556,1.0113,1.0703,0.98615,1.1531,0.16868,0.064135,0.2782
"dx_frac.H",24,0.88007,0.75252,1.0172,1.0765,0.9831,1.1649,0.14974,0.045758,0.25992
"dx_frac.H",25,0.88405,0.75144,1.0267,1.075,0.98136,1.1607,0.14259,0.032412,0.25625
"dx_frac.H",26,0.87744,0.74033,1.0219,1.0755,0.98604,1.1622,0.14307,0.030853,0.25421
"dx_frac.H",27,0.86444,0.72193,1.0083,1.0672,0.97942,1.1593,0.15351,0.04029,0.26699
"dx_frac.H",28,0.86676,0.72886,1.012,1.058,0.97445,1.159,0.15588,0.040554,0.27177
"dx_frac.H",29,0.88102,0.74655,1.0282,1.0441,0.95934,1.1426,0.15551,0.035148,0.28066
"dx_frac.H",30,0.89546,0.75064,1.0445,1.0374,0.9569,1.1363,0.15809,0.035255,0.28294
"dx_frac.H",35,0.9817,0.81568,1.1737,1.011,0.93045,1.0998,0.11778,-0.011939,0.25078
"dx_frac.H",40,0.96291,0.7914,1.1608,1.0084,0.92938,1.087,0.13084,-0.00020319,0.24886
"dx_frac.H",45,0.91511,0.76529,1.0899,0.96061,0.88718,1.029,0.19863,0.073578,0.30976
"dx_frac.H",50,0.83385,0.68235,1.0161,0.97605,0.90446,1.0492,0.17095,0.060261,0.26971
"dx_frac.H",55,0.85821,0.69081,1.0231,0.94329,0.86941,1.0166,0.13928,0.029631,0.2609
"dx_frac.H",60,0.8621,0.70308,1.0168,0.93108,0.86206,1.0079,0.12339,0.020281,0.25461
"dx_frac.H",65,0.85742,0.70991,1.0096,0.92344,0.85631,0.9929,0.10253,-0.0046721,0.22576
"dx_frac.H",70,0.86405,0.72869,1.0133,0.93454,0.86385,1.0092,0.08709,-0.026322,0.20821
"dx_frac.H",75,0.86973,0.73175,1.0151,0.93807,0.86185,1.0133,0.11636,-0.016361,0.23586
"dx_frac.H",80,0.83734,0.69051,0.98111,0.97607,0.8995,1.0589,0.12143,-0.0023054,0.23351
"dx_frac.H",85,0.8905,0.71625,1.0577,1.0078,0.92825,1.1055,0.089165,-0.045553,0.20516
"dx_frac.H",90,1.0151,0.81366,1.2115,0.9932,0.91234,1.0812,0.049238,-0.085136,0.17307
"dx_frac.H",95,1.1331,0.91699,1.3548,0.99043,0.91703,1.073,0.034228,-0.1051,0.17306
"dx_frac.H",100,1.172,0.96753,1.4241,1.0265,0.9528,1.1061,0.036066,-0.093742,0.18388
"dx_frac.H",120,0.90273,0.75247,1.065,1.0392,0.96044,1.1205,-0.070772,-0.17959,0.058896
"dx_frac.H",130,0.89441,0.75225,1.0268,0.96134,0.89214,1.0303,-0.031126,-0.15891,0.089682
"dx_frac.H",140,1.0095,0.83086,1.1719,0.96238,0.89785,1.0302,0.016964,-0.11365,0.14407
"dx_frac.H",150,0.91489,0.78142,1.0611,1.0348,0.95833,1.1116,0.089306,-0.038962,0.21625
"dx_frac.H",160,0.87996,0.7323,1.0362,0.99769,0.93003,1.0729,0.068439,-0.061886,0.18954
"dx_frac.H",170,1.0276,0.82072,1.2215,0.95305,0.88793,1.0382,-0.017851,-0.14584,0.10426
"dx_frac.H",180,1.2426,1.0531,1.4448,0.95264,0.87878,1.0309,-0.050162,-0.18906,0.093483
"dx_frac.H",190,1.1457,0.91191,1.3747,1.0205,0.94061,1.1107,0.034917,-0.095378,0.17005
"dx_frac.H",200,1.1148,0.89809,1.3491,1.0251,0.94884,1.0987,0.13489,0.0096332,0.24693
"dx_frac.H",210,1.0829,0.89521,1.2779,1.0326,0.95992,1.1121,0.18278,0.063191,0.31662
"dx_frac.H",220,0.92629,0.78297,1.0898,1.0054,0.94073,1.087,0.076216,-0.043183,0.19517
"dx_frac.H",230,0.88038,0.7331,1.049,1.0179,0.93502,1.1084,-0.013779,-0.13501,0.11815
"dx_frac.H",240,0.95155,0.79058,1.1148,1.0707,0.98337,1.1664,0.069008,-0.054916,0.19862
"dx_frac.H",250,0.94567,0.78897,1.1102,1.0628,0.98072,1.1541,0.066079,-0.060575,0.18085
"supp_frac.H",0,0.86548,0.72143,1.0236,1.1198,1.0377,1.2061,-0.46164,-0.5964,-0.35596
"supp_frac.H",1,0.92237,0.77463,1.0895,1.0588,0.97694,1.1382,-0.32876,-0.46181,-0.2165
"supp_frac.H",2,0.96677,0.81452,1.1458,1.0303,0.95414,1.1086,-0.22774,-0.36639,-0.10881
"supp_frac.H",3,1.0008,0.84302,1.1945,1.0043,0.92458,1.0822,-0.1443,-0.28231,-0.018847
"supp_frac.H",4,1.0479,0.88294,1.2582,0.98786,0.90734,1.0653,-0.075895,-0.21129,0.051732
"supp_frac.H",5,1.0823,0.91621,1.3049,0.97731,0.90184,1.0563,-0.022468,-0.16347,0.10436
"supp_frac.H",6,1.1003,0.91515,1.3301,0.97557,0.9003,1.0495,0.014294,-0.12654,0.14471
"supp_frac.H",7,1.1119,0.91343,1.3495,0.97252,0.89838,1.0466,0.041033,-0.099589,0.17147
"supp_frac.H",8,1.1145,0.91215,1.3644,0.97438,0.90131,1.0493,0.060678,-0.083118,0.18914
"supp_frac.H",9,1.1092,0.91354,1.3532,0.97522,0.90427,1.0507,0.082391,-0.064568,0.21054
"supp_frac.H",10,1.0906,0.89938,1.3298,0.98526,0.90822,1.0582,0.097517,-0.051972,0.2201
"supp_frac.H",11,1.0567,0.87205,1.2798,1,0.91858,1.0741,0.10402,-0.044933,0.22742
"supp_frac.H",12,1.0131,0.83059,1.2117,1.0129,0.9316,1.0899,0.10768,-0.037018,0.23456
"supp_frac.H",13,0.99323,0.81861,1.1966,1.021,0.94833,1.0941,0.10465,-0.034408,0.23271
"supp_frac.H",14,0.98002,0.80952,1.1824,1.0284,0.96124,1.1028,0.10484,-0.032969,0.23239
"supp_frac.H",15,0.95558,0.78937,1.1472,1.0383,0.96851,1.1109,0.10563,-0.029863,0.23725
"supp_frac.H",16,0.94145,0.77965,1.1224,1.0336,0.96153,1.1064,0.099174,-0.031428,0.23544
"supp_frac.H",17,0.93447,0.77104,1.098,1.0318,0.96129,1.0996,0.085591,-0.034104,0.22503
"supp_frac.H",18,0.91026,0.76723,1.0729,1.0273,0.95692,1.0968,0.066066,-0.054632,0.20348
"supp_frac.H",19,0.88472,0.75282,1.0415,1.0349,0.95882,1.1064,0.05009,-0.070089,0.1861
"supp_frac.H",20,0.85519,0.71997,1.0064,1.0419,0.96163,1.1133,0.043564,-0.066026,0.17246
"supp_frac.H",21,0.81926,0.68467,0.96902,1.0429,0.96769,1.117,0.046195,-0.06031,0.17465
"supp_frac.H",22,0.79579,0.66386,0.94533,1.0302,0.9604,1.1025,0.045124,-0.06252,0.17394
"supp_frac.H",23,0.78381,0.64794,0.93688,1.0329,0.96027,1.1039,0.044479,-0.058574,0.16811
"supp_frac.H",24,0.78037,0.64189,0.92992,1.0283,0.95768,1.0981,0.048954,-0.051737,0.16589
"supp_frac.H",25,0.77279,0.64071,0.91036,1.0139,0.9486,1.0828,0.060107,-0.040279,0.18023
"supp_frac.H",26,0.77931,0.64991,0.90901,1.0082,0.94476,1.0766,0.074589,-0.033666,0.19428
"supp_frac.H",27,0.78557,0.65541,0.91447,1.0112,0.9426,1.0823,0.088534,-0.02567,0.20223
"supp_frac.H",28,0.7802,0.64777,0.9106,1.0237,0.95533,1.0944,0.10081,-0.018033,0.20832
"supp_frac.H",29,0.7802,0.64077,0.91259,1.0282,0.95481,1.1003,0.10619,-0.015642,0.21084
"supp_frac.H",30,0.78541,0.64642,0.92577,1.0224,0.94722,1.0972,0.10789,-0.014071,0.211
"supp_frac.H",35,0.86391,0.70042,1.0258,1.0016,0.93565,1.0615,0.11065,-0.016507,0.21545
"supp_frac.H",40,0.94433,0.77533,1.1111,0.98382,0.91346,1.0495,0.14815,0.017389,0.26683
"supp_frac.H",45,0.93215,0.77405,1.0947,0.97285,0.90549,1.0325,0.16826,0.037826,0.28911
"supp_frac.H",50,0.85056,0.71555,0.99216,0.93295,0.86998,0.99854,0.10849,-0.017713,0.22967
"supp_frac.H",55,0.80289,0.65154,0.96047,0.95629,0.89738,1.0172,0.053494,-0.06808,0.16253
"supp_frac.H",60,0.82673,0.68198,0.97256,0.94162,0.88218,0.9981,-0.0013717,-0.11344,0.10618
"supp_frac.H",65,0.82164,0.67428,0.97718,0.92472,0.86815,0.99231,-0.054307,-0.17134,0.056287
"supp_frac.H",70,0.86204,0.7186,1.0071,0.90865,0.84906,0.97924,-0.030884,-0.14144,0.079541
"supp_frac.H",75,0.83723,0.70426,0.99732,0.92631,0.86983,0.99587,0.038875,-0.061714,0.16306
"supp_frac.H",80,0.92552,0.78498,1.0988,0.9481,0.87897,1.0296,0.097525,-0.0065482,0.21982
"supp_frac.H",85,0.97898,0.82699,1.1584,0.98927,0.91796,1.0654,0.11186,0.008233,0.24436
"supp_frac.H",90,1.0729,0.89902,1.2584,1.014,0.93523,1.0864,0.095459,-0.023829,0.22727
"supp_frac.H",95,1.1316,0.9311,1.3586,1.0243,0.95205,1.1041,0.088504,-0.043038,0.23619
"supp_frac.H",100,1.1426,0.94791,1.3551,0.98331,0.91109,1.0603,0.064057,-0.06187,0.21134
"supp_frac.H",120,0.9881,0.80293,1.186,1.0001,0.92953,1.0684,-0.014781,-0.13723,0.10826
"supp_frac.H",130,1.0529,0.86704,1.2408,0.96899,0.88479,1.0508,0.014086,-0.10466,0.13545
"supp_frac.H",140,1.0319,0.83903,1.2165,1.0005,0.9316,1.068,0.089964,-0.041296,0.2152
"supp_frac.H",150,0.94219,0.77062,1.0887,1.0309,0.96299,1.108,0.098371,-0.028493,0.21547
"supp_frac.H",160,0.83113,0.6641,0.99395,0.97716,0.90793,1.0442,0.025518,-0.094334,0.14347
"supp_frac.H",170,0.82926,0.70666,0.95115,0.93094,0.86035,1.0014,-0.048614,-0.17249,0.0775
"supp_frac.H",180,0.99938,0.84352,1.16,0.93091,0.87011,1.002,-0.060279,-0.18204,0.055585
"supp_frac.H",190,0.98921,0.83811,1.1404,1.0336,0.96687,1.1106,-0.024801,-0.13818,0.090978
"supp_frac.H",200,1.0139,0.84724,1.1809,0.94809,0.88132,1.0244,0.039609,-0.082646,0.16512
"supp_frac.H",210,0.95215,0.79007,1.1187,0.92465,0.86205,0.98599,0.1096,-0.018381,0.234
"supp_frac.H",220,0.77726,0.64573,0.90754,1.0094,0.92865,1.0997,0.096992,-0.015323,0.22281
"supp_frac.H",230,0.92062,0.77434,1.0824,0.95831,0.88154,1.0383,0.018531,-0.10462,0.138
"supp_frac.H",240,0.81914,0.66854,0.97001,0.95966,0.89096,1.0322,-0.003809,-0.10748,0.11401
"supp_frac.H",250,0.84101,0.68202,1.0087,0.98775,0.91368,1.0684,-0.020905,-0.13301,0.10211
"prep_cov.H",0,0.88708,0.7219,1.0675,1.0348,0.98691,1.0883,-0.26078,-0.37069,-0.14004
"prep_cov.H",1,0.92395,0.75528,1.1077,1.0094,0.96065,1.0639,-0.13183,-0.24235,-0.0024732
"prep_cov.H",2,0.94722,0.77028,1.1294,0.99313,0.94074,1.0482,-0.096699,-0.20496,0.030001
"prep_cov.H",3,0.93962,0.7655,1.1166,0.9807,0.9314,1.0321,-0.088486,-0.20214,0.032238
"prep_cov.H",4,0.92375,0.75317,1.1041,0.97573,0.93032,1.0269,-0.11901,-0.23091,0.0025515
"prep_cov.H",5,0.9365,0.767,1.1443,0.972,0.92602,1.0229,-0.1334,-0.24738,-0.016734
"prep_cov.H",6,0.93976,0.76578,1.1512,0.97286,0.92657,1.0234,-0.12239,-0.22999,-0.0072454
"prep_cov.H",7,0.95907,0.78957,1.1644,0.99007,0.93924,1.0426,-0.12462,-0.23799,-0.010956
"prep_cov.H",8,0.99368,0.81331,1.1969,0.99359,0.94526,1.049,-0.12178,-0.23556,-0.0064931
"prep_cov.H",9,1.0098,0.82918,1.2108,0.98916,0.9404,1.0449,-0.11768,-0.23502,0.0011527
"prep_cov.H",10,0.98786,0.81714,1.1683,0.9867,0.93525,1.0403,-0.1178,-0.24403,0.0075205
"prep_cov.H",11,0.93294,0.7709,1.1007,0.9915,0.93579,1.047,-0.14915,-0.27425,-0.020157
"prep_cov.H",12,0.94582,0.77865,1.1133,0.99123,0.93511,1.0469,-0.1641,-0.28586,-0.034941
"prep_cov.H",13,0.96586,0.79498,1.1382,0.98755,0.93436,1.0414,-0.17387,-0.29029,-0.044687
"prep_cov.H",14,0.95996,0.79478,1.1373,0.98327,0.93083,1.0397,-0.15666,-0.27327,-0.03288
"prep_cov.H",15,0.97217,0.80023,1.1572,0.98979,0.93859,1.0413,-0.14377,-0.26182,-0.020096
"prep_cov.H",16,0.99587,0.81103,1.2002,0.98743,0.93589,1.0404,-0.13004,-0.25171,-0.0027216
"prep_cov.H",17,1.0127,0.83202,1.2272,0.9886,0.93564,1.0421,-0.1214,-0.24533,-0.0062311
"prep_cov.H",18,1.0094,0.82546,1.2176,0.97838,0.92506,1.0297,-0.12563,-0.24921,-0.0088708
"prep_cov.H",19,1.0157,0.82425,1.2178,0.97532,0.92316,1.021,-0.13714,-0.2606,-0.020314
"prep_cov.H",20,1.0227,0.83845,1.2164,0.97301,0.91857,1.0204,-0.13429,-0.26016,-0.021066
"prep_cov.H",21,1.0391,0.85226,1.2565,0.98528,0.92984,1.0329,-0.13014,-0.25548,-0.020299
"prep_cov.H",22,1.0564,0.87024,1.2752,0.99574,0.93867,1.0452,-0.13285,-0.25342,-0.024226
"prep_cov.H",23,1.0689,0.88519,1.2689,1.0021,0.94582,1.0504,-0.12093,-0.24103,-0.0030382
"prep_cov.H",24,1.0677,0.88828,1.2498,1.0074,0.95133,1.0543,-0.09721,-0.2157,0.022813
"prep_cov.H",25,1.0423,0.87039,1.213,1.0042,0.94874,1.0507,-0.093148,-0.20923,0.025795
"prep_cov.H",26,1.0457,0.87451,1.2137,1.0087,0.95547,1.0562,-0.098288,-0.21764,0.012822
"prep_cov.H",27,1.0615,0.87435,1.233,0.9971,0.94475,1.0462,-0.082727,-0.19975,0.027915
"prep_cov.H",28,1.0754,0.88862,1.2739,0.99692,0.94368,1.0414,-0.078938,-0.19711,0.031886
"prep_cov.H",29,1.0712,0.8844,1.2703,1.002,0.95106,1.0494,-0.084308,-0.2074,0.027735
"prep_cov.H",30,1.0807,0.90025,1.275,1.0103,0.96008,1.0598,-0.073783,-0.19405,0.046748
"prep_cov.H",35,0.95207,0.79605,1.1029,0.99416,0.94325,1.0367,-0.1033,-0.21641,0.0026847
"prep_cov.H",40,0.97102,0.80644,1.1426,1.0176,0.96833,1.0676,-0.12217,-0.24794,-0.0098438
"prep_cov.H",45,1.0558,0.86414,1.2337,1.0009,0.95021,1.0438,-0.061731,-0.18722,0.063412
"prep_cov.H",50,1.1265,0.92966,1.3311,0.99032,0.9426,1.0359,-0.053534,-0.16974,0.070047
"prep_cov.H",55,1.1983,0.99431,1.4012,1.0045,0.95642,1.0507,-0.017619,-0.14392,0.11198
"prep_cov.H",60,1.1579,0.95833,1.3656,1.0217,0.96932,1.0788,0.02873,-0.11494,0.16704
"prep_cov.H",65,1.1918,0.99043,1.3961,1.0174,0.97185,1.067,0.048463,-0.088017,0.17579
"prep_cov.H",70,1.0996,0.90581,1.3091,1.0262,0.97839,1.0775,0.058686,-0.07057,0.18197
"prep_cov.H",75,1.0443,0.87119,1.2348,1.0528,0.99973,1.1112,0.057688,-0.063875,0.17541
"prep_cov.H",80,0.96966,0.82295,1.1407,1.0347,0.98085,1.0848,0.020248,-0.091186,0.13628
"prep_cov.H",85,0.96362,0.7813,1.151,1.0125,0.9644,1.0704,-0.064597,-0.18844,0.048372
"prep_cov.H",90,0.9303,0.77238,1.114,1.0134,0.96471,1.0661,-0.10172,-0.21444,0.027908
"prep_cov.H",95,0.93268,0.78548,1.0926,0.9793,0.93359,1.0282,-0.10087,-0.22126,0.012133
"prep_cov.H",100,1.0336,0.84988,1.2485,0.95495,0.90814,1.0061,-0.090477,-0.21882,0.025067
"prep_cov.H",120,1.04,0.85757,1.2261,0.97701,0.93253,1.0247,0.034257,-0.090484,0.16416
"prep_cov.H",130,0.90246,0.73675,1.0412,0.98261,0.92494,1.0391,0.040067,-0.077435,0.17193
"prep_cov.H",140,1.006,0.83553,1.1827,0.99458,0.94215,1.0518,-0.052587,-0.17768,0.07548
"prep_cov.H",150,1.0601,0.85839,1.2492,0.99451,0.94581,1.0414,-0.0237,-0.15195,0.10638
"prep_cov.H",160,1.0578,0.84561,1.2466,0.99701,0.94668,1.0482,0.01119,-0.1103,0.13643
"prep_cov.H",170,1.053,0.87562,1.2304,1.0063,0.95729,1.0543,-0.00098599,-0.13025,0.12261
"prep_cov.H",180,1.0772,0.88964,1.2589,0.98954,0.94115,1.0477,0.012873,-0.11987,0.14245
"prep_cov.H",190,1.0276,0.85642,1.1842,0.99165,0.94834,1.0418,0.04237,-0.084607,0.16626
"prep_cov.H",200,1.0382,0.86058,1.2396,1.0057,0.95544,1.0642,-0.060467,-0.17653,0.076577
"prep_cov.H",210,0.96394,0.80223,1.1518,1.0053,0.9541,1.0539,-0.16886,-0.29801,-0.054246
"prep_cov.H",220,0.95388,0.78872,1.1311,1.0134,0.96757,1.061,-0.084324,-0.21158,0.019504
"prep_cov.H",230,1.0565,0.84587,1.278,1.0062,0.95642,1.0595,-0.018284,-0.15452,0.099999
"prep_cov.H",240,1.0203,0.85585,1.2178,1.0194,0.969,1.076,-0.0024953,-0.13207,0.12413
"prep_cov.H",250,1.0445,0.88115,1.2292,1.0135,0.96975,1.0618,-0.0098333,-0.13855,0.11262
"prev.W",0,0.18845,0.15514,0.2252,1.2766,1.1543,1.4341,0.8959,0.80769,0.99664
"prev.W",1,0.21608,0.17818,0.2564,1.0859,0.98198,1.2115,0.9343,0.84053,1.0404
"prev.W",2,0.24393,0.19947,0.28979,0.96031,0.87074,1.0683,0.9686,0.86927,1.0791
"prev.W",3,0.27127,0.22138,0.32351,0.8645,0.78487,0.96951,0.99759,0.89461,1.1116
"prev.W",4,0.29748,0.24159,0.35583,0.78452,0.70664,0.8837,1.0247,0.91967,1.1416
"prev.W",5,0.32204,0.26018,0.3862,0.76616,0.68391,0.85844,1.0421,0.93509,1.1608
"prev.W",6,0.34574,0.27926,0.41507,0.76703,0.6803,0.8634,1.0477,0.94048,1.1691
"prev.W",7,0.36884,0.29727,0.44438,0.77991,0.69368,0.87481,1.0405,0.93169,1.1627
"prev.W",8,0.39299,0.31521,0.47514,0.79546,0.70619,0.89084,1.0265,0.91634,1.15
"prev.W",9,0.41762,0.33387,0.5043,0.80228,0.7131,0.89643,1.0138,0.90481,1.1378
"prev.W",10,0.44296,0.35488,0.53393,0.80221,0.71211,0.89897,1.0012,0.89452,1.1263
"prev.W",11,0.46771,0.3742,0.56155,0.79954,0.70464,0.90055,0.97984,0.87422,1.1088
"prev.W",12,0.49131,0.39419,0.58785,0.79964,0.70014,0.91395,0.96333,0.85459,1.0959
"prev.W",13,0.51309,0.41316,0.61072,0.79241,0.69434,0.91452,0.95134,0.84039,1.0867
"prev.W",14,0.53394,0.43491,0.63449,0.78387,0.68272,0.90506,0.94445,0.83283,1.0817
"prev.W",15,0.55468,0.45012,0.6568,0.77798,0.67614,0.89704,0.93977,0.82702,1.0786
"prev.W",16,0.57259,0.46545,0.6748,0.77786,0.67411,0.89018,0.93088,0.81899,1.0724
"prev.W",17,0.58859,0.47933,0.68986,0.78332,0.67123,0.89777,0.92465,0.81166,1.0657
"prev.W",18,0.60381,0.49255,0.70742,0.79304,0.68415,0.90456,0.91737,0.80394,1.0576
"prev.W",19,0.61874,0.50739,0.72297,0.79518,0.68591,0.90688,0.9088,0.79501,1.0487
"prev.W",20,0.63207,0.51912,0.73721,0.79563,0.69379,0.90374,0.90262,0.78814,1.0429
"prev.W",21,0.64548,0.52693,0.75402,0.79366,0.69895,0.89966,0.89454,0.77994,1.0365
"prev.W",22,0.65825,0.53496,0.77097,0.78172,0.68956,0.87776,0.88161,0.76518,1.0232
"prev.W",23,0.66855,0.54556,0.7839,0.77343,0.68238,0.86606,0.86923,0.75123,1.0107
"prev.W",24,0.67924,0.55751,0.79904,0.75743,0.66463,0.85095,0.85342,0.73482,0.99696
"prev.W",25,0.68769,0.56726,0.81653,0.74768,0.65761,0.84124,0.83572,0.7157,0.97841
"prev.W",26,0.6955,0.57195,0.82622,0.74974,0.66005,0.84812,0.81789,0.69634,0.96035
"prev.W",27,0.7009,0.57755,0.83264,0.77676,0.68597,0.88219,0.80202,0.67966,0.94264
"prev.W",28,0.70303,0.57865,0.83182,0.81056,0.72042,0.92984,0.79004,0.66939,0.92956
"prev.W",29,0.70375,0.57741,0.82996,0.84366,0.75233,0.96834,0.77927,0.6604,0.91907
"prev.W",30,0.70229,0.57454,0.83036,0.86909,0.77467,1.0004,0.76789,0.65118,0.905
"prev.W",35,0.69654,0.57405,0.82588,0.94843,0.83754,1.0842,0.70193,0.58302,0.83571
"prev.W",40,0.70035,0.58548,0.83914,1.0568,0.94384,1.1879,0.62124,0.50565,0.75303
"prev.W",45,0.72466,0.60667,0.87399,1.1047,0.98428,1.2356,0.51472,0.40179,0.63705
"prev.W",50,0.76367,0.64579,0.91921,1.0413,0.9139,1.1983,0.40791,0.2852,0.53633
"prev.W",55,0.79323,0.66478,0.95652,0.99969,0.88474,1.1393,0.30401,0.17631,0.42532
"prev.W",60,0.80835,0.68274,0.97691,1.0379,0.9163,1.1866,0.2185,0.089872,0.3349
"prev.W",65,0.81406,0.68621,0.97572,1.0414,0.92282,1.1589,0.14876,0.019563,0.27319
"prev.W",70,0.84102,0.71901,0.99784,1.0294,0.90728,1.1693,0.10405,-0.026304,0.23126
"prev.W",75,0.86133,0.73537,1.0241,0.97544,0.86978,1.1021,0.063284,-0.066881,0.19172
"prev.W",80,0.87369,0.74245,1.036,0.9521,0.85659,1.0675,0.041787,-0.090533,0.17418
"prev.W",85,0.87786,0.72673,1.056,0.9916,0.86913,1.1198,0.036088,-0.09288,0.16826
"prev.W",90,0.85797,0.7051,1.0458,1.0347,0.89334,1.1748,0.037956,-0.090084,0.17138
"prev.W",95,0.86061,0.70306,1.0378,1.0915,0.94767,1.237,0.057139,-0.07664,0.19153
"prev.W",100,0.89254,0.7371,1.0618,1.1149,0.97684,1.2608,0.061201,-0.077221,0.20157
"prev.W",120,1.0662,0.85806,1.2766,1.0894,0.95631,1.2233,-0.024869,-0.16468,0.11947
"prev.W",130,1.0371,0.83457,1.2428,1.1352,0.98712,1.3052,-0.052785,-0.186,0.08008
"prev.W",140,0.99095,0.82416,1.1678,1.0949,0.96702,1.2332,-0.075087,-0.20273,0.061257
"prev.W",150,0.9523,0.8,1.1251,1.0674,0.9482,1.2014,-0.048684,-0.17893,0.093048
"prev.W",160,1.0059,0.84328,1.1777,1.0251,0.89531,1.1518,-0.016745,-0.15886,0.12989
"prev.W",170,1.0596,0.87559,1.2778,0.94855,0.83741,1.0613,-8.4029e-05,-0.13846,0.14779
"prev.W",180,0.99677,0.81673,1.2152,0.99389,0.85743,1.1584,0.009677,-0.13139,0.15393
"prev.W",190,0.89716,0.72514,1.0944,1.0702,0.95058,1.1985,0.019485,-0.11051,0.16204
"prev.W",200,0.80287,0.64613,0.98994,1.0431,0.91033,1.1912,0.0072626,-0.11411,0.14748
"prev.W",210,0.79378,0.63365,0.97489,1.015,0.89293,1.1446,0.0068892,-0.10425,0.12433
"prev.W",220,0.89712,0.74732,1.0602,0.91778,0.80624,1.0368,0.035878,-0.082684,0.16133
"prev.W",230,0.92913,0.78947,1.0766,0.92802,0.81222,1.0691,0.060071,-0.062673,0.186
"prev.W",240,0.93141,0.79133,1.079,0.8866,0.791,1.006,0.058138,-0.075276,0.17016
"prev.W",250,0.87521,0.73529,1.0153,1.0684,0.9416,1.2253,0.035623,-0.092198,0.15182
"incid_rate.W",0,0.67274,0.54785,0.79367,1.0578,1.0132,1.0973,1.2746,1.1642,1.3999
"incid_rate.W",1,0.68468,0.56525,0.80778,1.0348,0.99018,1.0746,1.1481,1.0382,1.2746
"incid_rate.W",2,0.71183,0.58549,0.84725,1.0402,0.99694,1.0849,1.085,0.97757,1.212
"incid_rate.W",3,0.71034,0.57897,0.84988,1.0134,0.96974,1.0593,1.013,0.90595,1.1391
"incid_rate.W",4,0.70194,0.57947,0.83725,1.0089,0.96473,1.0516,0.95657,0.84526,1.083
"incid_rate.W",5,0.67221,0.56005,0.79866,1.0043,0.96231,1.0468,0.89293,0.78565,1.0211
"incid_rate.W",6,0.66317,0.54677,0.80171,0.99656,0.95193,1.0364,0.85539,0.74554,0.98895
"incid_rate.W",7,0.68622,0.56964,0.81443,0.99656,0.95488,1.0367,0.8189,0.70616,0.95687
"incid_rate.W",8,0.71863,0.60128,0.84916,0.98583,0.94674,1.022,0.80551,0.68949,0.94433
"incid_rate.W",9,0.71798,0.59717,0.8586,0.9939,0.95715,1.0282,0.7545,0.63864,0.88584
"incid_rate.W",10,0.73513,0.60476,0.88964,1.0026,0.96507,1.0366,0.72869,0.60806,0.86064
"incid_rate.W",11,0.75405,0.61457,0.92215,1.001,0.96234,1.0359,0.71104,0.59157,0.84123
"incid_rate.W",12,0.74464,0.60732,0.90579,0.99484,0.95721,1.0327,0.72225,0.60298,0.85042
"incid_rate.W",13,0.76048,0.62026,0.92775,0.9866,0.94961,1.0234,0.72266,0.60207,0.85525
"incid_rate.W",14,0.75107,0.61219,0.92027,0.98129,0.94543,1.0184,0.70675,0.58814,0.83198
"incid_rate.W",15,0.73657,0.60344,0.89051,0.98075,0.94363,1.0203,0.70537,0.58744,0.83142
"incid_rate.W",16,0.72176,0.60496,0.87116,0.98325,0.94341,1.0244,0.70646,0.59146,0.83247
"incid_rate.W",17,0.70822,0.58857,0.8541,0.98503,0.944,1.0263,0.72218,0.60731,0.8501
"incid_rate.W",18,0.72839,0.59826,0.88953,0.98811,0.94787,1.0291,0.70441,0.59023,0.83352
"incid_rate.W",19,0.71347,0.57954,0.87766,0.99945,0.95994,1.0414,0.70613,0.59478,0.83571
"incid_rate.W",20,0.71808,0.58982,0.87502,0.99345,0.95683,1.0338,0.68823,0.57471,0.82789
"incid_rate.W",21,0.73796,0.5899,0.91172,1.0006,0.9615,1.044,0.6619,0.55125,0.80348
"incid_rate.W",22,0.75438,0.61122,0.92673,0.9974,0.96067,1.0422,0.65541,0.54383,0.80146
"incid_rate.W",23,0.76072,0.61547,0.93319,1.0039,0.9637,1.0486,0.63482,0.52143,0.77975
"incid_rate.W",24,0.77211,0.62081,0.95222,1.0122,0.9718,1.0569,0.62291,0.50353,0.75561
"incid_rate.W",25,0.7667,0.61654,0.94066,1.0203,0.97711,1.0692,0.60056,0.48029,0.73197
"incid_rate.W",26,0.79029,0.64049,0.96586,1.0277,0.98585,1.0738,0.5721,0.44734,0.70763
"incid_rate.W",27,0.75512,0.61054,0.92802,1.0252,0.97707,1.0761,0.55827,0.43994,0.68895
"incid_rate.W",28,0.76964,0.6184,0.93978,1.0347,0.98964,1.0858,0.52465,0.40489,0.65251
"incid_rate.W",29,0.73465,0.58544,0.8905,1.0377,0.99305,1.0877,0.52091,0.40757,0.65291
"incid_rate.W",30,0.69964,0.5612,0.85212,1.0486,1.0011,1.0973,0.51984,0.40907,0.64936
"incid_rate.W",35,0.8057,0.65457,0.97068,1.0594,1.0165,1.1007,0.36617,0.24604,0.49712
"incid_rate.W",40,0.84957,0.6883,1.0294,1.0526,1.0119,1.0946,0.23507,0.11219,0.36794
"incid_rate.W",45,0.86824,0.71961,1.0336,1.0102,0.9754,1.0487,0.15979,0.038136,0.29787
"incid_rate.W",50,0.85271,0.70736,1.0175,0.99813,0.95748,1.0384,0.074874,-0.056113,0.20099
"incid_rate.W",55,0.82453,0.67686,0.99474,0.97667,0.93248,1.0213,0.058082,-0.054716,0.18583
"incid_rate.W",60,0.84334,0.69513,0.98633,0.97689,0.93137,1.019,0.032616,-0.094747,0.15221
"incid_rate.W",65,0.87947,0.71625,1.0328,0.98742,0.9437,1.0255,0.029145,-0.10459,0.15789
"incid_rate.W",70,0.95964,0.78071,1.128,0.98487,0.94345,1.0235,0.026094,-0.10365,0.15617
"incid_rate.W",75,0.87751,0.72222,1.0317,0.99998,0.95745,1.0418,-0.0043709,-0.13042,0.12069
"incid_rate.W",80,0.84886,0.70515,0.99931,1.0119,0.97309,1.0515,0.0441,-0.073197,0.16408
"incid_rate.W",85,0.8699,0.73869,1.0065,1.0022,0.96595,1.0367,0.029221,-0.090002,0.15529
"incid_rate.W",90,0.90676,0.76602,1.0765,0.9868,0.95117,1.0233,0.076433,-0.05194,0.20215
"incid_rate.W",95,1.0358,0.85514,1.2376,0.98816,0.94872,1.0212,0.10808,-0.019896,0.24097
"incid_rate.W",100,1.1162,0.90618,1.3263,0.97537,0.93937,1.0114,0.016628,-0.12177,0.14853
"incid_rate.W",120,0.98919,0.79397,1.1942,1.0199,0.97842,1.0675,-0.048226,-0.18392,0.083625
"incid_rate.W",130,1.0374,0.84487,1.2144,1.007,0.96094,1.0506,-0.077467,-0.20954,0.046766
"incid_rate.W",140,0.9655,0.79569,1.1267,1.0124,0.96973,1.0549,-0.057479,-0.18549,0.07421
"incid_rate.W",150,1.0204,0.83591,1.1924,1.0235,0.98353,1.0636,0.011921,-0.12233,0.14414
"incid_rate.W",160,1.0245,0.852,1.2104,1.0343,0.98923,1.0748,-0.010447,-0.14543,0.12012
"incid_rate.W",170,0.88402,0.72801,1.0588,1.0182,0.97656,1.0595,-0.0073287,-0.13069,0.12493
"incid_rate.W",180,0.83797,0.69587,0.99849,0.97879,0.94075,1.0203,0.019517,-0.10689,0.14107
"incid_rate.W",190,0.90314,0.75412,1.0664,0.98473,0.94561,1.0225,0.042832,-0.094172,0.17459
"incid_rate.W",200,0.85354,0.6856,1.0301,1.0097,0.96573,1.0485,0.031472,-0.08656,0.14935
"incid_rate.W",210,0.9238,0.77799,1.0764,0.99105,0.94495,1.0313,0.012668,-0.10502,0.12675
"incid_rate.W",220,0.91885,0.77455,1.0659,0.99341,0.95166,1.0347,0.055379,-0.057513,0.17228
"incid_rate.W",230,0.93609,0.7811,1.0743,1.0042,0.96097,1.0446,0.063712,-0.052498,0.18508
"incid_rate.W",240,0.93799,0.78027,1.0926,1.0015,0.95893,1.0407,0.019466,-0.1085,0.13505
"incid_rate.W",250,0.81112,0.67243,0.98577,1.0226,0.98336,1.0691,-0.0064873,-0.12199,0.10988
"dx_frac.W",0,0.83485,0.70468,0.95824,1.0532,0.97485,1.1461,-0.73861,-0.85313,-0.62246
"dx_frac.W",1,0.86758,0.73087,0.99447,1.0992,1.021,1.1926,-0.72839,-0.84512,-0.60686
"dx_frac.W",2,0.88252,0.73849,1.0152,1.1219,1.0406,1.2152,-0.67343,-0.79136,-0.55254
"dx_frac.W",3,0.87843,0.72711,1.0122,1.1231,1.0422,1.2188,-0.59091,-0.7076,-0.474
"dx_frac.W",4,0.86807,0.714,1.0013,1.0862,1.0058,1.178,-0.48828,-0.59863,-0.37206
"dx_frac.W",5,0.85166,0.70151,0.98972,1.0416,0.96365,1.1241,-0.37737,-0.48934,-0.26237
"dx_frac.W",6,0.83341,0.69267,0.98278,1.0013,0.92565,1.0824,-0.2797,-0.39414,-0.1647
"dx_frac.W",7,0.82868,0.68998,0.97108,0.97829,0.90819,1.0548,-0.21105,-0.32911,-0.10266
"dx_frac.W",8,0.83572,0.68916,0.97785,0.95832,0.88877,1.0278,-0.16152,-0.27929,-0.058893
"dx_frac.W",9,0.83909,0.68921,0.98005,0.928,0.86151,0.99322,-0.10418,-0.21858,6.5183e-06
"dx_frac.W",10,0.85526,0.705,1.006,0.9155,0.84888,0.98174,-0.050281,-0.15894,0.059214
"dx_frac.W",11,0.8674,0.7131,1.0248,0.90826,0.84353,0.97111,-0.016325,-0.1266,0.095118
"dx_frac.W",12,0.87561,0.71558,1.0463,0.9005,0.83758,0.96085,0.0013945,-0.10507,0.11139
"dx_frac.W",13,0.88824,0.73094,1.0676,0.88282,0.81953,0.94078,0.0065793,-0.096243,0.11824
"dx_frac.W",14,0.89031,0.7293,1.0657,0.86795,0.80619,0.92501,0.021717,-0.08237,0.13369
"dx_frac.W",15,0.88695,0.72696,1.0624,0.85916,0.79834,0.91338,0.038565,-0.066078,0.15064
"dx_frac.W",16,0.87718,0.72368,1.0574,0.86032,0.79996,0.91216,0.038046,-0.068174,0.14844
"dx_frac.W",17,0.87075,0.725,1.0442,0.87701,0.81599,0.93271,0.037959,-0.075182,0.14815
"dx_frac.W",18,0.86225,0.70622,1.0424,0.89161,0.8302,0.95359,0.038618,-0.071241,0.1472
"dx_frac.W",19,0.86144,0.70732,1.0523,0.90341,0.83962,0.96575,0.037872,-0.070399,0.14465
"dx_frac.W",20,0.84752,0.69373,1.0295,0.92251,0.86034,0.98358,0.045477,-0.066234,0.15222
"dx_frac.W",21,0.83377,0.6808,1.0195,0.94101,0.87581,1.0054,0.055337,-0.059421,0.16161
"dx_frac.W",22,0.84425,0.69842,1.034,0.94636,0.87664,1.0116,0.065015,-0.050501,0.17069
"dx_frac.W",23,0.86909,0.71624,1.0596,0.94504,0.87684,1.0117,0.072535,-0.04078,0.17933
"dx_frac.W",24,0.89001,0.73147,1.0785,0.94868,0.87867,1.015,0.07394,-0.037987,0.18547
"dx_frac.W",25,0.90377,0.74561,1.0863,0.9575,0.88899,1.0247,0.072558,-0.043837,0.18599
"dx_frac.W",26,0.90661,0.75444,1.0869,0.96647,0.89462,1.0362,0.076645,-0.040458,0.19034
"dx_frac.W",27,0.90247,0.75611,1.0822,0.96953,0.89926,1.044,0.084908,-0.028851,0.19556
"dx_frac.W",28,0.90579,0.75487,1.0639,0.97716,0.90056,1.051,0.099778,-0.015654,0.21229
"dx_frac.W",29,0.90894,0.75659,1.0622,1.0003,0.92408,1.0787,0.11106,-0.0039227,0.22386
"dx_frac.W",30,0.91145,0.76107,1.0654,1.0138,0.9296,1.0918,0.11524,0.0042692,0.22794
"dx_frac.W",35,0.95362,0.80961,1.1013,1.0437,0.96777,1.1272,0.17845,0.058741,0.29698
"dx_frac.W",40,0.91248,0.77295,1.0523,1.0725,0.99065,1.1578,0.28446,0.16828,0.39567
"dx_frac.W",45,0.93929,0.77794,1.0831,1.0282,0.95427,1.1065,0.31176,0.19198,0.4272
"dx_frac.W",50,1.0138,0.83152,1.1942,1.0358,0.96889,1.1135,0.29614,0.1669,0.41469
"dx_frac.W",55,1.0951,0.896,1.2977,1.0122,0.94175,1.0966,0.19297,0.053486,0.32457
"dx_frac.W",60,1.1053,0.93704,1.2992,0.99076,0.92301,1.0665,0.1227,-0.0015719,0.25098
"dx_frac.W",65,1.0699,0.89141,1.2515,1.0266,0.93813,1.1241,0.089041,-0.036221,0.21294
"dx_frac.W",70,1.0368,0.8523,1.2152,1.0028,0.9271,1.0893,0.033851,-0.093355,0.16044
"dx_frac.W",75,1.0285,0.86525,1.2052,0.99198,0.91589,1.0732,0.0505,-0.0799,0.17359
"dx_frac.W",80,0.95886,0.81613,1.1212,0.99299,0.90932,1.074,-0.015456,-0.1418,0.10796
"dx_frac.W",85,0.82801,0.69988,0.97319,0.99031,0.91047,1.065,-0.049189,-0.16993,0.067191
"dx_frac.W",90,0.76728,0.62629,0.89879,0.96294,0.89317,1.0342,-0.06151,-0.17025,0.052568
"dx_frac.W",95,0.83775,0.68229,0.99915,0.92268,0.8582,0.98432,-0.033256,-0.15155,0.078807
"dx_frac.W",100,0.8695,0.69745,1.0649,0.90415,0.83452,0.96788,0.082987,-0.030892,0.19566
"dx_frac.W",120,1.0163,0.85301,1.1702,0.99359,0.92571,1.0709,-0.034869,-0.15811,0.097209
"dx_frac.W",130,1.0853,0.88978,1.3049,1.0418,0.96392,1.1258,-0.021173,-0.15627,0.10493
"dx_frac.W",140,1.071,0.8716,1.277,0.99823,0.92315,1.079,-0.015352,-0.14852,0.1135
"dx_frac.W",150,0.93861,0.78221,1.1253,1.0264,0.95077,1.0948,-0.046945,-0.15725,0.080987
"dx_frac.W",160,0.87523,0.716,1.0482,1.0195,0.94408,1.1052,-0.021989,-0.13657,0.09733
"dx_frac.W",170,0.9729,0.82166,1.1595,0.99085,0.91957,1.0829,0.00080891,-0.12144,0.12508
"dx_frac.W",180,1.0983,0.90568,1.3222,0.9424,0.87905,1.0112,-0.055288,-0.19508,0.073109
"dx_frac.W",190,1.0828,0.91338,1.282,0.96478,0.89087,1.0344,-0.058781,-0.20506,0.066679
"dx_frac.W",200,1.0279,0.84251,1.2078,1.0133,0.94252,1.0929,-0.019222,-0.16564,0.11105
"dx_frac.W",210,0.95103,0.78671,1.1206,0.99702,0.92914,1.0753,-0.074818,-0.21715,0.050939
"dx_frac.W",220,0.97142,0.80173,1.1349,0.96188,0.8924,1.0294,-0.10603,-0.22336,0.012248
"dx_frac.W",230,0.94909,0.78684,1.1378,1.0043,0.92772,1.078,-0.077925,-0.19447,0.039532
"dx_frac.W",240,0.82658,0.69466,0.96026,1.035,0.95812,1.1237,-0.035254,-0.14558,0.071715
"dx_frac.W",250,0.97782,0.81762,1.1923,0.99193,0.91282,1.0754,-0.0034272,-0.1347,0.1213
"supp_frac.W",0,1.0446,0.88009,1.2127,0.89939,0.83645,0.95754,-0.28677,-0.40479,-0.15483
"supp_frac.W",1,1.1058,0.93349,1.2895,0.93529,0.87131,0.9963,-0.29193,-0.41259,-0.15474
"supp_frac.W",2,1.1503,0.97509,1.3422,0.94766,0.88051,1.0092,-0.27033,-0.39293,-0.1295
"supp_frac.W",3,1.1684,1.0064,1.3625,0.95153,0.88475,1.014,-0.23645,-0.3561,-0.096298
"supp_frac.W",4,1.1585,0.99571,1.3454,0.93159,0.86602,0.99587,-0.1887,-0.30901,-0.046887
"supp_frac.W",5,1.1352,0.98128,1.31,0.91095,0.84839,0.97109,-0.13203,-0.2546,0.0069433
"supp_frac.W",6,1.1064,0.95201,1.2744,0.90333,0.83928,0.96318,-0.088709,-0.21251,0.048238
"supp_frac.W",7,1.0751,0.92202,1.2428,0.90208,0.8399,0.96418,-0.072328,-0.20366,0.064847
"supp_frac.W",8,1.0445,0.88571,1.2092,0.9024,0.8375,0.96633,-0.060545,-0.18795,0.075203
"supp_frac.W",9,1.0063,0.84505,1.174,0.89314,0.82974,0.95395,-0.039285,-0.16865,0.092332
"supp_frac.W",10,0.9832,0.82625,1.1453,0.88681,0.82569,0.94717,-0.015001,-0.14665,0.11695
"supp_frac.W",11,0.96289,0.8088,1.1201,0.89329,0.83445,0.95283,-0.0001299,-0.12761,0.13155
"supp_frac.W",12,0.94312,0.7907,1.1093,0.90066,0.84403,0.95795,0.0027861,-0.12542,0.12931
"supp_frac.W",13,0.93403,0.78629,1.1011,0.89699,0.83848,0.95254,-0.011348,-0.13796,0.11217
"supp_frac.W",14,0.9282,0.77985,1.1022,0.89575,0.83938,0.95069,-0.021285,-0.14528,0.09833
"supp_frac.W",15,0.90678,0.76128,1.0726,0.89891,0.84441,0.95399,-0.024718,-0.14364,0.093826
"supp_frac.W",16,0.88374,0.74075,1.0512,0.91318,0.8583,0.96843,-0.036302,-0.15321,0.079882
"supp_frac.W",17,0.87004,0.72621,1.0433,0.92335,0.86578,0.98079,-0.049974,-0.16714,0.065161
"supp_frac.W",18,0.88065,0.727,1.066,0.92993,0.87319,0.98583,-0.058031,-0.17671,0.058204
"supp_frac.W",19,0.89769,0.73766,1.0848,0.92681,0.86909,0.98281,-0.062642,-0.18414,0.055225
"supp_frac.W",20,0.91028,0.75224,1.0976,0.92601,0.86729,0.98286,-0.060799,-0.18418,0.054741
"supp_frac.W",21,0.92375,0.7735,1.113,0.91685,0.85973,0.97765,-0.057188,-0.18623,0.062298
"supp_frac.W",22,0.94699,0.79359,1.1324,0.90643,0.84701,0.96756,-0.053333,-0.18311,0.073465
"supp_frac.W",23,0.96167,0.80721,1.1454,0.89594,0.83603,0.95436,-0.048761,-0.18143,0.078754
"supp_frac.W",24,0.97791,0.83106,1.1561,0.90491,0.84234,0.96274,-0.047688,-0.18164,0.080692
"supp_frac.W",25,0.98854,0.83913,1.1617,0.92412,0.86079,0.98885,-0.053544,-0.18586,0.073435
"supp_frac.W",26,0.98466,0.82506,1.1606,0.93425,0.86802,1.0034,-0.051105,-0.18484,0.075607
"supp_frac.W",27,0.9911,0.81681,1.1795,0.94331,0.87632,1.0173,-0.046962,-0.18338,0.079518
"supp_frac.W",28,1.0138,0.82967,1.2097,0.94831,0.8825,1.0201,-0.041898,-0.1903,0.084084
"supp_frac.W",29,1.0577,0.86748,1.2679,0.9442,0.87622,1.017,-0.043438,-0.19085,0.085327
"supp_frac.W",30,1.105,0.90631,1.3394,0.93922,0.86998,1.0088,-0.055391,-0.20065,0.078023
"supp_frac.W",35,1.1029,0.88674,1.3813,0.94104,0.86695,1.016,-0.023272,-0.14837,0.1036
"supp_frac.W",40,1.0605,0.88022,1.2891,0.95183,0.88057,1.0301,0.036028,-0.097332,0.15872
"supp_frac.W",45,1.0906,0.93467,1.2824,0.95165,0.88028,1.0297,0.054294,-0.075968,0.19494
"supp_frac.W",50,1.0727,0.90551,1.2616,0.94228,0.86887,1.0127,0.03211,-0.10348,0.17032
"supp_frac.W",55,1.0392,0.86979,1.2464,0.96754,0.89361,1.0482,-0.024678,-0.1564,0.10119
"supp_frac.W",60,0.93877,0.77825,1.1215,1.0166,0.94532,1.0989,-0.015341,-0.13209,0.11157
"supp_frac.W",65,0.95087,0.79425,1.1129,1.0125,0.93195,1.0941,0.016571,-0.10598,0.14264
"supp_frac.W",70,1.0403,0.87337,1.2333,0.98312,0.90772,1.0606,0.066736,-0.058464,0.19422
"supp_frac.W",75,1.0694,0.89045,1.2568,1.0039,0.92248,1.082,0.1107,-0.0034578,0.24235
"supp_frac.W",80,1.0303,0.86408,1.2056,1.0784,0.9952,1.1726,0.038285,-0.079374,0.16784
"supp_frac.W",85,1.1036,0.88832,1.3327,1.0811,1.0014,1.1723,-0.016717,-0.13523,0.1193
"supp_frac.W",90,1.1399,0.91153,1.3798,1.0619,0.98587,1.1386,-0.066695,-0.19503,0.075331
"supp_frac.W",95,1.1965,0.99073,1.4115,1.0336,0.9535,1.1162,-0.079707,-0.20042,0.056909
"supp_frac.W",100,1.268,1.0609,1.458,0.97269,0.89268,1.0526,-0.011127,-0.14731,0.12907
"supp_frac.W",120,1.1118,0.91195,1.3172,1.0611,0.98762,1.1456,0.0024619,-0.12493,0.13932
"supp_frac.W",130,1.1438,0.96156,1.391,1.0709,0.99206,1.1541,-0.015877,-0.15804,0.12109
"supp_frac.W",140,1.209,1.002,1.4654,0.99616,0.92687,1.0686,-0.038399,-0.1708,0.09403
"supp_frac.W",150,1.0576,0.87071,1.2429,1.0376,0.9575,1.1254,-0.058182,-0.18332,0.076344
"supp_frac.W",160,1.0805,0.8961,1.2866,1.0476,0.97009,1.1319,-0.086805,-0.20629,0.046074
"supp_frac.W",170,1.1209,0.94801,1.3142,0.98734,0.92735,1.0664,-0.054209,-0.18503,0.077904
"supp_frac.W",180,0.98203,0.83291,1.1643,0.95663,0.88899,1.0429,0.092559,-0.042976,0.22466
"supp_frac.W",190,0.93682,0.79525,1.1115,0.97387,0.89882,1.0498,0.17343,0.050932,0.31041
"supp_frac.W",200,1.0331,0.84228,1.2413,1.0207,0.95377,1.0925,0.018979,-0.10163,0.15083
"supp_frac.W",210,1.1367,0.94062,1.3615,1.0383,0.96161,1.1166,-0.10732,-0.23703,0.045996
"supp_frac.W",220,1.1545,0.95418,1.3912,1.0609,0.98116,1.1451,-0.13724,-0.27208,0.011408
"supp_frac.W",230,1.1625,0.96613,1.3685,0.99423,0.91267,1.0786,-0.10268,-0.2396,0.037258
"supp_frac.W",240,0.97979,0.82247,1.1347,1.0008,0.92721,1.082,-0.00032362,-0.13474,0.13505
"supp_frac.W",250,1.0293,0.86008,1.1932,0.98018,0.9094,1.0632,0.018415,-0.11668,0.15907
"prep_cov.W",0,1.0117,0.82213,1.2296,1.0247,0.97509,1.0772,-0.010416,-0.13532,0.12187
"prep_cov.W",1,1.0336,0.83613,1.2423,1.0118,0.961,1.0686,-0.15353,-0.28434,-0.027547
"prep_cov.W",2,1.0102,0.82944,1.194,1.0066,0.9574,1.0622,-0.19096,-0.32031,-0.064518
"prep_cov.W",3,1.0029,0.81283,1.1893,1.0073,0.96163,1.0611,-0.19895,-0.33031,-0.070429
"prep_cov.W",4,0.98213,0.81028,1.1606,1.0111,0.96656,1.0644,-0.20781,-0.33484,-0.077209
"prep_cov.W",5,0.97153,0.80383,1.1556,1.0104,0.96563,1.0586,-0.20787,-0.33121,-0.085234
"prep_cov.W",6,0.97363,0.81148,1.1426,1.0122,0.96477,1.0627,-0.19187,-0.31367,-0.067428
"prep_cov.W",7,0.98227,0.82756,1.1498,1.0134,0.96467,1.0632,-0.19108,-0.31592,-0.059572
"prep_cov.W",8,0.98746,0.83399,1.15,1.0117,0.96182,1.0599,-0.17027,-0.29632,-0.040422
"prep_cov.W",9,0.97131,0.82364,1.151,1.0189,0.96514,1.0674,-0.14801,-0.27337,-0.011812
"prep_cov.W",10,0.93907,0.78884,1.1238,1.0265,0.97193,1.0772,-0.13112,-0.25463,0.0011745
"prep_cov.W",11,0.89874,0.74654,1.068,1.0266,0.97017,1.0806,-0.14033,-0.26908,-0.01185
"prep_cov.W",12,0.87434,0.71535,1.0324,1.0312,0.97905,1.0845,-0.14536,-0.26912,-0.021274
"prep_cov.W",13,0.8366,0.69628,0.98896,1.0298,0.97552,1.0814,-0.13172,-0.255,-0.010057
"prep_cov.W",14,0.8396,0.71125,0.97765,1.0339,0.97684,1.0864,-0.11876,-0.24435,0.0035703
"prep_cov.W",15,0.88711,0.74832,1.033,1.039,0.98462,1.0955,-0.10055,-0.23235,0.018591
"prep_cov.W",16,0.92067,0.76699,1.0885,1.0353,0.97723,1.0921,-0.083603,-0.21316,0.041511
"prep_cov.W",17,0.90652,0.7533,1.0639,1.0287,0.96956,1.0851,-0.062231,-0.19388,0.062433
"prep_cov.W",18,0.90324,0.7546,1.0601,1.0281,0.97246,1.084,-0.056641,-0.18227,0.061057
"prep_cov.W",19,0.90083,0.7541,1.0561,1.023,0.9661,1.0801,-0.070153,-0.19506,0.05431
"prep_cov.W",20,0.92906,0.76626,1.1068,1.0221,0.96566,1.0798,-0.068018,-0.18734,0.05262
"prep_cov.W",21,0.97766,0.79666,1.1697,1.0164,0.95717,1.0734,-0.054303,-0.17171,0.057331
"prep_cov.W",22,0.99324,0.82167,1.1666,1.0198,0.95865,1.0772,-0.053181,-0.16757,0.064512
"prep_cov.W",23,0.97044,0.81551,1.1427,1.0243,0.96499,1.0822,-0.0484,-0.16385,0.071452
"prep_cov.W",24,0.93263,0.77883,1.1022,1.0324,0.97289,1.0869,-0.058393,-0.17271,0.056867
"prep_cov.W",25,0.91239,0.76116,1.0935,1.0368,0.98129,1.0924,-0.065033,-0.1758,0.048746
"prep_cov.W",26,0.90802,0.75379,1.0765,1.0401,0.98754,1.0942,-0.054945,-0.16228,0.057488
"prep_cov.W",27,0.8969,0.74336,1.0549,1.0383,0.98717,1.091,-0.039424,-0.14693,0.075744
"prep_cov.W",28,0.93928,0.77864,1.1106,1.0528,1.0005,1.1064,-0.044274,-0.15269,0.06494
"prep_cov.W",29,0.98342,0.81886,1.1772,1.0372,0.98557,1.0917,-0.065184,-0.18017,0.054669
"prep_cov.W",30,0.95538,0.78492,1.1534,1.0333,0.98294,1.0863,-0.078018,-0.19149,0.036841
"prep_cov.W",35,1.0884,0.89658,1.2993,1.0298,0.97748,1.0861,-0.034382,-0.15183,0.093906
"prep_cov.W",40,1.0212,0.85159,1.1988,1.0293,0.98371,1.0815,-0.01496,-0.13865,0.10467
"prep_cov.W",45,0.89678,0.74308,1.0679,1.0063,0.9578,1.0586,-0.045791,-0.1561,0.077468
"prep_cov.W",50,0.90514,0.7561,1.0769,1.01,0.9579,1.0635,-0.063178,-0.17712,0.056119
"prep_cov.W",55,0.78419,0.67095,0.90743,1.0257,0.97496,1.0768,-0.082925,-0.1993,0.031074
"prep_cov.W",60,0.87518,0.73389,1.0563,1.0618,1.005,1.1169,-0.089789,-0.19739,0.029101
"prep_cov.W",65,1.0075,0.83732,1.1972,1.0471,0.99159,1.0979,-0.088548,-0.20621,0.031089
"prep_cov.W",70,0.91296,0.76822,1.0506,1.051,0.99901,1.108,-0.096948,-0.21368,0.021888
"prep_cov.W",75,0.91639,0.76794,1.0833,1.0413,0.99249,1.0953,-0.037376,-0.15163,0.086633
"prep_cov.W",80,0.87278,0.69685,1.0852,1.0154,0.96652,1.0687,-0.025009,-0.13431,0.093572
"prep_cov.W",85,0.92602,0.77466,1.0901,1.0287,0.97769,1.0834,-0.056811,-0.18061,0.057774
"prep_cov.W",90,1.0147,0.85091,1.1888,1.0194,0.97009,1.0719,-0.031692,-0.1582,0.10842
"prep_cov.W",95,0.96943,0.80256,1.1426,0.99822,0.95472,1.0439,-0.083106,-0.21449,0.043349
"prep_cov.W",100,0.84651,0.69861,0.99476,0.99411,0.94805,1.0392,-0.058909,-0.17897,0.067783
"prep_cov.W",120,0.92849,0.76322,1.0971,0.96567,0.92033,1.0083,-0.053423,-0.17613,0.065113
"prep_cov.W",130,0.96535,0.80954,1.1408,1.0198,0.97642,1.068,-0.080656,-0.20039,0.045831
"prep_cov.W",140,0.98245,0.79548,1.1848,1.0314,0.9801,1.0853,-0.0078921,-0.1174,0.11073
"prep_cov.W",150,0.84871,0.69559,0.99738,1.0522,1.0033,1.1038,0.015735,-0.094777,0.1284
"prep_cov.W",160,1.0469,0.87455,1.2222,1.0394,0.99054,1.0922,-0.026357,-0.1472,0.095697
"prep_cov.W",170,0.94942,0.79425,1.1081,1.0199,0.97307,1.078,-0.026029,-0.14481,0.094354
"prep_cov.W",180,0.97364,0.83275,1.1172,0.99397,0.94141,1.0425,-0.070356,-0.21813,0.060173
"prep_cov.W",190,1.0089,0.85906,1.1748,0.98257,0.92892,1.0302,-0.10163,-0.23521,0.027597
"prep_cov.W",200,1.114,0.94354,1.2786,0.97976,0.93851,1.0206,-0.015772,-0.15228,0.11583
"prep_cov.W",210,1.0815,0.92795,1.2492,1.0082,0.96009,1.0566,-0.0047353,-0.14153,0.12749
"prep_cov.W",220,1.0043,0.85082,1.1686,1.0122,0.96211,1.0615,0.075964,-0.054529,0.19342
"prep_cov.W",230,1.0759,0.8817,1.299,1.0115,0.96309,1.065,0.024348,-0.11178,0.14055
"prep_cov.W",240,1.0408,0.86133,1.2408,1.0463,0.99071,1.0928,-0.11439,-0.24954,0.0055116
"prep_cov.W",250,1.0823,0.91047,1.2688,1.0362,0.98948,1.0823,-0.11999,-0.26236,0.01202
"gono_prev",0,0.41507,0.34611,0.48412,3.2307,3.0215,3.4639,2.2964,2.1752,2.3977
"gono_prev",1,0.44511,0.37067,0.52139,3.4566,3.2326,3.7169,2.2362,2.114,2.339
"gono_prev",2,0.47164,0.39334,0.55639,3.5406,3.3063,3.7967,2.0923,1.9677,2.2007
"gono_prev",3,0.49339,0.41008,0.5833,3.3241,3.0926,3.5781,1.9047,1.7815,2.0128
"gono_prev",4,0.51277,0.42503,0.60922,2.9082,2.6846,3.1442,1.7044,1.5822,1.8098
"gono_prev",5,0.52893,0.43575,0.63149,2.4736,2.2716,2.6773,1.5166,1.3967,1.6223
"gono_prev",6,0.54231,0.44218,0.64606,2.0884,1.9117,2.2662,1.3467,1.227,1.4566
"gono_prev",7,0.55567,0.45126,0.66593,1.783,1.6313,1.9335,1.1981,1.0813,1.3081
"gono_prev",8,0.56854,0.4599,0.68563,1.5491,1.4207,1.68,1.0692,0.94888,1.1831
"gono_prev",9,0.57929,0.46978,0.70324,1.3667,1.2495,1.4935,0.95708,0.83254,1.0725
"gono_prev",10,0.58713,0.47919,0.70766,1.2273,1.111,1.3546,0.86079,0.73966,0.97895
"gono_prev",11,0.59726,0.48828,0.72034,1.1339,1.0271,1.2498,0.7808,0.66094,0.90234
"gono_prev",12,0.6117,0.49543,0.74031,1.0693,0.96939,1.1758,0.71441,0.59657,0.83938
"gono_prev",13,0.62607,0.50653,0.75662,1.0187,0.93044,1.1166,0.65875,0.54307,0.78439
"gono_prev",14,0.6452,0.52618,0.78293,0.98028,0.89496,1.0764,0.6118,0.49732,0.73598
"gono_prev",15,0.66834,0.55133,0.80414,0.96003,0.87731,1.057,0.5722,0.45632,0.69782
"gono_prev",16,0.68777,0.56597,0.82219,0.95349,0.87207,1.0469,0.53996,0.42285,0.66497
"gono_prev",17,0.70583,0.58202,0.84156,0.96056,0.88077,1.0505,0.51797,0.40032,0.64441
"gono_prev",18,0.71921,0.59681,0.8507,0.96881,0.88171,1.0649,0.50214,0.38665,0.63031
"gono_prev",19,0.73263,0.61746,0.86112,0.97705,0.88995,1.079,0.48974,0.37129,0.61554
"gono_prev",20,0.74702,0.63068,0.87654,0.99054,0.89926,1.0927,0.48001,0.36196,0.60755
"gono_prev",21,0.75906,0.63676,0.88647,1.0075,0.91303,1.1132,0.46918,0.3522,0.59899
"gono_prev",22,0.77048,0.64986,0.89261,1.0188,0.92592,1.1306,0.4572,0.34164,0.58762
"gono_prev",23,0.78314,0.65414,0.91195,1.0242,0.9383,1.127,0.44484,0.32809,0.57708
"gono_prev",24,0.80309,0.67622,0.93579,1.0214,0.93743,1.1211,0.43333,0.3139,0.56798
"gono_prev",25,0.82482,0.69681,0.96771,1.0159,0.93579,1.1134,0.42118,0.29835,0.56028
"gono_prev",26,0.84119,0.709,0.98801,1.0175,0.93314,1.116,0.40985,0.2848,0.54421
"gono_prev",27,0.85357,0.72055,1.0004,1.0204,0.93575,1.1187,0.39942,0.27723,0.5295
"gono_prev",28,0.86739,0.73326,1.0192,1.0198,0.93188,1.1261,0.38841,0.26757,0.51783
"gono_prev",29,0.87673,0.74506,1.0284,1.0215,0.92906,1.1234,0.37583,0.25562,0.50058
"gono_prev",30,0.88624,0.75328,1.0361,1.0305,0.93032,1.1386,0.36526,0.24245,0.49225
"gono_prev",35,0.96373,0.80761,1.1483,1.0676,0.96617,1.1811,0.30975,0.17705,0.43902
"gono_prev",40,1.0382,0.85282,1.2419,1.0142,0.92348,1.1169,0.22308,0.092375,0.35931
"gono_prev",45,1.0663,0.87898,1.2702,0.9559,0.87111,1.0557,0.11424,-0.01912,0.24801
"gono_prev",50,1.06,0.8702,1.2578,0.92138,0.83871,1.0132,0.012419,-0.12284,0.13351
"gono_prev",55,0.93789,0.7628,1.139,0.97225,0.88681,1.0673,-0.045507,-0.17638,0.067543
"gono_prev",60,0.90708,0.71187,1.1031,0.99115,0.90323,1.0765,-0.07724,-0.20687,0.036109
"gono_prev",65,0.94611,0.76233,1.1339,0.97424,0.88637,1.069,-0.063761,-0.19339,0.057164
"gono_prev",70,1.0016,0.83145,1.1882,1.0112,0.91651,1.1157,-0.020093,-0.1497,0.11277
"gono_prev",75,0.96446,0.80299,1.1467,1.1218,1.0119,1.2471,-0.00056819,-0.13217,0.12933
"gono_prev",80,0.979,0.80796,1.1712,1.0624,0.95873,1.1795,0.021785,-0.11203,0.15053
"gono_prev",85,0.93717,0.77679,1.1159,1.0761,0.98078,1.2005,0.05705,-0.074535,0.17686
"gono_prev",90,0.93802,0.77744,1.1028,1.0323,0.93976,1.1348,0.073366,-0.061146,0.18923
"gono_prev",95,0.96031,0.80705,1.1378,1.0171,0.92812,1.1104,0.061985,-0.07096,0.18103
"gono_prev",100,1.0018,0.84155,1.1801,0.96962,0.88559,1.06,0.052065,-0.087551,0.16905
"gono_prev",120,0.84319,0.71369,0.98136,0.94627,0.86131,1.0392,-0.022632,-0.14411,0.087946
"gono_prev",130,0.924,0.77693,1.0773,1.0382,0.94886,1.1392,-0.12078,-0.24541,-0.004325
"gono_prev",140,0.97529,0.80449,1.1334,1.0087,0.91132,1.1256,-0.10456,-0.22512,0.0070687
"gono_prev",150,0.91085,0.7364,1.0959,1.0291,0.93472,1.1396,-0.011026,-0.12213,0.10592
"gono_prev",160,0.96992,0.79026,1.1288,0.90229,0.82645,0.99138,0.01868,-0.10211,0.15827
"gono_prev",170,0.8958,0.73145,1.0484,0.98938,0.90603,1.0801,0.030771,-0.10028,0.16542
"gono_prev",180,0.9593,0.8165,1.1033,0.93401,0.84972,1.02,0.040136,-0.099503,0.16717
"gono_prev",190,0.97021,0.80261,1.1387,0.92774,0.8495,1.0179,0.038474,-0.095251,0.16223
"gono_prev",200,0.96981,0.81106,1.1759,0.94996,0.86598,1.0426,0.020567,-0.10996,0.14928
"gono_prev",210,0.96755,0.78757,1.176,0.9943,0.89945,1.0941,-0.032019,-0.1622,0.087243
"gono_prev",220,0.99804,0.82954,1.2101,1.0318,0.93188,1.1297,-0.013895,-0.12984,0.11245
"gono_prev",230,1.1277,0.91518,1.3426,0.92982,0.84614,1.017,0.046427,-0.066443,0.17855
"gono_prev",240,0.99262,0.82258,1.1856,0.98817,0.89291,1.087,0.041676,-0.080261,0.161
"gono_prev",250,0.86156,0.69543,0.99001,1.0008,0.91155,1.0919,0.012705,-0.11471,0.13776
"gono_ir",0,0.42213,0.348,0.50609,3.441,3.1976,3.6734,2.3454,2.2416,2.4656
"gono_ir",1,0.45205,0.37272,0.53854,3.6795,3.4213,3.9306,2.2513,2.1482,2.3724
"gono_ir",2,0.47888,0.39289,0.56955,3.659,3.4025,3.8923,2.0827,1.9824,2.2017
"gono_ir",3,0.49984,0.4105,0.5894,3.3391,3.0976,3.5672,1.88,1.7812,1.9974
"gono_ir",4,0.51573,0.42314,0.60737,2.8677,2.6593,3.0803,1.6726,1.575,1.7887
"gono_ir",5,0.53125,0.43292,0.62526,2.4186,2.2287,2.6308,1.4834,1.3852,1.5973
"gono_ir",6,0.54255,0.44371,0.64685,2.0353,1.8693,2.206,1.3136,1.2172,1.4268
"gono_ir",7,0.55688,0.45256,0.66751,1.7416,1.6093,1.8919,1.1673,1.0719,1.2809
"gono_ir",8,0.56985,0.46066,0.68662,1.5161,1.3985,1.6501,1.0406,0.944,1.1545
"gono_ir",9,0.58067,0.46779,0.69374,1.3381,1.2309,1.4571,0.93019,0.83311,1.0458
"gono_ir",10,0.58779,0.47465,0.69311,1.2055,1.1078,1.3165,0.83591,0.73827,0.95096
"gono_ir",11,0.59887,0.48813,0.70418,1.1178,1.0223,1.2198,0.75969,0.66109,0.87208
"gono_ir",12,0.61458,0.50342,0.72589,1.0594,0.97242,1.1551,0.69666,0.59322,0.81166
"gono_ir",13,0.62822,0.51446,0.74523,1.012,0.92545,1.1021,0.6428,0.53614,0.75731
"gono_ir",14,0.64812,0.5351,0.76464,0.97567,0.88768,1.0625,0.59832,0.48876,0.7159
"gono_ir",15,0.6689,0.55426,0.78719,0.95938,0.87306,1.0437,0.56058,0.44689,0.67925
"gono_ir",16,0.68844,0.57067,0.80879,0.95735,0.87382,1.0478,0.53016,0.41504,0.65279
"gono_ir",17,0.70543,0.58781,0.83052,0.96668,0.88382,1.0564,0.51018,0.395,0.63433
"gono_ir",18,0.71879,0.60335,0.84901,0.97329,0.88911,1.0739,0.49586,0.37933,0.61807
"gono_ir",19,0.73399,0.61435,0.86068,0.983,0.89254,1.0898,0.48431,0.36676,0.60421
"gono_ir",20,0.74857,0.62289,0.87915,0.99734,0.89885,1.1082,0.47506,0.35802,0.59502
"gono_ir",21,0.75982,0.62893,0.88776,1.0152,0.91689,1.1316,0.4634,0.34502,0.58063
"gono_ir",22,0.77293,0.64872,0.8977,1.0259,0.92712,1.1333,0.45225,0.33165,0.56712
"gono_ir",23,0.78689,0.66321,0.91134,1.0273,0.93067,1.1315,0.43997,0.32035,0.55643
"gono_ir",24,0.80941,0.68296,0.93424,1.0228,0.93314,1.1248,0.42879,0.30943,0.54823
"gono_ir",25,0.83011,0.69542,0.94913,1.019,0.93193,1.1153,0.41697,0.2985,0.53906
"gono_ir",26,0.84823,0.70895,0.96911,1.024,0.9392,1.1178,0.40747,0.29011,0.53142
"gono_ir",27,0.86087,0.71846,0.98888,1.0264,0.93778,1.1254,0.39787,0.28166,0.52412
"gono_ir",28,0.87487,0.73017,1.0075,1.0239,0.93336,1.1242,0.38739,0.27235,0.515
"gono_ir",29,0.88572,0.73634,1.0233,1.0262,0.93426,1.1288,0.3748,0.25948,0.5013
"gono_ir",30,0.8947,0.7392,1.0385,1.0359,0.94043,1.1419,0.36454,0.24725,0.48986
"gono_ir",35,0.97643,0.795,1.1463,1.0659,0.98169,1.1614,0.30377,0.17711,0.43941
"gono_ir",40,1.05,0.84515,1.2394,1.0089,0.91959,1.0998,0.21782,0.078896,0.36894
"gono_ir",45,1.077,0.88118,1.2652,0.95261,0.87666,1.0434,0.10838,-0.03396,0.26502
"gono_ir",50,1.0632,0.88396,1.2387,0.9223,0.8403,1.0017,0.0051032,-0.12578,0.15055
"gono_ir",55,0.93805,0.75351,1.1295,0.98397,0.89354,1.0671,-0.048338,-0.17603,0.094402
"gono_ir",60,0.91249,0.72025,1.1172,0.99313,0.90304,1.0817,-0.080769,-0.21064,0.058759
"gono_ir",65,0.95044,0.76605,1.1421,0.98415,0.8981,1.0726,-0.065097,-0.19962,0.079672
"gono_ir",70,1.0016,0.83396,1.1837,1.0226,0.92937,1.1251,-0.020351,-0.15341,0.12078
"gono_ir",75,0.96534,0.81344,1.1203,1.1179,1.0048,1.2335,-0.0028016,-0.1394,0.13824
"gono_ir",80,0.9765,0.81288,1.131,1.0632,0.9596,1.1775,0.019072,-0.12274,0.14575
"gono_ir",85,0.92957,0.77555,1.0911,1.0831,0.97658,1.193,0.053432,-0.082213,0.17143
"gono_ir",90,0.93722,0.78115,1.09,1.0416,0.95117,1.1415,0.069029,-0.061693,0.18835
"gono_ir",95,0.96226,0.80844,1.1324,1.0265,0.94752,1.1162,0.057968,-0.079848,0.18962
"gono_ir",100,1.0058,0.84628,1.1747,0.97651,0.89247,1.058,0.051237,-0.096431,0.18125
"gono_ir",120,0.83808,0.70624,0.97376,0.94211,0.84544,1.0451,-0.026078,-0.14857,0.094114
"gono_ir",130,0.92183,0.77361,1.0761,1.0298,0.93618,1.1264,-0.12405,-0.2489,0.0076644
"gono_ir",140,0.96487,0.81252,1.1292,1.015,0.91052,1.1235,-0.10503,-0.2186,0.025065
"gono_ir",150,0.90165,0.74144,1.0864,1.0285,0.92992,1.1295,-0.0092117,-0.12415,0.10953
"gono_ir",160,0.96878,0.80106,1.1448,0.89595,0.81963,0.98124,0.018294,-0.096941,0.15157
"gono_ir",170,0.89385,0.74077,1.0664,0.98831,0.90759,1.0755,0.032572,-0.091027,0.16355
"gono_ir",180,0.96148,0.78999,1.1423,0.92833,0.84398,1.0161,0.043628,-0.090316,0.17601
"gono_ir",190,0.97208,0.79617,1.1479,0.92775,0.84758,1.0187,0.039248,-0.093315,0.16389
"gono_ir",200,0.97244,0.82042,1.1398,0.95507,0.86305,1.0481,0.01926,-0.11469,0.14159
"gono_ir",210,0.97054,0.78255,1.1528,0.99456,0.88773,1.0966,-0.032615,-0.1551,0.084927
"gono_ir",220,1.0018,0.80827,1.1965,1.0359,0.92921,1.1305,-0.014782,-0.13041,0.10977
"gono_ir",230,1.1281,0.90846,1.3385,0.93726,0.84999,1.0262,0.04361,-0.081221,0.17465
"gono_ir",240,0.98559,0.83357,1.1559,0.98983,0.89999,1.0849,0.043141,-0.070173,0.16563
"gono_ir",250,0.85617,0.69851,1.0014,1,0.90984,1.0888,0.015415,-0.093532,0.13039
"chla_prev",0,0.42356,0.34949,0.51562,4.9079,4.7169,5.1211,0.17476,0.086121,0.25952
"chla_prev",1,0.45743,0.37598,0.56143,2.3176,2.2031,2.4368,0.48101,0.38943,0.56897
"chla_prev",2,0.48517,0.39925,0.59801,1.3466,1.2662,1.4313,0.66372,0.57224,0.75616
"chla_prev",3,0.50669,0.41707,0.62714,1.0629,0.98191,1.1506,0.7602,0.66448,0.85447
"chla_prev",4,0.52448,0.43408,0.64286,1.0044,0.91775,1.1045,0.80288,0.70479,0.90011
"chla_prev",5,0.54254,0.45172,0.65923,1.0004,0.91025,1.0974,0.80821,0.70763,0.90933
"chla_prev",6,0.55732,0.465,0.68303,1.0047,0.91298,1.1067,0.79089,0.68879,0.89137
"chla_prev",7,0.56901,0.47546,0.69536,1.0056,0.91401,1.1035,0.76157,0.65697,0.86042
"chla_prev",8,0.5811,0.4865,0.70588,0.99962,0.90854,1.0929,0.7251,0.6183,0.82041
"chla_prev",9,0.5887,0.49203,0.718,0.99187,0.90295,1.0819,0.68738,0.57939,0.78626
"chla_prev",10,0.59462,0.4979,0.72517,0.9856,0.89494,1.0778,0.65256,0.54141,0.75221
"chla_prev",11,0.60222,0.50162,0.73197,0.98286,0.899,1.07,0.62119,0.50988,0.71643
"chla_prev",12,0.60932,0.50124,0.74218,0.97249,0.8936,1.0615,0.59445,0.47903,0.68625
"chla_prev",13,0.61555,0.50308,0.75053,0.96914,0.89292,1.0606,0.57197,0.45684,0.6646
"chla_prev",14,0.62198,0.51111,0.75257,0.97459,0.89374,1.068,0.55314,0.43507,0.64818
"chla_prev",15,0.63197,0.52287,0.75968,0.97405,0.89185,1.0647,0.54118,0.42162,0.63866
"chla_prev",16,0.64647,0.53057,0.77025,0.97703,0.89379,1.0661,0.53151,0.41424,0.63088
"chla_prev",17,0.66216,0.54359,0.7894,0.97968,0.90462,1.0639,0.52608,0.40617,0.62797
"chla_prev",18,0.66952,0.55088,0.79636,0.97939,0.89966,1.0674,0.52516,0.40891,0.63161
"chla_prev",19,0.67218,0.55961,0.79556,0.98374,0.90336,1.0692,0.52618,0.41112,0.63552
"chla_prev",20,0.67197,0.55772,0.79916,0.99279,0.90909,1.0809,0.52618,0.4174,0.63664
"chla_prev",21,0.67361,0.56161,0.80217,1.0161,0.92854,1.1065,0.52211,0.41588,0.63589
"chla_prev",22,0.68108,0.57069,0.81137,1.043,0.95212,1.1395,0.51086,0.40599,0.62659
"chla_prev",23,0.69488,0.5802,0.82766,1.0555,0.95984,1.157,0.49474,0.38432,0.61242
"chla_prev",24,0.71553,0.59701,0.85008,1.0533,0.95239,1.1558,0.47396,0.36413,0.59123
"chla_prev",25,0.74342,0.61924,0.88045,1.0515,0.94616,1.1488,0.45366,0.34151,0.56904
"chla_prev",26,0.77336,0.64502,0.91423,1.0414,0.93958,1.1394,0.43477,0.31757,0.55192
"chla_prev",27,0.79682,0.66543,0.94379,1.0327,0.93556,1.1322,0.41605,0.29863,0.53469
"chla_prev",28,0.81669,0.68026,0.96038,1.0259,0.93904,1.1198,0.39888,0.2832,0.51763
"chla_prev",29,0.82398,0.68206,0.96626,1.0213,0.93689,1.1196,0.37946,0.26599,0.49881
"chla_prev",30,0.83003,0.68262,0.96906,1.0204,0.93727,1.1231,0.36195,0.24914,0.4819
"chla_prev",35,0.90727,0.75232,1.0391,1.005,0.91206,1.1112,0.28504,0.16145,0.39714
"chla_prev",40,0.96796,0.81286,1.1067,0.99637,0.89595,1.1011,0.20988,0.085897,0.33329
"chla_prev",45,0.96202,0.81212,1.1073,0.96841,0.8693,1.0864,0.12718,0.0080357,0.2573
"chla_prev",50,0.9211,0.75985,1.0919,0.98826,0.88864,1.1123,0.055142,-0.065721,0.18365
"chla_prev",55,0.8467,0.68127,1.0167,0.99124,0.90621,1.0954,-0.0010726,-0.123,0.12091
"chla_prev",60,0.8266,0.68008,0.98971,0.95905,0.86487,1.0485,-0.045346,-0.16874,0.086235
"chla_prev",65,0.82733,0.69208,0.96375,0.96099,0.87293,1.0445,-0.05049,-0.18657,0.083895
"chla_prev",70,0.87108,0.73802,1.0117,0.97433,0.88534,1.0796,-0.01506,-0.14819,0.10889
"chla_prev",75,0.9112,0.76302,1.0702,0.95217,0.86249,1.0582,-0.0081375,-0.12992,0.12396
"chla_prev",80,0.89348,0.74325,1.051,0.94773,0.8655,1.0477,-0.011967,-0.13355,0.10593
"chla_prev",85,0.83654,0.70079,0.98695,1.0077,0.91154,1.0993,0.018211,-0.099693,0.13747
"chla_prev",90,0.86016,0.70325,1.0272,1.0179,0.93037,1.1183,0.020053,-0.10231,0.13678
"chla_prev",95,0.91905,0.76006,1.105,1.0044,0.90767,1.113,0.025933,-0.094596,0.14034
"chla_prev",100,0.99963,0.82066,1.2006,0.99738,0.90275,1.0925,0.040159,-0.078764,0.15567
"chla_prev",120,0.86661,0.71547,1.0139,1.0355,0.94072,1.1331,-0.07943,-0.20129,0.030248
"chla_prev",130,0.84545,0.70867,0.98843,1.0304,0.92143,1.1243,-0.13461,-0.26183,-0.014249
"chla_prev",140,0.87475,0.72964,1.0263,0.997,0.91087,1.0939,-0.1136,-0.24014,-0.001197
"chla_prev",150,0.94801,0.77136,1.124,0.96587,0.87563,1.0674,-0.042764,-0.17,0.074576
"chla_prev",160,0.92162,0.76204,1.0871,0.9888,0.9033,1.0788,0.0046931,-0.12563,0.13394
"chla_prev",170,0.81538,0.67108,0.97164,1.0508,0.95966,1.1648,0.026986,-0.091916,0.15204
"chla_prev",180,0.94876,0.7892,1.1263,0.96688,0.87362,1.0636,0.076978,-0.056276,0.18977
"chla_prev",190,1.0405,0.86198,1.2406,0.97475,0.89317,1.061,0.050667,-0.088401,0.17123
"chla_prev",200,0.89372,0.7279,1.0733,1.0563,0.96608,1.1451,0.0083512,-0.11694,0.12452
"chla_prev",210,0.83601,0.69414,0.98639,1.055,0.94881,1.1721,-0.018746,-0.15103,0.1087
"chla_prev",220,0.99988,0.8427,1.1811,0.94081,0.85788,1.0251,-0.0072824,-0.14265,0.13354
"chla_prev",230,1.0631,0.88007,1.2612,0.97323,0.88505,1.0603,0.053037,-0.079739,0.18116
"chla_prev",240,0.8664,0.71742,1.0317,0.97922,0.90263,1.0708,0.091277,-0.041009,0.21285
"chla_prev",250,0.75951,0.64185,0.89367,1.0907,0.98684,1.2051,0.094784,-0.010595,0.20248
"chla_ir",0,0.43041,0.3527,0.53374,3.117,2.961,3.2702,0.36598,0.27204,0.46215
"chla_ir",1,0.46257,0.37871,0.57187,1.7364,1.6377,1.8429,0.59045,0.49253,0.68832
"chla_ir",2,0.48687,0.39835,0.59737,1.1595,1.0823,1.2537,0.73138,0.63228,0.83591
"chla_ir",3,0.50791,0.41498,0.62178,1.026,0.95377,1.1184,0.79773,0.69824,0.90562
"chla_ir",4,0.52547,0.42771,0.63636,1.009,0.93201,1.1029,0.82072,0.723,0.92867
"chla_ir",5,0.54141,0.44105,0.65224,1.0135,0.93099,1.1109,0.81148,0.71544,0.92118
"chla_ir",6,0.55479,0.45304,0.67073,1.0133,0.92967,1.115,0.78551,0.69448,0.89655
"chla_ir",7,0.56662,0.4644,0.68237,1.0052,0.92133,1.1007,0.75066,0.65962,0.86215
"chla_ir",8,0.57702,0.47976,0.69123,0.99634,0.91506,1.0875,0.70973,0.61788,0.82348
"chla_ir",9,0.58322,0.48062,0.6931,0.98617,0.90151,1.073,0.67077,0.5793,0.78279
"chla_ir",10,0.58922,0.48768,0.70557,0.97549,0.8922,1.0713,0.63662,0.54237,0.75015
"chla_ir",11,0.59673,0.4931,0.71632,0.96917,0.88925,1.0595,0.6063,0.51166,0.72146
"chla_ir",12,0.60433,0.50072,0.72616,0.95852,0.88189,1.0441,0.58141,0.48952,0.69718
"chla_ir",13,0.61025,0.50613,0.74006,0.95544,0.88017,1.0416,0.56003,0.46994,0.67472
"chla_ir",14,0.61655,0.50961,0.75074,0.96474,0.88444,1.0521,0.5435,0.45339,0.65701
"chla_ir",15,0.6294,0.51949,0.764,0.96429,0.88472,1.0503,0.53344,0.44051,0.65341
"chla_ir",16,0.64546,0.53112,0.77493,0.97022,0.89157,1.0554,0.52575,0.43067,0.65068
"chla_ir",17,0.6615,0.54553,0.79013,0.97199,0.8943,1.0557,0.52357,0.42947,0.64791
"chla_ir",18,0.66621,0.54844,0.78763,0.97124,0.89323,1.0554,0.52455,0.43313,0.64703
"chla_ir",19,0.66883,0.54748,0.79818,0.97592,0.89391,1.0595,0.52495,0.43529,0.64559
"chla_ir",20,0.66899,0.54807,0.7969,0.99034,0.90763,1.0805,0.52499,0.43154,0.64584
"chla_ir",21,0.6711,0.55279,0.79692,1.0215,0.93604,1.1169,0.5189,0.42463,0.64251
"chla_ir",22,0.68079,0.5583,0.8143,1.0465,0.95525,1.1436,0.50582,0.40832,0.62578
"chla_ir",23,0.69656,0.56807,0.83447,1.0539,0.96085,1.1558,0.4881,0.3871,0.60631
"chla_ir",24,0.71945,0.58971,0.85917,1.0474,0.95634,1.1529,0.46689,0.36448,0.58538
"chla_ir",25,0.74701,0.61835,0.88769,1.0462,0.95404,1.1553,0.44708,0.34139,0.56546
"chla_ir",26,0.77536,0.64121,0.92308,1.037,0.9468,1.146,0.42812,0.31775,0.54305
"chla_ir",27,0.79673,0.66032,0.94594,1.0308,0.94347,1.1357,0.40973,0.29951,0.52537
"chla_ir",28,0.81445,0.67665,0.96145,1.0275,0.93916,1.131,0.39305,0.28394,0.50656
"chla_ir",29,0.82092,0.685,0.96493,1.0234,0.932,1.1293,0.37287,0.26057,0.49015
"chla_ir",30,0.82946,0.69092,0.96907,1.0242,0.9345,1.1265,0.35631,0.23852,0.47386
"chla_ir",35,0.92121,0.78539,1.0711,1.0134,0.91704,1.1107,0.27785,0.1478,0.40359
"chla_ir",40,0.97468,0.82828,1.1251,1.0089,0.92348,1.105,0.1961,0.065117,0.3284
"chla_ir",45,0.96392,0.80517,1.118,0.97897,0.86958,1.0999,0.11144,-0.020508,0.25493
"chla_ir",50,0.92093,0.74998,1.0987,0.99635,0.89327,1.111,0.041236,-0.084107,0.1856
"chla_ir",55,0.83824,0.67307,1.0065,0.99748,0.91703,1.0759,-0.01306,-0.13452,0.11545
"chla_ir",60,0.8248,0.67327,0.98796,0.96378,0.88411,1.0405,-0.053338,-0.17447,0.070371
"chla_ir",65,0.83744,0.70116,0.99216,0.958,0.87206,1.0344,-0.052865,-0.18536,0.067857
"chla_ir",70,0.87992,0.74786,1.0292,0.9784,0.88497,1.0684,-0.014846,-0.15641,0.10101
"chla_ir",75,0.91017,0.76621,1.0936,0.95572,0.85844,1.0551,-0.0070628,-0.14066,0.11537
"chla_ir",80,0.88301,0.7513,1.0576,0.95385,0.87105,1.0337,-0.0077133,-0.13623,0.11211
"chla_ir",85,0.82239,0.68861,0.97877,1.0147,0.92737,1.1068,0.023252,-0.1028,0.1435
"chla_ir",90,0.8551,0.70574,1.0386,1.024,0.93149,1.1281,0.021948,-0.10684,0.14728
"chla_ir",95,0.92573,0.77041,1.1034,1.0068,0.91436,1.1098,0.025877,-0.10375,0.1566
"chla_ir",100,1.0105,0.83437,1.2059,1.0056,0.91845,1.1027,0.042031,-0.088325,0.17339
"chla_ir",120,0.86739,0.73511,1.0298,1.0376,0.94092,1.1432,-0.087984,-0.21543,0.027824
"chla_ir",130,0.84415,0.70871,0.98649,1.0362,0.92996,1.1573,-0.13956,-0.25847,-0.033732
"chla_ir",140,0.88169,0.73552,1.0258,0.99894,0.91021,1.0977,-0.10966,-0.23699,0.008242
"chla_ir",150,0.94203,0.78898,1.1247,0.97402,0.88907,1.0589,-0.037719,-0.14347,0.081191
"chla_ir",160,0.90567,0.76879,1.0908,0.99304,0.90543,1.0788,0.0029322,-0.10953,0.12149
"chla_ir",170,0.80614,0.65577,0.97334,1.052,0.9517,1.1541,0.028266,-0.087097,0.15068
"chla_ir",180,0.95076,0.81164,1.1078,0.9711,0.88133,1.0633,0.081437,-0.058572,0.20546
"chla_ir",190,1.0412,0.8812,1.2241,0.976,0.89752,1.0587,0.055421,-0.079422,0.18659
"chla_ir",200,0.88374,0.74215,1.0562,1.049,0.9607,1.1563,0.008602,-0.12359,0.1316
"chla_ir",210,0.83325,0.68278,0.97768,1.0431,0.94121,1.1545,-0.017577,-0.13612,0.11478
"chla_ir",220,1.0062,0.85624,1.1872,0.94321,0.8626,1.0262,-0.0052315,-0.13511,0.12383
"chla_ir",230,1.0606,0.88479,1.2681,0.97477,0.88883,1.0577,0.052641,-0.091811,0.18358
"chla_ir",240,0.86253,0.72271,1.0005,0.97895,0.90211,1.077,0.095285,-0.037839,0.21129
"chla_ir",250,0.76481,0.6278,0.89296,1.0888,0.99706,1.1951,0.098251,-0.013659,0.21057
"syph_prev",0,0.52615,0.44442,0.61485,1.3618,1.2631,1.4694,0.68296,0.57484,0.7793
"syph_prev",1,0.56364,0.47515,0.6599,1.1079,1.0137,1.2139,0.77855,0.66792,0.87963
"syph_prev",2,0.59247,0.49932,0.69368,1.0341,0.94099,1.1438,0.83204,0.71698,0.93733
"syph_prev",3,0.60967,0.51284,0.71307,1.0412,0.94092,1.1517,0.84714,0.73067,0.95513
"syph_prev",4,0.61717,0.51531,0.72395,1.0446,0.94234,1.1483,0.83503,0.71862,0.94519
"syph_prev",5,0.62135,0.51753,0.73554,1.0281,0.93278,1.1313,0.8066,0.696,0.91195
"syph_prev",6,0.62191,0.51563,0.73586,1.002,0.91276,1.1029,0.77295,0.66213,0.87856
"syph_prev",7,0.61905,0.51853,0.73279,0.97499,0.88487,1.075,0.73882,0.62597,0.84342
"syph_prev",8,0.61298,0.51357,0.72328,0.95644,0.86887,1.0583,0.70566,0.59396,0.80514
"syph_prev",9,0.60729,0.51221,0.71184,0.94974,0.85997,1.0547,0.6756,0.56925,0.77508
"syph_prev",10,0.60181,0.51373,0.69935,0.94853,0.86167,1.047,0.64944,0.5472,0.74671
"syph_prev",11,0.59689,0.50989,0.68753,0.94836,0.86407,1.0493,0.62622,0.52347,0.72306
"syph_prev",12,0.59543,0.50897,0.6879,0.95006,0.86084,1.053,0.60899,0.50669,0.70532
"syph_prev",13,0.59821,0.50928,0.69121,0.95546,0.86776,1.0573,0.59551,0.49109,0.69195
"syph_prev",14,0.60294,0.5081,0.69805,0.96456,0.87563,1.0647,0.58673,0.48109,0.68472
"syph_prev",15,0.60611,0.50879,0.70364,0.97679,0.88348,1.0803,0.58169,0.4756,0.68099
"syph_prev",16,0.60942,0.51234,0.70964,0.98368,0.88816,1.0832,0.57774,0.47009,0.67519
"syph_prev",17,0.61347,0.52073,0.71387,0.98836,0.89461,1.0851,0.57485,0.47001,0.6722
"syph_prev",18,0.61668,0.52313,0.72118,0.99806,0.90108,1.0956,0.57351,0.46632,0.67394
"syph_prev",19,0.62088,0.52517,0.72548,1.0126,0.92182,1.1113,0.5721,0.46496,0.6721
"syph_prev",20,0.62638,0.52482,0.73434,1.0255,0.93417,1.1257,0.56972,0.46307,0.67059
"syph_prev",21,0.63414,0.53018,0.74538,1.0326,0.93997,1.1305,0.56421,0.45899,0.66452
"syph_prev",22,0.6458,0.54092,0.75825,1.0429,0.93342,1.1414,0.55425,0.44554,0.65722
"syph_prev",23,0.66249,0.5583,0.77364,1.0569,0.94101,1.1618,0.53961,0.42972,0.64565
"syph_prev",24,0.6804,0.57644,0.79368,1.0747,0.95765,1.1835,0.52228,0.4153,0.62743
"syph_prev",25,0.69944,0.5929,0.81377,1.0853,0.96473,1.1973,0.5043,0.39496,0.61004
"syph_prev",26,0.71915,0.6044,0.83978,1.0876,0.96045,1.201,0.48474,0.37483,0.59226
"syph_prev",27,0.73611,0.617,0.86139,1.0909,0.95932,1.2019,0.46524,0.35384,0.57187
"syph_prev",28,0.75142,0.62781,0.87926,1.0929,0.95948,1.2075,0.44746,0.33211,0.55527
"syph_prev",29,0.7683,0.64334,0.89436,1.0864,0.96136,1.1987,0.43187,0.31228,0.54186
"syph_prev",30,0.78899,0.66083,0.91843,1.0723,0.95189,1.181,0.41709,0.29178,0.52737
"syph_prev",35,0.89012,0.73379,1.0479,1.0385,0.93541,1.1412,0.32738,0.19791,0.439
"syph_prev",40,0.97887,0.81091,1.1384,1.0233,0.9205,1.1268,0.22333,0.093807,0.34319
"syph_prev",45,0.96999,0.80549,1.1316,1.0147,0.91419,1.1046,0.17184,0.035142,0.29964
"syph_prev",50,0.92417,0.766,1.0858,1.0632,0.96201,1.1615,0.1308,0.0052149,0.25973
"syph_prev",55,0.84567,0.68131,1.019,1.1037,1.0001,1.2185,0.081149,-0.04745,0.20781
"syph_prev",60,0.81162,0.64522,0.99985,1.0679,0.98044,1.1737,0.050228,-0.070635,0.1657
"syph_prev",65,0.86515,0.68795,1.0785,1.0038,0.91203,1.1049,0.011867,-0.10865,0.13653
"syph_prev",70,0.92714,0.74899,1.1194,0.95522,0.86793,1.0393,-0.010722,-0.13014,0.11368
"syph_prev",75,0.9614,0.7859,1.1436,0.93795,0.85222,1.0239,0.014678,-0.096589,0.14227
"syph_prev",80,0.93942,0.76848,1.1137,0.90684,0.82427,0.98625,0.0089163,-0.10992,0.12783
"syph_prev",85,0.84813,0.68237,0.98919,0.97323,0.89001,1.0808,0.023665,-0.092726,0.14267
"syph_prev",90,0.78297,0.64212,0.92792,1.0127,0.91684,1.1313,0.028334,-0.090298,0.14391
"syph_prev",95,0.81135,0.68053,0.9542,0.95996,0.86836,1.0524,0.022777,-0.089119,0.13861
"syph_prev",100,0.89129,0.73016,1.0687,0.89996,0.80108,0.99594,0.032246,-0.080507,0.16106
"syph_prev",120,0.95983,0.76329,1.1489,0.96204,0.85608,1.0814,-0.048404,-0.17256,0.068789
"syph_prev",130,0.97616,0.81884,1.1624,0.99657,0.89355,1.0994,-0.12674,-0.25378,-0.010349
"syph_prev",140,0.85974,0.72568,1.0203,1.0234,0.92634,1.1369,-0.08072,-0.20167,0.024865
"syph_prev",150,0.88,0.72075,1.0481,1.0117,0.91076,1.1188,-0.04266,-0.16596,0.079308
"syph_prev",160,1.0123,0.85235,1.2035,0.89044,0.79862,0.98241,-0.016769,-0.16072,0.11539
"syph_prev",170,1.0389,0.87001,1.2287,0.96423,0.87452,1.0515,0.011403,-0.12364,0.1379
"syph_prev",180,1.1333,0.9127,1.3732,1.0495,0.95533,1.15,0.02949,-0.11493,0.16392
"syph_prev",190,1.0841,0.89831,1.2728,1.0246,0.90504,1.1514,0.048684,-0.083483,0.1856
"syph_prev",200,0.8935,0.7227,1.0781,1.0871,0.98266,1.2038,0.022335,-0.091712,0.13457
"syph_prev",210,0.83838,0.68852,0.99516,0.9949,0.89733,1.1004,-0.026409,-0.14756,0.10429
"syph_prev",220,0.91875,0.7571,1.0943,0.9702,0.86681,1.0822,-0.0032003,-0.12486,0.12088
"syph_prev",230,1.0211,0.83111,1.2065,0.99935,0.90075,1.104,0.029001,-0.10337,0.16009
"syph_prev",240,0.96158,0.8048,1.1333,1.0986,0.97405,1.2173,0.032824,-0.095324,0.16275
"syph_prev",250,0.86461,0.69698,1.0272,1.0786,0.94426,1.2127,-0.0039148,-0.11874,0.10906
"syph_ir",0,0.56954,0.47276,0.66661,1.1332,1.0421,1.2207,0.82902,0.72483,0.93338
"syph_ir",1,0.60183,0.50476,0.71221,1.0898,0.99245,1.183,0.87814,0.77113,0.98471
"syph_ir",2,0.61985,0.51691,0.7342,1.1086,1.0117,1.2024,0.87687,0.77092,0.98991
"syph_ir",3,0.62387,0.51668,0.73998,1.1011,1.0115,1.1905,0.84692,0.74149,0.96064
"syph_ir",4,0.62518,0.51862,0.74671,1.0621,0.97717,1.1482,0.80423,0.70241,0.92128
"syph_ir",5,0.62702,0.51576,0.74671,1.0268,0.94179,1.1059,0.76058,0.65821,0.87575
"syph_ir",6,0.62306,0.51715,0.73533,0.99506,0.91242,1.0775,0.7219,0.62525,0.83585
"syph_ir",7,0.61403,0.51169,0.72091,0.97458,0.88957,1.0636,0.68747,0.59441,0.80134
"syph_ir",8,0.60499,0.5067,0.70887,0.97039,0.88343,1.0651,0.65652,0.56122,0.76727
"syph_ir",9,0.60018,0.50668,0.69877,0.97049,0.88183,1.0606,0.63123,0.5351,0.73699
"syph_ir",10,0.59333,0.5055,0.68783,0.9737,0.8854,1.0653,0.60889,0.51353,0.71315
"syph_ir",11,0.59266,0.50261,0.68417,0.97373,0.88748,1.0668,0.59251,0.49724,0.69407
"syph_ir",12,0.59707,0.50225,0.69947,0.97889,0.8892,1.0791,0.58206,0.48501,0.68053
"syph_ir",13,0.60569,0.50673,0.70982,0.98895,0.89743,1.088,0.57429,0.47508,0.67321
"syph_ir",14,0.60975,0.51305,0.71231,1.0034,0.91554,1.1045,0.57077,0.47166,0.67363
"syph_ir",15,0.6138,0.52315,0.72489,1.0167,0.92493,1.1173,0.56926,0.46794,0.6746
"syph_ir",16,0.61725,0.52668,0.73223,1.0204,0.92808,1.12,0.56602,0.46012,0.67488
"syph_ir",17,0.62053,0.52955,0.74034,1.0284,0.9372,1.1284,0.56556,0.46225,0.67475
"syph_ir",18,0.62326,0.5271,0.74555,1.0385,0.95102,1.1335,0.56443,0.46105,0.67352
"syph_ir",19,0.62942,0.52637,0.75291,1.0495,0.96062,1.1468,0.56332,0.46023,0.66926
"syph_ir",20,0.638,0.52481,0.76148,1.0534,0.96449,1.1547,0.55935,0.4586,0.66153
"syph_ir",21,0.64908,0.53462,0.77028,1.0595,0.96497,1.1619,0.54817,0.44796,0.64765
"syph_ir",22,0.66646,0.55137,0.79057,1.0749,0.983,1.1826,0.53208,0.42801,0.63095
"syph_ir",23,0.68777,0.56817,0.81118,1.0887,0.99071,1.2023,0.51325,0.40588,0.61374
"syph_ir",24,0.70587,0.58235,0.83158,1.1002,1.0054,1.2138,0.49417,0.38387,0.59974
"syph_ir",25,0.72596,0.59868,0.85305,1.0967,1.0012,1.2104,0.47442,0.3613,0.58086
"syph_ir",26,0.74616,0.61722,0.87179,1.0953,1.0023,1.2095,0.45401,0.33973,0.56113
"syph_ir",27,0.76145,0.62904,0.88833,1.1,1.0056,1.2192,0.43691,0.32063,0.54401
"syph_ir",28,0.77752,0.64314,0.91181,1.0944,0.99787,1.2072,0.42298,0.30867,0.53343
"syph_ir",29,0.79786,0.66762,0.93369,1.0817,0.9889,1.1869,0.40886,0.29252,0.52172
"syph_ir",30,0.82399,0.69418,0.96318,1.0669,0.97756,1.1707,0.39545,0.28027,0.50902
"syph_ir",35,0.91522,0.77228,1.0589,1.0344,0.9475,1.1297,0.29913,0.17972,0.41883
"syph_ir",40,0.9843,0.80938,1.1533,1.0393,0.95339,1.1375,0.19798,0.074528,0.34065
"syph_ir",45,0.96586,0.79339,1.1403,1.0179,0.92524,1.1217,0.16008,0.022056,0.29937
"syph_ir",50,0.91638,0.75262,1.0903,1.0678,0.97321,1.169,0.1157,-0.013616,0.2514
"syph_ir",55,0.83027,0.67133,0.99236,1.1039,1.0215,1.2007,0.067696,-0.055807,0.19484
"syph_ir",60,0.8222,0.65209,0.99703,1.0395,0.96376,1.1211,0.040452,-0.080207,0.156
"syph_ir",65,0.8784,0.70043,1.0968,1.0044,0.93005,1.0966,-0.0017221,-0.12814,0.11499
"syph_ir",70,0.94114,0.76218,1.1527,0.95228,0.87771,1.0311,-0.0087019,-0.13033,0.11756
"syph_ir",75,0.95952,0.77974,1.1578,0.93446,0.86238,1.0261,0.016646,-0.11352,0.14155
"syph_ir",80,0.9207,0.75583,1.096,0.92799,0.86119,1.0075,0.009057,-0.12134,0.12743
"syph_ir",85,0.82753,0.68318,0.97621,0.99633,0.92332,1.0829,0.027738,-0.10059,0.14129
"syph_ir",90,0.77675,0.63304,0.91246,1.008,0.92869,1.1114,0.023982,-0.1001,0.13942
"syph_ir",95,0.82935,0.68492,0.97415,0.94996,0.87707,1.0282,0.019601,-0.1046,0.13276
"syph_ir",100,0.90476,0.74484,1.0884,0.91752,0.84276,1.002,0.028983,-0.11224,0.14314
"syph_ir",120,0.95083,0.7675,1.1484,0.96142,0.87145,1.051,-0.064654,-0.18939,0.053613
"syph_ir",130,0.9779,0.81939,1.1604,0.9876,0.90724,1.0682,-0.13364,-0.26435,0.0048023
"syph_ir",140,0.8435,0.69694,0.97908,1.0544,0.96427,1.152,-0.070678,-0.18176,0.067764
"syph_ir",150,0.91698,0.75657,1.0701,0.97097,0.88693,1.0674,-0.036497,-0.15455,0.085663
"syph_ir",160,0.99303,0.83888,1.1426,0.91419,0.83572,0.99325,-0.018193,-0.14053,0.10635
"syph_ir",170,1.0481,0.87138,1.2536,0.97378,0.90002,1.0476,0.0095646,-0.12085,0.13044
"syph_ir",180,1.1426,0.92287,1.3801,1.0326,0.95725,1.1213,0.032607,-0.10947,0.16075
"syph_ir",190,1.0579,0.87666,1.2629,1.0218,0.92025,1.135,0.049462,-0.090703,0.1735
"syph_ir",200,0.87511,0.70568,1.0339,1.0651,0.97292,1.1534,0.019678,-0.10178,0.14162
"syph_ir",210,0.83719,0.6989,0.97267,0.99704,0.91033,1.0849,-0.022368,-0.13683,0.10654
"syph_ir",220,0.94564,0.78077,1.1121,0.97373,0.88825,1.0706,0.0012308,-0.13416,0.11923
"syph_ir",230,1.0163,0.81332,1.1776,1.0217,0.93994,1.111,0.025393,-0.11682,0.1469
"syph_ir",240,0.96074,0.79251,1.1398,1.0729,0.97993,1.1867,0.030598,-0.10243,0.15088
"syph_ir",250,0.84632,0.69491,1.0165,1.0755,0.96816,1.1963,-0.012486,-0.13097,0.097243
"num",0,0.17794,0.14875,0.20753,0.78021,0.70676,0.84582,-1.2404,-1.3379,-1.1574
"num",1,0.20268,0.1695,0.23718,0.74527,0.67588,0.80599,-1.2074,-1.3052,-1.1232
"num",2,0.22715,0.18981,0.26592,0.75452,0.68488,0.8163,-1.1754,-1.2735,-1.0902
"num",3,0.25116,0.20989,0.29356,0.75938,0.69216,0.82361,-1.1539,-1.253,-1.0665
"num",4,0.27416,0.22788,0.32053,0.75864,0.69016,0.82498,-1.1355,-1.2352,-1.0456
"num",5,0.29749,0.24637,0.34702,0.76108,0.69293,0.82664,-1.1113,-1.2125,-1.02
"num",6,0.32059,0.26549,0.37329,0.7665,0.69983,0.83174,-1.0803,-1.1816,-0.98884
"num",7,0.34331,0.28449,0.39862,0.81708,0.74157,0.89246,-1.0394,-1.1388,-0.94657
"num",8,0.36489,0.30452,0.42418,0.87137,0.78811,0.95853,-1.0131,-1.1128,-0.91859
"num",9,0.38637,0.32317,0.45052,0.94438,0.85065,1.0478,-0.99084,-1.0901,-0.89508
"num",10,0.40679,0.34053,0.47695,1.0586,0.94803,1.1734,-0.96277,-1.0632,-0.86504
"num",11,0.42761,0.35905,0.50081,1.1521,1.0299,1.2747,-0.928,-1.0304,-0.82924
"num",12,0.44629,0.37632,0.52255,1.227,1.096,1.3539,-0.88578,-0.98782,-0.78676
"num",13,0.46331,0.39023,0.54188,1.3396,1.1996,1.4755,-0.83731,-0.93902,-0.73699
"num",14,0.47997,0.40234,0.56172,1.4208,1.2757,1.5628,-0.78935,-0.89306,-0.68618
"num",15,0.49854,0.41785,0.5832,1.3971,1.2565,1.5452,-0.7502,-0.85641,-0.64524
"num",16,0.51894,0.43546,0.60981,1.3407,1.2128,1.4888,-0.71777,-0.82459,-0.61126
"num",17,0.53958,0.44994,0.63544,1.2459,1.1261,1.3801,-0.68009,-0.78726,-0.57226
"num",18,0.56181,0.46704,0.66172,1.1722,1.0581,1.3016,-0.63843,-0.74838,-0.52951
"num",19,0.58498,0.48501,0.69043,1.1703,1.0605,1.2998,-0.59524,-0.70689,-0.48616
"num",20,0.60796,0.50201,0.71857,1.1894,1.0758,1.3129,-0.54743,-0.65965,-0.43719
"num",21,0.62973,0.51861,0.74396,1.1781,1.0664,1.294,-0.50187,-0.61287,-0.38974
"num",22,0.6503,0.53458,0.76723,1.1685,1.0594,1.2918,-0.4664,-0.57907,-0.35285
"num",23,0.67008,0.54862,0.78924,1.1227,1.0161,1.2421,-0.4227,-0.53377,-0.30909
"num",24,0.69087,0.56627,0.8143,1.0603,0.95877,1.1751,-0.37366,-0.48811,-0.26039
"num",25,0.71098,0.5823,0.83917,1.0321,0.92832,1.1491,-0.32396,-0.43909,-0.21231
"num",26,0.73023,0.59604,0.86096,1.0181,0.91716,1.1366,-0.28051,-0.39816,-0.167
"num",27,0.7482,0.6109,0.88183,1.0041,0.90494,1.1242,-0.25919,-0.37921,-0.14194
"num",28,0.76683,0.62552,0.90582,0.96921,0.86682,1.0816,-0.23774,-0.36063,-0.11776
"num",29,0.7851,0.64077,0.924,0.94553,0.84786,1.0537,-0.21466,-0.33755,-0.093014
"num",30,0.80244,0.65404,0.94621,0.95219,0.85697,1.061,-0.1953,-0.31777,-0.070428
"num",35,0.87699,0.72237,1.0333,0.98058,0.87361,1.083,-0.11911,-0.24759,0.009177
"num",40,0.91669,0.75128,1.0771,0.93803,0.83081,1.0517,-0.045966,-0.1763,0.079784
"num",45,0.93916,0.76408,1.1132,1.0524,0.94147,1.1842,-0.045637,-0.17623,0.077902
"num",50,0.94113,0.76655,1.1245,1.0285,0.90751,1.1586,-0.030502,-0.1602,0.090648
"num",55,0.94091,0.76979,1.1331,1.0277,0.90978,1.1646,-0.021289,-0.15981,0.10032
"num",60,0.9435,0.77613,1.1417,1.024,0.91028,1.1634,-0.015002,-0.14969,0.11223
"num",65,0.93263,0.77992,1.1094,1.051,0.92836,1.1819,-0.01857,-0.16262,0.10768
"num",70,0.93509,0.79673,1.1047,0.97432,0.87424,1.0816,-0.012453,-0.15457,0.11713
"num",75,0.93697,0.79557,1.0957,0.92866,0.83367,1.044,-0.0066579,-0.1409,0.12105
"num",80,0.92475,0.77388,1.0824,0.90718,0.81781,1.0127,0.0044996,-0.13432,0.13152
"num",85,0.89603,0.74407,1.0578,0.96333,0.86229,1.0762,0.021761,-0.10881,0.14602
"num",90,0.87779,0.72355,1.0402,1.0126,0.90657,1.1395,0.030489,-0.09763,0.15896
"num",95,0.85484,0.69043,1.0234,0.98313,0.8647,1.0976,0.031006,-0.095618,0.16112
"num",100,0.84241,0.68308,1.0161,0.95118,0.83755,1.0752,0.032833,-0.093781,0.17006
"num",120,0.85504,0.71731,0.9953,0.99528,0.87904,1.1295,0.05755,-0.068801,0.18931
"num",130,0.94074,0.77636,1.1154,0.97188,0.86075,1.0945,0.076601,-0.045938,0.20074
"num",140,0.97392,0.79015,1.1829,0.94879,0.84988,1.0522,0.083469,-0.039367,0.2106
"num",150,0.92636,0.76585,1.1022,0.94264,0.84371,1.0649,0.06741,-0.066936,0.19926
"num",160,0.90789,0.76335,1.0498,1.0313,0.90803,1.1543,0.046759,-0.077196,0.17591
"num",170,0.91532,0.76283,1.0747,1.0522,0.92281,1.1849,0.012232,-0.12711,0.14531
"num",180,0.893,0.74261,1.053,1.0316,0.92074,1.1562,-0.0093242,-0.15012,0.1203
"num",190,0.91972,0.75221,1.1136,0.95925,0.86126,1.065,-0.0013172,-0.13898,0.12093
"num",200,1.0128,0.83428,1.2054,0.9799,0.87886,1.0822,0.011815,-0.13436,0.14096
"num",210,1.0539,0.87094,1.2445,0.93757,0.83456,1.0438,0.031946,-0.11271,0.15802
"num",220,1.0039,0.81405,1.2102,1.0056,0.88246,1.1245,0.06361,-0.08146,0.18897
"num",230,0.9871,0.81254,1.181,0.94413,0.84769,1.0441,0.10391,-0.036474,0.24011
"num",240,0.90963,0.73333,1.0766,0.98389,0.87141,1.0958,0.10848,-0.033566,0.23286
"num",250,0.82808,0.66347,0.98075,1.0641,0.93654,1.1969,0.068391,-0.065424,0.18948
"num.B",0,0.18694,0.15182,0.2266,0.70197,0.63373,0.77018,-0.065597,-0.13905,0.011835
"num.B",1,0.21292,0.17399,0.25924,0.68268,0.61447,0.75692,-0.042117,-0.1181,0.036982
"num.B",2,0.23819,0.19519,0.28987,0.68672,0.6166,0.76236,-0.024819,-0.10177,0.056425
"num.B",3,0.2637,0.21563,0.31879,0.70147,0.62828,0.77792,-0.017029,-0.09651,0.066788
"num.B",4,0.2894,0.23635,0.34725,0.7118,0.63804,0.79382,-0.017046,-0.0987,0.069891
"num.B",5,0.31538,0.25743,0.37712,0.71992,0.64328,0.80159,-0.011728,-0.095387,0.077799
"num.B",6,0.34062,0.27864,0.40462,0.72644,0.64919,0.80928,-0.0035173,-0.089941,0.086544
"num.B",7,0.36555,0.29955,0.43419,0.73792,0.66142,0.8234,0.010856,-0.0766,0.10267
"num.B",8,0.38994,0.31915,0.46394,0.74826,0.67468,0.83253,0.015287,-0.073413,0.10926
"num.B",9,0.41447,0.3399,0.49539,0.75631,0.67864,0.84135,0.014328,-0.076121,0.11224
"num.B",10,0.43792,0.36023,0.52674,0.77586,0.6942,0.86191,0.020067,-0.071677,0.11879
"num.B",11,0.46131,0.3807,0.55447,0.7891,0.70675,0.87879,0.034807,-0.056716,0.13525
"num.B",12,0.4836,0.40029,0.58072,0.78981,0.70738,0.88121,0.050313,-0.041016,0.15461
"num.B",13,0.50433,0.41693,0.60653,0.78917,0.71269,0.87726,0.069134,-0.021827,0.1766
"num.B",14,0.52375,0.42961,0.63085,0.78714,0.71126,0.87382,0.083713,-0.0091601,0.19436
"num.B",15,0.54419,0.4459,0.65502,0.77691,0.70379,0.86257,0.091817,-0.0030503,0.20534
"num.B",16,0.56548,0.46536,0.68152,0.78599,0.71384,0.87346,0.08781,-0.0092959,0.20119
"num.B",17,0.58789,0.48549,0.70813,0.78795,0.712,0.87641,0.084735,-0.012116,0.2007
"num.B",18,0.61221,0.50638,0.73337,0.7867,0.70667,0.87547,0.081485,-0.015136,0.19888
"num.B",19,0.63725,0.52689,0.75947,0.77981,0.70169,0.86753,0.077854,-0.019223,0.19506
"num.B",20,0.66073,0.54598,0.78061,0.78187,0.70193,0.87134,0.086454,-0.010954,0.20843
"num.B",21,0.68306,0.56681,0.80624,0.77914,0.69763,0.86782,0.093308,-0.0037151,0.21744
"num.B",22,0.70286,0.58504,0.83082,0.77283,0.69256,0.85491,0.093875,-0.0037997,0.22072
"num.B",23,0.7204,0.60054,0.84864,0.76633,0.68909,0.84406,0.096968,-0.0019467,0.22402
"num.B",24,0.73836,0.61357,0.86906,0.76084,0.68138,0.835,0.10872,0.011865,0.23604
"num.B",25,0.75854,0.62837,0.89045,0.77001,0.69069,0.84727,0.12154,0.021155,0.25076
"num.B",26,0.77986,0.64747,0.9138,0.78019,0.69738,0.85664,0.12847,0.025918,0.25891
"num.B",27,0.79951,0.66282,0.94165,0.78651,0.70193,0.86756,0.12338,0.018404,0.25369
"num.B",28,0.81905,0.67971,0.96975,0.79785,0.71178,0.88565,0.1216,0.012676,0.25126
"num.B",29,0.83689,0.69675,0.9913,0.81155,0.72319,0.90395,0.11947,0.00735,0.24621
"num.B",30,0.8523,0.71576,1.0075,0.83191,0.74478,0.92673,0.11283,-0.0026584,0.24146
"num.B",35,0.92821,0.77617,1.1109,0.91057,0.80698,1.01,0.072232,-0.054516,0.19859
"num.B",40,0.99473,0.82252,1.1989,0.96401,0.85692,1.0839,0.064757,-0.069589,0.19618
"num.B",45,1.0243,0.8374,1.2224,0.97205,0.86958,1.0867,0.031363,-0.11409,0.15684
"num.B",50,1.0216,0.82899,1.2289,0.95461,0.85011,1.0766,0.017719,-0.12347,0.14904
"num.B",55,1.0181,0.83824,1.2038,0.9522,0.84282,1.072,0.031909,-0.10458,0.16374
"num.B",60,1.0033,0.84016,1.1835,0.98165,0.87564,1.0936,0.039013,-0.092278,0.1633
"num.B",65,0.99936,0.83929,1.1828,1.0393,0.92168,1.1529,0.029409,-0.10705,0.15991
"num.B",70,0.99352,0.83636,1.1846,1.0202,0.9109,1.1282,0.035445,-0.091287,0.1706
"num.B",75,0.99505,0.83154,1.1867,0.93798,0.83802,1.045,0.036925,-0.091664,0.16498
"num.B",80,0.97851,0.81578,1.165,0.94557,0.84718,1.0463,0.032312,-0.098102,0.1591
"num.B",85,0.96505,0.80071,1.1377,1.0283,0.90126,1.1455,0.031045,-0.09834,0.16083
"num.B",90,0.96364,0.80015,1.1254,1.0609,0.93037,1.188,0.01567,-0.12439,0.15843
"num.B",95,0.95933,0.79998,1.1257,1.0001,0.88873,1.1228,0.0046322,-0.14177,0.15061
"num.B",100,0.94057,0.77363,1.1023,0.98328,0.87,1.1128,0.0071501,-0.13199,0.15632
"num.B",120,0.88002,0.70689,1.0564,0.97759,0.87413,1.0978,0.075697,-0.040024,0.20554
"num.B",130,0.96759,0.78116,1.1811,0.96425,0.86333,1.0706,0.10412,-0.024874,0.22772
"num.B",140,1.0983,0.86744,1.3355,0.95675,0.84754,1.0649,0.13483,-0.010299,0.27038
"num.B",150,1.1437,0.91758,1.37,0.86858,0.7744,0.96617,0.13415,-0.018665,0.2672
"num.B",160,1.1011,0.91241,1.2905,1.0299,0.91701,1.1508,0.1292,-0.021894,0.27373
"num.B",170,1.0164,0.83975,1.1881,1.0418,0.90373,1.1825,0.1133,-0.019765,0.25678
"num.B",180,0.88968,0.74464,1.0447,1.0181,0.89873,1.1546,0.079468,-0.035637,0.21408
"num.B",190,0.87224,0.72775,1.0591,1.0098,0.90048,1.1281,0.038258,-0.085021,0.14885
"num.B",200,0.94195,0.79247,1.1101,1.0925,0.95792,1.2339,0.0061798,-0.1196,0.11721
"num.B",210,1.0356,0.86077,1.2284,0.97298,0.86358,1.0907,-0.014635,-0.14247,0.10726
"num.B",220,1.0823,0.89049,1.3076,0.92373,0.82118,1.054,-0.012188,-0.14436,0.11232
"num.B",230,1.0381,0.84479,1.2395,1.0518,0.93189,1.1859,0.046838,-0.095976,0.17351
"num.B",240,0.99347,0.83331,1.1715,0.97553,0.8807,1.0904,0.077612,-0.05527,0.20336
"num.B",250,0.945,0.77904,1.1224,1.0344,0.90408,1.1753,0.047433,-0.075141,0.17726
"hiv.inf.B",0,0.14059,0.11642,0.17022,2.0503,1.8858,2.2153,0.17238,0.098729,0.24848
"hiv.inf.B",1,0.16059,0.13384,0.19398,1.8339,1.6784,1.9926,0.25722,0.18206,0.33448
"hiv.inf.B",2,0.18025,0.14956,0.2162,1.6622,1.5075,1.819,0.33655,0.25812,0.41499
"hiv.inf.B",3,0.19943,0.16597,0.23909,1.5371,1.3927,1.6872,0.40637,0.32569,0.48684
"hiv.inf.B",4,0.21863,0.18287,0.26145,1.4555,1.3157,1.5958,0.46698,0.38413,0.54915
"hiv.inf.B",5,0.23698,0.19911,0.28251,1.403,1.2625,1.546,0.52474,0.43867,0.60952
"hiv.inf.B",6,0.25476,0.21462,0.30174,1.3769,1.2294,1.5157,0.58074,0.49402,0.66764
"hiv.inf.B",7,0.27179,0.22671,0.32104,1.3287,1.1846,1.4674,0.63548,0.54885,0.72442
"hiv.inf.B",8,0.28875,0.24057,0.34133,1.29,1.1481,1.4325,0.68347,0.59519,0.77451
"hiv.inf.B",9,0.30647,0.25567,0.36107,1.2792,1.1313,1.4275,0.72318,0.63276,0.81617
"hiv.inf.B",10,0.32432,0.27137,0.38091,1.2514,1.105,1.3987,0.76176,0.66846,0.85616
"hiv.inf.B",11,0.34191,0.28602,0.40337,1.2102,1.0734,1.3697,0.79996,0.70461,0.89578
"hiv.inf.B",12,0.36018,0.30237,0.42675,1.1448,1.0195,1.3036,0.83985,0.74089,0.93561
"hiv.inf.B",13,0.37918,0.31668,0.45006,1.0768,0.9551,1.2409,0.87989,0.77854,0.97608
"hiv.inf.B",14,0.39792,0.33211,0.47265,1.0268,0.90587,1.185,0.91164,0.80971,1.0127
"hiv.inf.B",15,0.41755,0.34654,0.49618,0.96121,0.84417,1.1045,0.93668,0.8331,1.0387
"hiv.inf.B",16,0.43947,0.36443,0.52212,0.92635,0.81613,1.058,0.95213,0.84632,1.058
"hiv.inf.B",17,0.46234,0.38217,0.54865,0.89935,0.79403,1.0262,0.96488,0.85873,1.0724
"hiv.inf.B",18,0.48754,0.40171,0.57918,0.87032,0.76162,0.99367,0.97693,0.86953,1.0897
"hiv.inf.B",19,0.51333,0.42358,0.61253,0.84114,0.72934,0.96086,0.98627,0.879,1.103
"hiv.inf.B",20,0.53781,0.44541,0.64528,0.82034,0.71255,0.93744,0.99895,0.8904,1.1191
"hiv.inf.B",21,0.56235,0.46666,0.67605,0.79788,0.69347,0.9116,1.0054,0.8964,1.1279
"hiv.inf.B",22,0.58594,0.48827,0.70539,0.77861,0.67541,0.89403,1.0047,0.8949,1.1271
"hiv.inf.B",23,0.60671,0.50558,0.73123,0.76976,0.67146,0.88078,1.0014,0.89102,1.123
"hiv.inf.B",24,0.62764,0.52843,0.75715,0.76143,0.67017,0.85716,0.99816,0.88737,1.12
"hiv.inf.B",25,0.64833,0.54745,0.78682,0.76493,0.67233,0.85539,0.99279,0.88057,1.1154
"hiv.inf.B",26,0.66894,0.56698,0.81021,0.77461,0.68716,0.8632,0.98213,0.86975,1.1059
"hiv.inf.B",27,0.68892,0.58427,0.83183,0.8014,0.71371,0.88847,0.96383,0.84882,1.0887
"hiv.inf.B",28,0.70624,0.59775,0.85254,0.83713,0.74335,0.92714,0.94419,0.82799,1.07
"hiv.inf.B",29,0.7211,0.60989,0.87134,0.87253,0.77167,0.96772,0.92436,0.80931,1.0516
"hiv.inf.B",30,0.73364,0.61877,0.8835,0.92234,0.81317,1.0283,0.90219,0.78712,1.0296
"hiv.inf.B",35,0.78015,0.65198,0.94135,1.0679,0.92553,1.207,0.77224,0.65774,0.89361
"hiv.inf.B",40,0.80839,0.67847,0.96531,1.1163,0.96754,1.2498,0.63656,0.52045,0.76036
"hiv.inf.B",45,0.83306,0.69684,0.98394,1.0418,0.91391,1.1756,0.49227,0.3762,0.61918
"hiv.inf.B",50,0.84399,0.69806,1.0056,1.0074,0.87161,1.1479,0.3807,0.26678,0.50991
"hiv.inf.B",55,0.86048,0.70407,1.0242,1.044,0.92124,1.1904,0.30029,0.18352,0.439
"hiv.inf.B",60,0.87821,0.70646,1.0457,1.0682,0.93765,1.2208,0.23204,0.10922,0.36628
"hiv.inf.B",65,0.90958,0.73837,1.0695,1.0392,0.92459,1.1784,0.16828,0.040461,0.30229
"hiv.inf.B",70,0.95851,0.79715,1.1424,1.0292,0.90784,1.1783,0.12461,-0.0084509,0.26509
"hiv.inf.B",75,0.99915,0.84077,1.1825,1.0815,0.93158,1.2604,0.087637,-0.048981,0.2355
"hiv.inf.B",80,1.0467,0.88072,1.2343,1.0871,0.91988,1.2642,0.058166,-0.085019,0.20097
"hiv.inf.B",85,1.0791,0.90865,1.2731,1.0539,0.9137,1.1966,0.052678,-0.0927,0.19441
"hiv.inf.B",90,1.0758,0.91055,1.2537,1.0597,0.93696,1.1871,0.047053,-0.10354,0.18635
"hiv.inf.B",95,1.0577,0.89707,1.233,1.1157,0.97905,1.2693,0.046419,-0.097694,0.18394
"hiv.inf.B",100,1.065,0.8991,1.2399,1.1961,1.0307,1.3672,0.043358,-0.090684,0.19555
"hiv.inf.B",120,1.2657,1.0849,1.4771,0.88498,0.77483,0.98937,-0.024699,-0.17887,0.12969
"hiv.inf.B",130,1.2048,1.0235,1.4001,0.97237,0.86132,1.0915,-0.045191,-0.20201,0.10765
"hiv.inf.B",140,1.0822,0.91924,1.2729,1.0031,0.89335,1.1242,-0.049927,-0.19681,0.10443
"hiv.inf.B",150,1.017,0.85054,1.1978,0.99694,0.86956,1.1375,-0.018171,-0.16213,0.12743
"hiv.inf.B",160,0.99131,0.81896,1.1668,0.93283,0.81679,1.0527,0.048864,-0.093947,0.18781
"hiv.inf.B",170,0.94364,0.781,1.1418,1.0046,0.89222,1.1288,0.10375,-0.037061,0.24689
"hiv.inf.B",180,0.86128,0.7137,1.0463,0.9635,0.84162,1.091,0.11056,-0.037816,0.25236
"hiv.inf.B",190,0.84779,0.70925,1.0141,0.92761,0.80839,1.0657,0.076057,-0.067134,0.20744
"hiv.inf.B",200,0.90428,0.75826,1.082,0.90787,0.797,1.0372,0.021253,-0.11796,0.15357
"hiv.inf.B",210,0.90551,0.74541,1.099,1.1255,0.98791,1.2677,-0.015615,-0.15075,0.12533
"hiv.inf.B",220,1.0287,0.83034,1.2135,1.0304,0.89456,1.1619,-0.020825,-0.17016,0.12311
"hiv.inf.B",230,1.097,0.90099,1.2949,0.99798,0.89336,1.1204,0.0096259,-0.13721,0.14499
"hiv.inf.B",240,1.1235,0.93299,1.3097,0.87336,0.78506,0.99441,0.041329,-0.10649,0.18052
"hiv.inf.B",250,1.0487,0.87497,1.2239,1.1034,0.98905,1.2368,0.040011,-0.094637,0.17366
"hiv.dx.B",0,0.10233,0.082727,0.12449,1.7029,1.5267,1.8481,0.11536,0.051622,0.17696
"hiv.dx.B",1,0.1199,0.097661,0.14499,1.6991,1.5219,1.8478,0.18782,0.1226,0.25028
"hiv.dx.B",2,0.13826,0.11252,0.1664,1.6686,1.4893,1.8155,0.26158,0.19557,0.32619
"hiv.dx.B",3,0.15728,0.1288,0.18833,1.6259,1.4512,1.7773,0.33046,0.26251,0.39863
"hiv.dx.B",4,0.1771,0.14568,0.21122,1.5979,1.4376,1.7449,0.39198,0.32299,0.46168
"hiv.dx.B",5,0.19734,0.16233,0.23373,1.5729,1.4092,1.7266,0.45387,0.38464,0.52528
"hiv.dx.B",6,0.21714,0.17881,0.25682,1.5667,1.4066,1.7247,0.51466,0.4448,0.58826
"hiv.dx.B",7,0.23614,0.19405,0.27963,1.5345,1.3646,1.7038,0.57612,0.50359,0.65174
"hiv.dx.B",8,0.25444,0.21021,0.30126,1.484,1.3136,1.6557,0.63247,0.55586,0.71056
"hiv.dx.B",9,0.27265,0.22562,0.32085,1.4481,1.2725,1.6107,0.68143,0.60218,0.76161
"hiv.dx.B",10,0.29112,0.24155,0.34067,1.3937,1.2263,1.5498,0.72807,0.6456,0.81203
"hiv.dx.B",11,0.30953,0.25818,0.36255,1.3226,1.1662,1.4808,0.77282,0.6866,0.86074
"hiv.dx.B",12,0.3279,0.27473,0.38319,1.2181,1.0774,1.3722,0.81964,0.73489,0.91209
"hiv.dx.B",13,0.34701,0.29149,0.40712,1.1184,0.99212,1.2662,0.86659,0.77923,0.96153
"hiv.dx.B",14,0.36537,0.30537,0.43085,1.042,0.92161,1.1745,0.90432,0.81234,1.0011
"hiv.dx.B",15,0.384,0.32208,0.455,0.96068,0.85139,1.0909,0.93461,0.83835,1.0316
"hiv.dx.B",16,0.40326,0.33748,0.48,0.92115,0.81723,1.0422,0.95483,0.85711,1.0513
"hiv.dx.B",17,0.42254,0.35089,0.50283,0.89283,0.79296,1.0039,0.97187,0.87179,1.0679
"hiv.dx.B",18,0.44385,0.36857,0.52871,0.86216,0.76593,0.96369,0.98852,0.88549,1.0851
"hiv.dx.B",19,0.46696,0.38557,0.55642,0.83688,0.74072,0.9387,1.0022,0.89581,1.1021
"hiv.dx.B",20,0.48975,0.40471,0.58122,0.81665,0.71832,0.92174,1.0193,0.91078,1.1234
"hiv.dx.B",21,0.51224,0.42117,0.60808,0.7995,0.70172,0.89925,1.0303,0.92106,1.1359
"hiv.dx.B",22,0.53547,0.44049,0.63429,0.78638,0.69316,0.88131,1.0328,0.92361,1.1397
"hiv.dx.B",23,0.55814,0.45907,0.66867,0.77099,0.67702,0.86404,1.0325,0.92018,1.1433
"hiv.dx.B",24,0.58046,0.47528,0.69762,0.75275,0.6628,0.84224,1.0321,0.91629,1.1431
"hiv.dx.B",25,0.60281,0.49308,0.72504,0.74206,0.65333,0.82883,1.0289,0.91211,1.1406
"hiv.dx.B",26,0.62597,0.50931,0.75539,0.73466,0.65019,0.81926,1.0205,0.90127,1.1332
"hiv.dx.B",27,0.64824,0.52538,0.77833,0.74556,0.6643,0.83133,1.0033,0.88354,1.1177
"hiv.dx.B",28,0.66921,0.54138,0.8008,0.76946,0.68724,0.8565,0.98415,0.86402,1.1008
"hiv.dx.B",29,0.68818,0.55947,0.81972,0.79851,0.71203,0.89422,0.96485,0.84407,1.0866
"hiv.dx.B",30,0.70513,0.57576,0.84056,0.83975,0.74551,0.94167,0.94351,0.81895,1.0686
"hiv.dx.B",35,0.76565,0.62389,0.9106,1.0583,0.92838,1.1996,0.81912,0.69058,0.94186
"hiv.dx.B",40,0.80533,0.66622,0.95272,1.1431,1.0113,1.2932,0.68138,0.55578,0.80134
"hiv.dx.B",45,0.826,0.69234,0.97536,1.0303,0.90708,1.1758,0.527,0.39201,0.64326
"hiv.dx.B",50,0.83013,0.69308,0.97277,0.99157,0.85227,1.1354,0.40496,0.27113,0.5197
"hiv.dx.B",55,0.84065,0.69477,0.99099,0.99679,0.85705,1.1496,0.31982,0.18177,0.43692
"hiv.dx.B",60,0.85673,0.69656,1.016,1.031,0.89814,1.1633,0.24884,0.10798,0.36935
"hiv.dx.B",65,0.87981,0.70529,1.0404,1.0664,0.94741,1.1967,0.18501,0.04288,0.31049
"hiv.dx.B",70,0.93019,0.74717,1.087,1.0888,0.96371,1.23,0.14323,0.0014967,0.27063
"hiv.dx.B",75,0.98423,0.8061,1.152,1.0855,0.93114,1.2623,0.10442,-0.041509,0.23436
"hiv.dx.B",80,1.0457,0.8575,1.2491,1.0765,0.92735,1.2564,0.073982,-0.070456,0.20662
"hiv.dx.B",85,1.0874,0.89324,1.3097,1.0434,0.91358,1.1845,0.064101,-0.078881,0.20237
"hiv.dx.B",90,1.0903,0.89943,1.2996,1.052,0.93506,1.1796,0.05442,-0.088945,0.18767
"hiv.dx.B",95,1.0704,0.88391,1.2561,1.105,0.96269,1.2596,0.048948,-0.094575,0.18041
"hiv.dx.B",100,1.0618,0.90233,1.2299,1.1605,0.99855,1.3547,0.045187,-0.099225,0.1711
"hiv.dx.B",120,1.2836,1.0923,1.4839,0.92167,0.81357,1.0243,-0.034992,-0.18241,0.1058
"hiv.dx.B",130,1.2455,1.0635,1.4244,0.97274,0.86335,1.0912,-0.062708,-0.21676,0.073581
"hiv.dx.B",140,1.1271,0.97249,1.2995,1.0433,0.92679,1.1606,-0.056215,-0.2012,0.078322
"hiv.dx.B",150,1.0439,0.89492,1.2123,0.97452,0.85065,1.1109,-0.022421,-0.15235,0.10489
"hiv.dx.B",160,0.98995,0.84263,1.1539,0.94985,0.83044,1.09,0.027162,-0.10773,0.15879
"hiv.dx.B",170,0.96573,0.80045,1.1476,0.97946,0.86532,1.1128,0.086834,-0.053875,0.20678
"hiv.dx.B",180,0.87935,0.72512,1.057,0.94304,0.81951,1.0784,0.11625,-0.023551,0.23732
"hiv.dx.B",190,0.83113,0.68511,1.0188,0.90649,0.7908,1.0292,0.086867,-0.059299,0.21001
"hiv.dx.B",200,0.88641,0.72691,1.0827,0.90096,0.79736,1.0263,0.03413,-0.098311,0.1633
"hiv.dx.B",210,0.90236,0.73052,1.0762,1.0807,0.93518,1.2314,-0.0064514,-0.12524,0.13039
"hiv.dx.B",220,1.0134,0.80566,1.227,1.0277,0.91044,1.1537,-0.018101,-0.1452,0.11198
"hiv.dx.B",230,1.0958,0.90048,1.3123,0.98801,0.89079,1.1045,0.0099339,-0.11933,0.14462
"hiv.dx.B",240,1.1327,0.94147,1.3485,0.90165,0.79928,1.0156,0.037763,-0.094062,0.17266
"hiv.dx.B",250,1.0973,0.91161,1.3053,1.0309,0.91556,1.155,0.037328,-0.088476,0.1724
"hiv.tx.B",0,0.1772,0.14465,0.21342,1.4728,1.3493,1.598,0.16826,0.07889,0.24463
"hiv.tx.B",1,0.2009,0.16419,0.24208,1.4263,1.3087,1.5514,0.2492,0.15808,0.32772
"hiv.tx.B",2,0.22536,0.18491,0.27327,1.3628,1.2574,1.4864,0.33092,0.23875,0.41339
"hiv.tx.B",3,0.24819,0.20204,0.30192,1.3089,1.2033,1.4308,0.40592,0.31405,0.49201
"hiv.tx.B",4,0.27211,0.22245,0.32813,1.2621,1.1658,1.3836,0.4723,0.37902,0.56111
"hiv.tx.B",5,0.29623,0.24324,0.35753,1.2185,1.1181,1.3336,0.53539,0.44196,0.62653
"hiv.tx.B",6,0.3164,0.25917,0.38128,1.1966,1.0939,1.3104,0.59397,0.49825,0.6862
"hiv.tx.B",7,0.33389,0.27325,0.39918,1.1826,1.0776,1.2969,0.65155,0.55024,0.74486
"hiv.tx.B",8,0.35219,0.28911,0.41792,1.1612,1.0575,1.2694,0.7029,0.6031,0.79948
"hiv.tx.B",9,0.37225,0.30554,0.43934,1.1519,1.0478,1.2627,0.74447,0.64626,0.84333
"hiv.tx.B",10,0.39421,0.32532,0.46334,1.1312,1.0287,1.2416,0.78228,0.68515,0.88384
"hiv.tx.B",11,0.41528,0.34354,0.48833,1.1072,1.0091,1.2171,0.8182,0.72011,0.92402
"hiv.tx.B",12,0.43563,0.35996,0.51293,1.0685,0.97527,1.1661,0.85586,0.75673,0.96291
"hiv.tx.B",13,0.45389,0.37393,0.53353,1.0287,0.93728,1.1233,0.8943,0.79737,1.0026
"hiv.tx.B",14,0.47124,0.38829,0.55235,0.99592,0.90703,1.0866,0.92414,0.82999,1.0334
"hiv.tx.B",15,0.48739,0.40264,0.57218,0.9674,0.88174,1.0604,0.9467,0.85206,1.0559
"hiv.tx.B",16,0.50439,0.41792,0.59236,0.95136,0.86525,1.0457,0.96149,0.86418,1.0699
"hiv.tx.B",17,0.52018,0.42971,0.60961,0.94422,0.85871,1.0389,0.97444,0.87507,1.083
"hiv.tx.B",18,0.53556,0.44051,0.62885,0.93431,0.84608,1.0254,0.9878,0.88719,1.0985
"hiv.tx.B",19,0.55306,0.4544,0.65274,0.93292,0.84394,1.0198,0.99773,0.89405,1.109
"hiv.tx.B",20,0.56993,0.46989,0.67389,0.93632,0.85107,1.0204,1.0103,0.90422,1.1232
"hiv.tx.B",21,0.58628,0.48237,0.69598,0.941,0.84879,1.0229,1.0189,0.91158,1.1316
"hiv.tx.B",22,0.60569,0.49856,0.71727,0.9429,0.85578,1.0251,1.0185,0.91193,1.1329
"hiv.tx.B",23,0.62565,0.51739,0.74196,0.94677,0.85898,1.0299,1.0139,0.906,1.1305
"hiv.tx.B",24,0.64072,0.52619,0.75857,0.94319,0.85857,1.0281,1.0111,0.90115,1.1294
"hiv.tx.B",25,0.65418,0.53467,0.78292,0.93981,0.85722,1.0236,1.0051,0.89268,1.1239
"hiv.tx.B",26,0.6714,0.54832,0.81001,0.93282,0.85381,1.0174,0.99646,0.88187,1.1175
"hiv.tx.B",27,0.69058,0.56554,0.83739,0.93725,0.86052,1.0204,0.97813,0.86169,1.1005
"hiv.tx.B",28,0.71247,0.57758,0.86549,0.94534,0.87741,1.0309,0.9571,0.83603,1.0828
"hiv.tx.B",29,0.73243,0.59442,0.88177,0.95061,0.88324,1.031,0.9357,0.81255,1.0611
"hiv.tx.B",30,0.74996,0.61364,0.90353,0.96391,0.89785,1.0468,0.91228,0.78483,1.0386
"hiv.tx.B",35,0.80169,0.67039,0.955,1.1037,1.0162,1.2015,0.77935,0.6553,0.90543
"hiv.tx.B",40,0.83133,0.69726,0.98476,1.1369,1.0472,1.2315,0.63808,0.51593,0.76791
"hiv.tx.B",45,0.84362,0.70146,0.99949,1.0296,0.93354,1.1312,0.47717,0.34907,0.59998
"hiv.tx.B",50,0.84506,0.69187,1.0165,0.9736,0.89595,1.0728,0.35884,0.23382,0.47374
"hiv.tx.B",55,0.84163,0.67475,1.0178,0.95352,0.86358,1.046,0.29198,0.16573,0.40034
"hiv.tx.B",60,0.85561,0.68642,1.0222,0.9782,0.90083,1.0624,0.22938,0.10697,0.33677
"hiv.tx.B",65,0.87294,0.71704,1.0385,0.98931,0.90727,1.0832,0.17029,0.039352,0.27783
"hiv.tx.B",70,0.9127,0.76594,1.063,1.0348,0.94169,1.1428,0.12904,-0.0045031,0.23662
"hiv.tx.B",75,0.97025,0.8154,1.1237,1.0523,0.95014,1.1599,0.078301,-0.059165,0.19141
"hiv.tx.B",80,1.0421,0.87419,1.2132,1.0391,0.93409,1.1495,0.042291,-0.096708,0.16794
"hiv.tx.B",85,1.1091,0.92445,1.3117,0.99808,0.89528,1.0951,0.04446,-0.097509,0.17738
"hiv.tx.B",90,1.1256,0.93353,1.3588,1.0153,0.91793,1.1106,0.045644,-0.099075,0.17834
"hiv.tx.B",95,1.1016,0.92137,1.3367,1.0365,0.93646,1.1474,0.052941,-0.091496,0.18758
"hiv.tx.B",100,1.075,0.90825,1.2646,1.117,0.99961,1.2466,0.065524,-0.071306,0.1966
"hiv.tx.B",120,1.2624,1.0456,1.4764,0.9291,0.8432,1.0232,-0.050149,-0.19324,0.094154
"hiv.tx.B",130,1.2615,1.0546,1.4522,0.90459,0.8222,0.98491,-0.061546,-0.20833,0.085867
"hiv.tx.B",140,1.0932,0.92844,1.2542,0.98386,0.89663,1.069,-0.035663,-0.1683,0.11275
"hiv.tx.B",150,0.99004,0.82942,1.1753,0.9559,0.87085,1.0432,-0.011175,-0.15222,0.14608
"hiv.tx.B",160,0.96436,0.78844,1.1612,0.95875,0.86198,1.0615,0.015213,-0.13178,0.15172
"hiv.tx.B",170,0.95303,0.80042,1.1359,0.97418,0.89281,1.0724,0.070194,-0.08311,0.20196
"hiv.tx.B",180,0.87333,0.71542,1.0664,1.0248,0.93657,1.1359,0.10591,-0.029774,0.22669
"hiv.tx.B",190,0.86199,0.71569,1.0381,0.96045,0.86671,1.0503,0.078746,-0.051712,0.20411
"hiv.tx.B",200,0.9084,0.74878,1.0825,1.0339,0.93171,1.1488,0.017592,-0.10576,0.14274
"hiv.tx.B",210,0.92764,0.76222,1.1091,1.0707,0.97429,1.167,-0.032979,-0.15647,0.090491
"hiv.tx.B",220,1.0729,0.85651,1.2749,0.99665,0.90876,1.0927,-0.026883,-0.15935,0.096538
"hiv.tx.B",230,1.1365,0.94573,1.3627,1.1054,1.0059,1.1991,0.0068646,-0.13893,0.14568
"hiv.tx.B",240,1.1592,0.95669,1.3702,1.0072,0.91643,1.0986,0.022055,-0.12774,0.16135
"hiv.tx.B",250,1.071,0.88026,1.279,1.1446,1.0443,1.2423,0.026556,-0.12825,0.15575
"hiv.supp.B",0,0.17768,0.14087,0.22319,1.4645,1.3459,1.5867,0.16506,0.089567,0.23745
"hiv.supp.B",1,0.20164,0.16007,0.25252,1.4283,1.3085,1.5524,0.24516,0.16657,0.3209
"hiv.supp.B",2,0.22601,0.17994,0.28123,1.3669,1.245,1.4839,0.32669,0.24563,0.40615
"hiv.supp.B",3,0.24931,0.20056,0.31197,1.314,1.1907,1.4252,0.40205,0.31923,0.48692
"hiv.supp.B",4,0.27295,0.21838,0.33621,1.269,1.146,1.379,0.46908,0.3853,0.5607
"hiv.supp.B",5,0.29736,0.23859,0.36241,1.2243,1.1083,1.3408,0.53286,0.44611,0.62631
"hiv.supp.B",6,0.31828,0.25714,0.388,1.1984,1.0867,1.3173,0.59212,0.50226,0.68762
"hiv.supp.B",7,0.33586,0.27197,0.40806,1.1841,1.07,1.3058,0.65013,0.55897,0.74559
"hiv.supp.B",8,0.35391,0.28717,0.4276,1.1645,1.0541,1.2799,0.70184,0.60773,0.79733
"hiv.supp.B",9,0.37397,0.30488,0.44792,1.1555,1.0487,1.2665,0.74411,0.64859,0.8398
"hiv.supp.B",10,0.39628,0.32197,0.46976,1.1332,1.0305,1.2425,0.78247,0.68701,0.87742
"hiv.supp.B",11,0.41756,0.33946,0.49289,1.108,1.0142,1.2167,0.81847,0.72379,0.9135
"hiv.supp.B",12,0.43806,0.35762,0.51527,1.0707,0.97723,1.1765,0.85629,0.76336,0.95018
"hiv.supp.B",13,0.45585,0.37515,0.53484,1.03,0.94067,1.1358,0.89469,0.7977,0.99191
"hiv.supp.B",14,0.47337,0.39267,0.55265,0.99568,0.9056,1.1065,0.92464,0.82437,1.0246
"hiv.supp.B",15,0.49019,0.40876,0.57245,0.96687,0.87612,1.0728,0.94732,0.84641,1.0469
"hiv.supp.B",16,0.50712,0.42316,0.5922,0.95097,0.86331,1.0525,0.96181,0.85781,1.0612
"hiv.supp.B",17,0.52339,0.43754,0.613,0.94222,0.85946,1.0462,0.97486,0.86649,1.0769
"hiv.supp.B",18,0.53829,0.44838,0.63236,0.93354,0.85153,1.0316,0.98785,0.8778,1.0924
"hiv.supp.B",19,0.55544,0.46204,0.65411,0.93288,0.85335,1.0276,0.99796,0.88991,1.1043
"hiv.supp.B",20,0.57177,0.47404,0.67325,0.93591,0.86116,1.0308,1.0105,0.90082,1.1152
"hiv.supp.B",21,0.58787,0.48901,0.69384,0.94043,0.86523,1.0342,1.0187,0.90729,1.1238
"hiv.supp.B",22,0.60671,0.50235,0.71613,0.94272,0.86533,1.0384,1.0185,0.90793,1.1248
"hiv.supp.B",23,0.62709,0.51657,0.74085,0.94776,0.86754,1.0431,1.014,0.89963,1.1218
"hiv.supp.B",24,0.64263,0.53135,0.76008,0.94327,0.86341,1.0314,1.0111,0.8941,1.1195
"hiv.supp.B",25,0.65547,0.54116,0.77739,0.94082,0.86139,1.0299,1.005,0.88759,1.1102
"hiv.supp.B",26,0.67199,0.55595,0.79978,0.93398,0.85386,1.0177,0.99628,0.88074,1.1029
"hiv.supp.B",27,0.69117,0.57407,0.82128,0.93706,0.85775,1.0179,0.9779,0.8594,1.087
"hiv.supp.B",28,0.71271,0.59344,0.85378,0.94449,0.86435,1.021,0.95677,0.83765,1.0668
"hiv.supp.B",29,0.73286,0.61077,0.87378,0.94988,0.8715,1.0265,0.93519,0.81522,1.0492
"hiv.supp.B",30,0.75039,0.62298,0.89871,0.96294,0.88264,1.0412,0.91179,0.79553,1.0275
"hiv.supp.B",35,0.8017,0.66722,0.95262,1.1046,1.0064,1.2032,0.77856,0.66188,0.88982
"hiv.supp.B",40,0.83188,0.69302,0.98265,1.138,1.0469,1.2389,0.63728,0.51983,0.75007
"hiv.supp.B",45,0.8436,0.69839,0.99661,1.0333,0.94508,1.1309,0.47641,0.35342,0.59814
"hiv.supp.B",50,0.84515,0.69848,1.0135,0.97547,0.88796,1.0652,0.35761,0.24164,0.47823
"hiv.supp.B",55,0.84172,0.69096,0.99168,0.95604,0.86839,1.0475,0.29091,0.16758,0.42602
"hiv.supp.B",60,0.85608,0.70952,1.0236,0.97823,0.89671,1.074,0.2285,0.098236,0.36723
"hiv.supp.B",65,0.87239,0.71813,1.0372,0.98894,0.90637,1.0888,0.16923,0.046041,0.31585
"hiv.supp.B",70,0.9118,0.75571,1.07,1.0369,0.94853,1.1396,0.12839,0.0069698,0.27692
"hiv.supp.B",75,0.96872,0.80335,1.1399,1.0516,0.94634,1.1551,0.077473,-0.049375,0.22098
"hiv.supp.B",80,1.041,0.86842,1.2132,1.0408,0.93962,1.1478,0.041305,-0.084552,0.18384
"hiv.supp.B",85,1.1089,0.91365,1.2887,1.003,0.90994,1.0996,0.043145,-0.087646,0.17814
"hiv.supp.B",90,1.1257,0.9321,1.3199,1.0187,0.93216,1.1029,0.044787,-0.096595,0.18241
"hiv.supp.B",95,1.1041,0.9203,1.2934,1.0365,0.94098,1.1439,0.052055,-0.089841,0.18748
"hiv.supp.B",100,1.0753,0.90143,1.2362,1.1174,0.99304,1.2543,0.065378,-0.075974,0.20039
"hiv.supp.B",120,1.2607,1.0694,1.4736,0.92664,0.84411,1.0066,-0.050208,-0.20035,0.087546
"hiv.supp.B",130,1.2601,1.0792,1.4517,0.90331,0.82388,0.9891,-0.061985,-0.20998,0.082712
"hiv.supp.B",140,1.0915,0.92542,1.268,0.98315,0.89737,1.07,-0.03521,-0.17804,0.1153
"hiv.supp.B",150,0.98695,0.8267,1.1502,0.95963,0.87655,1.0485,-0.010615,-0.14754,0.13613
"hiv.supp.B",160,0.96291,0.80651,1.127,0.95852,0.86374,1.0671,0.014993,-0.12188,0.14642
"hiv.supp.B",170,0.95214,0.78963,1.1478,0.97443,0.87922,1.0742,0.069386,-0.069431,0.19945
"hiv.supp.B",180,0.87286,0.72993,1.0567,1.0237,0.93446,1.1183,0.10585,-0.031005,0.23703
"hiv.supp.B",190,0.862,0.69956,1.024,0.9609,0.86301,1.0539,0.078273,-0.044389,0.21207
"hiv.supp.B",200,0.90901,0.73614,1.0786,1.0366,0.93699,1.1525,0.017019,-0.10539,0.15858
"hiv.supp.B",210,0.92793,0.73537,1.1193,1.0701,0.96747,1.1712,-0.033597,-0.1624,0.11108
"hiv.supp.B",220,1.0736,0.8814,1.2802,0.99357,0.91059,1.0901,-0.027722,-0.16077,0.10108
"hiv.supp.B",230,1.1374,0.92739,1.3599,1.1035,1.0005,1.2047,0.0067774,-0.12666,0.13547
"hiv.supp.B",240,1.158,0.96651,1.3705,1.0095,0.91983,1.1058,0.021386,-0.11199,0.14901
"hiv.supp.B",250,1.0716,0.87542,1.2737,1.1433,1.0545,1.2482,0.025944,-0.097855,0.15309
"prep.B",0,0.25297,0.21095,0.29785,1.1342,1.0753,1.1988,0.064321,-0.02079,0.13956
"prep.B",1,0.28067,0.23222,0.3305,1.1428,1.0887,1.2012,0.0044831,-0.081802,0.081057
"prep.B",2,0.30554,0.25401,0.35849,1.1361,1.08,1.1947,-0.063097,-0.14771,0.014327
"prep.B",3,0.33811,0.27979,0.40059,1.1091,1.0544,1.1609,-0.12657,-0.21129,-0.048381
"prep.B",4,0.36044,0.2997,0.42956,1.0814,1.0292,1.1334,-0.19243,-0.28182,-0.10887
"prep.B",5,0.38263,0.31957,0.45881,1.0682,1.0167,1.116,-0.25882,-0.34659,-0.17246
"prep.B",6,0.40669,0.33927,0.48381,1.0583,1.0062,1.1081,-0.31059,-0.40202,-0.22482
"prep.B",7,0.42588,0.35713,0.50343,1.0445,0.99247,1.0989,-0.35756,-0.44901,-0.27033
"prep.B",8,0.44016,0.37028,0.52312,1.0454,0.99157,1.0986,-0.41205,-0.50287,-0.3252
"prep.B",9,0.46081,0.38736,0.54343,1.0333,0.98322,1.0832,-0.45774,-0.54891,-0.36858
"prep.B",10,0.48353,0.40671,0.57112,1.0179,0.96619,1.0695,-0.50612,-0.59937,-0.41441
"prep.B",11,0.49445,0.4159,0.58458,1.0028,0.95307,1.0572,-0.55298,-0.64729,-0.46261
"prep.B",12,0.51125,0.42523,0.60636,0.99154,0.94246,1.0456,-0.58845,-0.6848,-0.49428
"prep.B",13,0.52635,0.4425,0.62067,0.98441,0.93713,1.0392,-0.6206,-0.71853,-0.52437
"prep.B",14,0.53808,0.45006,0.63108,0.99554,0.94891,1.0478,-0.64298,-0.74276,-0.54609
"prep.B",15,0.53933,0.44949,0.62826,1.0042,0.95453,1.0565,-0.65964,-0.75832,-0.56103
"prep.B",16,0.5482,0.45247,0.63699,1.0123,0.96048,1.066,-0.68418,-0.7833,-0.5835
"prep.B",17,0.55686,0.4586,0.65254,1.0151,0.95902,1.0716,-0.71005,-0.81207,-0.60554
"prep.B",18,0.56647,0.4672,0.66877,1.0347,0.97699,1.0925,-0.73616,-0.83978,-0.62788
"prep.B",19,0.58334,0.47967,0.69864,1.039,0.98204,1.0957,-0.75512,-0.86247,-0.64653
"prep.B",20,0.59959,0.48722,0.71605,1.0212,0.96507,1.076,-0.77013,-0.87471,-0.65933
"prep.B",21,0.6165,0.50262,0.73367,1.0221,0.9623,1.0768,-0.78737,-0.89367,-0.67559
"prep.B",22,0.62593,0.51093,0.74942,1.0181,0.96116,1.0718,-0.79365,-0.89997,-0.67722
"prep.B",23,0.64276,0.52765,0.77626,1.0079,0.95228,1.0629,-0.796,-0.90892,-0.677
"prep.B",24,0.65841,0.54334,0.79014,1.015,0.95901,1.0691,-0.79199,-0.90547,-0.67189
"prep.B",25,0.67433,0.55889,0.80322,1.0164,0.9612,1.071,-0.78544,-0.89758,-0.66284
"prep.B",26,0.68814,0.56847,0.82349,1.0092,0.95544,1.0609,-0.78521,-0.89857,-0.66314
"prep.B",27,0.71548,0.5897,0.8561,1.0147,0.96245,1.0671,-0.78381,-0.89845,-0.6655
"prep.B",28,0.74078,0.61127,0.88312,1.0075,0.95596,1.0607,-0.7713,-0.88893,-0.65453
"prep.B",29,0.76004,0.62847,0.91213,0.9918,0.94523,1.0425,-0.76542,-0.88614,-0.64845
"prep.B",30,0.77397,0.63801,0.91988,0.98688,0.94074,1.0357,-0.75095,-0.87431,-0.63292
"prep.B",35,0.81892,0.67226,0.97333,0.97516,0.93255,1.0192,-0.69069,-0.82256,-0.569
"prep.B",40,0.8015,0.65732,0.95282,0.98669,0.94433,1.0347,-0.55042,-0.67089,-0.4244
"prep.B",45,0.80824,0.6763,0.95485,0.9874,0.94227,1.0378,-0.46652,-0.57349,-0.3428
"prep.B",50,0.84795,0.70655,1.0095,0.98778,0.94143,1.0406,-0.36724,-0.47369,-0.24115
"prep.B",55,0.90431,0.74079,1.0915,1.0054,0.95638,1.0541,-0.26256,-0.36742,-0.13585
"prep.B",60,0.95526,0.79203,1.1651,0.9906,0.93959,1.0429,-0.20782,-0.31824,-0.080041
"prep.B",65,1.0181,0.83493,1.2343,0.9746,0.92305,1.0285,-0.12256,-0.24962,0.0093646
"prep.B",70,1.0198,0.83121,1.2326,0.97352,0.92718,1.019,-0.0888,-0.20773,0.048771
"prep.B",75,1.041,0.83272,1.2492,0.97191,0.92805,1.0141,-0.057161,-0.1782,0.076881
"prep.B",80,1.0264,0.81299,1.2737,0.9886,0.93888,1.0357,-0.041244,-0.16876,0.10281
"prep.B",85,1.0235,0.8142,1.2582,0.99429,0.95502,1.0372,-0.054065,-0.17814,0.083755
"prep.B",90,0.9795,0.79838,1.2016,0.99104,0.94236,1.0361,-0.047239,-0.17202,0.08627
"prep.B",95,0.94565,0.78445,1.1187,0.98829,0.94103,1.0382,-0.072558,-0.19464,0.048423
"prep.B",100,0.90476,0.75612,1.0479,1.01,0.9601,1.0613,-0.066196,-0.18496,0.054021
"prep.B",120,1.1473,0.95866,1.3465,1.0155,0.95909,1.0706,0.076901,-0.064103,0.20576
"prep.B",130,1.237,1.0269,1.4751,1.0368,0.9869,1.0891,0.14599,-0.0033775,0.2789
"prep.B",140,1.181,1.0011,1.3954,1.0135,0.96327,1.0663,0.20708,0.070447,0.34736
"prep.B",150,1.0798,0.91356,1.2504,0.97798,0.93173,1.0238,0.16424,0.030406,0.30884
"prep.B",160,1.0302,0.83402,1.2294,0.97409,0.92702,1.0273,0.038433,-0.09649,0.18851
"prep.B",170,1.0608,0.85467,1.2733,1.0052,0.95314,1.0658,-0.055184,-0.18498,0.088058
"prep.B",180,0.99278,0.842,1.1644,1.0584,1.0054,1.1177,-0.067318,-0.20002,0.061772
"prep.B",190,0.88906,0.74472,1.0574,1.0449,0.99136,1.104,-0.058886,-0.18214,0.070824
"prep.B",200,0.89003,0.73114,1.0578,1.0114,0.95679,1.069,-0.029614,-0.15731,0.097009
"prep.B",210,0.86572,0.69947,1.0608,1.0118,0.95245,1.0681,-0.020795,-0.14396,0.10385
"prep.B",220,0.90432,0.7549,1.078,0.98647,0.93603,1.0315,-0.0081802,-0.13681,0.12187
"prep.B",230,1.0595,0.88759,1.2382,0.97398,0.92737,1.0296,0.026284,-0.097774,0.16166
"prep.B",240,1.1152,0.94307,1.2984,0.97391,0.92439,1.0288,0.029348,-0.090451,0.15648
"prep.B",250,1.0341,0.86146,1.2061,0.97953,0.92438,1.0415,-0.00021714,-0.12691,0.12533
"prep.indic.B",0,0.16625,0.13854,0.19818,1.5218,1.402,1.6323,0.27295,0.2037,0.34796
"prep.indic.B",1,0.18953,0.15814,0.22557,1.5337,1.4118,1.6514,0.19553,0.12367,0.27233
"prep.indic.B",2,0.21425,0.18008,0.25517,1.5227,1.3972,1.6432,0.1225,0.047573,0.1999
"prep.indic.B",3,0.24072,0.20279,0.2874,1.4547,1.3365,1.5683,0.042689,-0.038511,0.12154
"prep.indic.B",4,0.26783,0.22685,0.31994,1.3879,1.2776,1.5025,-0.037628,-0.12356,0.044915
"prep.indic.B",5,0.29349,0.25067,0.34806,1.3552,1.2508,1.4692,-0.10843,-0.19601,-0.022298
"prep.indic.B",6,0.31994,0.27442,0.37741,1.3297,1.2279,1.4354,-0.17703,-0.26793,-0.087086
"prep.indic.B",7,0.34439,0.29676,0.40393,1.2897,1.1938,1.392,-0.24232,-0.33525,-0.15093
"prep.indic.B",8,0.36855,0.31889,0.43019,1.2303,1.1389,1.3241,-0.31099,-0.40718,-0.2197
"prep.indic.B",9,0.38875,0.33688,0.45242,1.1505,1.0611,1.2407,-0.3787,-0.47724,-0.28707
"prep.indic.B",10,0.40977,0.35441,0.47494,1.0827,0.99696,1.1749,-0.43486,-0.5361,-0.33981
"prep.indic.B",11,0.42821,0.37259,0.49701,1.027,0.94402,1.1185,-0.48184,-0.58448,-0.38588
"prep.indic.B",12,0.44678,0.38819,0.52018,0.98372,0.90346,1.0673,-0.52677,-0.63024,-0.43038
"prep.indic.B",13,0.46506,0.40518,0.54163,0.94623,0.86848,1.0342,-0.56928,-0.67445,-0.47084
"prep.indic.B",14,0.48259,0.42046,0.56321,0.93546,0.86278,1.0185,-0.60787,-0.7165,-0.50893
"prep.indic.B",15,0.49735,0.43073,0.5816,0.94986,0.87721,1.0284,-0.6402,-0.75187,-0.53973
"prep.indic.B",16,0.51552,0.44428,0.60244,0.96214,0.88731,1.0431,-0.67037,-0.78111,-0.56826
"prep.indic.B",17,0.52851,0.45253,0.6208,0.98098,0.89943,1.0734,-0.69597,-0.80746,-0.59192
"prep.indic.B",18,0.54643,0.46743,0.64428,0.98743,0.90503,1.0866,-0.7213,-0.83164,-0.61741
"prep.indic.B",19,0.56432,0.47784,0.66858,0.98982,0.90837,1.0897,-0.74193,-0.84917,-0.63872
"prep.indic.B",20,0.58644,0.49816,0.69257,0.98415,0.90069,1.0783,-0.75759,-0.86202,-0.65325
"prep.indic.B",21,0.60576,0.51162,0.71585,0.98144,0.89814,1.0738,-0.773,-0.87612,-0.6652
"prep.indic.B",22,0.62578,0.52394,0.7419,0.97483,0.896,1.0614,-0.78828,-0.89546,-0.67843
"prep.indic.B",23,0.64396,0.53469,0.76626,0.96781,0.88928,1.0473,-0.79964,-0.90874,-0.68886
"prep.indic.B",24,0.65943,0.54603,0.7793,0.9593,0.88131,1.0333,-0.80409,-0.91107,-0.69201
"prep.indic.B",25,0.67721,0.55878,0.79366,0.95579,0.87527,1.0276,-0.80214,-0.91367,-0.68775
"prep.indic.B",26,0.69487,0.57545,0.81276,0.94593,0.86485,1.0211,-0.79679,-0.91276,-0.68367
"prep.indic.B",27,0.71436,0.58917,0.83413,0.93048,0.85258,1.0019,-0.79421,-0.91075,-0.67923
"prep.indic.B",28,0.7355,0.60447,0.86016,0.92579,0.85094,1.0004,-0.78459,-0.90061,-0.66647
"prep.indic.B",29,0.75565,0.62163,0.88644,0.9216,0.84413,0.99617,-0.77414,-0.88909,-0.6548
"prep.indic.B",30,0.77532,0.63843,0.90751,0.92244,0.84162,1.0037,-0.76745,-0.88445,-0.64961
"prep.indic.B",35,0.82682,0.67769,0.97756,0.98449,0.89057,1.0778,-0.70551,-0.82411,-0.57965
"prep.indic.B",40,0.86389,0.70625,1.0166,0.97735,0.88188,1.0708,-0.60502,-0.72601,-0.46946
"prep.indic.B",45,0.90273,0.7441,1.0459,0.96517,0.88496,1.0498,-0.49059,-0.61914,-0.35268
"prep.indic.B",50,0.90642,0.75488,1.0414,0.95931,0.88246,1.0401,-0.38228,-0.51276,-0.24961
"prep.indic.B",55,0.92302,0.76426,1.0786,0.97769,0.89833,1.059,-0.28641,-0.42004,-0.15704
"prep.indic.B",60,0.93355,0.76367,1.1064,0.97603,0.89699,1.0634,-0.21671,-0.35185,-0.092396
"prep.indic.B",65,0.95822,0.78306,1.1241,0.98091,0.89596,1.0575,-0.16023,-0.29508,-0.030345
"prep.indic.B",70,1.0021,0.81211,1.1729,0.97309,0.88902,1.0606,-0.12077,-0.25372,0.015555
"prep.indic.B",75,1.0374,0.83903,1.2196,0.93289,0.8547,1.0099,-0.077978,-0.20888,0.067151
"prep.indic.B",80,1.0185,0.83373,1.2145,0.95536,0.86656,1.0543,-0.036948,-0.1601,0.10243
"prep.indic.B",85,0.99237,0.81319,1.1933,0.9799,0.90086,1.0631,-0.026138,-0.15526,0.10513
"prep.indic.B",90,0.97477,0.80603,1.1317,0.96871,0.89851,1.0474,-0.029509,-0.15832,0.10805
"prep.indic.B",95,0.92559,0.75682,1.0707,1.0022,0.93126,1.0783,-0.03935,-0.16228,0.097368
"prep.indic.B",100,0.89314,0.73093,1.0555,1.0594,0.9792,1.1502,-0.046695,-0.16185,0.087736
"prep.indic.B",120,1.1755,0.97975,1.3747,0.95706,0.88562,1.0324,0.076733,-0.060428,0.20923
"prep.indic.B",130,1.2568,1.0443,1.4802,0.97699,0.89726,1.0592,0.12601,-0.023131,0.2675
"prep.indic.B",140,1.14,0.93466,1.357,0.96194,0.87968,1.0471,0.16616,0.028986,0.30106
"prep.indic.B",150,1.0473,0.86444,1.2215,0.92283,0.85022,1.0077,0.166,0.031889,0.29463
"prep.indic.B",160,1.0462,0.84421,1.2394,1.0081,0.91978,1.1072,0.10263,-0.028223,0.24199
"prep.indic.B",170,1.0615,0.84324,1.276,0.96654,0.88919,1.0566,-0.0027888,-0.12411,0.12225
"prep.indic.B",180,0.9483,0.74639,1.1203,0.98275,0.90665,1.0658,-0.058142,-0.16871,0.05044
"prep.indic.B",190,0.86804,0.71832,1.0335,1.0232,0.92897,1.1233,-0.062403,-0.17582,0.0468
"prep.indic.B",200,0.9149,0.74897,1.0931,1.0082,0.9231,1.1082,-0.042189,-0.17332,0.077787
"prep.indic.B",210,0.92407,0.72629,1.1241,0.96165,0.87096,1.0512,-0.0032985,-0.12908,0.12295
"prep.indic.B",220,0.92925,0.74289,1.1189,0.94889,0.87183,1.0273,0.01611,-0.098048,0.14616
"prep.indic.B",230,1.0046,0.82925,1.1942,0.95602,0.87621,1.0366,0.034834,-0.090333,0.17131
"prep.indic.B",240,1.066,0.88994,1.2628,0.96397,0.89081,1.0505,0.038519,-0.08951,0.17117
"prep.indic.B",250,1.0211,0.85753,1.1815,1.0284,0.93656,1.1173,0.0089454,-0.12486,0.12784
"num.H",0,0.16956,0.14208,0.19309,2.3533,2.1434,2.5698,-1.7834,-1.88,-1.6759
"num.H",1,0.19344,0.16204,0.2203,2.4486,2.2335,2.6784,-1.7197,-1.8189,-1.6115
"num.H",2,0.21649,0.18042,0.2476,2.3365,2.1341,2.5628,-1.6538,-1.7526,-1.5439
"num.H",3,0.23915,0.19982,0.2749,2.138,1.9521,2.3438,-1.5823,-1.6803,-1.4721
"num.H",4,0.26098,0.21817,0.3014,2.0133,1.8334,2.2128,-1.5105,-1.6094,-1.4023
"num.H",5,0.28261,0.23753,0.32726,1.8492,1.6672,2.0382,-1.4381,-1.5379,-1.331
"num.H",6,0.30561,0.25786,0.35473,1.6692,1.4986,1.8434,-1.3627,-1.4652,-1.256
"num.H",7,0.32985,0.27801,0.38342,1.5092,1.3526,1.6683,-1.2995,-1.4042,-1.192
"num.H",8,0.35517,0.29732,0.4119,1.297,1.1695,1.4375,-1.2385,-1.3446,-1.1301
"num.H",9,0.38002,0.31806,0.44079,1.0797,0.97422,1.1967,-1.18,-1.2863,-1.0708
"num.H",10,0.4034,0.33848,0.46806,0.92805,0.83672,1.0268,-1.1301,-1.2372,-1.0199
"num.H",11,0.4257,0.35559,0.49383,0.85234,0.76947,0.94491,-1.0907,-1.1984,-0.97978
"num.H",12,0.44704,0.37421,0.51886,0.82861,0.74497,0.92067,-1.054,-1.1608,-0.94193
"num.H",13,0.46766,0.39348,0.54196,0.84585,0.76351,0.9336,-1.0178,-1.1253,-0.90631
"num.H",14,0.48893,0.4123,0.56642,0.9038,0.81591,0.99322,-0.97414,-1.0844,-0.8622
"num.H",15,0.50924,0.43195,0.589,0.89863,0.8128,0.98927,-0.94066,-1.0521,-0.82587
"num.H",16,0.53081,0.44884,0.61462,0.85002,0.77088,0.93776,-0.90322,-1.016,-0.78936
"num.H",17,0.55108,0.46427,0.63866,0.85784,0.77507,0.94711,-0.87205,-0.98631,-0.75599
"num.H",18,0.57099,0.47678,0.66492,0.88005,0.79034,0.9711,-0.84081,-0.95614,-0.72508
"num.H",19,0.59151,0.49259,0.69145,0.86471,0.77449,0.95953,-0.8109,-0.92618,-0.69517
"num.H",20,0.61154,0.51015,0.71687,0.85422,0.76695,0.94831,-0.7869,-0.90243,-0.67111
"num.H",21,0.63136,0.52871,0.74198,0.84535,0.76137,0.93949,-0.76744,-0.88402,-0.6501
"num.H",22,0.65076,0.54271,0.76501,0.80848,0.72869,0.89722,-0.73746,-0.85518,-0.61954
"num.H",23,0.66945,0.55735,0.78701,0.78042,0.70763,0.86622,-0.70694,-0.82549,-0.58647
"num.H",24,0.6878,0.57316,0.80727,0.78124,0.70176,0.87013,-0.68186,-0.80183,-0.55926
"num.H",25,0.70614,0.5886,0.82875,0.81926,0.73705,0.91351,-0.64892,-0.76833,-0.52469
"num.H",26,0.72232,0.60245,0.84703,0.87373,0.78925,0.9729,-0.61774,-0.73722,-0.49113
"num.H",27,0.73785,0.61457,0.87053,0.88453,0.79368,0.98288,-0.58784,-0.70749,-0.46007
"num.H",28,0.75273,0.627,0.88895,0.86441,0.77506,0.95932,-0.55974,-0.68033,-0.43125
"num.H",29,0.76631,0.63736,0.90658,0.85295,0.76477,0.94464,-0.52586,-0.64923,-0.39451
"num.H",30,0.7819,0.6491,0.92182,0.85574,0.7633,0.94606,-0.48811,-0.61401,-0.35574
"num.H",35,0.84877,0.71043,1.0122,0.97108,0.86135,1.1051,-0.33661,-0.4729,-0.20165
"num.H",40,0.89243,0.73934,1.0655,0.98812,0.86523,1.1242,-0.21938,-0.35545,-0.090912
"num.H",45,0.91326,0.75432,1.1047,0.94925,0.83151,1.0693,-0.12515,-0.25715,0.0014972
"num.H",50,0.92466,0.75342,1.1312,0.9406,0.83918,1.0521,-0.085767,-0.21683,0.036782
"num.H",55,0.91708,0.75586,1.0974,0.96174,0.8453,1.1039,-0.090366,-0.22029,0.029331
"num.H",60,0.90796,0.74832,1.0872,0.98461,0.86642,1.1005,-0.081732,-0.21237,0.034758
"num.H",65,0.8993,0.74484,1.0693,1.0036,0.8911,1.1097,-0.05872,-0.18294,0.062818
"num.H",70,0.90517,0.75646,1.0718,1.0058,0.88681,1.1249,-0.03509,-0.15493,0.084936
"num.H",75,0.93994,0.79425,1.1151,0.9773,0.87524,1.0914,-0.010301,-0.12978,0.11509
"num.H",80,0.97772,0.81724,1.167,0.96236,0.86216,1.084,0.011445,-0.11011,0.14362
"num.H",85,0.99017,0.81342,1.1883,0.96458,0.86979,1.0733,0.017419,-0.11083,0.1493
"num.H",90,0.98668,0.7995,1.1844,0.96644,0.8544,1.084,0.024462,-0.10507,0.15305
"num.H",95,0.99755,0.81186,1.1977,1.0031,0.89097,1.1303,0.029694,-0.10082,0.14966
"num.H",100,1.0171,0.84049,1.2048,0.96092,0.87221,1.0662,0.022634,-0.11548,0.14734
"num.H",120,0.98811,0.82558,1.1471,1.0308,0.89522,1.1615,0.013067,-0.13983,0.13398
"num.H",130,1.0255,0.84382,1.2016,0.94325,0.84533,1.0546,0.015054,-0.12624,0.13589
"num.H",140,1.0387,0.87347,1.2253,0.96998,0.87085,1.0942,0.038184,-0.10028,0.17089
"num.H",150,1.039,0.86732,1.2197,1.1017,0.9743,1.2268,0.050184,-0.093218,0.18595
"num.H",160,1.0499,0.87168,1.2292,1.0463,0.90103,1.2088,0.021088,-0.12106,0.16129
"num.H",170,1.0292,0.84357,1.2197,1.0601,0.92829,1.213,0.0079148,-0.12481,0.14329
"num.H",180,1.0032,0.81594,1.1991,0.98483,0.87386,1.0992,0.021685,-0.11629,0.1665
"num.H",190,0.98144,0.81018,1.184,0.9909,0.88313,1.1149,-0.0019046,-0.14845,0.13752
"num.H",200,1.0001,0.82279,1.1796,1.0085,0.90874,1.115,-0.013267,-0.15223,0.12914
"num.H",210,1.0273,0.83498,1.2108,0.9541,0.86553,1.0618,0.048874,-0.077289,0.19238
"num.H",220,1.0093,0.81928,1.1916,1.0008,0.88821,1.1229,0.10238,-0.045065,0.24446
"num.H",230,1.0094,0.82031,1.2132,0.95558,0.83427,1.075,0.082908,-0.062915,0.22088
"num.H",240,1.0258,0.85688,1.2086,0.94495,0.84862,1.0596,0.054163,-0.090316,0.18803
"num.H",250,0.99832,0.84042,1.1628,1.1208,0.99508,1.2701,0.044464,-0.094615,0.17177
"hiv.inf.H",0,0.23545,0.1958,0.28159,2.0552,1.8738,2.2491,-0.16034,-0.24635,-0.082503
"hiv.inf.H",1,0.26484,0.22043,0.31613,1.842,1.6777,2.021,-0.085228,-0.17311,-0.0042797
"hiv.inf.H",2,0.29289,0.24252,0.34865,1.6339,1.4885,1.7881,-0.028368,-0.11717,0.05505
"hiv.inf.H",3,0.32033,0.2658,0.38106,1.4522,1.3239,1.5892,0.021039,-0.069388,0.10531
"hiv.inf.H",4,0.3491,0.28752,0.41768,1.3202,1.2076,1.4459,0.063584,-0.028567,0.15029
"hiv.inf.H",5,0.37785,0.30991,0.45244,1.2206,1.1236,1.3349,0.099705,0.0064704,0.1884
"hiv.inf.H",6,0.40608,0.3314,0.48625,1.1121,1.027,1.217,0.13738,0.044485,0.22851
"hiv.inf.H",7,0.43519,0.35716,0.51897,1.059,0.97332,1.1648,0.16121,0.067625,0.25353
"hiv.inf.H",8,0.46546,0.38369,0.55197,1.0022,0.91283,1.1123,0.18823,0.09333,0.2832
"hiv.inf.H",9,0.49528,0.40777,0.58626,0.98136,0.88255,1.0972,0.20591,0.10892,0.30321
"hiv.inf.H",10,0.52478,0.42947,0.61911,0.97423,0.86786,1.0875,0.21665,0.11355,0.31546
"hiv.inf.H",11,0.55375,0.45252,0.6504,0.98549,0.8754,1.0973,0.2157,0.11127,0.31701
"hiv.inf.H",12,0.58132,0.47366,0.68213,0.99218,0.88906,1.0996,0.21033,0.10498,0.31086
"hiv.inf.H",13,0.60961,0.49486,0.71524,0.98874,0.88696,1.0835,0.2043,0.098098,0.30283
"hiv.inf.H",14,0.63783,0.52142,0.74929,0.97244,0.87663,1.057,0.19788,0.091289,0.29862
"hiv.inf.H",15,0.66583,0.54493,0.78267,0.91085,0.82532,0.98929,0.17468,0.064562,0.27449
"hiv.inf.H",16,0.69629,0.57292,0.82055,0.87505,0.79326,0.95217,0.15448,0.039988,0.254
"hiv.inf.H",17,0.72514,0.59858,0.85993,0.84081,0.76009,0.91711,0.13937,0.020691,0.23999
"hiv.inf.H",18,0.75133,0.624,0.89091,0.82218,0.74434,0.89956,0.12885,0.0086382,0.2317
"hiv.inf.H",19,0.7724,0.63904,0.92033,0.82135,0.74599,0.90096,0.11864,-0.0052607,0.22446
"hiv.inf.H",20,0.78918,0.64909,0.9418,0.83055,0.75526,0.91532,0.10682,-0.020233,0.21509
"hiv.inf.H",21,0.801,0.66001,0.95566,0.8509,0.77147,0.93954,0.095971,-0.031946,0.20651
"hiv.inf.H",22,0.80841,0.66389,0.96349,0.86843,0.78988,0.9635,0.098582,-0.031153,0.20934
"hiv.inf.H",23,0.81482,0.67417,0.96457,0.88065,0.7966,0.97714,0.10673,-0.025473,0.21938
"hiv.inf.H",24,0.81946,0.67944,0.97376,0.89505,0.80937,0.99505,0.1126,-0.022266,0.22434
"hiv.inf.H",25,0.82341,0.68245,0.97568,0.90264,0.81466,1.004,0.1226,-0.013626,0.2361
"hiv.inf.H",26,0.82844,0.68654,0.98196,0.91043,0.82186,1.0183,0.13139,-0.0023251,0.24648
"hiv.inf.H",27,0.82808,0.68652,0.98198,0.9232,0.83414,1.0336,0.13912,0.0062195,0.2536
"hiv.inf.H",28,0.82269,0.67983,0.96748,0.9435,0.85374,1.0558,0.13899,0.0046071,0.25173
"hiv.inf.H",29,0.81795,0.67122,0.95682,0.95522,0.86042,1.0647,0.14412,0.0094337,0.25459
"hiv.inf.H",30,0.81366,0.66946,0.94685,0.97036,0.87397,1.0836,0.15512,0.018705,0.2647
"hiv.inf.H",35,0.79377,0.65527,0.92623,1.013,0.89644,1.1368,0.15337,0.013836,0.25674
"hiv.inf.H",40,0.82601,0.69849,0.95189,1.0546,0.91799,1.1833,0.17937,0.040391,0.28748
"hiv.inf.H",45,0.89947,0.76573,1.0387,1.0389,0.92016,1.1486,0.19581,0.057914,0.32039
"hiv.inf.H",50,0.9631,0.81752,1.1272,1.0173,0.91993,1.1244,0.18035,0.045861,0.31657
"hiv.inf.H",55,0.99822,0.84851,1.1579,1.013,0.90817,1.137,0.12545,-0.0098142,0.26535
"hiv.inf.H",60,0.99439,0.85309,1.1484,1.0136,0.90043,1.1373,0.07294,-0.063601,0.2142
"hiv.inf.H",65,0.99065,0.84281,1.148,0.97281,0.8704,1.0771,0.035199,-0.096119,0.1647
"hiv.inf.H",70,1.021,0.86162,1.1942,0.92607,0.8236,1.0355,-0.0030821,-0.1408,0.12361
"hiv.inf.H",75,1.0364,0.86143,1.2183,0.91553,0.83443,1.0141,-0.034349,-0.17068,0.10397
"hiv.inf.H",80,1.0458,0.86371,1.2447,0.96637,0.86932,1.0884,-0.047554,-0.18388,0.095872
"hiv.inf.H",85,1.0702,0.88131,1.2795,0.9716,0.87412,1.0859,-0.056061,-0.20334,0.083221
"hiv.inf.H",90,1.0812,0.87322,1.2922,0.90866,0.81316,1.0087,-0.034052,-0.1933,0.094862
"hiv.inf.H",95,1.0511,0.86007,1.2561,0.97196,0.85801,1.0844,0.00094775,-0.14769,0.12478
"hiv.inf.H",100,1.0176,0.82705,1.2218,1.0864,0.93727,1.2215,0.019725,-0.1136,0.14162
"hiv.inf.H",120,0.9413,0.75737,1.122,1.0179,0.9087,1.1348,-0.075725,-0.19503,0.044202
"hiv.inf.H",130,0.97871,0.82604,1.1426,0.93625,0.83958,1.0535,-0.064357,-0.18832,0.043435
"hiv.inf.H",140,0.91962,0.76118,1.0726,0.99446,0.89558,1.113,-0.020837,-0.14717,0.089664
"hiv.inf.H",150,0.90063,0.72926,1.0505,0.97569,0.86819,1.0871,0.00049729,-0.11659,0.12428
"hiv.inf.H",160,0.9731,0.79862,1.133,0.97932,0.87103,1.0876,0.026277,-0.1103,0.16241
"hiv.inf.H",170,0.9579,0.78358,1.1528,0.9556,0.85419,1.0669,0.067344,-0.069543,0.19316
"hiv.inf.H",180,0.90274,0.73955,1.0954,0.95709,0.86095,1.0764,0.082503,-0.049515,0.20566
"hiv.inf.H",190,0.91202,0.76652,1.0859,0.95321,0.84102,1.0728,0.078184,-0.042689,0.216
"hiv.inf.H",200,0.8678,0.71371,1.027,0.94735,0.84876,1.0536,0.071183,-0.053599,0.20913
"hiv.inf.H",210,0.86154,0.70066,1.0136,0.90218,0.81712,1.0042,0.055208,-0.069226,0.18653
"hiv.inf.H",220,0.94378,0.77234,1.1084,0.97051,0.85999,1.0744,0.030092,-0.10622,0.15263
"hiv.inf.H",230,1.0543,0.85731,1.2293,0.91171,0.8003,1.0174,-0.0021631,-0.1429,0.13268
"hiv.inf.H",240,1.0551,0.87036,1.2446,0.91863,0.82031,1.0229,0.0099141,-0.12784,0.14068
"hiv.inf.H",250,0.97578,0.81042,1.1338,0.95532,0.84633,1.0719,0.033834,-0.093841,0.15833
"hiv.dx.H",0,0.19157,0.15717,0.22961,2.8078,2.6152,3.045,-0.29015,-0.36303,-0.21634
"hiv.dx.H",1,0.21726,0.17853,0.26027,2.4681,2.2945,2.6884,-0.18512,-0.25968,-0.10832
"hiv.dx.H",2,0.2424,0.19814,0.29109,2.1222,1.9744,2.3059,-0.10016,-0.17749,-0.021156
"hiv.dx.H",3,0.27017,0.22232,0.32411,1.8153,1.6867,1.9726,-0.024391,-0.1047,0.057741
"hiv.dx.H",4,0.29922,0.24699,0.35791,1.5889,1.4777,1.7191,0.040431,-0.043382,0.12469
"hiv.dx.H",5,0.32878,0.26583,0.39352,1.4166,1.3189,1.5322,0.094589,0.0080041,0.18362
"hiv.dx.H",6,0.35884,0.28846,0.42722,1.2362,1.1522,1.331,0.14825,0.057848,0.23982
"hiv.dx.H",7,0.39029,0.31389,0.46467,1.1228,1.0419,1.2107,0.18487,0.091422,0.28057
"hiv.dx.H",8,0.4242,0.34241,0.50654,1.004,0.92593,1.0825,0.22443,0.13074,0.32612
"hiv.dx.H",9,0.45543,0.36778,0.54247,0.9292,0.85079,1.0093,0.25392,0.15781,0.36145
"hiv.dx.H",10,0.48423,0.39316,0.57635,0.88539,0.80171,0.97207,0.27404,0.17661,0.38498
"hiv.dx.H",11,0.51255,0.41664,0.60931,0.89034,0.80534,0.97787,0.27954,0.1826,0.39455
"hiv.dx.H",12,0.53994,0.43873,0.64017,0.9032,0.81614,0.98625,0.27979,0.18385,0.39592
"hiv.dx.H",13,0.56671,0.46311,0.67011,0.91494,0.83312,0.99861,0.27678,0.17914,0.39538
"hiv.dx.H",14,0.59264,0.48563,0.70026,0.91978,0.83758,1.0003,0.27321,0.17162,0.39455
"hiv.dx.H",15,0.61872,0.50926,0.73369,0.88455,0.80664,0.9628,0.25059,0.15024,0.37478
"hiv.dx.H",16,0.64784,0.53489,0.76789,0.8706,0.79104,0.94442,0.22702,0.12715,0.35498
"hiv.dx.H",17,0.67888,0.55777,0.80438,0.84481,0.76833,0.91745,0.2069,0.10705,0.33473
"hiv.dx.H",18,0.71082,0.59011,0.83831,0.82418,0.74511,0.89648,0.19025,0.087507,0.31871
"hiv.dx.H",19,0.73977,0.61528,0.87495,0.82116,0.74168,0.89844,0.17493,0.068681,0.30437
"hiv.dx.H",20,0.7649,0.63324,0.90661,0.81655,0.74259,0.89801,0.15862,0.047759,0.2929
"hiv.dx.H",21,0.78618,0.6549,0.92873,0.81978,0.74532,0.9075,0.14228,0.032467,0.28192
"hiv.dx.H",22,0.80229,0.66718,0.94675,0.83038,0.75321,0.92354,0.1382,0.027917,0.2786
"hiv.dx.H",23,0.8133,0.67022,0.96034,0.84048,0.75797,0.93752,0.14034,0.029053,0.28134
"hiv.dx.H",24,0.82132,0.67192,0.97095,0.85201,0.76418,0.95186,0.14129,0.032081,0.28183
"hiv.dx.H",25,0.82638,0.6732,0.97856,0.865,0.77718,0.96716,0.14901,0.039474,0.28804
"hiv.dx.H",26,0.82903,0.67488,0.98158,0.87883,0.79118,0.9788,0.1574,0.047872,0.29474
"hiv.dx.H",27,0.82828,0.67405,0.97883,0.89175,0.80231,0.98893,0.16726,0.057938,0.30588
"hiv.dx.H",28,0.82409,0.66962,0.97382,0.91052,0.81611,1.0131,0.16777,0.056119,0.30428
"hiv.dx.H",29,0.8201,0.67221,0.96712,0.92865,0.83191,1.0345,0.17256,0.059808,0.30869
"hiv.dx.H",30,0.81663,0.67225,0.95847,0.94969,0.84998,1.0595,0.18359,0.070221,0.32017
"hiv.dx.H",35,0.7739,0.63772,0.8994,1.012,0.89336,1.1296,0.17173,0.053915,0.30416
"hiv.dx.H",40,0.76043,0.6353,0.87429,1.0265,0.91445,1.1436,0.19841,0.085089,0.33816
"hiv.dx.H",45,0.81272,0.68946,0.9432,1.0082,0.91162,1.1291,0.23027,0.11279,0.36436
"hiv.dx.H",50,0.89465,0.76014,1.0497,0.99158,0.89964,1.0975,0.20955,0.093066,0.3352
"hiv.dx.H",55,0.9732,0.81858,1.1504,0.9761,0.87986,1.0915,0.15119,0.030998,0.28252
"hiv.dx.H",60,0.99929,0.84229,1.1653,0.99869,0.88361,1.1249,0.09877,-0.0092602,0.23212
"hiv.dx.H",65,0.98531,0.84768,1.1299,0.9916,0.88669,1.0923,0.058249,-0.049708,0.19231
"hiv.dx.H",70,1.015,0.87306,1.1767,0.92864,0.81986,1.0398,0.018449,-0.10193,0.15882
"hiv.dx.H",75,1.0311,0.89184,1.1795,0.91526,0.81468,1.0294,-0.0037827,-0.13213,0.12826
"hiv.dx.H",80,1.0615,0.89641,1.2255,0.99106,0.88068,1.1202,-0.014324,-0.14291,0.11908
"hiv.dx.H",85,1.1182,0.93013,1.3074,1.0051,0.89557,1.122,-0.029457,-0.161,0.10218
"hiv.dx.H",90,1.1699,0.97329,1.3922,0.90434,0.80384,1.0031,-0.018055,-0.15382,0.10696
"hiv.dx.H",95,1.1469,0.94946,1.3777,0.95611,0.86007,1.0635,0.011077,-0.11215,0.13778
"hiv.dx.H",100,1.0963,0.91261,1.315,1.106,0.98854,1.2301,0.028925,-0.090325,0.15444
"hiv.dx.H",120,0.9132,0.74552,1.0907,1.0571,0.9538,1.173,-0.088563,-0.19931,0.033561
"hiv.dx.H",130,0.92127,0.76655,1.0809,0.92719,0.82125,1.0505,-0.068985,-0.18858,0.054214
"hiv.dx.H",140,0.93814,0.77544,1.1168,0.97796,0.8744,1.0808,-0.015242,-0.1373,0.12762
"hiv.dx.H",150,0.89795,0.74065,1.0487,0.99895,0.88978,1.1203,0.022038,-0.12361,0.1456
"hiv.dx.H",160,0.96772,0.79938,1.1289,0.9285,0.8277,1.0302,0.040933,-0.11587,0.16559
"hiv.dx.H",170,1.0186,0.83153,1.2382,0.9676,0.87089,1.0778,0.060007,-0.08629,0.19485
"hiv.dx.H",180,1.0075,0.7992,1.2131,0.91279,0.81846,1.0155,0.066501,-0.075432,0.20481
"hiv.dx.H",190,0.93637,0.77205,1.1128,0.99249,0.87707,1.0979,0.082074,-0.041944,0.22103
"hiv.dx.H",200,0.90502,0.72848,1.0728,0.93609,0.8367,1.0553,0.099763,-0.020972,0.23074
"hiv.dx.H",210,0.86471,0.68633,1.0307,0.91897,0.83879,1.0119,0.095851,-0.016347,0.22892
"hiv.dx.H",220,0.89674,0.72143,1.0626,0.92013,0.82582,1.0348,0.045403,-0.076249,0.18726
"hiv.dx.H",230,1.0005,0.82557,1.1657,0.93737,0.82118,1.0593,-0.0061746,-0.14432,0.13472
"hiv.dx.H",240,1.062,0.87288,1.2361,0.93655,0.83806,1.0553,0.026223,-0.10628,0.16644
"hiv.dx.H",250,0.9929,0.83533,1.16,0.99211,0.885,1.1098,0.048142,-0.081396,0.18648
"hiv.tx.H",0,0.31103,0.25405,0.36967,1.8624,1.7226,1.9969,-0.32439,-0.41289,-0.24021
"hiv.tx.H",1,0.33732,0.27689,0.4,1.6187,1.4961,1.7416,-0.20605,-0.29582,-0.11918
"hiv.tx.H",2,0.35924,0.29493,0.42317,1.437,1.3301,1.5505,-0.11536,-0.20765,-0.026319
"hiv.tx.H",3,0.38662,0.31921,0.45324,1.2906,1.1948,1.3965,-0.038318,-0.13315,0.053703
"hiv.tx.H",4,0.4168,0.34652,0.48896,1.1852,1.0964,1.2779,0.026863,-0.069793,0.12408
"hiv.tx.H",5,0.4466,0.37301,0.52237,1.1116,1.0301,1.1934,0.079775,-0.019185,0.18088
"hiv.tx.H",6,0.47336,0.39592,0.55372,1.0475,0.97203,1.1272,0.12837,0.025611,0.22975
"hiv.tx.H",7,0.49868,0.41835,0.58968,1.006,0.93188,1.0833,0.16068,0.058533,0.26698
"hiv.tx.H",8,0.51889,0.43601,0.60992,0.97014,0.89531,1.0486,0.193,0.088943,0.3015
"hiv.tx.H",9,0.53368,0.45055,0.6264,0.94507,0.87095,1.0254,0.21826,0.11232,0.3272
"hiv.tx.H",10,0.54299,0.45802,0.63454,0.93621,0.85886,1.019,0.23398,0.12678,0.34267
"hiv.tx.H",11,0.55422,0.46952,0.64846,0.9468,0.86847,1.0292,0.23574,0.12668,0.34469
"hiv.tx.H",12,0.57094,0.48482,0.67149,0.96085,0.88386,1.0447,0.23236,0.12232,0.34151
"hiv.tx.H",13,0.59333,0.50622,0.69505,0.96655,0.88773,1.0509,0.22608,0.11414,0.33528
"hiv.tx.H",14,0.61602,0.52801,0.72108,0.96883,0.89222,1.0452,0.22125,0.10881,0.3325
"hiv.tx.H",15,0.63448,0.54393,0.74555,0.95815,0.88031,1.0399,0.20076,0.08769,0.31396
"hiv.tx.H",16,0.65453,0.55734,0.76868,0.94788,0.87466,1.0317,0.17966,0.066062,0.29643
"hiv.tx.H",17,0.6815,0.58048,0.80123,0.93482,0.86325,1.0209,0.16012,0.046201,0.28233
"hiv.tx.H",18,0.70679,0.60077,0.82827,0.92596,0.85326,1.0134,0.14237,0.024932,0.26717
"hiv.tx.H",19,0.73047,0.618,0.85744,0.93057,0.85747,1.017,0.12718,0.0077444,0.25007
"hiv.tx.H",20,0.7468,0.63437,0.87476,0.92906,0.85783,1.015,0.11427,-0.0046944,0.23967
"hiv.tx.H",21,0.75872,0.64702,0.8834,0.92639,0.85879,1.0078,0.10588,-0.016759,0.23121
"hiv.tx.H",22,0.7651,0.65421,0.89002,0.92413,0.86282,1.0082,0.10728,-0.017918,0.2325
"hiv.tx.H",23,0.76621,0.65081,0.89923,0.9339,0.87382,1.0157,0.11474,-0.0085091,0.23856
"hiv.tx.H",24,0.76474,0.64434,0.90409,0.93953,0.87837,1.0152,0.12207,4.3123e-05,0.24483
"hiv.tx.H",25,0.75765,0.63516,0.89957,0.93512,0.8795,1.0099,0.13609,0.013335,0.25827
"hiv.tx.H",26,0.75299,0.63212,0.89654,0.93211,0.87299,1.0033,0.14947,0.024641,0.27031
"hiv.tx.H",27,0.75012,0.62642,0.88936,0.93815,0.87439,1.0077,0.16249,0.038112,0.28225
"hiv.tx.H",28,0.7465,0.62598,0.88925,0.95274,0.88531,1.0231,0.1667,0.041209,0.28573
"hiv.tx.H",29,0.74688,0.62938,0.89176,0.96486,0.89715,1.0392,0.17349,0.044298,0.29303
"hiv.tx.H",30,0.75183,0.63601,0.89535,0.97959,0.91174,1.0608,0.18382,0.051722,0.30457
"hiv.tx.H",35,0.71418,0.60179,0.8363,1.0203,0.94033,1.1063,0.18214,0.055883,0.29996
"hiv.tx.H",40,0.72007,0.60605,0.85518,1.0082,0.9174,1.1051,0.22094,0.096999,0.34387
"hiv.tx.H",45,0.81837,0.68789,0.95839,0.97676,0.89709,1.0562,0.2447,0.12827,0.37743
"hiv.tx.H",50,0.90979,0.77075,1.069,0.95088,0.87187,1.0306,0.2072,0.079263,0.33764
"hiv.tx.H",55,0.94997,0.8102,1.0967,0.97595,0.89221,1.0695,0.13528,0.011026,0.26631
"hiv.tx.H",60,0.97033,0.81605,1.1125,0.99662,0.90575,1.0876,0.064785,-0.061382,0.19384
"hiv.tx.H",65,0.94774,0.7942,1.0842,0.96584,0.88314,1.0474,0.0085839,-0.12136,0.14585
"hiv.tx.H",70,0.98007,0.82702,1.1185,0.91882,0.84085,1.0006,-0.014699,-0.16017,0.11101
"hiv.tx.H",75,0.96382,0.81724,1.1241,0.94565,0.86439,1.0404,-0.013436,-0.16395,0.11686
"hiv.tx.H",80,1.0404,0.87458,1.2283,0.98093,0.89064,1.0897,0.0016198,-0.14429,0.13762
"hiv.tx.H",85,1.1283,0.94733,1.3204,0.98265,0.90473,1.0705,1.1895e-05,-0.14129,0.13784
"hiv.tx.H",90,1.1523,0.96053,1.3532,0.973,0.90292,1.0469,0.011036,-0.12487,0.14025
"hiv.tx.H",95,1.1123,0.94252,1.2934,1.0201,0.93468,1.1135,0.039821,-0.090404,0.16461
"hiv.tx.H",100,1.0296,0.86148,1.2071,1.0471,0.96003,1.1584,0.044002,-0.083561,0.1615
"hiv.tx.H",120,0.90366,0.72626,1.1086,0.97266,0.88609,1.0666,-0.07375,-0.18724,0.033477
"hiv.tx.H",130,0.93385,0.77851,1.129,0.92046,0.83821,1.0216,-0.05113,-0.1717,0.07373
"hiv.tx.H",140,0.95179,0.77831,1.1525,1.0297,0.94082,1.1293,0.02295,-0.093873,0.14421
"hiv.tx.H",150,0.9352,0.76918,1.0981,0.99518,0.90656,1.0828,0.042466,-0.078653,0.17289
"hiv.tx.H",160,0.94467,0.78982,1.1027,0.93357,0.85473,1.0288,0.032638,-0.10197,0.16157
"hiv.tx.H",170,0.94298,0.76523,1.1617,0.9816,0.88826,1.0751,0.040064,-0.084608,0.17134
"hiv.tx.H",180,1.0257,0.83499,1.2365,0.95954,0.88705,1.0382,0.051154,-0.088289,0.19239
"hiv.tx.H",190,0.98214,0.80195,1.1761,1.0281,0.94649,1.1187,0.061498,-0.080405,0.20323
"hiv.tx.H",200,0.90605,0.76599,1.0746,0.95642,0.88283,1.0316,0.081394,-0.047231,0.21707
"hiv.tx.H",210,0.92038,0.76182,1.0948,0.88131,0.8115,0.94502,0.096971,-0.032372,0.21931
"hiv.tx.H",220,0.89019,0.73069,1.079,0.96494,0.88676,1.0507,0.068384,-0.061332,0.1865
"hiv.tx.H",230,0.98262,0.82269,1.1551,0.96256,0.88597,1.0371,0.0061626,-0.12318,0.11745
"hiv.tx.H",240,1.0691,0.88153,1.2718,0.89503,0.82179,0.9788,0.0077852,-0.12022,0.12777
"hiv.tx.H",250,0.96233,0.79472,1.1511,0.9832,0.89664,1.0779,0.022677,-0.10418,0.15282
"hiv.supp.H",0,0.31202,0.2566,0.37268,1.8856,1.756,2.0205,-0.33573,-0.43088,-0.24891
"hiv.supp.H",1,0.33905,0.27859,0.39789,1.6326,1.5075,1.755,-0.21453,-0.31184,-0.12602
"hiv.supp.H",2,0.36118,0.29685,0.4243,1.4438,1.3327,1.5578,-0.12232,-0.2221,-0.031379
"hiv.supp.H",3,0.38795,0.3193,0.45664,1.2932,1.1955,1.3956,-0.04358,-0.14219,0.048686
"hiv.supp.H",4,0.41841,0.34512,0.48893,1.1858,1.097,1.2803,0.023001,-0.075576,0.11294
"hiv.supp.H",5,0.44802,0.36945,0.52135,1.1097,1.0246,1.1986,0.077738,-0.026883,0.17084
"hiv.supp.H",6,0.47569,0.39467,0.5503,1.0444,0.96488,1.1317,0.12679,0.021282,0.22656
"hiv.supp.H",7,0.50106,0.41747,0.57757,1.0029,0.92767,1.0888,0.15929,0.053024,0.26284
"hiv.supp.H",8,0.52129,0.435,0.60199,0.96707,0.89747,1.0526,0.19149,0.085168,0.29725
"hiv.supp.H",9,0.53609,0.44863,0.61998,0.94338,0.87307,1.0261,0.21625,0.11044,0.32453
"hiv.supp.H",10,0.54609,0.46264,0.63245,0.93438,0.86365,1.0198,0.232,0.12373,0.33969
"hiv.supp.H",11,0.556,0.47144,0.64415,0.94404,0.87363,1.032,0.23381,0.12759,0.34674
"hiv.supp.H",12,0.57166,0.48325,0.65822,0.95848,0.88396,1.0435,0.23073,0.12701,0.3479
"hiv.supp.H",13,0.59438,0.5012,0.68501,0.96415,0.89088,1.0484,0.22417,0.11799,0.34374
"hiv.supp.H",14,0.61701,0.51974,0.71087,0.96576,0.89216,1.0443,0.21864,0.11017,0.3396
"hiv.supp.H",15,0.63515,0.53593,0.72734,0.95656,0.88389,1.0363,0.19845,0.088326,0.3202
"hiv.supp.H",16,0.65522,0.55212,0.75747,0.94622,0.87111,1.0252,0.17774,0.064259,0.30218
"hiv.supp.H",17,0.68111,0.57517,0.78946,0.93404,0.86222,1.0116,0.15851,0.041262,0.28423
"hiv.supp.H",18,0.70667,0.59588,0.82254,0.92439,0.85105,1.01,0.14085,0.0189,0.26665
"hiv.supp.H",19,0.7306,0.61527,0.84766,0.92849,0.85606,1.0157,0.12507,0.00092834,0.249
"hiv.supp.H",20,0.74743,0.6324,0.86803,0.92785,0.85737,1.0125,0.11183,-0.015157,0.23899
"hiv.supp.H",21,0.75948,0.64548,0.88516,0.92578,0.85709,1.0112,0.10342,-0.023257,0.22933
"hiv.supp.H",22,0.76625,0.65079,0.89807,0.92212,0.85784,1.0001,0.10538,-0.022053,0.23371
"hiv.supp.H",23,0.76835,0.65439,0.90009,0.93122,0.86496,1.0064,0.11236,-0.01531,0.24342
"hiv.supp.H",24,0.76678,0.64681,0.89918,0.93748,0.86985,1.0107,0.11948,-0.0058457,0.24901
"hiv.supp.H",25,0.75931,0.64195,0.89085,0.93446,0.86708,1.0053,0.13308,0.011378,0.26364
"hiv.supp.H",26,0.75445,0.64079,0.89132,0.93059,0.8592,1.0031,0.14693,0.029425,0.27741
"hiv.supp.H",27,0.75139,0.63996,0.89155,0.93455,0.86224,1.0088,0.15975,0.04345,0.28869
"hiv.supp.H",28,0.74796,0.63808,0.88363,0.94935,0.87182,1.0242,0.16503,0.051537,0.29052
"hiv.supp.H",29,0.74785,0.63945,0.87629,0.96146,0.8867,1.0399,0.17208,0.059109,0.29567
"hiv.supp.H",30,0.75171,0.644,0.87642,0.97581,0.89278,1.0556,0.18294,0.066612,0.30413
"hiv.supp.H",35,0.71385,0.60924,0.82741,1.0187,0.93955,1.1177,0.18241,0.068525,0.28893
"hiv.supp.H",40,0.7181,0.61084,0.83018,1.0083,0.92359,1.1093,0.22098,0.11859,0.32058
"hiv.supp.H",45,0.81537,0.69722,0.96114,0.97605,0.89858,1.0586,0.24497,0.14024,0.36493
"hiv.supp.H",50,0.90745,0.78125,1.0579,0.95141,0.87489,1.033,0.2065,0.091041,0.34849
"hiv.supp.H",55,0.9498,0.81521,1.1116,0.97246,0.88885,1.0627,0.1344,0.022962,0.27784
"hiv.supp.H",60,0.96921,0.81802,1.1257,0.99263,0.90519,1.0952,0.064744,-0.046716,0.20499
"hiv.supp.H",65,0.94798,0.79378,1.1006,0.96409,0.89755,1.0591,0.0079045,-0.1118,0.14879
"hiv.supp.H",70,0.98087,0.82679,1.1454,0.91669,0.84083,0.99546,-0.016114,-0.14229,0.12325
"hiv.supp.H",75,0.96401,0.82247,1.1261,0.94605,0.85883,1.0346,-0.013848,-0.13786,0.12487
"hiv.supp.H",80,1.04,0.86392,1.2197,0.98137,0.88431,1.1047,0.00092746,-0.12224,0.14728
"hiv.supp.H",85,1.1282,0.93723,1.3331,0.98229,0.89874,1.0764,0.00040794,-0.13031,0.14834
"hiv.supp.H",90,1.1525,0.95798,1.3861,0.97315,0.90521,1.0411,0.012726,-0.11783,0.15486
"hiv.supp.H",95,1.1118,0.9311,1.32,1.0198,0.93638,1.1113,0.04044,-0.085379,0.17748
"hiv.supp.H",100,1.0286,0.85876,1.1966,1.0454,0.94765,1.1586,0.04545,-0.081212,0.1782
"hiv.supp.H",120,0.90441,0.71522,1.1188,0.97467,0.89061,1.0663,-0.074902,-0.18905,0.05596
"hiv.supp.H",130,0.93427,0.76985,1.1017,0.9202,0.83294,1.0035,-0.052568,-0.17143,0.07341
"hiv.supp.H",140,0.95386,0.76822,1.1431,1.0305,0.94052,1.1255,0.02135,-0.12437,0.15778
"hiv.supp.H",150,0.9352,0.76672,1.0967,0.99753,0.91931,1.0844,0.043482,-0.086745,0.17909
"hiv.supp.H",160,0.94237,0.78427,1.0936,0.93211,0.84973,1.0191,0.033778,-0.09279,0.16786
"hiv.supp.H",170,0.94344,0.77755,1.1336,0.9795,0.902,1.0737,0.039449,-0.095501,0.17135
"hiv.supp.H",180,1.0287,0.85701,1.2181,0.95799,0.88884,1.034,0.049568,-0.089036,0.18588
"hiv.supp.H",190,0.98367,0.8127,1.1786,1.0274,0.93838,1.11,0.060062,-0.069728,0.19775
"hiv.supp.H",200,0.9079,0.76408,1.0801,0.95727,0.88785,1.021,0.080714,-0.058572,0.2112
"hiv.supp.H",210,0.92049,0.75783,1.0791,0.88477,0.81616,0.94735,0.097058,-0.045686,0.23683
"hiv.supp.H",220,0.88958,0.74079,1.0593,0.96607,0.88841,1.0603,0.067909,-0.065861,0.20128
"hiv.supp.H",230,0.9829,0.82444,1.146,0.96233,0.87987,1.0431,0.0054322,-0.12829,0.13609
"hiv.supp.H",240,1.0707,0.89366,1.2382,0.90033,0.81991,0.99525,0.0077703,-0.12188,0.143
"hiv.supp.H",250,0.96472,0.79741,1.1534,0.98314,0.90762,1.0835,0.021274,-0.11329,0.14685
"prep.H",0,0.36254,0.30186,0.43588,0.93994,0.88492,0.99845,-1.4897,-1.5857,-1.3908
"prep.H",1,0.38975,0.32572,0.46543,0.95188,0.89441,1.0129,-1.4352,-1.5299,-1.3346
"prep.H",2,0.40435,0.33577,0.48137,0.94919,0.89226,1.0093,-1.4136,-1.5022,-1.3126
"prep.H",3,0.4178,0.34696,0.49822,0.93956,0.88354,0.99877,-1.3957,-1.487,-1.2923
"prep.H",4,0.43467,0.35931,0.51659,0.93647,0.88024,0.99431,-1.3901,-1.4802,-1.2855
"prep.H",5,0.45941,0.38331,0.54442,0.93505,0.87897,0.99078,-1.3671,-1.4578,-1.2617
"prep.H",6,0.47943,0.40251,0.56634,0.93816,0.87883,0.99222,-1.3301,-1.4239,-1.226
"prep.H",7,0.51549,0.43531,0.60807,0.95032,0.89376,1.0071,-1.3019,-1.3944,-1.1934
"prep.H",8,0.55534,0.46581,0.66143,0.94981,0.89439,1.005,-1.2727,-1.3676,-1.1577
"prep.H",9,0.58807,0.49059,0.70396,0.94749,0.89571,1.0064,-1.2426,-1.3407,-1.1242
"prep.H",10,0.61798,0.51389,0.74464,0.94787,0.8968,1.0042,-1.2144,-1.3105,-1.0988
"prep.H",11,0.62788,0.52134,0.75841,0.95441,0.90419,1.0123,-1.2057,-1.3056,-1.0887
"prep.H",12,0.64568,0.53938,0.78266,0.9526,0.9041,1.0081,-1.1886,-1.2863,-1.0693
"prep.H",13,0.65635,0.55615,0.78731,0.95118,0.90543,1.0051,-1.166,-1.2631,-1.0445
"prep.H",14,0.65947,0.55862,0.78356,0.95497,0.90856,1.0089,-1.1201,-1.2218,-0.99812
"prep.H",15,0.67883,0.5713,0.80487,0.96373,0.91949,1.0141,-1.0744,-1.1815,-0.95031
"prep.H",16,0.6963,0.58207,0.82576,0.96333,0.91439,1.0137,-1.027,-1.1369,-0.90953
"prep.H",17,0.71636,0.59497,0.85625,0.96541,0.91464,1.0169,-0.98997,-1.105,-0.86616
"prep.H",18,0.73726,0.61591,0.87841,0.96137,0.91051,1.0153,-0.96148,-1.078,-0.83414
"prep.H",19,0.76049,0.63413,0.9058,0.95974,0.90699,1.0143,-0.93592,-1.0517,-0.80827
"prep.H",20,0.77342,0.64838,0.92604,0.95252,0.90097,1.0043,-0.90781,-1.0243,-0.7865
"prep.H",21,0.78237,0.65219,0.93583,0.96415,0.91189,1.02,-0.88313,-1.0038,-0.76205
"prep.H",22,0.78931,0.65914,0.954,0.97207,0.92131,1.0283,-0.85615,-0.97172,-0.74044
"prep.H",23,0.7911,0.66534,0.9493,0.97955,0.9269,1.0337,-0.82135,-0.93437,-0.70726
"prep.H",24,0.79262,0.66877,0.94581,0.98019,0.9283,1.0335,-0.78641,-0.90302,-0.66777
"prep.H",25,0.79458,0.66246,0.95821,0.97576,0.9268,1.024,-0.75525,-0.87119,-0.64086
"prep.H",26,0.81629,0.67722,0.98662,0.98188,0.93497,1.0284,-0.7256,-0.84102,-0.60622
"prep.H",27,0.82716,0.68119,0.9954,0.9781,0.93149,1.022,-0.68764,-0.80487,-0.56887
"prep.H",28,0.82955,0.67117,0.99947,0.9831,0.93591,1.0262,-0.65453,-0.7703,-0.53307
"prep.H",29,0.83354,0.67596,1.0069,0.99232,0.94733,1.0368,-0.62338,-0.74284,-0.50407
"prep.H",30,0.83311,0.67654,1.0011,0.99902,0.95464,1.0472,-0.58517,-0.70454,-0.46473
"prep.H",35,0.84782,0.69878,1.0037,0.98586,0.93189,1.0324,-0.44672,-0.57087,-0.3313
"prep.H",40,0.87413,0.72373,1.0318,1.0107,0.95337,1.0621,-0.34274,-0.47498,-0.22779
"prep.H",45,0.98061,0.81575,1.1652,0.98971,0.93385,1.0479,-0.21895,-0.34974,-0.091456
"prep.H",50,1.0175,0.84421,1.226,0.98514,0.93162,1.0352,-0.16597,-0.29793,-0.033333
"prep.H",55,0.97918,0.79469,1.1793,1.0072,0.95821,1.063,-0.12649,-0.26536,-0.00039728
"prep.H",60,0.93559,0.77107,1.1271,1.0337,0.98369,1.0919,-0.078781,-0.20305,0.053855
"prep.H",65,0.9095,0.74487,1.0781,1.0439,0.98675,1.1013,-0.031418,-0.15843,0.1094
"prep.H",70,0.90299,0.73681,1.0815,1.0469,0.99155,1.1072,0.0066925,-0.10977,0.14008
"prep.H",75,0.91995,0.77379,1.0791,1.0675,1.0109,1.12,0.031087,-0.095163,0.15356
"prep.H",80,0.9885,0.82139,1.1592,1.0525,0.99303,1.1032,0.033996,-0.087897,0.15482
"prep.H",85,1.0014,0.83728,1.192,1.0433,0.98761,1.1048,-0.0044799,-0.13373,0.1148
"prep.H",90,0.98194,0.8187,1.1636,1.0172,0.96907,1.0796,-0.024113,-0.14686,0.10303
"prep.H",95,1.0028,0.83543,1.2051,0.99574,0.94072,1.0551,-0.033895,-0.16429,0.092155
"prep.H",100,0.99869,0.82306,1.2034,0.96215,0.91071,1.0171,-0.039731,-0.17751,0.079509
"prep.H",120,0.99232,0.82362,1.1701,0.96481,0.91737,1.0184,0.058367,-0.080266,0.17976
"prep.H",130,0.95341,0.7827,1.1287,0.98353,0.92608,1.0424,0.057941,-0.079387,0.18368
"prep.H",140,1.0362,0.87097,1.2103,0.98874,0.93439,1.0492,0.010451,-0.11197,0.1409
"prep.H",150,1.0606,0.88544,1.2723,0.98294,0.93535,1.0317,0.032915,-0.10314,0.1655
"prep.H",160,1.0988,0.92962,1.2887,0.98852,0.9389,1.0414,0.041623,-0.1123,0.18233
"prep.H",170,1.1036,0.93497,1.3231,1.0591,1.0004,1.1128,0.010608,-0.13442,0.1598
"prep.H",180,1.1463,0.94893,1.3775,1.0233,0.96332,1.0834,0.012711,-0.12873,0.1593
"prep.H",190,1.0006,0.84032,1.1904,0.9911,0.94214,1.0449,-0.0044851,-0.12769,0.14177
"prep.H",200,0.95815,0.82432,1.1551,1.0132,0.96228,1.0707,-0.08683,-0.21306,0.057945
"prep.H",210,0.95118,0.80669,1.1253,1.022,0.97341,1.0755,-0.095467,-0.21431,0.033082
"prep.H",220,0.9172,0.76003,1.0748,1.0348,0.98655,1.0827,0.028373,-0.094445,0.16198
"prep.H",230,1.0543,0.87835,1.2416,1.0295,0.97967,1.0812,0.075255,-0.047659,0.20786
"prep.H",240,1.0863,0.91507,1.2738,1.0415,0.98437,1.101,0.032831,-0.083116,0.1685
"prep.H",250,1.1091,0.93023,1.3002,1.0393,0.98803,1.0932,0.010184,-0.11245,0.1373
"prep.indic.H",0,0.19412,0.15412,0.23574,0.91795,0.86558,0.97095,-1.6551,-1.7449,-1.5754
"prep.indic.H",1,0.22092,0.17743,0.269,0.91323,0.85757,0.97403,-1.6686,-1.7632,-1.5856
"prep.indic.H",2,0.24943,0.20077,0.29947,0.93816,0.87734,1.0008,-1.6639,-1.7605,-1.5791
"prep.indic.H",3,0.27927,0.22419,0.33445,0.95275,0.88995,1.0174,-1.647,-1.7478,-1.56
"prep.indic.H",4,0.30372,0.24394,0.36285,0.97253,0.90906,1.0411,-1.6214,-1.7226,-1.5301
"prep.indic.H",5,0.32979,0.26555,0.39294,0.98436,0.91865,1.057,-1.5846,-1.6846,-1.4905
"prep.indic.H",6,0.35308,0.28197,0.41988,1.0028,0.93373,1.0759,-1.5461,-1.6491,-1.45
"prep.indic.H",7,0.37489,0.30124,0.44142,1.0039,0.93372,1.0754,-1.5105,-1.613,-1.4122
"prep.indic.H",8,0.40046,0.32335,0.4712,0.9944,0.92604,1.0651,-1.4766,-1.5798,-1.3772
"prep.indic.H",9,0.42777,0.34613,0.49966,0.97912,0.91099,1.0486,-1.4426,-1.5464,-1.3406
"prep.indic.H",10,0.45723,0.36973,0.53517,0.9632,0.89882,1.0265,-1.4085,-1.5143,-1.3046
"prep.indic.H",11,0.48558,0.3905,0.57075,0.96094,0.89788,1.0248,-1.3786,-1.4852,-1.2728
"prep.indic.H",12,0.50984,0.41503,0.59979,0.95766,0.89429,1.019,-1.3484,-1.4532,-1.2415
"prep.indic.H",13,0.52975,0.43326,0.62339,0.97424,0.90992,1.039,-1.3146,-1.4219,-1.2054
"prep.indic.H",14,0.5475,0.44791,0.64172,0.99294,0.92834,1.0491,-1.2691,-1.3757,-1.1604
"prep.indic.H",15,0.56855,0.46605,0.6668,0.97268,0.90867,1.0323,-1.2214,-1.3274,-1.1116
"prep.indic.H",16,0.58961,0.4877,0.69489,0.94783,0.8867,1.0032,-1.172,-1.2818,-1.0603
"prep.indic.H",17,0.60695,0.50222,0.71529,0.94473,0.8792,1.0006,-1.1323,-1.2445,-1.0211
"prep.indic.H",18,0.62709,0.52009,0.74011,0.96211,0.89407,1.0247,-1.095,-1.2059,-0.98276
"prep.indic.H",19,0.64713,0.53578,0.76116,0.96809,0.89747,1.0336,-1.0568,-1.1684,-0.94342
"prep.indic.H",20,0.66744,0.55383,0.78564,0.97004,0.89841,1.0409,-1.024,-1.1373,-0.90978
"prep.indic.H",21,0.68482,0.56936,0.80842,0.97705,0.90297,1.0469,-0.99636,-1.1113,-0.87925
"prep.indic.H",22,0.69968,0.58389,0.83028,0.97263,0.89981,1.0409,-0.96158,-1.0765,-0.84653
"prep.indic.H",23,0.71746,0.60364,0.85297,0.97442,0.89976,1.0397,-0.92633,-1.0477,-0.81239
"prep.indic.H",24,0.73991,0.62115,0.8772,0.98707,0.91451,1.0533,-0.8981,-1.0233,-0.78237
"prep.indic.H",25,0.75927,0.63994,0.90255,1.0127,0.93835,1.0797,-0.86238,-0.98821,-0.74544
"prep.indic.H",26,0.7806,0.65097,0.92849,1.0514,0.97574,1.123,-0.82295,-0.94968,-0.70399
"prep.indic.H",27,0.80506,0.66901,0.95332,1.0731,0.99983,1.1452,-0.78625,-0.91546,-0.66712
"prep.indic.H",28,0.82429,0.68382,0.97502,1.0758,1.0023,1.1502,-0.74812,-0.87966,-0.62749
"prep.indic.H",29,0.84286,0.70905,1.0017,1.0675,0.99153,1.1396,-0.70678,-0.8412,-0.58472
"prep.indic.H",30,0.8548,0.7224,1.0107,1.0656,0.98161,1.1406,-0.66652,-0.80004,-0.54411
"prep.indic.H",35,0.93262,0.78027,1.1033,1.0546,0.96018,1.1418,-0.47899,-0.61123,-0.35253
"prep.indic.H",40,0.93437,0.7802,1.1059,1.0097,0.92074,1.0996,-0.34058,-0.47367,-0.21734
"prep.indic.H",45,0.90513,0.73058,1.0955,0.98813,0.90932,1.0713,-0.22858,-0.35748,-0.099063
"prep.indic.H",50,0.89497,0.71726,1.088,0.89693,0.83956,0.95486,-0.16979,-0.29152,-0.03741
"prep.indic.H",55,0.85473,0.69221,1.0522,0.89338,0.82446,0.96142,-0.14404,-0.27137,-0.021904
"prep.indic.H",60,0.83253,0.68832,1.0101,0.96098,0.88775,1.0386,-0.11481,-0.24107,0.0059386
"prep.indic.H",65,0.81506,0.67934,0.97413,1.0166,0.94862,1.1114,-0.069313,-0.19304,0.045375
"prep.indic.H",70,0.85261,0.72754,0.98888,0.9925,0.91114,1.0845,-0.029144,-0.14332,0.090018
"prep.indic.H",75,0.89993,0.76492,1.0509,0.96545,0.89617,1.0386,0.0012431,-0.11069,0.12934
"prep.indic.H",80,0.97038,0.81478,1.1484,0.97068,0.90384,1.0423,0.027876,-0.087022,0.16412
"prep.indic.H",85,0.98306,0.81542,1.1591,0.97741,0.90853,1.0566,0.034137,-0.087005,0.16699
"prep.indic.H",90,0.97244,0.80534,1.1496,0.98902,0.92457,1.0625,0.03439,-0.089336,0.17549
"prep.indic.H",95,1.0003,0.82925,1.1855,0.99727,0.92787,1.0653,0.02165,-0.10031,0.15832
"prep.indic.H",100,0.975,0.80835,1.1591,0.95006,0.89285,1.0089,0.0082559,-0.11999,0.13815
"prep.indic.H",120,0.87629,0.74077,1.0262,0.97015,0.89859,1.0421,0.049009,-0.072687,0.17823
"prep.indic.H",130,0.95593,0.79761,1.1369,0.99535,0.92355,1.0696,0.045265,-0.083154,0.18886
"prep.indic.H",140,1.0724,0.89353,1.2666,1.0157,0.94309,1.0958,0.046416,-0.085579,0.19202
"prep.indic.H",150,1.1163,0.92994,1.3104,1.0376,0.97399,1.1137,0.056046,-0.074082,0.19764
"prep.indic.H",160,1.0352,0.88439,1.1999,1.06,0.99541,1.1383,0.043404,-0.081966,0.18671
"prep.indic.H",170,1.0314,0.87148,1.2046,0.96269,0.89498,1.0255,0.011233,-0.12639,0.15047
"prep.indic.H",180,1.0154,0.82597,1.1975,0.97952,0.91811,1.0487,0.0050569,-0.13075,0.14587
"prep.indic.H",190,0.97205,0.78256,1.1684,1.0143,0.94717,1.0929,-0.032226,-0.16601,0.10175
"prep.indic.H",200,0.97248,0.80802,1.1605,0.98739,0.91145,1.0581,-0.067674,-0.20437,0.064812
"prep.indic.H",210,0.95868,0.80728,1.117,0.97494,0.90898,1.0527,-0.010325,-0.14543,0.12637
"prep.indic.H",220,0.96591,0.79626,1.1332,1.0063,0.93365,1.0876,0.088013,-0.03489,0.2183
"prep.indic.H",230,1.0524,0.875,1.2286,0.99422,0.93401,1.0654,0.10281,-0.018254,0.23601
"prep.indic.H",240,1.0914,0.92246,1.2646,0.95609,0.88925,1.03,0.040729,-0.087926,0.17199
"prep.indic.H",250,1.089,0.9163,1.3032,1.0492,0.96225,1.135,0.017675,-0.10221,0.1485
"num.W",0,0.16442,0.13327,0.1976,0.73789,0.67215,0.79987,-1.2006,-1.2853,-1.1214
"num.W",1,0.19012,0.1542,0.22789,0.73734,0.67088,0.80105,-1.1969,-1.2814,-1.1163
"num.W",2,0.21624,0.17645,0.25874,0.75099,0.68631,0.81191,-1.1888,-1.274,-1.1058
"num.W",3,0.24202,0.19867,0.2883,0.75507,0.68886,0.81796,-1.1885,-1.2749,-1.1031
"num.W",4,0.26768,0.21871,0.31766,0.76162,0.69831,0.82332,-1.1846,-1.2721,-1.0957
"num.W",5,0.29361,0.2404,0.34826,0.76896,0.70567,0.82821,-1.1777,-1.2654,-1.0851
"num.W",6,0.31981,0.26067,0.37875,0.77754,0.71605,0.84253,-1.1648,-1.2544,-1.069
"num.W",7,0.34613,0.282,0.40827,0.82994,0.76859,0.89532,-1.1396,-1.2324,-1.0435
"num.W",8,0.3723,0.30346,0.43825,0.88436,0.81827,0.96242,-1.1249,-1.2196,-1.0296
"num.W",9,0.39955,0.32572,0.46906,0.95543,0.87772,1.0509,-1.1099,-1.2055,-1.0113
"num.W",10,0.42714,0.34756,0.50121,1.0761,0.98256,1.1864,-1.0903,-1.1865,-0.99139
"num.W",11,0.45442,0.37114,0.53435,1.1812,1.0685,1.3048,-1.0667,-1.1632,-0.96498
"num.W",12,0.48037,0.39232,0.56525,1.2886,1.1597,1.4225,-1.0319,-1.1288,-0.92938
"num.W",13,0.50605,0.41454,0.59553,1.4331,1.294,1.5766,-0.99109,-1.09,-0.88864
"num.W",14,0.531,0.43709,0.62471,1.543,1.3913,1.6901,-0.94897,-1.0501,-0.84528
"num.W",15,0.55468,0.45786,0.65103,1.5838,1.4262,1.7387,-0.90991,-1.0115,-0.80473
"num.W",16,0.5769,0.47635,0.6786,1.5541,1.3981,1.7106,-0.86947,-0.97167,-0.76313
"num.W",17,0.59951,0.49429,0.70605,1.4384,1.2974,1.5852,-0.82007,-0.92216,-0.71292
"num.W",18,0.6233,0.51319,0.73294,1.3169,1.1858,1.451,-0.76457,-0.86759,-0.65794
"num.W",19,0.64807,0.53019,0.76201,1.3214,1.1885,1.4581,-0.70592,-0.81233,-0.5983
"num.W",20,0.67303,0.552,0.79191,1.3126,1.176,1.446,-0.65128,-0.76186,-0.54077
"num.W",21,0.69617,0.57103,0.81865,1.2639,1.1327,1.391,-0.59667,-0.70797,-0.48269
"num.W",22,0.71887,0.58983,0.84626,1.2675,1.1338,1.3908,-0.55403,-0.66667,-0.43654
"num.W",23,0.74195,0.60917,0.87355,1.2318,1.0996,1.3513,-0.5019,-0.61712,-0.38169
"num.W",24,0.76529,0.62729,0.90435,1.1634,1.0344,1.2766,-0.44908,-0.56539,-0.32817
"num.W",25,0.78727,0.64647,0.93118,1.0775,0.95073,1.1926,-0.399,-0.51574,-0.27647
"num.W",26,0.80839,0.6671,0.95854,0.98715,0.86828,1.0949,-0.35149,-0.46784,-0.22688
"num.W",27,0.82866,0.684,0.98626,0.93715,0.83127,1.0395,-0.32406,-0.44036,-0.19848
"num.W",28,0.84758,0.6969,1.0083,0.87373,0.77588,0.96603,-0.29934,-0.41646,-0.17353
"num.W",29,0.86628,0.71295,1.0292,0.83061,0.74375,0.9189,-0.27371,-0.39213,-0.14799
"num.W",30,0.88631,0.7274,1.0548,0.83869,0.74942,0.92703,-0.25017,-0.36974,-0.1229
"num.W",35,0.95121,0.78032,1.1251,0.86808,0.78087,0.96619,-0.14333,-0.25999,-0.0098644
"num.W",40,0.9719,0.80836,1.1439,0.90461,0.80025,1.0043,-0.064591,-0.18799,0.062244
"num.W",45,0.99403,0.83926,1.1751,1.0478,0.92443,1.1745,-0.060057,-0.18573,0.062428
"num.W",50,1.0107,0.85175,1.1943,1.0161,0.90492,1.1372,-0.03603,-0.16532,0.09717
"num.W",55,1.0242,0.84776,1.2186,0.96939,0.85335,1.0769,-0.035638,-0.16332,0.10069
"num.W",60,1.0426,0.84745,1.273,0.99316,0.89085,1.1036,-0.036541,-0.17185,0.11092
"num.W",65,1.0396,0.81996,1.2913,1.0089,0.90171,1.1248,-0.039373,-0.18904,0.10737
"num.W",70,1.0713,0.85163,1.3256,0.98048,0.87138,1.099,-0.044355,-0.19578,0.10696
"num.W",75,1.0969,0.89751,1.3339,1.0195,0.90964,1.1385,-0.045409,-0.20096,0.10527
"num.W",80,1.1039,0.92063,1.3284,0.95031,0.84554,1.0674,-0.031018,-0.17575,0.12315
"num.W",85,1.0972,0.90798,1.3069,0.96582,0.87372,1.0607,-0.0058027,-0.14472,0.13918
"num.W",90,1.0626,0.86198,1.2661,1.0354,0.93126,1.1524,0.021115,-0.12212,0.15992
"num.W",95,1.0142,0.80466,1.2185,1.0982,0.95688,1.2543,0.031773,-0.11414,0.16523
"num.W",100,1.0119,0.8143,1.1912,1.0756,0.92475,1.2252,0.03419,-0.10173,0.16528
"num.W",120,1.0898,0.92411,1.2605,1.0034,0.87734,1.1498,0.0022742,-0.12445,0.14013
"num.W",130,1.0843,0.89855,1.2561,1.0282,0.91835,1.1546,0.00026312,-0.1374,0.13457
"num.W",140,1.0167,0.85146,1.1987,1.0519,0.93421,1.1886,-0.029384,-0.16533,0.10468
"num.W",150,0.9566,0.8031,1.1194,1.0851,0.96393,1.2186,-0.05668,-0.19408,0.073341
"num.W",160,0.96764,0.7913,1.1636,1.0203,0.9261,1.1351,-0.0728,-0.20318,0.05586
"num.W",170,1.0132,0.80932,1.2313,0.9413,0.83315,1.0516,-0.10345,-0.2409,0.03909
"num.W",180,1.0097,0.82476,1.2045,1.032,0.92604,1.1593,-0.10469,-0.24667,0.037149
"num.W",190,0.99747,0.80926,1.1824,0.94888,0.82292,1.0803,-0.04158,-0.19717,0.10575
"num.W",200,0.96417,0.78457,1.1499,0.99239,0.89,1.1148,0.015573,-0.12579,0.15827
"num.W",210,0.93242,0.7472,1.1211,0.97487,0.86707,1.1009,0.047118,-0.099725,0.19086
"num.W",220,0.93812,0.75133,1.1443,0.97917,0.86589,1.0961,0.07432,-0.084445,0.20542
"num.W",230,0.95052,0.76931,1.1544,0.91534,0.81564,1.0448,0.079032,-0.071762,0.2118
"num.W",240,0.87794,0.70644,1.047,0.91595,0.81921,1.0303,0.062986,-0.080616,0.1987
"num.W",250,0.82608,0.67419,0.97426,1.0318,0.91369,1.1715,0.037881,-0.083438,0.15848
"hiv.inf.W",0,0.18106,0.14837,0.21343,1.2473,1.1237,1.3824,0.68503,0.60286,0.78246
"hiv.inf.W",1,0.20795,0.17005,0.24544,1.0562,0.95427,1.1714,0.72394,0.64168,0.82493
"hiv.inf.W",2,0.23497,0.19155,0.27785,0.9419,0.84594,1.0427,0.75955,0.67438,0.86258
"hiv.inf.W",3,0.26128,0.21243,0.30983,0.8546,0.76343,0.94412,0.7885,0.70137,0.89353
"hiv.inf.W",4,0.28647,0.23063,0.33978,0.77981,0.69351,0.86045,0.81618,0.72686,0.92294
"hiv.inf.W",5,0.31017,0.25065,0.36869,0.76383,0.68271,0.84134,0.83474,0.74624,0.94371
"hiv.inf.W",6,0.33299,0.26866,0.39749,0.76512,0.68676,0.84291,0.8426,0.75488,0.95342
"hiv.inf.W",7,0.35505,0.28538,0.42109,0.77612,0.69875,0.85724,0.83992,0.75265,0.95255
"hiv.inf.W",8,0.37802,0.30256,0.44789,0.78442,0.70589,0.86682,0.82852,0.74232,0.94226
"hiv.inf.W",9,0.40159,0.32282,0.47607,0.7845,0.70573,0.86711,0.81851,0.73253,0.93297
"hiv.inf.W",10,0.42593,0.34362,0.50444,0.7773,0.69394,0.85642,0.80936,0.72035,0.92483
"hiv.inf.W",11,0.44983,0.3641,0.53257,0.76521,0.68181,0.85678,0.79222,0.70016,0.91105
"hiv.inf.W",12,0.47263,0.38147,0.55939,0.76342,0.67978,0.86477,0.7819,0.68659,0.90077
"hiv.inf.W",13,0.49397,0.40084,0.58535,0.76108,0.681,0.8678,0.77718,0.67927,0.89689
"hiv.inf.W",14,0.51447,0.41881,0.60923,0.75838,0.67702,0.8708,0.77778,0.6787,0.89891
"hiv.inf.W",15,0.5348,0.43609,0.63222,0.75827,0.67299,0.87194,0.78005,0.67883,0.90276
"hiv.inf.W",16,0.55217,0.4515,0.65304,0.76064,0.67551,0.87862,0.77835,0.6739,0.90349
"hiv.inf.W",17,0.56794,0.46814,0.67256,0.75477,0.66798,0.87142,0.78087,0.67548,0.90717
"hiv.inf.W",18,0.58324,0.4838,0.69152,0.74906,0.66143,0.86544,0.78343,0.67869,0.91194
"hiv.inf.W",19,0.59874,0.49706,0.70889,0.74486,0.66,0.85248,0.78527,0.6815,0.91614
"hiv.inf.W",20,0.61317,0.50939,0.72311,0.73689,0.65879,0.8351,0.78878,0.68429,0.92116
"hiv.inf.W",21,0.62788,0.5197,0.73996,0.72702,0.65623,0.81988,0.7904,0.68366,0.92357
"hiv.inf.W",22,0.64221,0.53225,0.75742,0.71504,0.64971,0.80728,0.78505,0.67702,0.92057
"hiv.inf.W",23,0.65474,0.54585,0.77388,0.7108,0.64459,0.7977,0.78194,0.67292,0.91942
"hiv.inf.W",24,0.66749,0.5581,0.78876,0.70519,0.632,0.78928,0.77553,0.66414,0.91366
"hiv.inf.W",25,0.67835,0.56252,0.79904,0.71045,0.63008,0.79687,0.76676,0.65289,0.90553
"hiv.inf.W",26,0.68859,0.57034,0.81333,0.72171,0.63391,0.81092,0.75738,0.64202,0.89631
"hiv.inf.W",27,0.69605,0.57998,0.8244,0.74976,0.6565,0.84684,0.74638,0.63118,0.88378
"hiv.inf.W",28,0.70055,0.58639,0.83201,0.78134,0.68523,0.88817,0.73878,0.62482,0.87463
"hiv.inf.W",29,0.70354,0.58912,0.83576,0.81343,0.71192,0.93335,0.73257,0.61791,0.86922
"hiv.inf.W",30,0.70449,0.59152,0.83708,0.83834,0.7332,0.96296,0.72536,0.60953,0.86409
"hiv.inf.W",35,0.70958,0.59535,0.85351,0.91924,0.81632,1.047,0.67831,0.55897,0.81209
"hiv.inf.W",40,0.71744,0.60227,0.87638,1.0344,0.92282,1.1357,0.61144,0.48697,0.73742
"hiv.inf.W",45,0.7413,0.6226,0.91496,1.1033,0.98604,1.2449,0.50553,0.38271,0.63198
"hiv.inf.W",50,0.77799,0.65106,0.94943,1.0661,0.934,1.2157,0.40274,0.27375,0.53302
"hiv.inf.W",55,0.80383,0.66574,0.97917,1.01,0.89135,1.1444,0.29863,0.17431,0.4302
"hiv.inf.W",60,0.81951,0.67763,1.001,1.0371,0.90206,1.1889,0.21275,0.086767,0.34571
"hiv.inf.W",65,0.8197,0.67659,0.99281,1.0288,0.92118,1.1431,0.14229,0.016848,0.28226
"hiv.inf.W",70,0.8418,0.70146,1.0133,1.0122,0.88613,1.1383,0.09653,-0.028475,0.23826
"hiv.inf.W",75,0.85806,0.717,1.0378,0.9791,0.87549,1.0809,0.055475,-0.066564,0.19415
"hiv.inf.W",80,0.87441,0.73927,1.055,0.95212,0.83706,1.0758,0.036477,-0.084746,0.17511
"hiv.inf.W",85,0.89248,0.74201,1.0775,0.98833,0.86571,1.1148,0.035315,-0.089788,0.17704
"hiv.inf.W",90,0.88237,0.73784,1.0835,1.0162,0.89271,1.1463,0.041971,-0.087629,0.19155
"hiv.inf.W",95,0.88789,0.73577,1.0879,1.0731,0.94382,1.2101,0.063106,-0.068207,0.2041
"hiv.inf.W",100,0.91571,0.75674,1.1091,1.1226,0.9804,1.286,0.067596,-0.067799,0.20999
"hiv.inf.W",120,1.062,0.87774,1.2657,1.0725,0.95778,1.2332,-0.024648,-0.16132,0.11407
"hiv.inf.W",130,1.0292,0.82839,1.2432,1.1258,0.97165,1.31,-0.052998,-0.19207,0.09218
"hiv.inf.W",140,0.97961,0.81041,1.158,1.1083,0.9787,1.2487,-0.080456,-0.21726,0.058989
"hiv.inf.W",150,0.95069,0.7778,1.1175,1.0583,0.93857,1.1754,-0.058637,-0.18636,0.088159
"hiv.inf.W",160,1.0172,0.8178,1.2126,1.016,0.89684,1.1384,-0.029283,-0.17206,0.12965
"hiv.inf.W",170,1.0659,0.8671,1.2746,0.93491,0.82558,1.0612,-0.018,-0.1566,0.13582
"hiv.inf.W",180,0.98414,0.80012,1.1944,0.98414,0.84962,1.1365,-0.0086663,-0.15872,0.14487
"hiv.inf.W",190,0.88728,0.71891,1.0903,1.0904,0.96509,1.227,0.012229,-0.14638,0.17543
"hiv.inf.W",200,0.81563,0.66024,1.006,1.0322,0.91339,1.167,0.010143,-0.12993,0.15947
"hiv.inf.W",210,0.80802,0.66309,0.99423,0.99219,0.88791,1.1287,0.015259,-0.096444,0.15074
"hiv.inf.W",220,0.89987,0.75669,1.0717,0.90948,0.81632,1.0029,0.048915,-0.061105,0.18028
"hiv.inf.W",230,0.91169,0.77037,1.0678,0.9143,0.81242,1.0502,0.073723,-0.040041,0.21031
"hiv.inf.W",240,0.90121,0.75079,1.0445,0.86849,0.76907,0.99338,0.068854,-0.039722,0.20277
"hiv.inf.W",250,0.85235,0.70708,0.98884,1.0408,0.91862,1.1827,0.042022,-0.068636,0.17155
"hiv.dx.W",0,0.13357,0.10929,0.15841,1.2704,1.149,1.4072,0.56499,0.48784,0.64102
"hiv.dx.W",1,0.15645,0.12759,0.18589,1.1521,1.0416,1.2803,0.60421,0.52296,0.68451
"hiv.dx.W",2,0.18078,0.14728,0.21515,1.0486,0.94439,1.1652,0.64628,0.56178,0.72954
"hiv.dx.W",3,0.20604,0.16751,0.24645,0.92886,0.82915,1.035,0.68561,0.59828,0.773
"hiv.dx.W",4,0.23216,0.1891,0.2783,0.80204,0.71216,0.89173,0.72649,0.6362,0.81528
"hiv.dx.W",5,0.25887,0.20932,0.31185,0.74156,0.65969,0.82532,0.75971,0.66673,0.85109
"hiv.dx.W",6,0.28521,0.23006,0.34552,0.71404,0.63389,0.78817,0.78077,0.68445,0.87543
"hiv.dx.W",7,0.31078,0.25012,0.37662,0.7101,0.63614,0.77733,0.78762,0.69023,0.88538
"hiv.dx.W",8,0.33464,0.26873,0.40513,0.72005,0.65195,0.78385,0.78336,0.68501,0.8836
"hiv.dx.W",9,0.35975,0.28841,0.43656,0.72855,0.65903,0.79297,0.78154,0.68083,0.88451
"hiv.dx.W",10,0.38575,0.30764,0.46646,0.73168,0.65996,0.79417,0.78007,0.67655,0.88488
"hiv.dx.W",11,0.41101,0.32895,0.49651,0.72686,0.65567,0.78946,0.76808,0.66395,0.87526
"hiv.dx.W",12,0.43571,0.351,0.52601,0.72644,0.65478,0.79219,0.76051,0.65565,0.86971
"hiv.dx.W",13,0.45883,0.37339,0.55208,0.72577,0.65217,0.79889,0.75667,0.65006,0.8686
"hiv.dx.W",14,0.48166,0.39432,0.57918,0.72907,0.65099,0.80137,0.75938,0.65098,0.87224
"hiv.dx.W",15,0.50405,0.41465,0.60457,0.73207,0.64906,0.81388,0.76394,0.65474,0.87602
"hiv.dx.W",16,0.52449,0.43436,0.62854,0.73674,0.65283,0.81858,0.76227,0.65217,0.87182
"hiv.dx.W",17,0.54264,0.45129,0.64922,0.73792,0.65392,0.82619,0.76477,0.65305,0.87354
"hiv.dx.W",18,0.55877,0.46323,0.6651,0.73825,0.65459,0.82955,0.76737,0.65286,0.87716
"hiv.dx.W",19,0.57534,0.47402,0.68142,0.73965,0.651,0.83203,0.76909,0.65255,0.8789
"hiv.dx.W",20,0.59056,0.48706,0.69917,0.73718,0.64906,0.82826,0.77358,0.65731,0.88629
"hiv.dx.W",21,0.60486,0.49938,0.71684,0.73794,0.6493,0.83108,0.77652,0.66023,0.89084
"hiv.dx.W",22,0.61941,0.5113,0.7328,0.73626,0.65031,0.82482,0.77266,0.65483,0.88797
"hiv.dx.W",23,0.63398,0.52255,0.74631,0.73063,0.64864,0.81486,0.77068,0.6518,0.88533
"hiv.dx.W",24,0.64726,0.53302,0.75994,0.72072,0.64471,0.80049,0.76463,0.64552,0.87852
"hiv.dx.W",25,0.65874,0.54211,0.77497,0.71139,0.63556,0.7884,0.75588,0.63812,0.86933
"hiv.dx.W",26,0.66937,0.55016,0.78762,0.71446,0.63248,0.79084,0.74729,0.62842,0.86044
"hiv.dx.W",27,0.6789,0.55733,0.80011,0.73539,0.6525,0.81581,0.73773,0.61565,0.85108
"hiv.dx.W",28,0.68662,0.56198,0.8078,0.76219,0.68212,0.84973,0.73241,0.60883,0.84571
"hiv.dx.W",29,0.69089,0.56571,0.80875,0.78872,0.70411,0.88332,0.7279,0.60348,0.84012
"hiv.dx.W",30,0.6939,0.56543,0.81307,0.81089,0.72098,0.91353,0.72148,0.59712,0.8325
"hiv.dx.W",35,0.69351,0.56996,0.80957,0.92359,0.82942,1.0257,0.68427,0.56522,0.8034
"hiv.dx.W",40,0.70136,0.58037,0.81464,1.0177,0.89326,1.1365,0.63356,0.51147,0.75026
"hiv.dx.W",45,0.72981,0.59568,0.86535,1.1116,0.98721,1.2574,0.53423,0.41454,0.64957
"hiv.dx.W",50,0.77491,0.63018,0.91812,1.0672,0.93592,1.2089,0.43203,0.3095,0.55326
"hiv.dx.W",55,0.80868,0.65168,0.95139,1.0089,0.88657,1.1371,0.31671,0.18968,0.44198
"hiv.dx.W",60,0.82828,0.66709,0.96724,1.0259,0.88785,1.1828,0.22363,0.099411,0.35256
"hiv.dx.W",65,0.83079,0.68222,0.96761,0.99524,0.86276,1.1354,0.15044,0.024115,0.27368
"hiv.dx.W",70,0.84601,0.71089,0.99425,0.93858,0.81785,1.0722,0.098311,-0.028897,0.2262
"hiv.dx.W",75,0.85437,0.71248,0.99691,0.93153,0.8409,1.0285,0.060537,-0.065891,0.19001
"hiv.dx.W",80,0.86175,0.71773,0.99554,0.95586,0.84262,1.0691,0.033189,-0.096901,0.16423
"hiv.dx.W",85,0.87022,0.71325,1.0326,0.9777,0.86314,1.1012,0.027429,-0.099729,0.15942
"hiv.dx.W",90,0.87085,0.71184,1.0381,0.97773,0.86585,1.1082,0.032363,-0.092741,0.17055
"hiv.dx.W",95,0.88254,0.71779,1.0555,1.0253,0.90963,1.1604,0.056812,-0.067076,0.19542
"hiv.dx.W",100,0.90135,0.73698,1.0712,1.0921,0.95942,1.2491,0.07676,-0.055734,0.21678
"hiv.dx.W",120,1.0601,0.88285,1.2429,1.0483,0.91449,1.1729,-0.028677,-0.16403,0.11091
"hiv.dx.W",130,1.021,0.8377,1.2211,1.122,0.96064,1.3006,-0.054531,-0.18408,0.0811
"hiv.dx.W",140,0.99063,0.83096,1.2054,1.0644,0.92396,1.1872,-0.080341,-0.20479,0.053741
"hiv.dx.W",150,0.94125,0.78178,1.1339,1.0845,0.93268,1.2371,-0.063468,-0.18164,0.062687
"hiv.dx.W",160,1.0242,0.85008,1.2111,0.98364,0.86829,1.11,-0.031406,-0.1701,0.097785
"hiv.dx.W",170,1.1061,0.89779,1.3306,0.9346,0.81717,1.0549,-0.016864,-0.1523,0.13725
"hiv.dx.W",180,1.0168,0.79863,1.2161,0.93143,0.82119,1.0503,-0.015553,-0.14157,0.13037
"hiv.dx.W",190,0.89625,0.71338,1.0728,1.0477,0.91101,1.1879,0.0039826,-0.11898,0.13336
"hiv.dx.W",200,0.82778,0.66914,0.9963,1.0021,0.88624,1.1156,0.0072594,-0.11791,0.12348
"hiv.dx.W",210,0.8007,0.64126,0.97304,1.0307,0.90081,1.1836,0.0046819,-0.11642,0.12452
"hiv.dx.W",220,0.90625,0.75043,1.0537,0.88678,0.78194,0.99345,0.033347,-0.1032,0.16439
"hiv.dx.W",230,0.9185,0.77195,1.061,0.90344,0.79192,1.0163,0.061282,-0.079837,0.19077
"hiv.dx.W",240,0.87914,0.7418,1.0097,0.90303,0.78501,1.0172,0.061992,-0.07241,0.18349
"hiv.dx.W",250,0.85677,0.72313,0.9858,0.98783,0.86488,1.1346,0.040313,-0.097508,0.15173
"hiv.tx.W",0,0.20233,0.16696,0.24238,1.1597,1.0635,1.2673,0.59853,0.52345,0.67961
"hiv.tx.W",1,0.23002,0.18909,0.27531,1.0915,1.0068,1.189,0.63498,0.55704,0.71943
"hiv.tx.W",2,0.25722,0.21152,0.30786,1.022,0.94475,1.1086,0.67499,0.59352,0.76042
"hiv.tx.W",3,0.28305,0.23354,0.33877,0.94321,0.87224,1.0245,0.71113,0.62521,0.79938
"hiv.tx.W",4,0.3077,0.25446,0.37072,0.8562,0.78522,0.93516,0.74915,0.66035,0.84206
"hiv.tx.W",5,0.33176,0.27446,0.40116,0.81489,0.74683,0.89096,0.78056,0.68985,0.87988
"hiv.tx.W",6,0.35339,0.29123,0.42547,0.80189,0.73315,0.87638,0.79811,0.70652,0.90141
"hiv.tx.W",7,0.37147,0.30688,0.44503,0.8038,0.72991,0.87879,0.79895,0.70677,0.90381
"hiv.tx.W",8,0.38623,0.31973,0.46271,0.81034,0.73389,0.89058,0.79061,0.69758,0.8946
"hiv.tx.W",9,0.40362,0.33209,0.48382,0.8141,0.74079,0.89228,0.78602,0.68905,0.8926
"hiv.tx.W",10,0.42259,0.34681,0.50699,0.81622,0.74381,0.89342,0.7828,0.68402,0.89232
"hiv.tx.W",11,0.43998,0.35994,0.52972,0.82132,0.74634,0.90069,0.76943,0.67075,0.88069
"hiv.tx.W",12,0.45777,0.37688,0.55137,0.8335,0.75922,0.91257,0.75936,0.65726,0.87222
"hiv.tx.W",13,0.47473,0.39134,0.57206,0.8459,0.77021,0.92907,0.75136,0.64817,0.86307
"hiv.tx.W",14,0.49324,0.40598,0.59326,0.8599,0.78151,0.95081,0.74985,0.64442,0.8656
"hiv.tx.W",15,0.51212,0.42125,0.61616,0.86789,0.78734,0.95767,0.75108,0.64548,0.87011
"hiv.tx.W",16,0.52889,0.43595,0.6359,0.87126,0.78903,0.95923,0.74651,0.63664,0.86681
"hiv.tx.W",17,0.54178,0.44956,0.64616,0.8719,0.79237,0.96171,0.7457,0.63557,0.86503
"hiv.tx.W",18,0.55383,0.45858,0.65569,0.8671,0.78633,0.95512,0.7461,0.63518,0.86664
"hiv.tx.W",19,0.56697,0.46806,0.6683,0.86524,0.78722,0.95038,0.74681,0.63632,0.86593
"hiv.tx.W",20,0.57869,0.48,0.683,0.86265,0.78346,0.94784,0.7506,0.63866,0.8687
"hiv.tx.W",21,0.59122,0.49297,0.69511,0.85515,0.77433,0.93943,0.75296,0.63856,0.87227
"hiv.tx.W",22,0.60606,0.51048,0.71364,0.84824,0.7701,0.9314,0.7487,0.63342,0.86787
"hiv.tx.W",23,0.62049,0.52628,0.72797,0.84535,0.77033,0.92833,0.74659,0.62624,0.86645
"hiv.tx.W",24,0.63389,0.53736,0.74492,0.84876,0.77111,0.92836,0.74056,0.6191,0.86035
"hiv.tx.W",25,0.6464,0.54632,0.76286,0.84682,0.7683,0.92239,0.73061,0.60769,0.85048
"hiv.tx.W",26,0.65673,0.55632,0.7746,0.85132,0.77479,0.93058,0.72217,0.5993,0.84401
"hiv.tx.W",27,0.66712,0.56288,0.78855,0.86939,0.7873,0.95379,0.71252,0.59081,0.83537
"hiv.tx.W",28,0.67762,0.57182,0.80028,0.89026,0.79949,0.98707,0.70607,0.58478,0.82778
"hiv.tx.W",29,0.68377,0.57636,0.80649,0.90016,0.81136,1.0083,0.69951,0.57847,0.8227
"hiv.tx.W",30,0.68959,0.57909,0.81268,0.90614,0.81421,1.0173,0.68946,0.56967,0.81448
"hiv.tx.W",35,0.69113,0.58727,0.80624,0.93392,0.83928,1.0304,0.65184,0.5281,0.77211
"hiv.tx.W",40,0.7178,0.60816,0.84866,0.9627,0.87701,1.0498,0.6009,0.47943,0.71625
"hiv.tx.W",45,0.75908,0.6381,0.90688,0.99124,0.8996,1.0854,0.50241,0.38632,0.62384
"hiv.tx.W",50,0.79483,0.66942,0.93464,0.98324,0.87757,1.0844,0.39749,0.28227,0.52425
"hiv.tx.W",55,0.81385,0.67545,0.95395,1.0251,0.91097,1.1391,0.28295,0.16073,0.40786
"hiv.tx.W",60,0.81957,0.66324,0.96405,1.0861,0.96481,1.2075,0.20256,0.072204,0.32499
"hiv.tx.W",65,0.83198,0.69213,0.96981,1.0148,0.92325,1.1141,0.14163,0.0071919,0.26577
"hiv.tx.W",70,0.86825,0.72617,1.006,0.96208,0.87421,1.0449,0.1096,-0.030769,0.24111
"hiv.tx.W",75,0.86692,0.7373,1.0141,0.96425,0.87767,1.0552,0.079576,-0.062461,0.20699
"hiv.tx.W",80,0.86135,0.72044,1.0093,1.0362,0.93573,1.1441,0.043426,-0.098767,0.16902
"hiv.tx.W",85,0.87558,0.72463,1.0214,1.0252,0.92145,1.1241,0.029831,-0.11164,0.15692
"hiv.tx.W",90,0.88887,0.73518,1.0484,0.98165,0.88992,1.0763,0.024267,-0.11927,0.14539
"hiv.tx.W",95,0.91079,0.75854,1.0854,1.0111,0.91196,1.1038,0.042699,-0.091251,0.16664
"hiv.tx.W",100,0.9433,0.77533,1.141,1.0461,0.93322,1.1556,0.063748,-0.077732,0.19516
"hiv.tx.W",120,1.0112,0.85628,1.1956,1.0438,0.94225,1.1471,-0.024743,-0.16986,0.10468
"hiv.tx.W",130,1.0351,0.86986,1.228,1.098,0.98281,1.2229,-0.055148,-0.19383,0.093171
"hiv.tx.W",140,1.0025,0.83381,1.1757,1.0799,0.966,1.1946,-0.087141,-0.22127,0.056608
"hiv.tx.W",150,0.9377,0.79464,1.1175,1.0521,0.94153,1.158,-0.071326,-0.21824,0.053786
"hiv.tx.W",160,1.0168,0.85786,1.2161,1.0136,0.91881,1.1183,-0.049308,-0.19869,0.080288
"hiv.tx.W",170,1.096,0.90173,1.3192,0.9434,0.86514,1.04,-0.030155,-0.19367,0.09207
"hiv.tx.W",180,0.99225,0.80089,1.2253,0.92718,0.82816,1.0354,0.013618,-0.12527,0.14787
"hiv.tx.W",190,0.88923,0.71777,1.0858,1.0285,0.92844,1.1397,0.053075,-0.077532,0.18784
"hiv.tx.W",200,0.86332,0.69926,1.066,1.0234,0.92224,1.1308,0.014453,-0.10485,0.15231
"hiv.tx.W",210,0.87912,0.70174,1.0878,1.0279,0.93115,1.1401,-0.0097744,-0.12399,0.12198
"hiv.tx.W",220,0.95822,0.79829,1.1274,1.0017,0.90632,1.1037,0.015869,-0.10589,0.16193
"hiv.tx.W",230,0.93247,0.79341,1.0997,0.97276,0.86236,1.0918,0.047395,-0.074764,0.18549
"hiv.tx.W",240,0.91106,0.75978,1.075,0.9353,0.83252,1.0312,0.06704,-0.066402,0.18692
"hiv.tx.W",250,0.89497,0.74246,1.0486,1.0417,0.93171,1.1555,0.045676,-0.075173,0.16494
"hiv.supp.W",0,0.20194,0.17007,0.23915,1.1544,1.0526,1.2708,0.59369,0.5014,0.68079
"hiv.supp.W",1,0.22994,0.19276,0.27133,1.0892,0.99411,1.1981,0.63013,0.53623,0.71901
"hiv.supp.W",2,0.25745,0.21371,0.30546,1.0241,0.93582,1.1268,0.66986,0.57733,0.76198
"hiv.supp.W",3,0.28334,0.2339,0.33881,0.94683,0.86504,1.0372,0.7061,0.61228,0.80249
"hiv.supp.W",4,0.30784,0.25268,0.36935,0.85971,0.78317,0.94389,0.74454,0.65002,0.84503
"hiv.supp.W",5,0.33201,0.27098,0.4,0.81568,0.74473,0.89938,0.77642,0.68289,0.87877
"hiv.supp.W",6,0.35389,0.28948,0.42623,0.80301,0.73063,0.88254,0.7947,0.69892,0.89782
"hiv.supp.W",7,0.3725,0.30536,0.45123,0.80435,0.73701,0.88141,0.79613,0.69778,0.90005
"hiv.supp.W",8,0.38736,0.31722,0.46606,0.81014,0.74187,0.89104,0.78792,0.68855,0.89533
"hiv.supp.W",9,0.40407,0.33059,0.48677,0.81482,0.74649,0.89372,0.78344,0.68234,0.89277
"hiv.supp.W",10,0.42285,0.34724,0.51024,0.81752,0.74982,0.89573,0.78055,0.67934,0.88941
"hiv.supp.W",11,0.44045,0.3612,0.53039,0.82177,0.752,0.90134,0.76756,0.66514,0.8772
"hiv.supp.W",12,0.45796,0.37769,0.55234,0.83498,0.76385,0.91489,0.75827,0.65434,0.87105
"hiv.supp.W",13,0.4749,0.39323,0.57296,0.84744,0.77075,0.9301,0.75024,0.64278,0.86456
"hiv.supp.W",14,0.49311,0.41144,0.59498,0.86247,0.78744,0.93877,0.74843,0.63949,0.86607
"hiv.supp.W",15,0.51181,0.42544,0.616,0.87095,0.79586,0.94824,0.74981,0.63999,0.86984
"hiv.supp.W",16,0.52919,0.43856,0.63721,0.87446,0.79999,0.95443,0.74533,0.63562,0.86675
"hiv.supp.W",17,0.54208,0.4501,0.65543,0.87432,0.7969,0.95599,0.7444,0.63297,0.86542
"hiv.supp.W",18,0.55406,0.46064,0.66728,0.86993,0.78951,0.95679,0.74484,0.63238,0.86778
"hiv.supp.W",19,0.56697,0.47579,0.68356,0.86794,0.78857,0.95304,0.74546,0.63402,0.86845
"hiv.supp.W",20,0.57921,0.48505,0.69736,0.86646,0.78394,0.95211,0.7493,0.63794,0.8722
"hiv.supp.W",21,0.59152,0.498,0.70948,0.8576,0.77134,0.94378,0.75173,0.64277,0.87401
"hiv.supp.W",22,0.60596,0.50978,0.72469,0.85071,0.76409,0.93804,0.74751,0.63633,0.87123
"hiv.supp.W",23,0.62059,0.52286,0.73822,0.84755,0.76065,0.93665,0.74566,0.63083,0.87135
"hiv.supp.W",24,0.63374,0.53082,0.75505,0.85089,0.76095,0.93866,0.73971,0.6248,0.86768
"hiv.supp.W",25,0.64642,0.5419,0.7708,0.85054,0.76385,0.93902,0.72975,0.61652,0.858
"hiv.supp.W",26,0.65669,0.54989,0.78654,0.85304,0.76405,0.94732,0.72123,0.60631,0.85035
"hiv.supp.W",27,0.66704,0.55801,0.79938,0.87135,0.77522,0.96843,0.71162,0.59585,0.83967
"hiv.supp.W",28,0.67791,0.56684,0.81158,0.89298,0.79423,0.99492,0.70558,0.58755,0.8338
"hiv.supp.W",29,0.68442,0.57299,0.81807,0.90305,0.79936,1.0148,0.69918,0.57966,0.82587
"hiv.supp.W",30,0.69038,0.58013,0.81682,0.90836,0.80055,1.0214,0.68927,0.56699,0.8144
"hiv.supp.W",35,0.69162,0.58064,0.81122,0.93539,0.83711,1.026,0.65145,0.54133,0.77173
"hiv.supp.W",40,0.71769,0.59489,0.85,0.9612,0.87157,1.0624,0.60128,0.49094,0.72783
"hiv.supp.W",45,0.75939,0.62599,0.88795,0.98877,0.90511,1.0921,0.50324,0.38776,0.62567
"hiv.supp.W",50,0.79384,0.66499,0.92165,0.98276,0.87849,1.0897,0.39822,0.2803,0.51558
"hiv.supp.W",55,0.81417,0.68163,0.95677,1.021,0.91705,1.1473,0.28362,0.15834,0.40907
"hiv.supp.W",60,0.81929,0.68264,0.96197,1.0844,0.95044,1.2217,0.20266,0.075192,0.33058
"hiv.supp.W",65,0.83217,0.70367,0.9657,1.0141,0.90643,1.1253,0.142,0.0083249,0.27227
"hiv.supp.W",70,0.86841,0.72541,0.99706,0.96145,0.87864,1.0605,0.10978,-0.035297,0.24719
"hiv.supp.W",75,0.86798,0.7243,0.99851,0.96105,0.87187,1.0608,0.080363,-0.06417,0.21337
"hiv.supp.W",80,0.86245,0.71856,0.9991,1.0351,0.93524,1.1364,0.04438,-0.092562,0.17942
"hiv.supp.W",85,0.87552,0.72073,1.0424,1.0277,0.92627,1.1354,0.029774,-0.11195,0.16862
"hiv.supp.W",90,0.88855,0.73627,1.0583,0.98487,0.89157,1.0885,0.024264,-0.11665,0.16175
"hiv.supp.W",95,0.91102,0.74339,1.0907,1.0104,0.91208,1.1183,0.041827,-0.094188,0.17972
"hiv.supp.W",100,0.94315,0.76669,1.134,1.0478,0.93585,1.1892,0.062919,-0.071849,0.21148
"hiv.supp.W",120,1.011,0.83996,1.2082,1.043,0.9384,1.1498,-0.024082,-0.15355,0.11354
"hiv.supp.W",130,1.0357,0.84607,1.2521,1.0978,0.98459,1.2335,-0.055199,-0.1952,0.072655
"hiv.supp.W",140,1.0045,0.83346,1.1995,1.0828,0.98293,1.1923,-0.086987,-0.23582,0.039012
"hiv.supp.W",150,0.93817,0.7894,1.1047,1.0525,0.95288,1.1558,-0.071101,-0.21416,0.051695
"hiv.supp.W",160,1.0166,0.84957,1.1991,1.0143,0.91879,1.1145,-0.049439,-0.18799,0.088203
"hiv.supp.W",170,1.0971,0.91567,1.3009,0.94674,0.85605,1.0393,-0.030206,-0.17812,0.11911
"hiv.supp.W",180,0.99317,0.80374,1.1996,0.92959,0.83605,1.0291,0.013882,-0.13046,0.16375
"hiv.supp.W",190,0.88847,0.70478,1.0682,1.0277,0.92925,1.1311,0.053627,-0.075031,0.1986
"hiv.supp.W",200,0.86344,0.68725,1.0321,1.0211,0.91188,1.1311,0.014846,-0.11335,0.14835
"hiv.supp.W",210,0.88119,0.69799,1.0727,1.0303,0.92641,1.1481,-0.010321,-0.13886,0.12483
"hiv.supp.W",220,0.96069,0.80237,1.1502,1.0007,0.89632,1.0979,0.014956,-0.1209,0.14539
"hiv.supp.W",230,0.93384,0.79905,1.0871,0.97145,0.87574,1.0899,0.046839,-0.085781,0.17068
"hiv.supp.W",240,0.91133,0.77456,1.0776,0.9343,0.828,1.0392,0.06676,-0.061934,0.18829
"hiv.supp.W",250,0.89627,0.74958,1.0582,1.0442,0.93724,1.1601,0.04574,-0.079832,0.16625
"prep.W",0,0.2821,0.23441,0.34027,1.0637,1.0028,1.1259,-0.96709,-1.0626,-0.88508
"prep.W",1,0.30491,0.25407,0.36405,1.0516,0.99331,1.108,-1.0227,-1.1176,-0.93869
"prep.W",2,0.32147,0.26864,0.38604,1.0341,0.97687,1.0931,-1.0472,-1.1439,-0.96448
"prep.W",3,0.34345,0.28739,0.40835,1.0257,0.96744,1.0839,-1.0739,-1.1716,-0.99056
"prep.W",4,0.36193,0.30334,0.43383,1.0148,0.95983,1.0752,-1.1,-1.201,-1.0174
"prep.W",5,0.38107,0.32297,0.45721,1.0006,0.94311,1.0592,-1.114,-1.2149,-1.0297
"prep.W",6,0.41236,0.34814,0.48828,1.0006,0.9419,1.0599,-1.1102,-1.2121,-1.0191
"prep.W",7,0.44395,0.37204,0.52806,0.99966,0.94445,1.0556,-1.0918,-1.197,-0.99758
"prep.W",8,0.47178,0.38883,0.56118,1.0027,0.9473,1.058,-1.071,-1.1764,-0.97515
"prep.W",9,0.49412,0.40346,0.58907,1.0103,0.95048,1.0675,-1.052,-1.1551,-0.9568
"prep.W",10,0.51965,0.4195,0.62693,1.0269,0.96373,1.087,-1.0329,-1.1388,-0.93354
"prep.W",11,0.54455,0.43727,0.65649,1.0374,0.97348,1.0996,-1.0165,-1.1229,-0.91721
"prep.W",12,0.569,0.45877,0.6824,1.0495,0.98077,1.1134,-0.99208,-1.1005,-0.88811
"prep.W",13,0.58493,0.47349,0.69684,1.0557,0.99497,1.1155,-0.95806,-1.0681,-0.85005
"prep.W",14,0.60327,0.49227,0.7196,1.0644,1.0004,1.1252,-0.92644,-1.0403,-0.8173
"prep.W",15,0.63018,0.51657,0.75289,1.0737,1.0086,1.1348,-0.89106,-1.0103,-0.77804
"prep.W",16,0.6528,0.53478,0.78161,1.0656,0.99997,1.13,-0.8527,-0.96886,-0.74197
"prep.W",17,0.66603,0.54414,0.79898,1.0506,0.98696,1.1125,-0.81149,-0.92424,-0.70184
"prep.W",18,0.68042,0.55707,0.82363,1.027,0.967,1.0834,-0.7728,-0.88586,-0.66148
"prep.W",19,0.69603,0.56731,0.84068,1.0246,0.96563,1.0791,-0.73625,-0.85408,-0.62257
"prep.W",20,0.72096,0.58932,0.86804,1.0216,0.96597,1.0782,-0.70234,-0.82701,-0.58888
"prep.W",21,0.75281,0.62026,0.89802,1.011,0.95603,1.0693,-0.66594,-0.79357,-0.55151
"prep.W",22,0.77014,0.63351,0.91778,1.0187,0.96378,1.0766,-0.64216,-0.77265,-0.52649
"prep.W",23,0.79639,0.66178,0.94563,1.024,0.97179,1.0817,-0.60949,-0.74181,-0.48884
"prep.W",24,0.82363,0.68494,0.98011,1.0277,0.97109,1.0878,-0.58126,-0.71173,-0.45872
"prep.W",25,0.85562,0.70452,1.0171,1.0253,0.9713,1.0835,-0.5498,-0.68577,-0.42518
"prep.W",26,0.87705,0.72184,1.0385,1.024,0.96948,1.0813,-0.51435,-0.65313,-0.38591
"prep.W",27,0.89603,0.74141,1.0556,1.0283,0.97208,1.0875,-0.49281,-0.63119,-0.36437
"prep.W",28,0.91359,0.75408,1.0716,1.0459,0.98921,1.1068,-0.48461,-0.62585,-0.35998
"prep.W",29,0.9283,0.7679,1.0919,1.0351,0.97836,1.1,-0.48256,-0.62767,-0.3608
"prep.W",30,0.93643,0.77666,1.1069,1.0282,0.97233,1.0875,-0.47435,-0.61845,-0.34924
"prep.W",35,1.0217,0.83657,1.2159,0.98767,0.93648,1.0348,-0.39797,-0.53648,-0.26673
"prep.W",40,1.0315,0.83614,1.2339,1.015,0.96344,1.069,-0.33816,-0.46794,-0.2101
"prep.W",45,0.94718,0.77497,1.1354,1.0191,0.96859,1.0776,-0.32476,-0.46157,-0.20156
"prep.W",50,0.94929,0.78782,1.1195,1.0372,0.98354,1.0935,-0.28279,-0.41769,-0.16688
"prep.W",55,0.95625,0.80245,1.1113,1.0669,1.0075,1.1282,-0.24658,-0.37582,-0.12167
"prep.W",60,1.0034,0.83713,1.1772,1.0629,1.0048,1.1223,-0.2051,-0.33196,-0.075211
"prep.W",65,1.0503,0.89123,1.2496,1.0552,0.99845,1.1087,-0.16008,-0.28425,-0.028337
"prep.W",70,1.0445,0.87631,1.24,1.0542,0.99752,1.1127,-0.12768,-0.25392,-0.010248
"prep.W",75,1.043,0.86038,1.2325,1.0545,0.99919,1.1102,-0.081844,-0.21607,0.054771
"prep.W",80,1.0423,0.8564,1.2507,1.0206,0.9654,1.0731,-0.05774,-0.18619,0.074302
"prep.W",85,1.0151,0.84219,1.2153,1.0185,0.96157,1.0767,-0.031614,-0.15339,0.098126
"prep.W",90,0.94082,0.77465,1.132,1.0219,0.97307,1.0733,-0.00090511,-0.12581,0.13272
"prep.W",95,0.86173,0.71886,1.021,1.0406,0.99016,1.0946,-0.017992,-0.13526,0.10957
"prep.W",100,0.85973,0.71118,1.037,1.0304,0.97978,1.0863,-0.012865,-0.12803,0.10712
"prep.W",120,1.127,0.93118,1.3145,0.96539,0.91001,1.0157,-0.04026,-0.18088,0.10823
"prep.W",130,1.1111,0.92522,1.2936,1.0281,0.97573,1.0812,-0.033373,-0.18027,0.096508
"prep.W",140,1.1046,0.91027,1.3,1.0306,0.97897,1.0879,-0.009495,-0.1572,0.11747
"prep.W",150,1.0779,0.88161,1.2743,1.0625,1.0081,1.123,-0.0048973,-0.15385,0.11874
"prep.W",160,1.0581,0.87476,1.2778,1.0183,0.96468,1.0766,-0.018204,-0.14998,0.1154
"prep.W",170,0.97488,0.80329,1.1749,1.0049,0.95719,1.0557,-0.050532,-0.16872,0.077404
"prep.W",180,1.0213,0.86165,1.2263,1.0099,0.95535,1.058,-0.084369,-0.21903,0.052252
"prep.W",190,0.97027,0.81817,1.1572,1.0152,0.96225,1.0626,-0.076234,-0.19968,0.060105
"prep.W",200,0.91917,0.76744,1.0908,0.98884,0.94306,1.0419,-0.017749,-0.14555,0.12051
"prep.W",210,0.85796,0.73107,1.0253,1.0192,0.97133,1.0754,0.012859,-0.10703,0.14225
"prep.W",220,0.91707,0.7722,1.1055,1.0456,0.99091,1.1103,0.079585,-0.033987,0.21156
"prep.W",230,1.0111,0.85028,1.2019,1.0493,0.99468,1.1115,0.055278,-0.065353,0.19117
"prep.W",240,0.9863,0.84377,1.1812,1.0182,0.96887,1.0759,-0.021113,-0.13704,0.1226
"prep.W",250,0.88332,0.72532,1.0692,1.0323,0.97905,1.0854,-0.024517,-0.13812,0.096787
"prep.indic.W",0,0.18461,0.15399,0.22094,0.95992,0.89309,1.0385,-1.0791,-1.1629,-0.99379
"prep.indic.W",1,0.21054,0.17491,0.25242,0.99079,0.91986,1.0705,-1.0799,-1.1656,-0.98968
"prep.indic.W",2,0.23881,0.19709,0.28565,0.99101,0.923,1.0696,-1.0911,-1.1804,-0.99757
"prep.indic.W",3,0.26799,0.22008,0.32023,0.94105,0.87158,1.011,-1.1176,-1.2114,-1.0188
"prep.indic.W",4,0.29697,0.24319,0.35726,0.90097,0.83543,0.96826,-1.1431,-1.2406,-1.0405
"prep.indic.W",5,0.32484,0.2634,0.39227,0.87873,0.81802,0.94323,-1.1588,-1.2597,-1.0541
"prep.indic.W",6,0.35317,0.28533,0.42657,0.8752,0.8182,0.9379,-1.1614,-1.2637,-1.058
"prep.indic.W",7,0.38004,0.30396,0.46066,0.89,0.83195,0.95697,-1.1411,-1.2425,-1.0387
"prep.indic.W",8,0.4048,0.32463,0.4885,0.90231,0.84344,0.96561,-1.1268,-1.2276,-1.0238
"prep.indic.W",9,0.42766,0.34286,0.51731,0.92653,0.86962,0.99236,-1.1151,-1.2206,-1.0111
"prep.indic.W",10,0.4516,0.36293,0.54633,0.94869,0.88923,1.015,-1.101,-1.2059,-0.9996
"prep.indic.W",11,0.47641,0.38501,0.57641,0.98556,0.92236,1.0565,-1.0786,-1.1828,-0.97813
"prep.indic.W",12,0.50627,0.41026,0.60927,1.0222,0.95375,1.0982,-1.0491,-1.1547,-0.94874
"prep.indic.W",13,0.53623,0.43584,0.64231,1.0684,0.99197,1.1503,-1.0168,-1.1252,-0.91519
"prep.indic.W",14,0.56133,0.45632,0.67038,1.0972,1.012,1.1843,-0.98695,-1.0955,-0.8864
"prep.indic.W",15,0.58906,0.48101,0.70658,1.1167,1.0308,1.2072,-0.95511,-1.0652,-0.85182
"prep.indic.W",16,0.61684,0.50424,0.74003,1.1068,1.0215,1.1973,-0.91939,-1.0309,-0.81754
"prep.indic.W",17,0.64244,0.527,0.76808,1.0771,0.99814,1.1658,-0.88237,-0.99657,-0.77722
"prep.indic.W",18,0.66682,0.54816,0.79203,1.0631,0.98807,1.1506,-0.84131,-0.95529,-0.73601
"prep.indic.W",19,0.69147,0.57036,0.82017,1.0653,0.98749,1.1526,-0.79453,-0.91199,-0.68425
"prep.indic.W",20,0.71802,0.5964,0.8559,1.0616,0.98212,1.1448,-0.75744,-0.87808,-0.6437
"prep.indic.W",21,0.73875,0.61829,0.88069,1.0538,0.97885,1.1287,-0.72257,-0.84391,-0.60591
"prep.indic.W",22,0.7656,0.63866,0.91205,1.0527,0.98486,1.1258,-0.6964,-0.81934,-0.57669
"prep.indic.W",23,0.79269,0.66112,0.94566,1.0339,0.96923,1.1025,-0.6619,-0.78479,-0.54094
"prep.indic.W",24,0.81894,0.68236,0.97834,1.0008,0.93929,1.0625,-0.62602,-0.75129,-0.50335
"prep.indic.W",25,0.84376,0.7048,1.0122,0.96344,0.90906,1.0187,-0.58798,-0.71638,-0.46291
"prep.indic.W",26,0.86043,0.71997,1.0338,0.9371,0.88447,0.99288,-0.55263,-0.67799,-0.42587
"prep.indic.W",27,0.87791,0.73815,1.0566,0.92491,0.86933,0.98616,-0.53526,-0.66025,-0.40597
"prep.indic.W",28,0.89816,0.75485,1.0781,0.91042,0.85345,0.97061,-0.52399,-0.64901,-0.39217
"prep.indic.W",29,0.91645,0.77256,1.0986,0.90226,0.84759,0.96314,-0.51268,-0.63906,-0.38059
"prep.indic.W",30,0.94148,0.79168,1.1253,0.89922,0.84249,0.96447,-0.49791,-0.62276,-0.36662
"prep.indic.W",35,0.973,0.81298,1.1561,0.92145,0.86463,0.98883,-0.43109,-0.55999,-0.29707
"prep.indic.W",40,0.97684,0.80681,1.1653,0.98801,0.91545,1.0765,-0.37257,-0.49812,-0.24187
"prep.indic.W",45,0.9783,0.81119,1.1698,1.045,0.95925,1.1276,-0.34406,-0.47608,-0.21624
"prep.indic.W",50,0.9851,0.81717,1.1622,1.0518,0.97255,1.1343,-0.28956,-0.42444,-0.1619
"prep.indic.W",55,1.0058,0.83961,1.1808,1.0166,0.94377,1.0991,-0.24059,-0.38475,-0.1112
"prep.indic.W",60,0.98584,0.82141,1.1654,1.0158,0.95596,1.0837,-0.19115,-0.3323,-0.059023
"prep.indic.W",65,0.96428,0.80354,1.1374,1.0312,0.96199,1.1116,-0.1414,-0.28014,-0.0042913
"prep.indic.W",70,0.99596,0.83043,1.1803,1.0137,0.93751,1.0895,-0.1014,-0.2395,0.036931
"prep.indic.W",75,1.0384,0.85953,1.2249,1.0021,0.9238,1.0761,-0.075704,-0.21581,0.069891
"prep.indic.W",80,1.0622,0.88391,1.2638,0.97667,0.90804,1.0502,-0.05398,-0.19171,0.090379
"prep.indic.W",85,1.0221,0.85577,1.2182,0.98638,0.9188,1.0489,-0.010856,-0.14534,0.12982
"prep.indic.W",90,0.96731,0.80008,1.1597,1.0691,0.99206,1.14,0.012895,-0.12297,0.13995
"prep.indic.W",95,0.90674,0.74478,1.0855,1.1268,1.048,1.2076,0.015958,-0.11832,0.13954
"prep.indic.W",100,0.92978,0.76466,1.1082,1.0783,1.0003,1.1593,0.011218,-0.11821,0.13922
"prep.indic.W",120,1.1101,0.94352,1.3047,1.0784,0.99496,1.1682,-0.022114,-0.1573,0.1167
"prep.indic.W",130,1.1037,0.90931,1.309,1.0784,0.99277,1.151,-0.0025941,-0.12635,0.12299
"prep.indic.W",140,1.0552,0.86378,1.2472,1.0444,0.96564,1.1252,-0.0074134,-0.13327,0.12169
"prep.indic.W",150,1.0282,0.83924,1.2185,1.0329,0.9604,1.1118,-0.012594,-0.1427,0.11383
"prep.indic.W",160,0.96814,0.77236,1.156,0.98853,0.91784,1.0651,-0.0092048,-0.14264,0.11693
"prep.indic.W",170,0.97836,0.7703,1.202,0.97091,0.89856,1.0506,-0.045331,-0.18601,0.076314
"prep.indic.W",180,0.98925,0.79171,1.2079,1.0607,0.99291,1.1462,-0.064251,-0.20658,0.068718
"prep.indic.W",190,1.0188,0.84264,1.2152,0.9222,0.8576,1.0014,-0.041536,-0.17843,0.10032
"prep.indic.W",200,0.88374,0.74026,1.0489,0.9788,0.90984,1.056,-0.013111,-0.14173,0.1096
"prep.indic.W",210,0.81911,0.67993,0.97143,1.005,0.93903,1.0816,0.016447,-0.10964,0.14366
"prep.indic.W",220,0.92155,0.77224,1.0921,0.98985,0.91871,1.0685,0.056226,-0.074996,0.18732
"prep.indic.W",230,0.95073,0.7798,1.1333,0.98226,0.90656,1.0615,0.051064,-0.085964,0.18682
"prep.indic.W",240,0.92649,0.76386,1.0978,0.95785,0.89735,1.0317,0.025757,-0.10463,0.16267
"prep.indic.W",250,0.89718,0.75107,1.0492,1.0127,0.93481,1.096,0.024641,-0.1096,0.14888
"gono.uret.inf",0,0.41453,0.347,0.50154,3.3183,3.0847,3.5481,2.2953,2.1776,2.4073
"gono.uret.inf",1,0.44317,0.36997,0.53445,3.5519,3.3056,3.7886,2.2313,2.1136,2.3447
"gono.uret.inf",2,0.46876,0.39237,0.56361,3.6158,3.3657,3.864,2.081,1.9634,2.1958
"gono.uret.inf",3,0.48926,0.40706,0.5825,3.3688,3.1442,3.6119,1.8877,1.7746,2.0028
"gono.uret.inf",4,0.50804,0.42656,0.60352,2.9273,2.7174,3.1435,1.6829,1.5688,1.7947
"gono.uret.inf",5,0.52268,0.43337,0.62035,2.4872,2.2936,2.6765,1.4923,1.3806,1.6069
"gono.uret.inf",6,0.5361,0.4416,0.64219,2.0999,1.9213,2.2674,1.3212,1.2143,1.4295
"gono.uret.inf",7,0.549,0.44874,0.65712,1.7968,1.6453,1.938,1.1722,1.0653,1.2783
"gono.uret.inf",8,0.56107,0.45485,0.66994,1.557,1.4148,1.6857,1.042,0.93426,1.1485
"gono.uret.inf",9,0.5723,0.46121,0.68071,1.3696,1.2476,1.4901,0.92898,0.82579,1.0369
"gono.uret.inf",10,0.57959,0.46447,0.69014,1.2294,1.1171,1.3466,0.83274,0.72678,0.93832
"gono.uret.inf",11,0.59022,0.47629,0.70191,1.1354,1.03,1.2504,0.75284,0.64558,0.85869
"gono.uret.inf",12,0.60413,0.4879,0.72251,1.0721,0.97704,1.1812,0.68667,0.58165,0.79388
"gono.uret.inf",13,0.6188,0.49868,0.74233,1.0184,0.93294,1.1227,0.63149,0.52647,0.74056
"gono.uret.inf",14,0.63873,0.51743,0.76526,0.98036,0.9046,1.0737,0.58639,0.47931,0.6977
"gono.uret.inf",15,0.66374,0.5337,0.79391,0.95993,0.8826,1.0522,0.54771,0.43946,0.65849
"gono.uret.inf",16,0.6829,0.55165,0.81202,0.95442,0.8763,1.0478,0.5169,0.40646,0.6282
"gono.uret.inf",17,0.69949,0.56773,0.83249,0.96111,0.88533,1.0628,0.49697,0.38645,0.60862
"gono.uret.inf",18,0.71228,0.57911,0.8466,0.96758,0.88291,1.0724,0.48249,0.37061,0.59915
"gono.uret.inf",19,0.7267,0.59073,0.86466,0.97351,0.88107,1.0811,0.47189,0.35917,0.5919
"gono.uret.inf",20,0.74094,0.6024,0.88196,0.98751,0.89378,1.097,0.46384,0.3507,0.58485
"gono.uret.inf",21,0.7529,0.61691,0.88794,1.0028,0.90638,1.1143,0.45481,0.33831,0.57504
"gono.uret.inf",22,0.76373,0.63343,0.89535,1.0142,0.91343,1.1227,0.44382,0.32685,0.56532
"gono.uret.inf",23,0.77737,0.65205,0.9062,1.0214,0.92903,1.12,0.43233,0.31469,0.55346
"gono.uret.inf",24,0.79801,0.66918,0.93579,1.0183,0.92533,1.1152,0.42227,0.30135,0.54709
"gono.uret.inf",25,0.8207,0.68994,0.96041,1.0121,0.91635,1.1062,0.41215,0.2875,0.5395
"gono.uret.inf",26,0.83816,0.70669,0.98063,1.0123,0.91926,1.1072,0.40204,0.2783,0.52788
"gono.uret.inf",27,0.85086,0.71877,0.99914,1.0144,0.92458,1.1108,0.39304,0.27114,0.51839
"gono.uret.inf",28,0.86475,0.72843,1.024,1.015,0.92553,1.1111,0.38302,0.26307,0.50905
"gono.uret.inf",29,0.87419,0.73346,1.038,1.0201,0.93335,1.1167,0.37156,0.25273,0.50056
"gono.uret.inf",30,0.88303,0.74021,1.0534,1.0304,0.94307,1.1295,0.3612,0.24122,0.49365
"gono.uret.inf",35,0.95963,0.78348,1.144,1.0642,0.96971,1.1604,0.30867,0.18123,0.43194
"gono.uret.inf",40,1.036,0.85089,1.2156,1.0088,0.91656,1.109,0.22195,0.09253,0.34562
"gono.uret.inf",45,1.0673,0.88883,1.2451,0.94679,0.86048,1.0356,0.11198,-0.02946,0.23899
"gono.uret.inf",50,1.0603,0.88138,1.2425,0.91993,0.83721,0.9993,0.010901,-0.12489,0.1411
"gono.uret.inf",55,0.93678,0.75759,1.1136,0.97523,0.88098,1.0673,-0.047759,-0.1775,0.090106
"gono.uret.inf",60,0.91237,0.72916,1.0982,0.99181,0.89875,1.0761,-0.080141,-0.20556,0.050376
"gono.uret.inf",65,0.94407,0.7665,1.1037,0.98221,0.88979,1.0609,-0.067622,-0.19652,0.076679
"gono.uret.inf",70,0.99147,0.8124,1.1407,1.0156,0.91161,1.1103,-0.024206,-0.15638,0.1142
"gono.uret.inf",75,0.95727,0.80581,1.1128,1.1224,1.0084,1.2271,-0.0027671,-0.12988,0.13361
"gono.uret.inf",80,0.97571,0.81562,1.1665,1.0572,0.96649,1.1491,0.019965,-0.10192,0.1557
"gono.uret.inf",85,0.93824,0.777,1.1229,1.0757,0.97625,1.1874,0.059354,-0.064822,0.19243
"gono.uret.inf",90,0.94346,0.78091,1.1166,1.0371,0.94529,1.1459,0.075221,-0.038074,0.20585
"gono.uret.inf",95,0.96882,0.82066,1.1566,1.0134,0.93384,1.1048,0.062464,-0.066496,0.19247
"gono.uret.inf",100,1.0105,0.84032,1.1851,0.9708,0.88713,1.0601,0.055847,-0.073582,0.18919
"gono.uret.inf",120,0.8515,0.70559,0.99466,0.94833,0.84141,1.0444,-0.023658,-0.12897,0.095146
"gono.uret.inf",130,0.9237,0.77022,1.0899,1.0324,0.94701,1.1271,-0.12031,-0.24271,0.018186
"gono.uret.inf",140,0.96921,0.81852,1.1321,1.0062,0.9118,1.1098,-0.10392,-0.23591,0.028464
"gono.uret.inf",150,0.91489,0.74294,1.0869,1.0196,0.9291,1.1191,-0.011508,-0.13063,0.11727
"gono.uret.inf",160,0.9709,0.80075,1.144,0.89918,0.81908,0.98435,0.019627,-0.10372,0.14514
"gono.uret.inf",170,0.89824,0.74575,1.0582,0.98359,0.90222,1.0719,0.030126,-0.08738,0.15934
"gono.uret.inf",180,0.95256,0.81692,1.1229,0.93549,0.85175,1.0242,0.036862,-0.093675,0.18017
"gono.uret.inf",190,0.96381,0.79538,1.148,0.91984,0.84471,1.0037,0.033358,-0.094381,0.17966
"gono.uret.inf",200,0.95638,0.78705,1.1446,0.95985,0.86836,1.0546,0.014449,-0.11469,0.13626
"gono.uret.inf",210,0.95922,0.77043,1.1502,0.99639,0.89844,1.1093,-0.034732,-0.16031,0.08231
"gono.uret.inf",220,0.99727,0.80929,1.1843,1.0284,0.94231,1.1324,-0.012613,-0.13014,0.094175
"gono.uret.inf",230,1.1299,0.89896,1.3735,0.92733,0.84648,1.0047,0.051676,-0.069317,0.1802
"gono.uret.inf",240,0.98667,0.8138,1.1719,0.98526,0.89435,1.071,0.046639,-0.078182,0.1708
"gono.uret.inf",250,0.85769,0.70617,1.0103,0.9992,0.90686,1.0944,0.012735,-0.11131,0.12078
"gono.rect.inf",0,0.41543,0.34531,0.48661,3.1251,2.9111,3.3257,2.2305,2.1165,2.3484
"gono.rect.inf",1,0.44538,0.36804,0.52157,3.3365,3.1126,3.5556,2.1753,2.0541,2.2917
"gono.rect.inf",2,0.47171,0.39005,0.55322,3.4287,3.1915,3.6557,2.0373,1.9166,2.1523
"gono.rect.inf",3,0.49321,0.40871,0.57575,3.233,2.9989,3.4577,1.8544,1.7359,1.9639
"gono.rect.inf",4,0.51165,0.42095,0.59475,2.8402,2.6222,3.0585,1.6578,1.5459,1.7647
"gono.rect.inf",5,0.52748,0.43368,0.61445,2.4207,2.2141,2.6235,1.4733,1.3652,1.5862
"gono.rect.inf",6,0.53981,0.443,0.62623,2.0481,1.8671,2.2276,1.306,1.2008,1.423
"gono.rect.inf",7,0.55232,0.45586,0.6483,1.751,1.5932,1.9159,1.16,1.0598,1.2802
"gono.rect.inf",8,0.56439,0.46524,0.66509,1.525,1.3796,1.6799,1.0334,0.93469,1.1529
"gono.rect.inf",9,0.57384,0.47314,0.67755,1.3477,1.2158,1.4893,0.92298,0.82637,1.0439
"gono.rect.inf",10,0.58086,0.47888,0.68799,1.2098,1.0889,1.3338,0.82828,0.72779,0.94699
"gono.rect.inf",11,0.59018,0.48787,0.69464,1.1183,1.0079,1.232,0.7502,0.6482,0.86565
"gono.rect.inf",12,0.60467,0.5003,0.70917,1.0551,0.95507,1.1584,0.68588,0.57763,0.80182
"gono.rect.inf",13,0.61899,0.5148,0.72676,1.0074,0.9134,1.1024,0.63246,0.52125,0.74785
"gono.rect.inf",14,0.63787,0.53184,0.75,0.97003,0.87857,1.0588,0.58691,0.47557,0.70589
"gono.rect.inf",15,0.65985,0.55132,0.77557,0.95134,0.86416,1.0389,0.54895,0.43645,0.66782
"gono.rect.inf",16,0.67926,0.57552,0.79067,0.94523,0.86168,1.0282,0.51754,0.40449,0.63581
"gono.rect.inf",17,0.69801,0.58915,0.81531,0.95312,0.86926,1.0372,0.4963,0.38269,0.61946
"gono.rect.inf",18,0.71205,0.60024,0.83281,0.96222,0.87339,1.0488,0.48182,0.36769,0.60391
"gono.rect.inf",19,0.72512,0.61055,0.8502,0.97166,0.88106,1.0597,0.4706,0.35349,0.59114
"gono.rect.inf",20,0.74001,0.61812,0.86779,0.98485,0.887,1.0779,0.46235,0.34212,0.58151
"gono.rect.inf",21,0.75261,0.62928,0.87858,1.0031,0.90246,1.0958,0.45294,0.33326,0.57206
"gono.rect.inf",22,0.76452,0.6419,0.89222,1.0139,0.91284,1.1055,0.44194,0.32707,0.56224
"gono.rect.inf",23,0.7769,0.64203,0.90657,1.0189,0.92532,1.105,0.4312,0.31903,0.55176
"gono.rect.inf",24,0.79674,0.66188,0.92812,1.0181,0.92534,1.1047,0.42134,0.30969,0.54658
"gono.rect.inf",25,0.81807,0.67674,0.94856,1.0144,0.9211,1.1049,0.41054,0.29884,0.53725
"gono.rect.inf",26,0.83353,0.69297,0.9676,1.0182,0.92281,1.1101,0.40065,0.28634,0.53078
"gono.rect.inf",27,0.84576,0.70119,0.98114,1.0222,0.92468,1.1158,0.39068,0.28065,0.51338
"gono.rect.inf",28,0.85934,0.70996,0.99494,1.0215,0.92248,1.1169,0.38013,0.26991,0.50302
"gono.rect.inf",29,0.86826,0.71334,1.0087,1.0221,0.92155,1.1213,0.36801,0.25687,0.48566
"gono.rect.inf",30,0.87754,0.71834,1.0191,1.0308,0.93218,1.1351,0.35807,0.2507,0.48069
"gono.rect.inf",35,0.9589,0.76995,1.1218,1.0689,0.97657,1.1692,0.30406,0.19649,0.43319
"gono.rect.inf",40,1.0377,0.84326,1.2099,1.0175,0.92882,1.1204,0.22072,0.11065,0.34972
"gono.rect.inf",45,1.0683,0.88393,1.2457,0.95979,0.86779,1.0427,0.1127,-0.0027917,0.24006
"gono.rect.inf",50,1.0668,0.88085,1.2318,0.92296,0.83857,1.0058,0.011537,-0.11129,0.1464
"gono.rect.inf",55,0.94433,0.75027,1.1284,0.97086,0.87511,1.0697,-0.045302,-0.17027,0.088772
"gono.rect.inf",60,0.90688,0.72212,1.1031,0.99261,0.90335,1.0786,-0.076058,-0.19087,0.053696
"gono.rect.inf",65,0.9435,0.77742,1.1502,0.97254,0.89211,1.0558,-0.062676,-0.19425,0.073653
"gono.rect.inf",70,0.9975,0.8388,1.1743,1.0106,0.91653,1.1083,-0.019217,-0.15634,0.11244
"gono.rect.inf",75,0.95736,0.80976,1.1226,1.1222,1.0047,1.2496,-0.00047381,-0.12444,0.12832
"gono.rect.inf",80,0.97316,0.804,1.1461,1.0647,0.96056,1.1747,0.02218,-0.098485,0.15215
"gono.rect.inf",85,0.93509,0.77499,1.0861,1.075,0.9652,1.1924,0.056418,-0.072928,0.18651
"gono.rect.inf",90,0.93914,0.79322,1.0943,1.03,0.93081,1.131,0.074218,-0.061827,0.20635
"gono.rect.inf",95,0.96378,0.81133,1.1091,1.0196,0.92919,1.1137,0.063804,-0.075163,0.1885
"gono.rect.inf",100,1.0078,0.84779,1.1454,0.97099,0.89355,1.0575,0.052275,-0.088475,0.17612
"gono.rect.inf",120,0.84469,0.70686,0.98819,0.94373,0.85336,1.0481,-0.020103,-0.14205,0.10033
"gono.rect.inf",130,0.92708,0.77481,1.0797,1.0409,0.9483,1.1485,-0.11795,-0.24627,0.0063705
"gono.rect.inf",140,0.98112,0.8338,1.1465,1.0136,0.91765,1.1297,-0.10144,-0.22538,0.027246
"gono.rect.inf",150,0.91261,0.75668,1.0908,1.0331,0.93876,1.1379,-0.0082327,-0.12267,0.11387
"gono.rect.inf",160,0.96466,0.80837,1.1487,0.90549,0.82298,0.99168,0.019927,-0.10496,0.14567
"gono.rect.inf",170,0.88759,0.74984,1.0488,0.99136,0.89648,1.0781,0.031657,-0.093043,0.16611
"gono.rect.inf",180,0.95219,0.79616,1.1136,0.93478,0.84641,1.0263,0.041491,-0.092006,0.17743
"gono.rect.inf",190,0.96596,0.79931,1.1177,0.93388,0.84719,1.0123,0.041252,-0.10244,0.15917
"gono.rect.inf",200,0.97097,0.79609,1.1298,0.94988,0.85753,1.0422,0.024153,-0.10536,0.15012
"gono.rect.inf",210,0.96771,0.78607,1.1483,0.99353,0.8901,1.0958,-0.029328,-0.15452,0.11134
"gono.rect.inf",220,0.99525,0.80747,1.1809,1.033,0.94121,1.1318,-0.011602,-0.14009,0.11903
"gono.rect.inf",230,1.1277,0.9178,1.3513,0.93296,0.85584,1.0318,0.048353,-0.079818,0.17905
"gono.rect.inf",240,0.99612,0.83071,1.1573,0.98992,0.8984,1.0809,0.044506,-0.074472,0.16889
"gono.rect.inf",250,0.86001,0.7043,0.99363,1.0016,0.90906,1.1084,0.015978,-0.10502,0.13321
"chla.uret.inf",0,0.41613,0.32992,0.51136,5.2824,5.0879,5.5034,0.10874,0.013889,0.20072
"chla.uret.inf",1,0.44898,0.35545,0.54828,2.2837,2.1667,2.4123,0.44172,0.34316,0.54069
"chla.uret.inf",2,0.47657,0.37899,0.58087,1.3348,1.2549,1.4405,0.62469,0.52206,0.73107
"chla.uret.inf",3,0.49827,0.3914,0.60783,1.0639,0.98963,1.1529,0.7195,0.61776,0.82873
"chla.uret.inf",4,0.51724,0.40913,0.62629,1.0107,0.93145,1.1058,0.7615,0.66271,0.87256
"chla.uret.inf",5,0.53312,0.42741,0.6405,1.009,0.92461,1.1048,0.76585,0.66863,0.8793
"chla.uret.inf",6,0.54766,0.44315,0.65278,1.0139,0.93077,1.108,0.74904,0.65087,0.86268
"chla.uret.inf",7,0.55888,0.45589,0.66027,1.016,0.93681,1.1117,0.7216,0.62327,0.838
"chla.uret.inf",8,0.57078,0.46712,0.67162,1.0103,0.93161,1.105,0.6852,0.58184,0.79682
"chla.uret.inf",9,0.57938,0.47112,0.68464,1.001,0.91865,1.0981,0.64779,0.54058,0.76112
"chla.uret.inf",10,0.58763,0.47893,0.68979,0.99177,0.90646,1.0824,0.61402,0.51169,0.7247
"chla.uret.inf",11,0.59616,0.48787,0.70325,0.98602,0.90171,1.0783,0.58382,0.48174,0.69517
"chla.uret.inf",12,0.60575,0.4916,0.71672,0.97309,0.89501,1.0594,0.55869,0.45739,0.67177
"chla.uret.inf",13,0.61375,0.49531,0.729,0.96851,0.8886,1.0583,0.5387,0.43774,0.65179
"chla.uret.inf",14,0.62223,0.5008,0.73668,0.9714,0.88877,1.0654,0.52192,0.42355,0.63288
"chla.uret.inf",15,0.63317,0.50776,0.74532,0.97236,0.88481,1.0642,0.51256,0.41275,0.62123
"chla.uret.inf",16,0.64856,0.52015,0.75841,0.97489,0.89068,1.064,0.50498,0.40291,0.6152
"chla.uret.inf",17,0.66542,0.53436,0.77289,0.97615,0.89563,1.0604,0.50211,0.39915,0.61535
"chla.uret.inf",18,0.67276,0.54192,0.77934,0.97662,0.89453,1.0617,0.50367,0.40078,0.61687
"chla.uret.inf",19,0.67421,0.54148,0.77409,0.98181,0.89676,1.0679,0.50754,0.40188,0.6183
"chla.uret.inf",20,0.67381,0.53843,0.77015,0.99236,0.90764,1.0808,0.51015,0.40668,0.6259
"chla.uret.inf",21,0.67592,0.54593,0.7773,1.0176,0.93443,1.1119,0.50812,0.40579,0.62869
"chla.uret.inf",22,0.68333,0.55853,0.7904,1.0453,0.95316,1.1473,0.49803,0.39325,0.61909
"chla.uret.inf",23,0.69779,0.56674,0.81317,1.0577,0.95709,1.1611,0.48476,0.37835,0.60634
"chla.uret.inf",24,0.71809,0.58317,0.83562,1.0554,0.95865,1.1655,0.46595,0.35701,0.58719
"chla.uret.inf",25,0.74802,0.59885,0.87891,1.0545,0.96394,1.1662,0.44877,0.33326,0.56965
"chla.uret.inf",26,0.77864,0.62532,0.90469,1.0452,0.95107,1.155,0.43198,0.3158,0.55286
"chla.uret.inf",27,0.80021,0.64546,0.93504,1.0364,0.94076,1.1395,0.41356,0.29845,0.53504
"chla.uret.inf",28,0.82039,0.6606,0.9578,1.0296,0.93129,1.1275,0.3974,0.27719,0.5215
"chla.uret.inf",29,0.82635,0.673,0.96571,1.0292,0.92824,1.1236,0.37983,0.25531,0.50533
"chla.uret.inf",30,0.83232,0.6832,0.96929,1.0292,0.93179,1.1195,0.36359,0.23938,0.49027
"chla.uret.inf",35,0.91469,0.76716,1.0696,1.0063,0.91991,1.1023,0.28837,0.15987,0.41957
"chla.uret.inf",40,0.97855,0.83524,1.1243,1.0023,0.91893,1.1066,0.21147,0.075584,0.33793
"chla.uret.inf",45,0.97016,0.81692,1.1314,0.97592,0.87334,1.0946,0.12835,-0.0057036,0.2408
"chla.uret.inf",50,0.92616,0.7567,1.113,1,0.88748,1.1187,0.054915,-0.073399,0.16483
"chla.uret.inf",55,0.85364,0.68839,1.0385,1.0044,0.91632,1.0933,-0.0016721,-0.12801,0.10833
"chla.uret.inf",60,0.83281,0.67705,1.0092,0.96752,0.87814,1.0613,-0.043778,-0.17353,0.07881
"chla.uret.inf",65,0.8302,0.69985,0.96699,0.96825,0.87833,1.0614,-0.051144,-0.17986,0.073579
"chla.uret.inf",70,0.8707,0.74719,0.9969,0.97956,0.88118,1.0847,-0.017776,-0.14191,0.10997
"chla.uret.inf",75,0.90801,0.75289,1.0527,0.95731,0.87114,1.0549,-0.0091855,-0.14012,0.12573
"chla.uret.inf",80,0.89409,0.74007,1.0424,0.94603,0.85703,1.0302,-0.013364,-0.14722,0.11886
"chla.uret.inf",85,0.8434,0.706,0.98118,1.0044,0.91961,1.0966,0.018662,-0.10718,0.13603
"chla.uret.inf",90,0.87085,0.72049,1.0347,1.0217,0.92336,1.11,0.02401,-0.10868,0.14164
"chla.uret.inf",95,0.93039,0.7508,1.1197,1.014,0.92015,1.112,0.029569,-0.10399,0.1492
"chla.uret.inf",100,1.0046,0.8196,1.2123,1.0082,0.91877,1.1077,0.044395,-0.075321,0.18166
"chla.uret.inf",120,0.86855,0.72644,1.0155,1.0305,0.93738,1.1192,-0.075424,-0.19393,0.056677
"chla.uret.inf",130,0.82594,0.67977,0.9587,1.0273,0.92824,1.1431,-0.131,-0.24782,-0.012184
"chla.uret.inf",140,0.86261,0.70855,1.0367,0.98907,0.90563,1.1013,-0.10851,-0.22608,0.010784
"chla.uret.inf",150,0.9516,0.79604,1.1381,0.95907,0.87972,1.0513,-0.037796,-0.16654,0.075456
"chla.uret.inf",160,0.92561,0.76469,1.0952,0.98988,0.89839,1.0813,0.0066397,-0.12489,0.12697
"chla.uret.inf",170,0.81958,0.65865,0.98441,1.0467,0.94851,1.1558,0.028961,-0.093945,0.14784
"chla.uret.inf",180,0.94889,0.79304,1.1279,0.96937,0.88,1.085,0.080169,-0.050756,0.20958
"chla.uret.inf",190,1.0434,0.85029,1.2504,0.9746,0.89068,1.0513,0.056557,-0.09284,0.19468
"chla.uret.inf",200,0.88585,0.73141,1.044,1.0591,0.97166,1.1576,0.012977,-0.11646,0.13285
"chla.uret.inf",210,0.826,0.68869,0.99353,1.0511,0.94111,1.1622,-0.017291,-0.1314,0.097845
"chla.uret.inf",220,0.99408,0.83754,1.1833,0.93581,0.85481,1.0251,-0.0054598,-0.1284,0.12508
"chla.uret.inf",230,1.06,0.88647,1.2714,0.96377,0.87667,1.0547,0.056404,-0.061965,0.1851
"chla.uret.inf",240,0.85734,0.71188,1.0102,0.97448,0.8873,1.0644,0.097088,-0.023221,0.23063
"chla.uret.inf",250,0.75603,0.62752,0.88583,1.0926,0.98606,1.1968,0.1003,-0.0021815,0.21656
"chla.rect.inf",0,0.42239,0.33605,0.52203,4.5327,4.3432,4.7222,0.11513,0.022739,0.21226
"chla.rect.inf",1,0.45591,0.36014,0.56172,2.3085,2.1873,2.4259,0.4021,0.30842,0.50277
"chla.rect.inf",2,0.48205,0.38126,0.59106,1.3398,1.248,1.4247,0.58704,0.49052,0.68872
"chla.rect.inf",3,0.5016,0.40179,0.61356,1.0485,0.9734,1.129,0.68666,0.5872,0.7876
"chla.rect.inf",4,0.51714,0.41639,0.62506,0.98502,0.90444,1.0728,0.7316,0.63109,0.83426
"chla.rect.inf",5,0.53521,0.4318,0.64549,0.97855,0.89654,1.0637,0.74001,0.63739,0.84603
"chla.rect.inf",6,0.54837,0.4433,0.65148,0.98441,0.89797,1.0684,0.72552,0.62105,0.82993
"chla.rect.inf",7,0.5585,0.45527,0.66045,0.98666,0.90016,1.0755,0.69892,0.59609,0.80165
"chla.rect.inf",8,0.56915,0.46696,0.67194,0.98262,0.8981,1.0736,0.66461,0.55795,0.7672
"chla.rect.inf",9,0.57482,0.47428,0.68033,0.97803,0.89204,1.0719,0.62902,0.52016,0.73299
"chla.rect.inf",10,0.57791,0.47527,0.68296,0.97443,0.89149,1.0709,0.59611,0.48471,0.69946
"chla.rect.inf",11,0.58516,0.47927,0.69055,0.97303,0.8922,1.0684,0.56757,0.45704,0.66875
"chla.rect.inf",12,0.59148,0.48015,0.70102,0.96613,0.89113,1.0573,0.54436,0.43584,0.64631
"chla.rect.inf",13,0.5976,0.48403,0.7096,0.96607,0.88755,1.0609,0.5252,0.41712,0.62579
"chla.rect.inf",14,0.60375,0.49047,0.71575,0.97529,0.89437,1.0696,0.50959,0.40005,0.60828
"chla.rect.inf",15,0.61397,0.50695,0.72909,0.97508,0.89136,1.0647,0.49939,0.39124,0.59674
"chla.rect.inf",16,0.62949,0.52212,0.7469,0.97647,0.89765,1.065,0.49117,0.38246,0.59001
"chla.rect.inf",17,0.6461,0.53993,0.7654,0.97789,0.90142,1.0634,0.48757,0.37864,0.58929
"chla.rect.inf",18,0.65451,0.54423,0.77189,0.97575,0.8981,1.0569,0.48853,0.38169,0.59208
"chla.rect.inf",19,0.65867,0.54376,0.77934,0.97957,0.90081,1.0638,0.49105,0.38929,0.59541
"chla.rect.inf",20,0.65969,0.54356,0.78269,0.9885,0.90603,1.0713,0.49364,0.39552,0.60012
"chla.rect.inf",21,0.6614,0.53966,0.78754,1.0098,0.92594,1.0951,0.49224,0.39426,0.59978
"chla.rect.inf",22,0.66945,0.54703,0.80041,1.036,0.94458,1.1317,0.48353,0.38521,0.59572
"chla.rect.inf",23,0.68436,0.56153,0.82238,1.0484,0.954,1.142,0.46927,0.36725,0.58378
"chla.rect.inf",24,0.70633,0.5756,0.84858,1.0468,0.94814,1.1474,0.45145,0.34425,0.56127
"chla.rect.inf",25,0.73339,0.59546,0.88497,1.0453,0.94585,1.1465,0.43333,0.32487,0.54425
"chla.rect.inf",26,0.76345,0.61833,0.92062,1.0343,0.93614,1.1388,0.41659,0.30608,0.53172
"chla.rect.inf",27,0.78826,0.64038,0.94468,1.0255,0.93346,1.1263,0.39917,0.28732,0.51494
"chla.rect.inf",28,0.80815,0.66362,0.96098,1.0197,0.93251,1.117,0.38312,0.2678,0.49858
"chla.rect.inf",29,0.81582,0.6807,0.9721,1.0127,0.92892,1.1029,0.36411,0.24452,0.4819
"chla.rect.inf",30,0.82172,0.68876,0.97491,1.012,0.92331,1.1087,0.34726,0.22723,0.46334
"chla.rect.inf",35,0.90007,0.74547,1.0646,1.002,0.92064,1.1015,0.27411,0.1637,0.3861
"chla.rect.inf",40,0.96345,0.8221,1.1124,0.99021,0.90329,1.0834,0.20474,0.087136,0.32636
"chla.rect.inf",45,0.96299,0.82068,1.1259,0.96007,0.85585,1.0676,0.12077,0.0011444,0.2451
"chla.rect.inf",50,0.92419,0.76544,1.0923,0.98013,0.86696,1.0886,0.052227,-0.069253,0.17234
"chla.rect.inf",55,0.84401,0.68138,1.0192,0.98057,0.88194,1.0638,-0.0027336,-0.1108,0.1143
"chla.rect.inf",60,0.81874,0.66423,0.98426,0.95297,0.86742,1.0383,-0.047219,-0.16399,0.074333
"chla.rect.inf",65,0.81439,0.69383,0.95572,0.9607,0.87569,1.0486,-0.050891,-0.16818,0.075265
"chla.rect.inf",70,0.85761,0.73952,1.002,0.97505,0.87432,1.0755,-0.014091,-0.13455,0.11183
"chla.rect.inf",75,0.90135,0.77161,1.0619,0.95267,0.86394,1.0406,-0.0080028,-0.13897,0.11436
"chla.rect.inf",80,0.89246,0.75856,1.0389,0.95075,0.87955,1.0413,-0.011039,-0.1406,0.10605
"chla.rect.inf",85,0.83922,0.70508,0.99001,1.0125,0.92602,1.109,0.019999,-0.096527,0.1343
"chla.rect.inf",90,0.86592,0.70845,1.0301,1.022,0.94216,1.1303,0.020968,-0.094773,0.13606
"chla.rect.inf",95,0.92308,0.75154,1.1084,1.0055,0.90842,1.121,0.027607,-0.08829,0.15637
"chla.rect.inf",100,1.0045,0.82235,1.1983,0.99389,0.90117,1.0891,0.042504,-0.085082,0.18576
"chla.rect.inf",120,0.86902,0.72152,1.0222,1.0311,0.94443,1.1285,-0.076329,-0.18485,0.041807
"chla.rect.inf",130,0.85122,0.71654,1.002,1.0296,0.93967,1.1325,-0.13063,-0.25158,-0.012216
"chla.rect.inf",140,0.87159,0.7366,1.0201,1.0027,0.90898,1.0993,-0.10959,-0.22833,0.0087178
"chla.rect.inf",150,0.94759,0.79102,1.117,0.96192,0.87859,1.0554,-0.039402,-0.1728,0.084314
"chla.rect.inf",160,0.91303,0.75913,1.0905,0.98504,0.90063,1.0824,0.0085687,-0.099227,0.13422
"chla.rect.inf",170,0.81284,0.66579,0.95581,1.0422,0.94431,1.153,0.029252,-0.087961,0.15703
"chla.rect.inf",180,0.9491,0.78414,1.0934,0.96225,0.86532,1.0725,0.07666,-0.060002,0.20203
"chla.rect.inf",190,1.0384,0.86611,1.2405,0.96871,0.88665,1.0607,0.047755,-0.088023,0.1832
"chla.rect.inf",200,0.88386,0.73359,1.0521,1.0561,0.95686,1.1605,0.006057,-0.10874,0.13149
"chla.rect.inf",210,0.82683,0.67836,0.97398,1.0512,0.94359,1.1783,-0.017797,-0.13072,0.098115
"chla.rect.inf",220,0.99945,0.81644,1.1851,0.94112,0.84997,1.0222,-0.0038657,-0.12788,0.11618
"chla.rect.inf",230,1.0663,0.88519,1.2381,0.98527,0.89103,1.0678,0.061386,-0.060484,0.18742
"chla.rect.inf",240,0.86741,0.71833,1.0295,0.98729,0.89395,1.0704,0.099876,-0.013742,0.21954
"chla.rect.inf",250,0.75962,0.62494,0.89945,1.0901,0.98259,1.2002,0.097792,-0.021825,0.21911
"syph.inf",0,0.52194,0.43954,0.61999,1.353,1.2571,1.4403,0.66156,0.5569,0.75479
"syph.inf",1,0.55908,0.47007,0.66577,1.0997,1.0099,1.1937,0.7573,0.648,0.85433
"syph.inf",2,0.58762,0.49325,0.69887,1.0259,0.93152,1.1238,0.81113,0.69782,0.91191
"syph.inf",3,0.60462,0.50693,0.71991,1.0328,0.93702,1.1356,0.82654,0.71373,0.92567
"syph.inf",4,0.61194,0.50882,0.73469,1.0364,0.94266,1.1379,0.81479,0.7018,0.91091
"syph.inf",5,0.616,0.51081,0.73903,1.0204,0.9259,1.1189,0.78689,0.67518,0.88157
"syph.inf",6,0.61651,0.50836,0.74071,0.99503,0.90122,1.0948,0.75389,0.64098,0.84893
"syph.inf",7,0.61372,0.49938,0.73133,0.96882,0.87758,1.0734,0.72059,0.61111,0.81709
"syph.inf",8,0.60775,0.50391,0.71599,0.95066,0.8574,1.0542,0.68799,0.58358,0.78536
"syph.inf",9,0.60222,0.50153,0.70576,0.94408,0.84583,1.0515,0.6584,0.55499,0.75813
"syph.inf",10,0.59694,0.50042,0.69975,0.9429,0.84855,1.0542,0.63279,0.53019,0.72771
"syph.inf",11,0.59229,0.49808,0.68945,0.94289,0.84786,1.0474,0.61024,0.507,0.7058
"syph.inf",12,0.59108,0.49671,0.68804,0.94487,0.84935,1.0472,0.59379,0.48829,0.69159
"syph.inf",13,0.59409,0.49991,0.69745,0.95057,0.85858,1.056,0.58119,0.47001,0.68065
"syph.inf",14,0.59906,0.49828,0.70167,0.96,0.86461,1.0665,0.57327,0.46195,0.67133
"syph.inf",15,0.60252,0.5025,0.70706,0.97254,0.87605,1.0778,0.56894,0.45973,0.67322
"syph.inf",16,0.60618,0.50743,0.70964,0.97975,0.88004,1.0832,0.56559,0.4588,0.67003
"syph.inf",17,0.61059,0.50979,0.71646,0.98469,0.88128,1.0892,0.56339,0.45879,0.66662
"syph.inf",18,0.61418,0.50893,0.71889,0.99459,0.89477,1.0971,0.56278,0.45924,0.66318
"syph.inf",19,0.61879,0.51249,0.7317,1.0092,0.90923,1.1122,0.56214,0.4582,0.66297
"syph.inf",20,0.62468,0.5183,0.74033,1.0221,0.92552,1.1264,0.5606,0.45671,0.66105
"syph.inf",21,0.63278,0.5242,0.74808,1.0293,0.93153,1.1353,0.55588,0.45264,0.65182
"syph.inf",22,0.6447,0.53385,0.76627,1.0395,0.93908,1.1549,0.54655,0.44229,0.64262
"syph.inf",23,0.66162,0.54862,0.78291,1.0535,0.9485,1.169,0.53267,0.42707,0.63102
"syph.inf",24,0.6798,0.55869,0.80231,1.0714,0.96147,1.1933,0.51618,0.41057,0.61759
"syph.inf",25,0.69919,0.57321,0.82494,1.0821,0.9688,1.2023,0.49906,0.39441,0.60012
"syph.inf",26,0.71927,0.59344,0.8459,1.0846,0.97039,1.2044,0.48026,0.37511,0.58158
"syph.inf",27,0.73657,0.61011,0.86208,1.0879,0.97277,1.2059,0.46113,0.35464,0.56544
"syph.inf",28,0.75219,0.62315,0.87893,1.0899,0.97322,1.2093,0.44372,0.33588,0.54591
"syph.inf",29,0.76931,0.63265,0.90052,1.0835,0.96531,1.2021,0.42852,0.31733,0.52891
"syph.inf",30,0.79019,0.64486,0.92489,1.0694,0.95591,1.1847,0.41406,0.30207,0.51474
"syph.inf",35,0.89119,0.73425,1.0263,1.0365,0.93346,1.1356,0.32558,0.20313,0.43734
"syph.inf",40,0.97912,0.80622,1.1534,1.0232,0.92605,1.1216,0.22268,0.084075,0.34489
"syph.inf",45,0.96967,0.80719,1.1419,1.0142,0.9086,1.109,0.1711,0.032456,0.3023
"syph.inf",50,0.92421,0.77306,1.0814,1.0624,0.95713,1.1612,0.13031,-0.013569,0.26017
"syph.inf",55,0.84551,0.69404,1.0008,1.1034,1.001,1.2249,0.080802,-0.055412,0.20663
"syph.inf",60,0.81051,0.65726,0.9688,1.0681,0.97981,1.175,0.049928,-0.066093,0.16534
"syph.inf",65,0.86383,0.6778,1.0366,1.0053,0.91377,1.1037,0.011556,-0.092694,0.13111
"syph.inf",70,0.92664,0.73838,1.1191,0.9567,0.86868,1.033,-0.01087,-0.12736,0.11288
"syph.inf",75,0.96207,0.76165,1.1675,0.93813,0.84971,1.0289,0.014649,-0.11941,0.13561
"syph.inf",80,0.94125,0.7712,1.1324,0.90698,0.8239,0.9901,0.0091615,-0.12855,0.123
"syph.inf",85,0.8508,0.70524,1.017,0.97359,0.88527,1.0766,0.024286,-0.10456,0.13493
"syph.inf",90,0.78613,0.651,0.91944,1.0135,0.91736,1.128,0.029169,-0.091154,0.14508
"syph.inf",95,0.81603,0.68867,0.95499,0.96086,0.86541,1.0611,0.023743,-0.10578,0.1398
"syph.inf",100,0.89659,0.73879,1.0471,0.90135,0.80607,0.99619,0.033324,-0.095916,0.15733
"syph.inf",120,0.96006,0.77566,1.1493,0.96244,0.84507,1.0697,-0.047549,-0.17054,0.090559
"syph.inf",130,0.97572,0.80223,1.1663,0.99656,0.90668,1.0974,-0.12574,-0.26098,0.016444
"syph.inf",140,0.85998,0.72908,1.0129,1.0235,0.92336,1.1406,-0.079486,-0.20493,0.040477
"syph.inf",150,0.88088,0.71279,1.0553,1.0118,0.90228,1.1286,-0.04168,-0.17701,0.078271
"syph.inf",160,1.012,0.82989,1.2041,0.89086,0.79336,0.98734,-0.016245,-0.15152,0.10553
"syph.inf",170,1.0394,0.85156,1.2399,0.96426,0.87448,1.0554,0.011554,-0.11302,0.1268
"syph.inf",180,1.1348,0.91084,1.4019,1.0492,0.94537,1.1458,0.029432,-0.096986,0.14667
"syph.inf",190,1.0845,0.90701,1.2694,1.0244,0.90941,1.1559,0.048684,-0.075941,0.1726
"syph.inf",200,0.89254,0.71935,1.0544,1.0873,0.98113,1.2031,0.022417,-0.099276,0.14019
"syph.inf",210,0.83806,0.68314,0.9987,0.99514,0.88857,1.0963,-0.02599,-0.14046,0.092905
"syph.inf",220,0.92023,0.7553,1.0883,0.97087,0.87115,1.0752,-0.0021179,-0.11097,0.12459
"syph.inf",230,1.0211,0.84752,1.1988,1.0011,0.91516,1.0923,0.030587,-0.092,0.16081
"syph.inf",240,0.96124,0.79695,1.1149,1.0986,0.99419,1.2233,0.03434,-0.084288,0.15606
"syph.inf",250,0.86351,0.6964,1.0252,1.0788,0.97133,1.2023,-0.0030465,-0.11813,0.11715
