"var","lag","rho","lo","hi"
"prev",0,1,1,1
"prev",1,0.99306,0.99251,0.99351
"prev",2,0.98114,0.97986,0.98221
"prev",3,0.96742,0.96535,0.9692
"prev",4,0.95224,0.94934,0.95475
"prev",5,0.93589,0.93209,0.93924
"prev",6,0.9185,0.91376,0.92265
"prev",7,0.9002,0.89445,0.90514
"prev",8,0.88103,0.87416,0.88683
"prev",9,0.86105,0.85302,0.86778
"prev",10,0.84042,0.83123,0.84807
"prev",11,0.81925,0.80894,0.82783
"prev",12,0.79769,0.78622,0.80739
"prev",13,0.7758,0.7632,0.78657
"prev",14,0.75364,0.73996,0.76543
"prev",15,0.73133,0.71668,0.74403
"prev",16,0.7089,0.6932,0.72252
"prev",17,0.68642,0.66981,0.70104
"prev",18,0.66402,0.64641,0.6796
"prev",19,0.64168,0.62311,0.65823
"prev",20,0.61938,0.59975,0.63685
"prev",21,0.59726,0.57688,0.61561
"prev",22,0.57538,0.55414,0.59459
"prev",23,0.55373,0.53147,0.57389
"prev",24,0.53241,0.50894,0.55347
"prev",25,0.5115,0.48691,0.53343
"prev",26,0.49104,0.46559,0.51389
"prev",27,0.47101,0.44477,0.49494
"prev",28,0.45152,0.4244,0.47654
"prev",29,0.43258,0.40477,0.45867
"prev",30,0.41425,0.38573,0.44132
"prev",31,0.39656,0.36728,0.42453
"prev",32,0.37948,0.34952,0.4083
"prev",33,0.36311,0.3325,0.39273
"prev",34,0.34734,0.31617,0.37769
"prev",35,0.33219,0.30056,0.36321
"prev",36,0.31765,0.28567,0.3492
"prev",37,0.30382,0.27155,0.33586
"prev",38,0.29068,0.25807,0.32319
"prev",39,0.27819,0.24509,0.31094
"prev",40,0.26643,0.23333,0.29942
"prev",41,0.25532,0.22186,0.28852
"prev",42,0.24487,0.21079,0.27829
"prev",43,0.23506,0.20053,0.26871
"prev",44,0.22586,0.19065,0.2597
"prev",45,0.2172,0.1814,0.25184
"prev",46,0.20901,0.17285,0.24427
"prev",47,0.2013,0.16519,0.23723
"prev",48,0.19413,0.15796,0.23051
"prev",49,0.18741,0.15107,0.224
"prev",50,0.18099,0.14482,0.21778
"prev",51,0.17461,0.13875,0.21205
"prev",52,0.16859,0.13311,0.20665
"prev",53,0.16283,0.12765,0.20149
"prev",54,0.15744,0.12235,0.19657
"prev",55,0.15239,0.11721,0.19133
"prev",56,0.14768,0.11238,0.18647
"prev",57,0.14336,0.10793,0.182
"prev",58,0.13936,0.10382,0.17784
"prev",59,0.13554,0.10005,0.17384
"prev",60,0.13187,0.096285,0.1702
"prev",61,0.12839,0.092822,0.16717
"prev",62,0.12504,0.088868,0.16434
"prev",63,0.1219,0.085728,0.16166
"prev",64,0.11891,0.082562,0.15877
"prev",65,0.11601,0.079328,0.15565
"prev",66,0.11326,0.076221,0.15319
"prev",67,0.11065,0.073501,0.15082
"prev",68,0.10813,0.070856,0.14841
"prev",69,0.10571,0.068354,0.14589
"prev",70,0.10342,0.06594,0.14313
"prev",71,0.10109,0.063502,0.14031
"prev",72,0.098747,0.061193,0.13802
"prev",73,0.096403,0.058879,0.13593
"prev",74,0.094034,0.056346,0.13309
"prev",75,0.091702,0.054035,0.13102
"prev",76,0.089456,0.051893,0.12826
"prev",77,0.08729,0.049694,0.12623
"prev",78,0.085236,0.047537,0.12396
"prev",79,0.083266,0.045352,0.12165
"prev",80,0.081334,0.04327,0.11943
"prev",81,0.0794,0.04124,0.1173
"prev",82,0.077442,0.03921,0.11506
"prev",83,0.075465,0.037182,0.11277
"prev",84,0.073519,0.035312,0.11052
"prev",85,0.071588,0.033447,0.10844
"prev",86,0.069622,0.031407,0.10678
"prev",87,0.067623,0.029159,0.10513
"prev",88,0.0656,0.02704,0.10345
"prev",89,0.063592,0.024974,0.10171
"prev",90,0.061666,0.023281,0.10024
"prev",91,0.059686,0.02199,0.098376
"prev",92,0.057689,0.020908,0.096478
"prev",93,0.055731,0.019332,0.094984
"prev",94,0.053751,0.016412,0.093136
"prev",95,0.051804,0.013756,0.09127
"prev",96,0.049933,0.012224,0.089676
"prev",97,0.048129,0.010786,0.088444
"prev",98,0.046326,0.009191,0.087873
"prev",99,0.044538,0.0073156,0.087068
"prev",100,0.042786,0.0057457,0.085523
"prev",101,0.041062,0.0036048,0.083707
"prev",102,0.039388,0.0015306,0.081877
"prev",103,0.037729,-0.0009157,0.080496
"prev",104,0.036084,-0.0033007,0.078852
"prev",105,0.034534,-0.0052451,0.076866
"prev",106,0.033045,-0.0068198,0.076079
"prev",107,0.031647,-0.0082721,0.075408
"prev",108,0.030311,-0.0096801,0.074382
"prev",109,0.028968,-0.011308,0.072882
"prev",110,0.027619,-0.01321,0.071225
"prev",111,0.026321,-0.015557,0.06984
"prev",112,0.025167,-0.017715,0.069126
"prev",113,0.024151,-0.019713,0.068168
"prev",114,0.023136,-0.021228,0.067187
"prev",115,0.022221,-0.022367,0.066104
"prev",116,0.021411,-0.023413,0.065802
"prev",117,0.020725,-0.023622,0.06548
"prev",118,0.02009,-0.02381,0.064645
"prev",119,0.01948,-0.02489,0.063857
"prev",120,0.01889,-0.025815,0.063568
"prev",121,0.018388,-0.026291,0.063405
"prev",122,0.017967,-0.026716,0.063584
"prev",123,0.017704,-0.026968,0.063983
"prev",124,0.017565,-0.027062,0.064302
"prev",125,0.017629,-0.027025,0.064779
"prev",126,0.017822,-0.026865,0.065368
"prev",127,0.018043,-0.026824,0.065956
"prev",128,0.018222,-0.026898,0.066389
"prev",129,0.018352,-0.026951,0.066584
"prev",130,0.018478,-0.026961,0.066285
"prev",131,0.018715,-0.026951,0.066307
"prev",132,0.019011,-0.02631,0.066222
"prev",133,0.019335,-0.026218,0.066142
"prev",134,0.019744,-0.026189,0.066158
"prev",135,0.020145,-0.026145,0.066288
"prev",136,0.020551,-0.026025,0.066544
"prev",137,0.021097,-0.025214,0.066883
"prev",138,0.021812,-0.023959,0.067612
"prev",139,0.022683,-0.023392,0.068743
"prev",140,0.023689,-0.022965,0.070007
"prev",141,0.024731,-0.02241,0.071533
"prev",142,0.025831,-0.021748,0.073049
"prev",143,0.02693,-0.020984,0.074291
"prev",144,0.028004,-0.019435,0.0755
"prev",145,0.029148,-0.017943,0.077192
"prev",146,0.03018,-0.017103,0.078138
"prev",147,0.031086,-0.015866,0.079116
"prev",148,0.031916,-0.015839,0.079541
"prev",149,0.032628,-0.015714,0.080369
"prev",150,0.033256,-0.014926,0.081117
"incid_rate",0,1,1,1
"incid_rate",1,0.23441,0.22654,0.24281
"incid_rate",2,0.19406,0.18615,0.20252
"incid_rate",3,0.17708,0.16827,0.18632
"incid_rate",4,0.15801,0.14966,0.16595
"incid_rate",5,0.15158,0.14282,0.16036
"incid_rate",6,0.146,0.13706,0.15496
"incid_rate",7,0.13773,0.12851,0.14578
"incid_rate",8,0.13514,0.1279,0.14262
"incid_rate",9,0.12594,0.11821,0.1341
"incid_rate",10,0.12237,0.1143,0.12994
"incid_rate",11,0.12344,0.11648,0.13164
"incid_rate",12,0.11273,0.10517,0.12059
"incid_rate",13,0.11029,0.10211,0.11848
"incid_rate",14,0.098087,0.089424,0.10618
"incid_rate",15,0.098798,0.091296,0.1064
"incid_rate",16,0.097318,0.08925,0.10576
"incid_rate",17,0.088117,0.079483,0.096264
"incid_rate",18,0.087272,0.079311,0.09546
"incid_rate",19,0.087492,0.079015,0.096016
"incid_rate",20,0.079229,0.071138,0.086357
"incid_rate",21,0.072981,0.064992,0.081266
"incid_rate",22,0.076475,0.068344,0.084944
"incid_rate",23,0.070213,0.061732,0.07842
"incid_rate",24,0.065796,0.057746,0.073549
"incid_rate",25,0.064847,0.056413,0.072528
"incid_rate",26,0.058835,0.05117,0.066087
"incid_rate",27,0.05822,0.049804,0.066612
"incid_rate",28,0.049869,0.041086,0.058554
"incid_rate",29,0.054145,0.045486,0.061528
"incid_rate",30,0.044899,0.036208,0.053314
"incid_rate",31,0.042364,0.033425,0.050705
"incid_rate",32,0.041686,0.033374,0.049557
"incid_rate",33,0.037502,0.028686,0.046222
"incid_rate",34,0.040629,0.032939,0.049243
"incid_rate",35,0.035575,0.027507,0.044401
"incid_rate",36,0.032502,0.024711,0.040911
"incid_rate",37,0.030856,0.022588,0.039128
"incid_rate",38,0.029853,0.02176,0.038377
"incid_rate",39,0.02601,0.017543,0.033885
"incid_rate",40,0.025318,0.016466,0.03355
"incid_rate",41,0.024752,0.016071,0.032806
"incid_rate",42,0.023249,0.015738,0.03139
"incid_rate",43,0.021825,0.014031,0.03009
"incid_rate",44,0.020268,0.01251,0.028755
"incid_rate",45,0.02453,0.015595,0.033853
"incid_rate",46,0.023842,0.015738,0.031422
"incid_rate",47,0.015491,0.0068782,0.023568
"incid_rate",48,0.024736,0.016199,0.033531
"incid_rate",49,0.023982,0.014711,0.033409
"incid_rate",50,0.015917,0.007291,0.024787
"incid_rate",51,0.01745,0.0077602,0.025955
"incid_rate",52,0.018428,0.010558,0.026974
"incid_rate",53,0.016236,0.0083503,0.025515
"incid_rate",54,0.014708,0.0061545,0.023188
"incid_rate",55,0.014471,0.0057066,0.023272
"incid_rate",56,0.017715,0.0078896,0.026299
"incid_rate",57,0.011618,0.0033107,0.019773
"incid_rate",58,0.015888,0.0068519,0.025169
"incid_rate",59,0.011528,0.0036141,0.019886
"incid_rate",60,0.021016,0.012359,0.030474
"incid_rate",61,0.019152,0.010419,0.028042
"incid_rate",62,0.012854,0.0047392,0.020838
"incid_rate",63,0.012712,0.0041104,0.021704
"incid_rate",64,0.011687,0.0029501,0.020126
"incid_rate",65,0.012922,0.0046758,0.021533
"incid_rate",66,0.013759,0.0056487,0.022642
"incid_rate",67,0.015402,0.0067553,0.024354
"incid_rate",68,0.01688,0.0092678,0.02558
"incid_rate",69,0.011965,0.0038445,0.019999
"incid_rate",70,0.018001,0.0094451,0.025834
"incid_rate",71,0.018602,0.0097225,0.026666
"incid_rate",72,0.012862,0.0045741,0.021141
"incid_rate",73,0.012975,0.0044406,0.021758
"incid_rate",74,0.010966,0.0023918,0.020234
"incid_rate",75,0.013761,0.0046793,0.022092
"incid_rate",76,0.011394,0.0025614,0.018807
"incid_rate",77,0.0083642,-0.00026313,0.01675
"incid_rate",78,0.0091289,0.00087822,0.017662
"incid_rate",79,0.011068,0.00126,0.020296
"incid_rate",80,0.010418,0.00083743,0.01981
"incid_rate",81,0.0077575,-0.00056846,0.016403
"incid_rate",82,0.013317,0.0040704,0.021311
"incid_rate",83,0.0088548,-0.0011859,0.016907
"incid_rate",84,0.012261,0.0016124,0.021594
"incid_rate",85,0.0053667,-0.0040726,0.013872
"incid_rate",86,0.012265,0.0039418,0.020213
"incid_rate",87,0.0094672,-0.00025484,0.018411
"incid_rate",88,0.012411,0.0030626,0.020493
"incid_rate",89,0.0036759,-0.0063325,0.01177
"incid_rate",90,0.0098098,9.9424e-05,0.018214
"incid_rate",91,0.01158,0.0010074,0.020526
"incid_rate",92,0.0056536,-0.003608,0.014641
"incid_rate",93,0.0094963,3.4549e-05,0.01829
"incid_rate",94,0.0088453,4.9495e-05,0.017347
"incid_rate",95,0.0015261,-0.0072143,0.0099906
"incid_rate",96,0.0085014,-0.00066474,0.017686
"incid_rate",97,0.0075725,-0.0022468,0.015962
"incid_rate",98,0.0071678,-0.0020974,0.016264
"incid_rate",99,0.0083283,-0.0013276,0.017179
"incid_rate",100,0.0066428,-0.0021835,0.015387
"incid_rate",101,0.0032637,-0.0060046,0.012489
"incid_rate",102,0.0025898,-0.007058,0.011097
"incid_rate",103,0.0045215,-0.004029,0.012819
"incid_rate",104,-0.0034975,-0.012435,0.0044082
"incid_rate",105,-0.0015516,-0.011145,0.0079104
"incid_rate",106,0.00019394,-0.0086801,0.0093318
"incid_rate",107,0.00057061,-0.0090935,0.0091449
"incid_rate",108,0.0040752,-0.0056087,0.013636
"incid_rate",109,0.0055571,-0.0038116,0.01462
"incid_rate",110,0.0024072,-0.0065467,0.01121
"incid_rate",111,0.0021521,-0.0078412,0.011264
"incid_rate",112,0.0026898,-0.0068224,0.011359
"incid_rate",113,0.0010982,-0.0081671,0.0099346
"incid_rate",114,-0.0041504,-0.013809,0.0047369
"incid_rate",115,0.0015631,-0.0075673,0.011272
"incid_rate",116,0.0038031,-0.0057049,0.012377
"incid_rate",117,-0.0011295,-0.011508,0.0084192
"incid_rate",118,0.0064201,-0.003732,0.014991
"incid_rate",119,0.0077384,-0.0012306,0.016206
"incid_rate",120,0.0014658,-0.0083703,0.010305
"incid_rate",121,0.0037734,-0.0054616,0.012251
"incid_rate",122,0.0003877,-0.0081581,0.0091737
"incid_rate",123,0.0047374,-0.0052759,0.013348
"incid_rate",124,0.00071231,-0.0089979,0.0098505
"incid_rate",125,0.0030595,-0.0070627,0.012337
"incid_rate",126,-0.0013658,-0.010809,0.0087152
"incid_rate",127,0.0016116,-0.0087703,0.011938
"incid_rate",128,0.0061298,-0.0037406,0.015524
"incid_rate",129,0.0039633,-0.0054765,0.013554
"incid_rate",130,0.0022342,-0.0076588,0.012088
"incid_rate",131,0.0017253,-0.008663,0.011731
"incid_rate",132,0.0049249,-0.005298,0.016154
"incid_rate",133,0.00016184,-0.0095945,0.010445
"incid_rate",134,0.0014131,-0.0092226,0.012451
"incid_rate",135,0.0018758,-0.010325,0.01234
"incid_rate",136,0.0024348,-0.0071752,0.012005
"incid_rate",137,-0.0031334,-0.013214,0.0067043
"incid_rate",138,-0.002163,-0.012588,0.0088454
"incid_rate",139,0.0021335,-0.0076884,0.013045
"incid_rate",140,0.0030155,-0.007828,0.014909
"incid_rate",141,0.0037404,-0.0067013,0.014529
"incid_rate",142,0.0016827,-0.0085776,0.013481
"incid_rate",143,0.0067548,-0.0025245,0.017021
"incid_rate",144,0.00097349,-0.0086526,0.011291
"incid_rate",145,0.0094538,-8.6818e-05,0.019707
"incid_rate",146,0.0069072,-0.0040023,0.017975
"incid_rate",147,0.006985,-0.0030679,0.017145
"incid_rate",148,0.0075355,-0.0023237,0.018626
"incid_rate",149,0.009494,-0.00062661,0.020657
"incid_rate",150,0.010477,-0.0005132,0.021393
"dx_frac",0,1,1,1
"dx_frac",1,0.86531,0.86275,0.86799
"dx_frac",2,0.69817,0.69289,0.70403
"dx_frac",3,0.56708,0.55932,0.57544
"dx_frac",4,0.46231,0.45255,0.47245
"dx_frac",5,0.37872,0.36803,0.38967
"dx_frac",6,0.3113,0.29959,0.32206
"dx_frac",7,0.25602,0.24382,0.26725
"dx_frac",8,0.21115,0.19826,0.22275
"dx_frac",9,0.17519,0.16259,0.1868
"dx_frac",10,0.14627,0.13426,0.15797
"dx_frac",11,0.12254,0.11089,0.13397
"dx_frac",12,0.10209,0.090676,0.11394
"dx_frac",13,0.084653,0.072958,0.096852
"dx_frac",14,0.06966,0.058108,0.081714
"dx_frac",15,0.057839,0.046654,0.069661
"dx_frac",16,0.04789,0.036321,0.059827
"dx_frac",17,0.039549,0.027497,0.051601
"dx_frac",18,0.032509,0.020991,0.044152
"dx_frac",19,0.025332,0.012578,0.037866
"dx_frac",20,0.018095,0.0053094,0.030999
"dx_frac",21,0.011391,-0.0012304,0.024534
"dx_frac",22,0.0061494,-0.0060759,0.019061
"dx_frac",23,0.0010677,-0.011148,0.014657
"dx_frac",24,-0.0029539,-0.015156,0.010441
"dx_frac",25,-0.0071591,-0.019606,0.0066943
"dx_frac",26,-0.011281,-0.023755,0.0025451
"dx_frac",27,-0.016125,-0.028703,-0.0020648
"dx_frac",28,-0.021353,-0.033879,-0.0072251
"dx_frac",29,-0.026285,-0.039503,-0.012451
"dx_frac",30,-0.031575,-0.045351,-0.017368
"dx_frac",31,-0.036277,-0.0496,-0.022243
"dx_frac",32,-0.038502,-0.051816,-0.024463
"dx_frac",33,-0.038961,-0.052914,-0.024738
"dx_frac",34,-0.03899,-0.053379,-0.024859
"dx_frac",35,-0.039753,-0.054681,-0.025332
"dx_frac",36,-0.040027,-0.055128,-0.025646
"dx_frac",37,-0.038975,-0.053678,-0.0247
"dx_frac",38,-0.036181,-0.051609,-0.021076
"dx_frac",39,-0.035009,-0.050086,-0.020018
"dx_frac",40,-0.034331,-0.049814,-0.019413
"dx_frac",41,-0.032142,-0.047544,-0.017171
"dx_frac",42,-0.029184,-0.044387,-0.014158
"dx_frac",43,-0.026716,-0.041466,-0.011633
"dx_frac",44,-0.024367,-0.03924,-0.009644
"dx_frac",45,-0.022599,-0.037843,-0.0069203
"dx_frac",46,-0.021332,-0.0363,-0.0060325
"dx_frac",47,-0.020828,-0.035454,-0.0058341
"dx_frac",48,-0.020374,-0.034481,-0.0058085
"dx_frac",49,-0.021192,-0.036093,-0.006815
"dx_frac",50,-0.023065,-0.037429,-0.0092805
"dx_frac",51,-0.02434,-0.03891,-0.0098706
"dx_frac",52,-0.024598,-0.039429,-0.010253
"dx_frac",53,-0.025144,-0.039001,-0.010722
"dx_frac",54,-0.025855,-0.039617,-0.012115
"dx_frac",55,-0.026276,-0.040473,-0.012281
"dx_frac",56,-0.026925,-0.041201,-0.012013
"dx_frac",57,-0.026914,-0.041436,-0.011019
"dx_frac",58,-0.025544,-0.040034,-0.010066
"dx_frac",59,-0.023551,-0.037718,-0.0076302
"dx_frac",60,-0.021206,-0.035895,-0.0053369
"dx_frac",61,-0.019775,-0.034487,-0.0035849
"dx_frac",62,-0.019425,-0.034671,-0.0030395
"dx_frac",63,-0.019403,-0.035457,-0.0029969
"dx_frac",64,-0.01831,-0.033964,-0.0019088
"dx_frac",65,-0.016874,-0.032784,-0.0016535
"dx_frac",66,-0.013465,-0.029266,0.00062744
"dx_frac",67,-0.0092825,-0.023939,0.0045848
"dx_frac",68,-0.0074348,-0.021885,0.0065544
"dx_frac",69,-0.0068304,-0.021777,0.0077145
"dx_frac",70,-0.0055298,-0.020439,0.0089571
"dx_frac",71,-0.0046558,-0.019837,0.01015
"dx_frac",72,-0.0049064,-0.019609,0.0095693
"dx_frac",73,-0.0053098,-0.020562,0.0090742
"dx_frac",74,-0.0052231,-0.020517,0.008672
"dx_frac",75,-0.0069216,-0.021548,0.006844
"dx_frac",76,-0.010749,-0.02592,0.0029199
"dx_frac",77,-0.013524,-0.027821,0.00058458
"dx_frac",78,-0.013639,-0.027281,0.0007041
"dx_frac",79,-0.012285,-0.026116,0.0033411
"dx_frac",80,-0.010466,-0.023789,0.0047478
"dx_frac",81,-0.0081946,-0.021627,0.0071998
"dx_frac",82,-0.0064039,-0.019794,0.008674
"dx_frac",83,-0.0049234,-0.017841,0.0098697
"dx_frac",84,-0.0040545,-0.016552,0.010596
"dx_frac",85,-0.0049435,-0.017671,0.0087701
"dx_frac",86,-0.0052406,-0.018501,0.0084276
"dx_frac",87,-0.0056807,-0.019606,0.0081421
"dx_frac",88,-0.0062414,-0.020766,0.0080693
"dx_frac",89,-0.0064625,-0.020785,0.0081975
"dx_frac",90,-0.005487,-0.020141,0.0092404
"dx_frac",91,-0.005129,-0.019398,0.0095364
"dx_frac",92,-0.0064122,-0.022467,0.0088409
"dx_frac",93,-0.0062534,-0.022429,0.0098334
"dx_frac",94,-0.0062587,-0.023401,0.01087
"dx_frac",95,-0.0065854,-0.023143,0.0097514
"dx_frac",96,-0.007249,-0.022599,0.0084262
"dx_frac",97,-0.0081818,-0.02297,0.007913
"dx_frac",98,-0.0098903,-0.024371,0.0054993
"dx_frac",99,-0.011443,-0.025483,0.0033135
"dx_frac",100,-0.011591,-0.02586,0.0032546
"dx_frac",101,-0.010472,-0.025206,0.0035735
"dx_frac",102,-0.0097271,-0.024772,0.0036714
"dx_frac",103,-0.0094741,-0.023814,0.0034731
"dx_frac",104,-0.0080103,-0.023154,0.0044658
"dx_frac",105,-0.0065584,-0.02124,0.006376
"dx_frac",106,-0.004405,-0.019353,0.0098374
"dx_frac",107,-0.0024298,-0.017085,0.012646
"dx_frac",108,-0.0015016,-0.016758,0.013476
"dx_frac",109,-0.0014051,-0.016901,0.01403
"dx_frac",110,-0.0018824,-0.016792,0.013427
"dx_frac",111,-0.0033738,-0.018168,0.0117
"dx_frac",112,-0.0029923,-0.017783,0.012771
"dx_frac",113,-0.0014865,-0.016382,0.014003
"dx_frac",114,-0.00013808,-0.015737,0.015617
"dx_frac",115,0.00072987,-0.013842,0.015929
"dx_frac",116,0.0014856,-0.01281,0.016511
"dx_frac",117,0.002249,-0.011345,0.0175
"dx_frac",118,0.0034476,-0.010151,0.018494
"dx_frac",119,0.0050154,-0.0084797,0.019515
"dx_frac",120,0.0060983,-0.0077623,0.020679
"dx_frac",121,0.0069439,-0.0076991,0.022398
"dx_frac",122,0.006523,-0.0086948,0.023017
"dx_frac",123,0.0054369,-0.0098098,0.022017
"dx_frac",124,0.0027575,-0.013043,0.018902
"dx_frac",125,0.00064745,-0.014943,0.017115
"dx_frac",126,0.00027816,-0.015237,0.016732
"dx_frac",127,0.00022729,-0.015541,0.01659
"dx_frac",128,0.00023924,-0.014978,0.016107
"dx_frac",129,-0.0018539,-0.017347,0.012807
"dx_frac",130,-0.0048434,-0.019444,0.0093378
"dx_frac",131,-0.0087913,-0.023554,0.0055242
"dx_frac",132,-0.011375,-0.02669,0.0027733
"dx_frac",133,-0.012998,-0.029417,0.001737
"dx_frac",134,-0.013311,-0.030464,0.0020831
"dx_frac",135,-0.013026,-0.02982,0.0032164
"dx_frac",136,-0.011467,-0.028733,0.0043133
"dx_frac",137,-0.0095536,-0.027389,0.0063779
"dx_frac",138,-0.0069832,-0.023669,0.0091758
"dx_frac",139,-0.0037078,-0.019906,0.012325
"dx_frac",140,-0.0012951,-0.01729,0.01389
"dx_frac",141,0.0007472,-0.015762,0.015833
"dx_frac",142,0.0033891,-0.0123,0.017772
"dx_frac",143,0.0049015,-0.011208,0.019527
"dx_frac",144,0.0067674,-0.0093186,0.021083
"dx_frac",145,0.00916,-0.0069625,0.024568
"dx_frac",146,0.010663,-0.0056842,0.025947
"dx_frac",147,0.010927,-0.0053669,0.026163
"dx_frac",148,0.01233,-0.0045194,0.02841
"dx_frac",149,0.012322,-0.0042566,0.02878
"dx_frac",150,0.012015,-0.0049188,0.028368
"supp_frac",0,1,1,1
"supp_frac",1,0.81804,0.81547,0.82063
"supp_frac",2,0.59657,0.59116,0.60207
"supp_frac",3,0.43199,0.42474,0.43953
"supp_frac",4,0.31188,0.30287,0.32075
"supp_frac",5,0.22449,0.21402,0.23435
"supp_frac",6,0.16174,0.15105,0.17275
"supp_frac",7,0.11677,0.10619,0.12839
"supp_frac",8,0.082677,0.071992,0.093932
"supp_frac",9,0.05805,0.047274,0.069376
"supp_frac",10,0.040304,0.029025,0.05106
"supp_frac",11,0.027819,0.016161,0.038325
"supp_frac",12,0.018737,0.0081913,0.028464
"supp_frac",13,0.013178,0.0022842,0.022792
"supp_frac",14,0.0084827,-0.0020544,0.018223
"supp_frac",15,0.0067059,-0.0046987,0.016805
"supp_frac",16,0.0074137,-0.0039047,0.019112
"supp_frac",17,0.0077466,-0.0041167,0.019588
"supp_frac",18,0.0083899,-0.0035192,0.020324
"supp_frac",19,0.0090261,-0.0027717,0.021359
"supp_frac",20,0.0098812,-0.0010518,0.021685
"supp_frac",21,0.0090279,-0.0017405,0.019983
"supp_frac",22,0.0082797,-0.0020987,0.018062
"supp_frac",23,0.0075433,-0.0036738,0.017597
"supp_frac",24,0.0076437,-0.0041963,0.018267
"supp_frac",25,0.0090432,-0.0027545,0.019983
"supp_frac",26,0.011025,-0.00097893,0.022161
"supp_frac",27,0.0097728,-0.0027668,0.021043
"supp_frac",28,0.0067566,-0.0072931,0.019057
"supp_frac",29,0.0047036,-0.010166,0.017692
"supp_frac",30,0.0019959,-0.012311,0.014752
"supp_frac",31,7.5847e-06,-0.015178,0.013119
"supp_frac",32,0.00031735,-0.014361,0.014121
"supp_frac",33,0.0030162,-0.011809,0.016447
"supp_frac",34,0.0068748,-0.0073514,0.02053
"supp_frac",35,0.0096776,-0.0043436,0.023792
"supp_frac",36,0.010801,-0.0026813,0.024433
"supp_frac",37,0.010606,-0.0021407,0.023394
"supp_frac",38,0.009298,-0.0032119,0.021772
"supp_frac",39,0.0079297,-0.0040344,0.019742
"supp_frac",40,0.0068517,-0.0053843,0.019328
"supp_frac",41,0.0056816,-0.0058372,0.018065
"supp_frac",42,0.0042144,-0.0073389,0.01692
"supp_frac",43,0.0043633,-0.0089977,0.016756
"supp_frac",44,0.0057448,-0.0067126,0.017871
"supp_frac",45,0.0081045,-0.0045477,0.020103
"supp_frac",46,0.010052,-0.0020333,0.021579
"supp_frac",47,0.012281,0.0014643,0.023188
"supp_frac",48,0.014413,0.0043449,0.025602
"supp_frac",49,0.016505,0.0050653,0.028205
"supp_frac",50,0.015394,0.00448,0.026096
"supp_frac",51,0.013494,0.0026978,0.024182
"supp_frac",52,0.010404,-0.00037689,0.021015
"supp_frac",53,0.0068456,-0.0039163,0.017303
"supp_frac",54,0.0030721,-0.008803,0.013675
"supp_frac",55,-4.9741e-05,-0.012527,0.010709
"supp_frac",56,-0.0017543,-0.013712,0.0090866
"supp_frac",57,-0.0041275,-0.016507,0.0073771
"supp_frac",58,-0.0054597,-0.018502,0.0060358
"supp_frac",59,-0.0055932,-0.018623,0.0066481
"supp_frac",60,-0.0055563,-0.019352,0.0063453
"supp_frac",61,-0.0055188,-0.019156,0.006616
"supp_frac",62,-0.0053909,-0.018577,0.0067458
"supp_frac",63,-0.0051508,-0.017774,0.0064278
"supp_frac",64,-0.0040149,-0.016448,0.0080419
"supp_frac",65,-0.0021638,-0.01448,0.010196
"supp_frac",66,0.00025667,-0.012657,0.012635
"supp_frac",67,0.0017797,-0.011692,0.013342
"supp_frac",68,0.002483,-0.010418,0.013611
"supp_frac",69,0.0048194,-0.0072854,0.016817
"supp_frac",70,0.0068524,-0.0050994,0.019609
"supp_frac",71,0.0084823,-0.0035982,0.021386
"supp_frac",72,0.011985,1.4027e-05,0.024547
"supp_frac",73,0.01647,0.0047593,0.028734
"supp_frac",74,0.018508,0.0063531,0.030941
"supp_frac",75,0.018069,0.0060153,0.030461
"supp_frac",76,0.014644,0.002493,0.027072
"supp_frac",77,0.0097313,-0.0020777,0.021827
"supp_frac",78,0.0068188,-0.0055251,0.019395
"supp_frac",79,0.006387,-0.0058091,0.01809
"supp_frac",80,0.0050452,-0.0074068,0.017118
"supp_frac",81,0.0053163,-0.0070421,0.016745
"supp_frac",82,0.0046223,-0.0082525,0.016411
"supp_frac",83,0.0024135,-0.011067,0.013914
"supp_frac",84,-0.00017851,-0.012939,0.011039
"supp_frac",85,-0.0018058,-0.015489,0.010204
"supp_frac",86,-0.0020775,-0.016791,0.010633
"supp_frac",87,-0.0022489,-0.016881,0.010525
"supp_frac",88,-0.0028376,-0.015841,0.010162
"supp_frac",89,-0.0019366,-0.014849,0.012068
"supp_frac",90,-0.00097117,-0.012752,0.012284
"supp_frac",91,-0.00052607,-0.012008,0.012228
"supp_frac",92,-0.0026921,-0.014731,0.010184
"supp_frac",93,-0.0047196,-0.017273,0.0081939
"supp_frac",94,-0.0068002,-0.01954,0.0069513
"supp_frac",95,-0.0068826,-0.020036,0.0069773
"supp_frac",96,-0.0064797,-0.019344,0.0080434
"supp_frac",97,-0.0060678,-0.019183,0.0092933
"supp_frac",98,-0.0063081,-0.01905,0.0082037
"supp_frac",99,-0.0065879,-0.019026,0.0072168
"supp_frac",100,-0.0061137,-0.018262,0.0074848
"supp_frac",101,-0.005143,-0.016982,0.0074491
"supp_frac",102,-0.0032456,-0.015801,0.0096524
"supp_frac",103,0.00011307,-0.012511,0.012851
"supp_frac",104,0.0043505,-0.00786,0.01661
"supp_frac",105,0.0055153,-0.0070693,0.017855
"supp_frac",106,0.0037614,-0.0090396,0.016279
"supp_frac",107,0.0011726,-0.011308,0.013507
"supp_frac",108,-0.00081377,-0.013081,0.011121
"supp_frac",109,-0.001118,-0.013015,0.0112
"supp_frac",110,-0.0016593,-0.014601,0.011807
"supp_frac",111,-0.0035559,-0.017513,0.011658
"supp_frac",112,-0.0024935,-0.016919,0.012595
"supp_frac",113,0.00079916,-0.013809,0.015209
"supp_frac",114,0.0038651,-0.009701,0.017296
"supp_frac",115,0.0059841,-0.0080042,0.018618
"supp_frac",116,0.0080915,-0.0060824,0.020059
"supp_frac",117,0.010999,-0.0024935,0.023517
"supp_frac",118,0.013638,-0.00046498,0.026296
"supp_frac",119,0.015761,0.0015456,0.028056
"supp_frac",120,0.016972,0.003268,0.029854
"supp_frac",121,0.016627,0.0030061,0.028197
"supp_frac",122,0.014028,0.0014565,0.025468
"supp_frac",123,0.013025,2.6494e-05,0.024311
"supp_frac",124,0.011299,-0.0019081,0.023083
"supp_frac",125,0.010346,-0.0036347,0.022598
"supp_frac",126,0.011311,-0.0019217,0.023162
"supp_frac",127,0.014414,0.00041956,0.026596
"supp_frac",128,0.015901,0.0013017,0.028773
"supp_frac",129,0.0147,0.00069634,0.027468
"supp_frac",130,0.013486,0.00066159,0.026641
"supp_frac",131,0.0096313,-0.0037523,0.021967
"supp_frac",132,0.0055849,-0.007722,0.018325
"supp_frac",133,0.0017136,-0.012273,0.015561
"supp_frac",134,-0.0021745,-0.01502,0.011099
"supp_frac",135,-0.0051259,-0.01794,0.0081837
"supp_frac",136,-0.0078545,-0.021299,0.0050123
"supp_frac",137,-0.010085,-0.02377,0.0022154
"supp_frac",138,-0.0090534,-0.024034,0.0039971
"supp_frac",139,-0.0078254,-0.022908,0.0051985
"supp_frac",140,-0.007049,-0.02228,0.0067071
"supp_frac",141,-0.0050937,-0.020256,0.0084965
"supp_frac",142,-0.0031916,-0.018318,0.0096059
"supp_frac",143,-0.002517,-0.017304,0.010884
"supp_frac",144,-0.0037305,-0.019076,0.010706
"supp_frac",145,-0.0047581,-0.018981,0.0099144
"supp_frac",146,-0.0041486,-0.018079,0.01011
"supp_frac",147,-0.0011869,-0.014576,0.012836
"supp_frac",148,0.0019117,-0.011579,0.016276
"supp_frac",149,0.0041429,-0.0090042,0.018372
"supp_frac",150,0.0055828,-0.0077094,0.019608
"prep_cov",0,1,1,1
"prep_cov",1,0.42979,0.42472,0.43457
"prep_cov",2,0.10982,0.10319,0.11682
"prep_cov",3,0.051986,0.045743,0.059106
"prep_cov",4,0.037185,0.030788,0.043467
"prep_cov",5,0.026831,0.019644,0.034419
"prep_cov",6,0.024776,0.016922,0.031976
"prep_cov",7,0.024369,0.017424,0.032283
"prep_cov",8,0.025363,0.019072,0.032633
"prep_cov",9,0.026223,0.019703,0.032786
"prep_cov",10,0.02254,0.015995,0.029512
"prep_cov",11,0.018184,0.011399,0.02546
"prep_cov",12,0.019796,0.012958,0.027687
"prep_cov",13,0.021784,0.01464,0.029132
"prep_cov",14,0.022475,0.015428,0.028678
"prep_cov",15,0.018323,0.011325,0.024982
"prep_cov",16,0.014583,0.0070164,0.021333
"prep_cov",17,0.012526,0.0053199,0.018747
"prep_cov",18,0.015562,0.0092475,0.021539
"prep_cov",19,0.016441,0.0087149,0.023155
"prep_cov",20,0.014351,0.0074434,0.021511
"prep_cov",21,0.014967,0.0075334,0.022619
"prep_cov",22,0.0079051,0.00042922,0.015719
"prep_cov",23,0.0075794,7.0555e-05,0.015214
"prep_cov",24,0.0089454,0.0024279,0.015771
"prep_cov",25,0.0117,0.0044284,0.018322
"prep_cov",26,0.0077331,0.00095102,0.014309
"prep_cov",27,0.008499,0.0016694,0.015683
"prep_cov",28,0.013694,0.0064576,0.021417
"prep_cov",29,0.015118,0.0084,0.022309
"prep_cov",30,0.011598,0.0036131,0.01965
"prep_cov",31,0.0069826,-0.0012243,0.015634
"prep_cov",32,0.0057412,-0.0014695,0.0136
"prep_cov",33,0.005593,-0.0011409,0.013325
"prep_cov",34,0.0069809,0.00069072,0.01504
"prep_cov",35,0.002414,-0.0046911,0.010852
"prep_cov",36,-0.0016913,-0.0090093,0.0064993
"prep_cov",37,0.0017635,-0.0046593,0.0094256
"prep_cov",38,0.0067942,0.00011632,0.014762
"prep_cov",39,0.0039811,-0.0027119,0.011508
"prep_cov",40,0.0017576,-0.0050981,0.0098611
"prep_cov",41,0.0029417,-0.0042612,0.01103
"prep_cov",42,0.0016568,-0.0052177,0.0086357
"prep_cov",43,0.002751,-0.0041999,0.0089016
"prep_cov",44,0.0011759,-0.006116,0.0082382
"prep_cov",45,-0.0013417,-0.0082294,0.0052499
"prep_cov",46,0.00077932,-0.0058039,0.0073276
"prep_cov",47,0.003931,-0.0035701,0.010744
"prep_cov",48,0.00045662,-0.0068656,0.0079399
"prep_cov",49,-0.0015722,-0.0093586,0.0059312
"prep_cov",50,0.0018387,-0.0055039,0.0093931
"prep_cov",51,0.004968,-0.0019042,0.012171
"prep_cov",52,0.0023945,-0.0046068,0.0097969
"prep_cov",53,-0.0010171,-0.0087731,0.0057253
"prep_cov",54,-0.0022666,-0.0098283,0.0043954
"prep_cov",55,-0.0015029,-0.0092552,0.0056238
"prep_cov",56,-0.0011912,-0.0083538,0.0057467
"prep_cov",57,2.8278e-05,-0.0081662,0.0073732
"prep_cov",58,-0.0010886,-0.0088339,0.0068803
"prep_cov",59,0.00011411,-0.0070313,0.0077357
"prep_cov",60,0.0054949,-0.0020715,0.013585
"prep_cov",61,0.0016557,-0.0063553,0.0093666
"prep_cov",62,0.002832,-0.0048876,0.0098098
"prep_cov",63,0.0048896,-0.0023362,0.011412
"prep_cov",64,0.0065609,-0.00049151,0.013577
"prep_cov",65,0.007821,0.00065781,0.014829
"prep_cov",66,0.0081294,0.0011396,0.015223
"prep_cov",67,0.0058006,-0.00036264,0.012366
"prep_cov",68,0.0028828,-0.0040398,0.0097849
"prep_cov",69,-0.001761,-0.0097617,0.0055514
"prep_cov",70,0.0031451,-0.0040753,0.010568
"prep_cov",71,0.0056875,-0.0018871,0.012731
"prep_cov",72,0.0052486,-0.0025703,0.012459
"prep_cov",73,0.0045052,-0.0029588,0.011102
"prep_cov",74,-0.00097728,-0.0087049,0.0067589
"prep_cov",75,-0.0047817,-0.011357,0.0027933
"prep_cov",76,-0.0033571,-0.010757,0.0037163
"prep_cov",77,-0.00035452,-0.0073966,0.0060864
"prep_cov",78,0.0028593,-0.0039421,0.01015
"prep_cov",79,0.0013428,-0.0065848,0.0089983
"prep_cov",80,0.0021103,-0.0050664,0.0094756
"prep_cov",81,7.8639e-05,-0.0069995,0.0076712
"prep_cov",82,0.0032695,-0.0034873,0.011153
"prep_cov",83,0.0027236,-0.0056314,0.011276
"prep_cov",84,0.0028727,-0.0051161,0.010369
"prep_cov",85,0.0020547,-0.005588,0.0094892
"prep_cov",86,0.0037921,-0.0035415,0.011915
"prep_cov",87,0.0066277,0.00028767,0.013225
"prep_cov",88,0.0066378,-0.00097867,0.014132
"prep_cov",89,0.0036982,-0.003846,0.011643
"prep_cov",90,0.0057198,-0.0012085,0.012913
"prep_cov",91,0.0064728,-0.0013328,0.013915
"prep_cov",92,0.0044173,-0.0025978,0.011388
"prep_cov",93,0.0016253,-0.0052223,0.0084334
"prep_cov",94,0.0018606,-0.0056181,0.010155
"prep_cov",95,0.0016212,-0.0062479,0.0097331
"prep_cov",96,0.0054456,-0.0010132,0.013057
"prep_cov",97,0.0058782,-0.0012067,0.012624
"prep_cov",98,0.00082805,-0.0066799,0.0074887
"prep_cov",99,0.00058276,-0.0069761,0.0078696
"prep_cov",100,0.0051302,-0.0028272,0.012269
"prep_cov",101,0.0067282,-0.0023584,0.014116
"prep_cov",102,0.0040691,-0.0044064,0.011646
"prep_cov",103,0.0014531,-0.0066064,0.0096543
"prep_cov",104,-0.0038538,-0.011682,0.0046478
"prep_cov",105,0.0014588,-0.0066307,0.010593
"prep_cov",106,0.0054882,-0.0021751,0.014827
"prep_cov",107,0.0069951,-0.00051866,0.016477
"prep_cov",108,0.0093437,0.0017323,0.017286
"prep_cov",109,0.0062339,-0.0018856,0.014641
"prep_cov",110,0.00094093,-0.0071057,0.0088186
"prep_cov",111,-0.002073,-0.011629,0.006365
"prep_cov",112,-0.0034443,-0.011675,0.0044805
"prep_cov",113,0.0024722,-0.0058475,0.010315
"prep_cov",114,0.0063522,-0.0026139,0.013744
"prep_cov",115,0.0042587,-0.0048542,0.012085
"prep_cov",116,0.0025856,-0.0054303,0.0099576
"prep_cov",117,0.0055855,-0.0025597,0.014548
"prep_cov",118,0.0023544,-0.0069184,0.0098308
"prep_cov",119,0.0024303,-0.0065569,0.011019
"prep_cov",120,0.0019372,-0.0057763,0.010644
"prep_cov",121,0.0024623,-0.0052696,0.010568
"prep_cov",122,0.0033583,-0.0043903,0.011647
"prep_cov",123,0.0061327,-0.0019657,0.014607
"prep_cov",124,0.0012154,-0.0067662,0.0086161
"prep_cov",125,0.0017629,-0.0056399,0.00892
"prep_cov",126,0.00034615,-0.0070471,0.0082671
"prep_cov",127,0.0012801,-0.0081965,0.0096191
"prep_cov",128,0.0033188,-0.0051849,0.011437
"prep_cov",129,0.0052249,-0.0032425,0.013601
"prep_cov",130,0.0040193,-0.0031481,0.012609
"prep_cov",131,0.0041161,-0.0035538,0.012614
"prep_cov",132,0.0030488,-0.0049648,0.011669
"prep_cov",133,0.00082636,-0.0069642,0.0081232
"prep_cov",134,-5.3906e-05,-0.0071099,0.0085104
"prep_cov",135,0.0021615,-0.0055714,0.0096774
"prep_cov",136,0.0038318,-0.0039965,0.01208
"prep_cov",137,-0.0019475,-0.0090914,0.0056636
"prep_cov",138,-0.0091236,-0.016994,-0.00032867
"prep_cov",139,-0.0068878,-0.015284,0.0012198
"prep_cov",140,-0.0017466,-0.010504,0.0060063
"prep_cov",141,0.0017849,-0.0060961,0.0099688
"prep_cov",142,-0.0037651,-0.011259,0.0051429
"prep_cov",143,-0.0069692,-0.014795,0.0010144
"prep_cov",144,-0.0055806,-0.014471,0.0025693
"prep_cov",145,0.00017274,-0.0086339,0.0087125
"prep_cov",146,0.0049943,-0.0034759,0.012368
"prep_cov",147,0.0076507,-0.0010021,0.015548
"prep_cov",148,0.0033574,-0.005444,0.013356
"prep_cov",149,-0.0036378,-0.012992,0.0064378
"prep_cov",150,-0.0088268,-0.019247,0.00058109
"prev.B",0,1,1,1
"prev.B",1,0.99063,0.99011,0.99122
"prev.B",2,0.97497,0.97375,0.97638
"prev.B",3,0.95744,0.95544,0.95966
"prev.B",4,0.93845,0.93557,0.94163
"prev.B",5,0.91836,0.91466,0.92248
"prev.B",6,0.89728,0.89267,0.90251
"prev.B",7,0.87533,0.86969,0.88171
"prev.B",8,0.85255,0.84583,0.86003
"prev.B",9,0.82901,0.82123,0.83756
"prev.B",10,0.80489,0.79612,0.81449
"prev.B",11,0.78029,0.77048,0.79098
"prev.B",12,0.75542,0.74452,0.76727
"prev.B",13,0.73031,0.71826,0.74339
"prev.B",14,0.70508,0.6918,0.71942
"prev.B",15,0.67987,0.66548,0.69547
"prev.B",16,0.65473,0.63913,0.67161
"prev.B",17,0.62968,0.61284,0.64785
"prev.B",18,0.60491,0.5868,0.62441
"prev.B",19,0.58032,0.56109,0.60086
"prev.B",20,0.55584,0.53562,0.57732
"prev.B",21,0.53167,0.51037,0.55415
"prev.B",22,0.50796,0.48566,0.53166
"prev.B",23,0.48472,0.46141,0.50966
"prev.B",24,0.46201,0.43775,0.48851
"prev.B",25,0.43998,0.41479,0.4678
"prev.B",26,0.41865,0.39257,0.44764
"prev.B",27,0.39797,0.37109,0.42799
"prev.B",28,0.378,0.35039,0.40917
"prev.B",29,0.35884,0.33051,0.39108
"prev.B",30,0.34049,0.31149,0.37372
"prev.B",31,0.32301,0.29342,0.35677
"prev.B",32,0.30636,0.27621,0.34057
"prev.B",33,0.29061,0.2601,0.32533
"prev.B",34,0.27565,0.24467,0.31091
"prev.B",35,0.26145,0.23016,0.29731
"prev.B",36,0.24802,0.21631,0.28405
"prev.B",37,0.2355,0.20327,0.27157
"prev.B",38,0.22381,0.19134,0.25987
"prev.B",39,0.21287,0.17969,0.24894
"prev.B",40,0.20276,0.16912,0.23916
"prev.B",41,0.19338,0.15964,0.23015
"prev.B",42,0.18477,0.151,0.22205
"prev.B",43,0.17691,0.14323,0.2147
"prev.B",44,0.16975,0.13621,0.20792
"prev.B",45,0.1632,0.12923,0.20176
"prev.B",46,0.15719,0.12258,0.19593
"prev.B",47,0.15169,0.11624,0.19033
"prev.B",48,0.14683,0.11095,0.18556
"prev.B",49,0.14239,0.10674,0.18118
"prev.B",50,0.13803,0.10268,0.17688
"prev.B",51,0.13315,0.098128,0.17208
"prev.B",52,0.12846,0.093773,0.16742
"prev.B",53,0.12395,0.089392,0.16289
"prev.B",54,0.11976,0.084818,0.15777
"prev.B",55,0.11587,0.080212,0.1527
"prev.B",56,0.11236,0.076935,0.14808
"prev.B",57,0.10925,0.073928,0.14436
"prev.B",58,0.10646,0.071275,0.14163
"prev.B",59,0.10382,0.068665,0.13942
"prev.B",60,0.10134,0.066165,0.13716
"prev.B",61,0.099111,0.06401,0.13481
"prev.B",62,0.097018,0.06212,0.13207
"prev.B",63,0.095135,0.059935,0.12961
"prev.B",64,0.093384,0.05793,0.12735
"prev.B",65,0.091679,0.05639,0.12546
"prev.B",66,0.090071,0.054751,0.12348
"prev.B",67,0.088562,0.053345,0.12139
"prev.B",68,0.087131,0.052183,0.1196
"prev.B",69,0.085842,0.050593,0.11802
"prev.B",70,0.084659,0.049699,0.11657
"prev.B",71,0.083379,0.048117,0.11508
"prev.B",72,0.081997,0.046643,0.11354
"prev.B",73,0.08053,0.04468,0.11268
"prev.B",74,0.078961,0.042902,0.11186
"prev.B",75,0.077385,0.041323,0.11005
"prev.B",76,0.075826,0.039142,0.108
"prev.B",77,0.074239,0.03718,0.10591
"prev.B",78,0.072714,0.035812,0.10455
"prev.B",79,0.071246,0.034343,0.10358
"prev.B",80,0.069772,0.032778,0.10264
"prev.B",81,0.068302,0.031707,0.10152
"prev.B",82,0.066808,0.030416,0.09986
"prev.B",83,0.065273,0.028966,0.097966
"prev.B",84,0.063669,0.027048,0.096692
"prev.B",85,0.06196,0.025382,0.095572
"prev.B",86,0.06017,0.023568,0.094147
"prev.B",87,0.058304,0.021532,0.092641
"prev.B",88,0.056358,0.019431,0.090778
"prev.B",89,0.054406,0.017271,0.089043
"prev.B",90,0.05258,0.015434,0.087451
"prev.B",91,0.050726,0.013604,0.085432
"prev.B",92,0.048838,0.011425,0.082677
"prev.B",93,0.046913,0.0098511,0.080902
"prev.B",94,0.044915,0.0082314,0.079102
"prev.B",95,0.042866,0.0063778,0.077539
"prev.B",96,0.04083,0.0044153,0.075669
"prev.B",97,0.038833,0.0022845,0.07382
"prev.B",98,0.036809,0.00071373,0.071716
"prev.B",99,0.034727,-0.0012906,0.070893
"prev.B",100,0.032603,-0.0032456,0.068805
"prev.B",101,0.030473,-0.005971,0.066709
"prev.B",102,0.028346,-0.0081402,0.064039
"prev.B",103,0.026163,-0.010092,0.061438
"prev.B",104,0.023945,-0.012637,0.059143
"prev.B",105,0.02182,-0.015457,0.057066
"prev.B",106,0.019861,-0.016978,0.05525
"prev.B",107,0.018114,-0.018515,0.053844
"prev.B",108,0.016544,-0.020124,0.052053
"prev.B",109,0.015039,-0.02145,0.050542
"prev.B",110,0.01357,-0.022755,0.048957
"prev.B",111,0.012166,-0.024323,0.047527
"prev.B",112,0.010859,-0.026208,0.046642
"prev.B",113,0.0097298,-0.027526,0.045449
"prev.B",114,0.0086553,-0.028747,0.04442
"prev.B",115,0.007675,-0.029866,0.043185
"prev.B",116,0.006805,-0.030691,0.041921
"prev.B",117,0.0060926,-0.031416,0.041501
"prev.B",118,0.0054828,-0.03211,0.041484
"prev.B",119,0.0049589,-0.032367,0.041224
"prev.B",120,0.004476,-0.032716,0.041241
"prev.B",121,0.004104,-0.033502,0.041296
"prev.B",122,0.0037719,-0.034303,0.041261
"prev.B",123,0.0035393,-0.034198,0.041261
"prev.B",124,0.0033359,-0.034434,0.041461
"prev.B",125,0.0032806,-0.034331,0.041651
"prev.B",126,0.0034339,-0.034801,0.041966
"prev.B",127,0.0036888,-0.034708,0.042432
"prev.B",128,0.0039081,-0.03482,0.042946
"prev.B",129,0.0040987,-0.03525,0.04343
"prev.B",130,0.004327,-0.035151,0.043662
"prev.B",131,0.0046807,-0.035153,0.044175
"prev.B",132,0.0051183,-0.035328,0.045031
"prev.B",133,0.005565,-0.035366,0.045731
"prev.B",134,0.0061091,-0.034841,0.04645
"prev.B",135,0.0066981,-0.034106,0.047201
"prev.B",136,0.0073582,-0.03331,0.047725
"prev.B",137,0.0082246,-0.032526,0.048411
"prev.B",138,0.0093014,-0.031348,0.049294
"prev.B",139,0.010544,-0.03025,0.050238
"prev.B",140,0.011929,-0.029084,0.051474
"prev.B",141,0.013295,-0.027956,0.053199
"prev.B",142,0.014706,-0.026864,0.054119
"prev.B",143,0.016068,-0.0266,0.055676
"prev.B",144,0.017306,-0.025457,0.056975
"prev.B",145,0.018551,-0.024409,0.058262
"prev.B",146,0.019616,-0.023325,0.05892
"prev.B",147,0.020531,-0.0222,0.059895
"prev.B",148,0.021328,-0.021209,0.060885
"prev.B",149,0.021927,-0.020451,0.06117
"prev.B",150,0.022412,-0.020051,0.061376
"incid_rate.B",0,1,1,1
"incid_rate.B",1,0.19828,0.19038,0.20528
"incid_rate.B",2,0.16063,0.15377,0.16723
"incid_rate.B",3,0.14892,0.14143,0.1566
"incid_rate.B",4,0.13002,0.12197,0.13714
"incid_rate.B",5,0.12707,0.11951,0.13409
"incid_rate.B",6,0.12412,0.11582,0.13149
"incid_rate.B",7,0.11844,0.11025,0.12537
"incid_rate.B",8,0.11232,0.10419,0.11998
"incid_rate.B",9,0.10421,0.096122,0.11147
"incid_rate.B",10,0.1029,0.09508,0.10988
"incid_rate.B",11,0.10376,0.096394,0.11081
"incid_rate.B",12,0.094937,0.086825,0.10233
"incid_rate.B",13,0.090237,0.082107,0.097811
"incid_rate.B",14,0.081606,0.073325,0.088822
"incid_rate.B",15,0.08301,0.074478,0.09024
"incid_rate.B",16,0.080432,0.072868,0.088827
"incid_rate.B",17,0.072391,0.064105,0.079577
"incid_rate.B",18,0.073768,0.065752,0.080777
"incid_rate.B",19,0.074474,0.066219,0.081504
"incid_rate.B",20,0.064602,0.056329,0.072275
"incid_rate.B",21,0.059581,0.051587,0.067225
"incid_rate.B",22,0.061496,0.053468,0.069241
"incid_rate.B",23,0.051881,0.044163,0.059329
"incid_rate.B",24,0.052694,0.045762,0.06044
"incid_rate.B",25,0.050094,0.042664,0.057747
"incid_rate.B",26,0.045246,0.037746,0.052036
"incid_rate.B",27,0.046399,0.038341,0.054074
"incid_rate.B",28,0.038897,0.031456,0.04677
"incid_rate.B",29,0.041342,0.032952,0.048486
"incid_rate.B",30,0.034461,0.027294,0.04119
"incid_rate.B",31,0.03176,0.023398,0.038726
"incid_rate.B",32,0.029769,0.021005,0.037805
"incid_rate.B",33,0.029497,0.020661,0.03717
"incid_rate.B",34,0.031501,0.023313,0.038822
"incid_rate.B",35,0.026549,0.01772,0.034933
"incid_rate.B",36,0.023082,0.015216,0.030423
"incid_rate.B",37,0.022852,0.014482,0.03012
"incid_rate.B",38,0.022341,0.014227,0.030553
"incid_rate.B",39,0.020167,0.011442,0.029194
"incid_rate.B",40,0.024254,0.015201,0.031961
"incid_rate.B",41,0.017397,0.0099354,0.025198
"incid_rate.B",42,0.016525,0.0084506,0.023735
"incid_rate.B",43,0.015726,0.007352,0.023812
"incid_rate.B",44,0.01632,0.0079849,0.025009
"incid_rate.B",45,0.017527,0.0090251,0.025308
"incid_rate.B",46,0.016687,0.0090588,0.023357
"incid_rate.B",47,0.01293,0.00485,0.020482
"incid_rate.B",48,0.020618,0.012721,0.028344
"incid_rate.B",49,0.02068,0.012503,0.02915
"incid_rate.B",50,0.0098457,0.00091785,0.018225
"incid_rate.B",51,0.011202,0.0027244,0.02022
"incid_rate.B",52,0.016192,0.0080749,0.023993
"incid_rate.B",53,0.011223,0.0034615,0.018958
"incid_rate.B",54,0.010083,0.0018964,0.017897
"incid_rate.B",55,0.013415,0.0049332,0.020806
"incid_rate.B",56,0.012163,0.0043075,0.019939
"incid_rate.B",57,0.0085914,0.0004161,0.016046
"incid_rate.B",58,0.012752,0.004689,0.020952
"incid_rate.B",59,0.0097995,0.0023079,0.016911
"incid_rate.B",60,0.015804,0.0070162,0.02382
"incid_rate.B",61,0.012717,0.0053329,0.020434
"incid_rate.B",62,0.0099827,0.001228,0.017358
"incid_rate.B",63,0.0084232,-7.3148e-05,0.016019
"incid_rate.B",64,0.010091,0.0028615,0.017868
"incid_rate.B",65,0.0093549,0.0018059,0.017139
"incid_rate.B",66,0.0098565,0.0021336,0.01726
"incid_rate.B",67,0.0099282,0.0014129,0.017027
"incid_rate.B",68,0.0086705,0.0013021,0.016367
"incid_rate.B",69,0.0080537,0.00019692,0.015977
"incid_rate.B",70,0.012533,0.0034357,0.020528
"incid_rate.B",71,0.015075,0.0081121,0.022266
"incid_rate.B",72,0.011193,0.0027244,0.020035
"incid_rate.B",73,0.011147,0.0020433,0.020066
"incid_rate.B",74,0.010371,0.0023467,0.018444
"incid_rate.B",75,0.012548,0.003957,0.020349
"incid_rate.B",76,0.0086676,0.0011231,0.015949
"incid_rate.B",77,0.008033,0.00069448,0.015397
"incid_rate.B",78,0.0065567,-0.00033968,0.01443
"incid_rate.B",79,0.0061821,-0.0020613,0.014643
"incid_rate.B",80,0.0081073,0.00031347,0.016802
"incid_rate.B",81,0.0081851,0.00070413,0.015991
"incid_rate.B",82,0.009471,0.001843,0.017222
"incid_rate.B",83,0.011956,0.0029732,0.02074
"incid_rate.B",84,0.013115,0.0049342,0.021821
"incid_rate.B",85,0.0027278,-0.0046227,0.0094287
"incid_rate.B",86,0.0090793,0.0016141,0.016507
"incid_rate.B",87,0.0067167,-0.0020245,0.014423
"incid_rate.B",88,0.012134,0.0044296,0.019969
"incid_rate.B",89,0.0024494,-0.0059157,0.010717
"incid_rate.B",90,0.0083976,-0.00010451,0.016375
"incid_rate.B",91,0.013976,0.0049632,0.022029
"incid_rate.B",92,0.0070541,-0.001757,0.015679
"incid_rate.B",93,0.0083605,-0.00014353,0.016447
"incid_rate.B",94,0.011387,0.0034598,0.019128
"incid_rate.B",95,0.0013187,-0.0070671,0.0094453
"incid_rate.B",96,0.0098108,0.0010207,0.017249
"incid_rate.B",97,0.0052798,-0.0027219,0.013076
"incid_rate.B",98,0.0083966,0.00032612,0.01548
"incid_rate.B",99,0.0077309,-0.00089054,0.015946
"incid_rate.B",100,0.0063112,-0.0015695,0.013658
"incid_rate.B",101,0.0044647,-0.004025,0.011669
"incid_rate.B",102,0.0046102,-0.0031266,0.012921
"incid_rate.B",103,0.0026488,-0.0056629,0.010464
"incid_rate.B",104,-0.0018155,-0.009694,0.00481
"incid_rate.B",105,-0.0042927,-0.012297,0.0043373
"incid_rate.B",106,-0.0040593,-0.012728,0.0037452
"incid_rate.B",107,-0.002549,-0.011394,0.006476
"incid_rate.B",108,-0.00071917,-0.009349,0.0069379
"incid_rate.B",109,0.0036252,-0.0052595,0.011441
"incid_rate.B",110,0.0012496,-0.0068967,0.0093858
"incid_rate.B",111,0.001139,-0.0078438,0.0090599
"incid_rate.B",112,4.0305e-05,-0.0085317,0.0071862
"incid_rate.B",113,-0.0019151,-0.010597,0.0060447
"incid_rate.B",114,-0.0038068,-0.011329,0.0038442
"incid_rate.B",115,-0.00023371,-0.0084062,0.0082845
"incid_rate.B",116,0.0014472,-0.0074091,0.0093227
"incid_rate.B",117,-0.0029716,-0.012433,0.0055648
"incid_rate.B",118,0.0016141,-0.0066443,0.0097061
"incid_rate.B",119,0.0074242,-0.0015364,0.015027
"incid_rate.B",120,-0.0010199,-0.009819,0.0072655
"incid_rate.B",121,0.0028947,-0.0050188,0.010827
"incid_rate.B",122,-0.002386,-0.010073,0.0056668
"incid_rate.B",123,0.0039758,-0.0045636,0.012865
"incid_rate.B",124,6.1443e-05,-0.0087258,0.0082946
"incid_rate.B",125,-0.003691,-0.012308,0.0034011
"incid_rate.B",126,-0.0039174,-0.012128,0.004562
"incid_rate.B",127,-0.0019795,-0.011376,0.0066025
"incid_rate.B",128,0.0012119,-0.0064129,0.008693
"incid_rate.B",129,0.00059919,-0.0083362,0.0088275
"incid_rate.B",130,-0.00040474,-0.0088878,0.007752
"incid_rate.B",131,-0.0024312,-0.011867,0.0068571
"incid_rate.B",132,0.0011253,-0.0074231,0.0093107
"incid_rate.B",133,-0.0043867,-0.01395,0.0049089
"incid_rate.B",134,0.0015368,-0.007339,0.0098281
"incid_rate.B",135,-0.00046137,-0.0091065,0.0083245
"incid_rate.B",136,-0.0019636,-0.010504,0.0057058
"incid_rate.B",137,-0.0047993,-0.012695,0.0033725
"incid_rate.B",138,-0.0016622,-0.010159,0.0068063
"incid_rate.B",139,-0.00025684,-0.0097884,0.0090423
"incid_rate.B",140,0.0010878,-0.008204,0.010303
"incid_rate.B",141,0.004076,-0.004455,0.012303
"incid_rate.B",142,-0.0013208,-0.011036,0.0083101
"incid_rate.B",143,0.0050029,-0.0035801,0.013369
"incid_rate.B",144,-0.00043204,-0.0090558,0.0085649
"incid_rate.B",145,0.0079122,-0.00055774,0.016421
"incid_rate.B",146,0.00632,-0.0030005,0.015039
"incid_rate.B",147,0.0013721,-0.0065707,0.0098026
"incid_rate.B",148,0.0024198,-0.0073029,0.011542
"incid_rate.B",149,0.0061387,-0.0024072,0.016439
"incid_rate.B",150,0.0080706,-0.0010334,0.017478
"dx_frac.B",0,1,1,1
"dx_frac.B",1,0.86716,0.86472,0.8694
"dx_frac.B",2,0.70267,0.69749,0.70748
"dx_frac.B",3,0.57367,0.56651,0.58023
"dx_frac.B",4,0.47078,0.46203,0.47925
"dx_frac.B",5,0.3889,0.37926,0.39894
"dx_frac.B",6,0.32257,0.31206,0.33344
"dx_frac.B",7,0.26764,0.257,0.27878
"dx_frac.B",8,0.22247,0.21166,0.23395
"dx_frac.B",9,0.18594,0.17502,0.19758
"dx_frac.B",10,0.15695,0.1457,0.16874
"dx_frac.B",11,0.13296,0.12137,0.14461
"dx_frac.B",12,0.11253,0.10005,0.12488
"dx_frac.B",13,0.094849,0.081991,0.10747
"dx_frac.B",14,0.07963,0.066778,0.092817
"dx_frac.B",15,0.067439,0.054674,0.081048
"dx_frac.B",16,0.056698,0.043716,0.069782
"dx_frac.B",17,0.046895,0.03315,0.059275
"dx_frac.B",18,0.039304,0.026258,0.051932
"dx_frac.B",19,0.031983,0.019069,0.044483
"dx_frac.B",20,0.023824,0.011085,0.036407
"dx_frac.B",21,0.016381,0.0032883,0.029341
"dx_frac.B",22,0.010522,-0.0029001,0.023206
"dx_frac.B",23,0.0056039,-0.0084398,0.018766
"dx_frac.B",24,0.0019858,-0.011704,0.014985
"dx_frac.B",25,-0.00184,-0.015353,0.011677
"dx_frac.B",26,-0.0057578,-0.019391,0.0075862
"dx_frac.B",27,-0.010545,-0.023877,0.0028126
"dx_frac.B",28,-0.016073,-0.028968,-0.0027148
"dx_frac.B",29,-0.021069,-0.034656,-0.0078337
"dx_frac.B",30,-0.025137,-0.03898,-0.011928
"dx_frac.B",31,-0.028569,-0.041751,-0.01564
"dx_frac.B",32,-0.030524,-0.04344,-0.017987
"dx_frac.B",33,-0.031324,-0.043819,-0.019453
"dx_frac.B",34,-0.031979,-0.044542,-0.01928
"dx_frac.B",35,-0.033362,-0.046384,-0.02021
"dx_frac.B",36,-0.034472,-0.047656,-0.020438
"dx_frac.B",37,-0.034314,-0.047361,-0.020107
"dx_frac.B",38,-0.032266,-0.045166,-0.018577
"dx_frac.B",39,-0.030855,-0.044444,-0.016519
"dx_frac.B",40,-0.029657,-0.043183,-0.015361
"dx_frac.B",41,-0.027633,-0.040698,-0.013315
"dx_frac.B",42,-0.024741,-0.037387,-0.010166
"dx_frac.B",43,-0.021733,-0.034585,-0.0065054
"dx_frac.B",44,-0.019014,-0.032084,-0.0031757
"dx_frac.B",45,-0.016815,-0.030711,-0.0010706
"dx_frac.B",46,-0.015796,-0.03024,-0.00036485
"dx_frac.B",47,-0.01592,-0.029929,-0.00088361
"dx_frac.B",48,-0.01609,-0.030099,-0.0018062
"dx_frac.B",49,-0.017592,-0.032312,-0.0028175
"dx_frac.B",50,-0.01967,-0.034462,-0.0046305
"dx_frac.B",51,-0.020583,-0.035785,-0.0053013
"dx_frac.B",52,-0.020831,-0.035739,-0.0053661
"dx_frac.B",53,-0.021524,-0.036664,-0.0069792
"dx_frac.B",54,-0.021916,-0.035941,-0.0079288
"dx_frac.B",55,-0.021772,-0.034776,-0.0080738
"dx_frac.B",56,-0.021625,-0.033898,-0.0080671
"dx_frac.B",57,-0.020659,-0.033423,-0.0067588
"dx_frac.B",58,-0.018277,-0.032161,-0.0041671
"dx_frac.B",59,-0.015411,-0.029446,-0.0015469
"dx_frac.B",60,-0.013273,-0.027167,0.00025328
"dx_frac.B",61,-0.012653,-0.026851,0.0017598
"dx_frac.B",62,-0.013577,-0.028563,0.0010712
"dx_frac.B",63,-0.014514,-0.029698,0.00031751
"dx_frac.B",64,-0.014221,-0.030488,0.00078243
"dx_frac.B",65,-0.013886,-0.029991,0.0004761
"dx_frac.B",66,-0.011772,-0.028161,0.0026092
"dx_frac.B",67,-0.0092428,-0.025251,0.0046791
"dx_frac.B",68,-0.0076056,-0.021594,0.0066891
"dx_frac.B",69,-0.0066278,-0.021117,0.0068995
"dx_frac.B",70,-0.0044204,-0.019338,0.0091114
"dx_frac.B",71,-0.0036479,-0.018299,0.0095988
"dx_frac.B",72,-0.00382,-0.01833,0.0096472
"dx_frac.B",73,-0.0040463,-0.018583,0.0098209
"dx_frac.B",74,-0.0042856,-0.017872,0.0098444
"dx_frac.B",75,-0.0064262,-0.019461,0.0076669
"dx_frac.B",76,-0.0094433,-0.023306,0.0044787
"dx_frac.B",77,-0.010985,-0.024727,0.002474
"dx_frac.B",78,-0.010768,-0.024793,0.0022919
"dx_frac.B",79,-0.0095855,-0.023297,0.0027254
"dx_frac.B",80,-0.0077062,-0.021893,0.0043524
"dx_frac.B",81,-0.0042624,-0.018371,0.0088345
"dx_frac.B",82,-0.0020068,-0.016992,0.010785
"dx_frac.B",83,-0.00040875,-0.015422,0.012668
"dx_frac.B",84,0.00048536,-0.015507,0.013376
"dx_frac.B",85,-0.00066074,-0.016527,0.013183
"dx_frac.B",86,-0.0012874,-0.017223,0.012804
"dx_frac.B",87,-0.0018577,-0.017146,0.012697
"dx_frac.B",88,-0.0022054,-0.017305,0.01234
"dx_frac.B",89,-0.001485,-0.017371,0.012669
"dx_frac.B",90,0.0003756,-0.015005,0.014449
"dx_frac.B",91,0.0017116,-0.014669,0.017224
"dx_frac.B",92,0.0019445,-0.015084,0.017281
"dx_frac.B",93,0.0026852,-0.014024,0.017893
"dx_frac.B",94,0.0025519,-0.014596,0.01761
"dx_frac.B",95,0.0015394,-0.015449,0.016736
"dx_frac.B",96,-0.0010937,-0.018458,0.014713
"dx_frac.B",97,-0.0040213,-0.021684,0.011859
"dx_frac.B",98,-0.0071844,-0.0255,0.0097278
"dx_frac.B",99,-0.0097874,-0.027999,0.0056532
"dx_frac.B",100,-0.010845,-0.027924,0.0044575
"dx_frac.B",101,-0.01048,-0.026276,0.0040943
"dx_frac.B",102,-0.01049,-0.025739,0.0042061
"dx_frac.B",103,-0.011455,-0.026295,0.0029078
"dx_frac.B",104,-0.011155,-0.026,0.0025546
"dx_frac.B",105,-0.011025,-0.026359,0.0035663
"dx_frac.B",106,-0.0099972,-0.025258,0.0047351
"dx_frac.B",107,-0.0079875,-0.022349,0.0069901
"dx_frac.B",108,-0.0053356,-0.020329,0.0099339
"dx_frac.B",109,-0.0033971,-0.018825,0.012488
"dx_frac.B",110,-0.0025827,-0.017678,0.01417
"dx_frac.B",111,-0.002661,-0.0174,0.01325
"dx_frac.B",112,-0.0025507,-0.016849,0.013332
"dx_frac.B",113,-0.0015999,-0.016034,0.013744
"dx_frac.B",114,0.00024773,-0.013431,0.015992
"dx_frac.B",115,0.0012962,-0.012322,0.016116
"dx_frac.B",116,0.001403,-0.012377,0.016535
"dx_frac.B",117,0.0014203,-0.012886,0.017136
"dx_frac.B",118,0.0027686,-0.011739,0.018071
"dx_frac.B",119,0.0045816,-0.010272,0.020587
"dx_frac.B",120,0.0050618,-0.0097864,0.020458
"dx_frac.B",121,0.0049552,-0.010561,0.021215
"dx_frac.B",122,0.0037048,-0.010784,0.019314
"dx_frac.B",123,0.0020492,-0.012303,0.017167
"dx_frac.B",124,-0.00056598,-0.014835,0.01391
"dx_frac.B",125,-0.0023235,-0.016548,0.011735
"dx_frac.B",126,-0.0019595,-0.016069,0.011698
"dx_frac.B",127,-0.0021259,-0.01611,0.011829
"dx_frac.B",128,-0.0024544,-0.016069,0.010862
"dx_frac.B",129,-0.0042281,-0.018334,0.0078548
"dx_frac.B",130,-0.0058693,-0.019705,0.0068797
"dx_frac.B",131,-0.0080407,-0.022613,0.004975
"dx_frac.B",132,-0.0093435,-0.02516,0.0051525
"dx_frac.B",133,-0.010009,-0.025833,0.0047993
"dx_frac.B",134,-0.010206,-0.025938,0.004228
"dx_frac.B",135,-0.01034,-0.025965,0.0039807
"dx_frac.B",136,-0.0089674,-0.024068,0.0059945
"dx_frac.B",137,-0.0061665,-0.021688,0.0080932
"dx_frac.B",138,-0.0039758,-0.020352,0.011557
"dx_frac.B",139,-0.0016581,-0.017862,0.014586
"dx_frac.B",140,-0.0011797,-0.01685,0.015617
"dx_frac.B",141,-0.0014751,-0.017414,0.015987
"dx_frac.B",142,-3.9852e-05,-0.015712,0.016544
"dx_frac.B",143,0.00065673,-0.015864,0.017806
"dx_frac.B",144,0.0015474,-0.015256,0.018081
"dx_frac.B",145,0.0022052,-0.014546,0.01847
"dx_frac.B",146,0.0017149,-0.014573,0.018449
"dx_frac.B",147,0.00039907,-0.016024,0.016073
"dx_frac.B",148,0.00075853,-0.015207,0.016401
"dx_frac.B",149,0.0010701,-0.015247,0.016963
"dx_frac.B",150,0.0023942,-0.01408,0.019094
"supp_frac.B",0,1,1,1
"supp_frac.B",1,0.81429,0.81158,0.81685
"supp_frac.B",2,0.5894,0.5835,0.59512
"supp_frac.B",3,0.42331,0.41531,0.43133
"supp_frac.B",4,0.30293,0.29389,0.3124
"supp_frac.B",5,0.21684,0.20661,0.22652
"supp_frac.B",6,0.15504,0.14431,0.16576
"supp_frac.B",7,0.11043,0.099272,0.12261
"supp_frac.B",8,0.077051,0.065511,0.089823
"supp_frac.B",9,0.054255,0.043105,0.067156
"supp_frac.B",10,0.038113,0.027383,0.051753
"supp_frac.B",11,0.02608,0.015977,0.039644
"supp_frac.B",12,0.017782,0.0076956,0.030729
"supp_frac.B",13,0.012984,0.0021141,0.025426
"supp_frac.B",14,0.0087177,-0.00090062,0.020216
"supp_frac.B",15,0.0078675,-0.0022117,0.019819
"supp_frac.B",16,0.0092808,-0.00063732,0.021165
"supp_frac.B",17,0.0093325,-0.0011611,0.021108
"supp_frac.B",18,0.010659,-0.00067817,0.022783
"supp_frac.B",19,0.010875,-0.00054426,0.02405
"supp_frac.B",20,0.0107,-0.00079149,0.023376
"supp_frac.B",21,0.0085258,-0.0024518,0.021235
"supp_frac.B",22,0.0063631,-0.0044876,0.018238
"supp_frac.B",23,0.0044318,-0.0064992,0.016299
"supp_frac.B",24,0.0038414,-0.0070213,0.014896
"supp_frac.B",25,0.0047533,-0.0054486,0.015346
"supp_frac.B",26,0.0069833,-0.0034058,0.017938
"supp_frac.B",27,0.006855,-0.0038564,0.018094
"supp_frac.B",28,0.0039853,-0.0078115,0.015867
"supp_frac.B",29,0.0019441,-0.01031,0.013775
"supp_frac.B",30,-0.00052645,-0.013761,0.011465
"supp_frac.B",31,-0.0025811,-0.015946,0.0091213
"supp_frac.B",32,-0.0031529,-0.015222,0.0088978
"supp_frac.B",33,-0.00077649,-0.01371,0.010848
"supp_frac.B",34,0.0024395,-0.010718,0.014125
"supp_frac.B",35,0.0056351,-0.0079801,0.017966
"supp_frac.B",36,0.0067131,-0.0075206,0.020136
"supp_frac.B",37,0.0062942,-0.0076029,0.021028
"supp_frac.B",38,0.0054123,-0.0083774,0.019508
"supp_frac.B",39,0.0048105,-0.0093037,0.017551
"supp_frac.B",40,0.0051033,-0.0079399,0.0171
"supp_frac.B",41,0.0050329,-0.0077948,0.016562
"supp_frac.B",42,0.0042337,-0.0082205,0.016147
"supp_frac.B",43,0.0040159,-0.0086948,0.015856
"supp_frac.B",44,0.0055001,-0.0079626,0.016688
"supp_frac.B",45,0.0080067,-0.0056172,0.019161
"supp_frac.B",46,0.0095982,-0.0029317,0.020714
"supp_frac.B",47,0.010414,-0.001184,0.021079
"supp_frac.B",48,0.012043,0.00075227,0.0231
"supp_frac.B",49,0.013326,0.001905,0.024265
"supp_frac.B",50,0.012328,0.00036223,0.023305
"supp_frac.B",51,0.011222,-0.00037233,0.021783
"supp_frac.B",52,0.0085838,-0.0033943,0.018869
"supp_frac.B",53,0.0057348,-0.0056433,0.016515
"supp_frac.B",54,0.0033193,-0.007927,0.014159
"supp_frac.B",55,0.0022394,-0.0094289,0.013215
"supp_frac.B",56,0.0018325,-0.0093457,0.012713
"supp_frac.B",57,0.0006748,-0.01144,0.012105
"supp_frac.B",58,0.00024964,-0.011987,0.011011
"supp_frac.B",59,0.00036227,-0.011374,0.01091
"supp_frac.B",60,-0.00052291,-0.011975,0.010038
"supp_frac.B",61,-0.0013713,-0.013073,0.0098154
"supp_frac.B",62,-0.0015592,-0.013972,0.0096845
"supp_frac.B",63,-0.0018397,-0.015216,0.0099785
"supp_frac.B",64,-0.0020632,-0.015955,0.0097453
"supp_frac.B",65,-0.0026609,-0.01659,0.010876
"supp_frac.B",66,-0.0013759,-0.014877,0.011867
"supp_frac.B",67,-0.0012364,-0.014237,0.011395
"supp_frac.B",68,-0.0012297,-0.013871,0.011446
"supp_frac.B",69,0.0013302,-0.011451,0.014172
"supp_frac.B",70,0.0042706,-0.0088124,0.017069
"supp_frac.B",71,0.0057144,-0.0071295,0.018272
"supp_frac.B",72,0.0086876,-0.0047903,0.020427
"supp_frac.B",73,0.013977,-0.00076933,0.025595
"supp_frac.B",74,0.016997,0.0027335,0.027934
"supp_frac.B",75,0.017873,0.003038,0.029634
"supp_frac.B",76,0.015727,0.0015003,0.02869
"supp_frac.B",77,0.011801,-0.0013869,0.02485
"supp_frac.B",78,0.0097075,-0.0044415,0.022949
"supp_frac.B",79,0.0093277,-0.0051165,0.022049
"supp_frac.B",80,0.0074558,-0.006345,0.020374
"supp_frac.B",81,0.0065133,-0.0066868,0.019468
"supp_frac.B",82,0.0052817,-0.0075327,0.018114
"supp_frac.B",83,0.0037161,-0.0083897,0.016436
"supp_frac.B",84,0.0029596,-0.009442,0.01586
"supp_frac.B",85,0.0033482,-0.0091607,0.015626
"supp_frac.B",86,0.004037,-0.0091167,0.016278
"supp_frac.B",87,0.0045612,-0.0085396,0.017114
"supp_frac.B",88,0.0050351,-0.0081863,0.017847
"supp_frac.B",89,0.006851,-0.0052115,0.019589
"supp_frac.B",90,0.0075787,-0.0045387,0.019619
"supp_frac.B",91,0.0068591,-0.0056263,0.019302
"supp_frac.B",92,0.0034053,-0.0086004,0.016312
"supp_frac.B",93,-0.00012349,-0.011823,0.014166
"supp_frac.B",94,-0.0031567,-0.01575,0.011005
"supp_frac.B",95,-0.0045972,-0.016168,0.010355
"supp_frac.B",96,-0.0055748,-0.017359,0.008811
"supp_frac.B",97,-0.0060486,-0.018153,0.0078688
"supp_frac.B",98,-0.0069023,-0.018398,0.0067369
"supp_frac.B",99,-0.0073614,-0.018705,0.0060196
"supp_frac.B",100,-0.007653,-0.018786,0.0055689
"supp_frac.B",101,-0.0071699,-0.018847,0.0060516
"supp_frac.B",102,-0.0062405,-0.018565,0.0078297
"supp_frac.B",103,-0.0035385,-0.016158,0.010919
"supp_frac.B",104,-4.5153e-05,-0.011765,0.013307
"supp_frac.B",105,0.00019127,-0.01077,0.012253
"supp_frac.B",106,-0.0023228,-0.01318,0.0097864
"supp_frac.B",107,-0.0041328,-0.014794,0.0075184
"supp_frac.B",108,-0.0045581,-0.014799,0.0069416
"supp_frac.B",109,-0.0034444,-0.013828,0.0082313
"supp_frac.B",110,-0.0026776,-0.014245,0.009331
"supp_frac.B",111,-0.0037767,-0.015893,0.0082042
"supp_frac.B",112,-0.003121,-0.015971,0.010166
"supp_frac.B",113,-0.00065869,-0.013414,0.012697
"supp_frac.B",114,0.0017804,-0.010832,0.014671
"supp_frac.B",115,0.0040606,-0.0092003,0.016014
"supp_frac.B",116,0.0059596,-0.0068222,0.019039
"supp_frac.B",117,0.0081096,-0.0045059,0.021061
"supp_frac.B",118,0.011063,-0.0021632,0.024103
"supp_frac.B",119,0.013469,-0.00014003,0.026567
"supp_frac.B",120,0.014708,0.0010775,0.02707
"supp_frac.B",121,0.014389,0.00050052,0.026187
"supp_frac.B",122,0.012882,-0.00039396,0.024613
"supp_frac.B",123,0.012522,-8.0319e-05,0.024651
"supp_frac.B",124,0.011466,-0.0017477,0.023725
"supp_frac.B",125,0.0096151,-0.0031575,0.021958
"supp_frac.B",126,0.01043,-0.0020118,0.022301
"supp_frac.B",127,0.01341,0.0014636,0.025133
"supp_frac.B",128,0.015043,0.0030753,0.027284
"supp_frac.B",129,0.014507,0.0024908,0.026548
"supp_frac.B",130,0.014256,0.0023608,0.026539
"supp_frac.B",131,0.011781,-0.00010468,0.023862
"supp_frac.B",132,0.0083121,-0.0032382,0.020116
"supp_frac.B",133,0.004061,-0.0081284,0.016151
"supp_frac.B",134,0.00091912,-0.011142,0.013955
"supp_frac.B",135,-0.0012088,-0.014137,0.012169
"supp_frac.B",136,-0.0032868,-0.016257,0.010474
"supp_frac.B",137,-0.0048303,-0.01729,0.0092314
"supp_frac.B",138,-0.0051636,-0.018159,0.0089405
"supp_frac.B",139,-0.0061763,-0.020129,0.0080089
"supp_frac.B",140,-0.0084622,-0.022562,0.0050601
"supp_frac.B",141,-0.0085382,-0.0222,0.0048626
"supp_frac.B",142,-0.0072583,-0.021288,0.0060483
"supp_frac.B",143,-0.0056774,-0.020104,0.0081253
"supp_frac.B",144,-0.005854,-0.020419,0.0081987
"supp_frac.B",145,-0.0071145,-0.022177,0.0074462
"supp_frac.B",146,-0.0085989,-0.023659,0.0066586
"supp_frac.B",147,-0.0077041,-0.023232,0.007465
"supp_frac.B",148,-0.0063505,-0.02233,0.0081365
"supp_frac.B",149,-0.0044579,-0.021245,0.0091343
"supp_frac.B",150,-0.0018162,-0.017334,0.012159
"prep_cov.B",0,1,1,1
"prep_cov.B",1,0.39139,0.38533,0.39634
"prep_cov.B",2,0.094871,0.088114,0.10104
"prep_cov.B",3,0.04545,0.038786,0.051414
"prep_cov.B",4,0.035253,0.028698,0.040899
"prep_cov.B",5,0.030535,0.023171,0.037373
"prep_cov.B",6,0.02656,0.019221,0.033592
"prep_cov.B",7,0.026819,0.019578,0.033812
"prep_cov.B",8,0.029402,0.022181,0.035168
"prep_cov.B",9,0.028705,0.022189,0.034185
"prep_cov.B",10,0.02339,0.016564,0.029489
"prep_cov.B",11,0.020004,0.013267,0.025393
"prep_cov.B",12,0.017791,0.011569,0.023534
"prep_cov.B",13,0.018829,0.012521,0.025844
"prep_cov.B",14,0.02059,0.014508,0.027216
"prep_cov.B",15,0.016513,0.010723,0.022549
"prep_cov.B",16,0.0138,0.0071097,0.02196
"prep_cov.B",17,0.012589,0.0063635,0.019662
"prep_cov.B",18,0.015618,0.0084423,0.022898
"prep_cov.B",19,0.012996,0.0052654,0.019917
"prep_cov.B",20,0.0089068,0.0020358,0.01525
"prep_cov.B",21,0.014136,0.0074751,0.022253
"prep_cov.B",22,0.011288,0.0042544,0.018388
"prep_cov.B",23,0.0077783,0.00061797,0.01514
"prep_cov.B",24,0.0082383,0.001294,0.01488
"prep_cov.B",25,0.011259,0.0039239,0.019142
"prep_cov.B",26,0.011477,0.0045818,0.018362
"prep_cov.B",27,0.0085107,0.0023721,0.015979
"prep_cov.B",28,0.0066894,0.00046791,0.01405
"prep_cov.B",29,0.0068048,-0.00043243,0.01337
"prep_cov.B",30,0.0078543,0.0011292,0.01442
"prep_cov.B",31,0.0046326,-0.0022459,0.011373
"prep_cov.B",32,0.0064509,-0.0007505,0.013724
"prep_cov.B",33,0.0036794,-0.0033882,0.011236
"prep_cov.B",34,0.0096726,0.0031013,0.016545
"prep_cov.B",35,0.0080659,0.00070417,0.015972
"prep_cov.B",36,0.0069281,-0.00013394,0.014685
"prep_cov.B",37,0.009106,0.0018049,0.015967
"prep_cov.B",38,0.0055151,-0.0012152,0.012331
"prep_cov.B",39,-0.0025999,-0.0094203,0.0044753
"prep_cov.B",40,-0.0027525,-0.0095515,0.0041081
"prep_cov.B",41,0.0010271,-0.0054955,0.0082602
"prep_cov.B",42,0.0024333,-0.0045389,0.0097076
"prep_cov.B",43,0.0085056,0.0018232,0.016039
"prep_cov.B",44,0.0082877,0.0014259,0.015432
"prep_cov.B",45,0.0046009,-0.0025473,0.011399
"prep_cov.B",46,0.0070297,0.00014869,0.013243
"prep_cov.B",47,0.010604,0.004477,0.017297
"prep_cov.B",48,0.010213,0.0033591,0.017422
"prep_cov.B",49,0.0086394,0.0016777,0.015494
"prep_cov.B",50,0.0050503,-0.0020659,0.012907
"prep_cov.B",51,0.0071851,0.00032355,0.014458
"prep_cov.B",52,0.010198,0.0026592,0.016771
"prep_cov.B",53,0.0095202,0.0016424,0.017192
"prep_cov.B",54,0.0039807,-0.0040791,0.01119
"prep_cov.B",55,0.0015218,-0.0063401,0.0084186
"prep_cov.B",56,0.011068,0.0041771,0.017695
"prep_cov.B",57,0.0044025,-0.003226,0.011435
"prep_cov.B",58,-0.0015973,-0.0085764,0.0063007
"prep_cov.B",59,-0.0022446,-0.0094085,0.0048461
"prep_cov.B",60,-0.0010877,-0.0082865,0.0061385
"prep_cov.B",61,-0.00042693,-0.0062732,0.0066183
"prep_cov.B",62,-0.00025343,-0.0070825,0.0068377
"prep_cov.B",63,0.006966,0.00043924,0.013645
"prep_cov.B",64,0.0079767,0.0002096,0.015319
"prep_cov.B",65,0.0045457,-0.0033745,0.01142
"prep_cov.B",66,-0.0017807,-0.010194,0.0059633
"prep_cov.B",67,-0.0020829,-0.0089828,0.0048758
"prep_cov.B",68,-0.0011281,-0.0084713,0.0052617
"prep_cov.B",69,-0.00089625,-0.0076453,0.0054793
"prep_cov.B",70,0.0070981,-0.00086146,0.014168
"prep_cov.B",71,0.010541,0.0027664,0.017485
"prep_cov.B",72,0.0053746,-0.0014606,0.012273
"prep_cov.B",73,0.00057658,-0.0063177,0.0077989
"prep_cov.B",74,-0.0030584,-0.0097539,0.0045799
"prep_cov.B",75,-0.0042353,-0.011489,0.0039029
"prep_cov.B",76,-0.0060833,-0.013497,0.0021322
"prep_cov.B",77,-0.002277,-0.009828,0.0053605
"prep_cov.B",78,0.00075048,-0.0068332,0.0079287
"prep_cov.B",79,0.0036541,-0.0031155,0.010542
"prep_cov.B",80,0.0040642,-0.0033314,0.011676
"prep_cov.B",81,-0.0010101,-0.0091818,0.0065731
"prep_cov.B",82,-0.0028342,-0.010186,0.0049071
"prep_cov.B",83,-0.0013358,-0.0097918,0.0065517
"prep_cov.B",84,7.5078e-05,-0.0073294,0.0074415
"prep_cov.B",85,-0.0030884,-0.0097879,0.0032995
"prep_cov.B",86,-0.0039425,-0.011115,0.0036549
"prep_cov.B",87,-0.0034679,-0.011121,0.0043902
"prep_cov.B",88,-0.0034286,-0.011631,0.0049199
"prep_cov.B",89,-0.0050545,-0.013376,0.0022227
"prep_cov.B",90,-0.0057627,-0.012893,0.0016918
"prep_cov.B",91,-0.0021233,-0.0092293,0.0047962
"prep_cov.B",92,0.0015343,-0.0056231,0.0083345
"prep_cov.B",93,-0.002171,-0.0096495,0.0044665
"prep_cov.B",94,-0.00070519,-0.0082006,0.0056888
"prep_cov.B",95,-0.00082083,-0.0088961,0.006651
"prep_cov.B",96,0.0059693,-0.0007138,0.012053
"prep_cov.B",97,0.0095039,0.0027331,0.016494
"prep_cov.B",98,0.0020423,-0.0051564,0.010047
"prep_cov.B",99,-5.3995e-05,-0.0080246,0.0076985
"prep_cov.B",100,0.002178,-0.0051947,0.0094049
"prep_cov.B",101,0.00087418,-0.0062984,0.0080047
"prep_cov.B",102,-0.0022091,-0.010539,0.0046383
"prep_cov.B",103,-0.0018822,-0.009298,0.0051697
"prep_cov.B",104,-0.0033321,-0.010953,0.0045057
"prep_cov.B",105,1.3018e-05,-0.0085811,0.0084151
"prep_cov.B",106,0.00027918,-0.0078376,0.0071296
"prep_cov.B",107,0.0006604,-0.0066939,0.0081988
"prep_cov.B",108,0.0050301,-0.0028937,0.013052
"prep_cov.B",109,-0.0032821,-0.012066,0.0041351
"prep_cov.B",110,-0.0077483,-0.016216,-0.00010469
"prep_cov.B",111,-0.0083394,-0.01601,-0.00086306
"prep_cov.B",112,-0.0084474,-0.015421,-0.0014472
"prep_cov.B",113,-0.0029264,-0.011142,0.0055029
"prep_cov.B",114,-0.00089432,-0.010218,0.0077861
"prep_cov.B",115,-0.0018079,-0.0097356,0.0062149
"prep_cov.B",116,-0.0031748,-0.01087,0.0052602
"prep_cov.B",117,-0.0027874,-0.010846,0.0048059
"prep_cov.B",118,-0.0014101,-0.0095649,0.0065713
"prep_cov.B",119,-0.0021893,-0.010006,0.0051604
"prep_cov.B",120,0.00085106,-0.0064429,0.0091186
"prep_cov.B",121,0.00025369,-0.0072941,0.0079129
"prep_cov.B",122,-0.0019722,-0.010882,0.0057235
"prep_cov.B",123,-0.0012802,-0.0096546,0.0056299
"prep_cov.B",124,-0.0040346,-0.011958,0.003051
"prep_cov.B",125,-0.0068433,-0.015177,0.00081029
"prep_cov.B",126,-0.0061462,-0.014066,0.0016787
"prep_cov.B",127,-0.0053922,-0.013545,0.0022302
"prep_cov.B",128,-0.0061381,-0.014849,0.0019907
"prep_cov.B",129,-0.0022668,-0.010056,0.0057995
"prep_cov.B",130,-0.003089,-0.01157,0.004793
"prep_cov.B",131,-0.0017421,-0.0092613,0.0059636
"prep_cov.B",132,-0.00022287,-0.008503,0.0079859
"prep_cov.B",133,0.0023741,-0.0052733,0.010596
"prep_cov.B",134,0.0063932,-0.001682,0.013739
"prep_cov.B",135,0.0007725,-0.0075562,0.0085705
"prep_cov.B",136,-0.0009064,-0.0087609,0.007174
"prep_cov.B",137,0.00042584,-0.0073123,0.0084757
"prep_cov.B",138,-0.00037218,-0.0083594,0.0076075
"prep_cov.B",139,-0.0011888,-0.0091567,0.0066313
"prep_cov.B",140,-0.003063,-0.011916,0.0054356
"prep_cov.B",141,-0.0084721,-0.016648,3.8575e-05
"prep_cov.B",142,-0.0061359,-0.014127,0.0021049
"prep_cov.B",143,-0.0075077,-0.015336,-0.00026634
"prep_cov.B",144,-0.0036187,-0.011513,0.0047837
"prep_cov.B",145,0.0029915,-0.0054176,0.012403
"prep_cov.B",146,0.0034782,-0.0047975,0.011711
"prep_cov.B",147,0.0027528,-0.0049698,0.0098945
"prep_cov.B",148,-0.0010498,-0.0096274,0.0071507
"prep_cov.B",149,-0.0049591,-0.014219,0.0031476
"prep_cov.B",150,-0.0090326,-0.017259,-0.00041368
"prev.H",0,1,1,1
"prev.H",1,0.97545,0.97467,0.97635
"prev.H",2,0.93838,0.93648,0.94059
"prev.H",3,0.90135,0.89829,0.90467
"prev.H",4,0.86446,0.86038,0.86893
"prev.H",5,0.82804,0.82307,0.83369
"prev.H",6,0.79221,0.78624,0.79909
"prev.H",7,0.75686,0.74997,0.76489
"prev.H",8,0.72195,0.71406,0.73112
"prev.H",9,0.68741,0.67832,0.69793
"prev.H",10,0.65336,0.64348,0.66504
"prev.H",11,0.62023,0.60967,0.63302
"prev.H",12,0.58788,0.57669,0.60184
"prev.H",13,0.55634,0.54422,0.57108
"prev.H",14,0.52545,0.51243,0.54112
"prev.H",15,0.49522,0.48129,0.51181
"prev.H",16,0.46578,0.45104,0.48327
"prev.H",17,0.43718,0.42133,0.45583
"prev.H",18,0.40923,0.39235,0.42899
"prev.H",19,0.38233,0.36412,0.40284
"prev.H",20,0.35673,0.33744,0.37742
"prev.H",21,0.33229,0.31176,0.3535
"prev.H",22,0.30891,0.28751,0.33082
"prev.H",23,0.28671,0.26481,0.30958
"prev.H",24,0.26588,0.24346,0.28941
"prev.H",25,0.24621,0.22316,0.27021
"prev.H",26,0.22768,0.20337,0.25194
"prev.H",27,0.21022,0.18518,0.23475
"prev.H",28,0.19369,0.16757,0.21851
"prev.H",29,0.17831,0.15191,0.20332
"prev.H",30,0.16396,0.13713,0.18943
"prev.H",31,0.15047,0.12366,0.1763
"prev.H",32,0.13793,0.11063,0.16387
"prev.H",33,0.12641,0.099264,0.15234
"prev.H",34,0.11611,0.088754,0.14253
"prev.H",35,0.10695,0.079025,0.13396
"prev.H",36,0.098823,0.070166,0.1259
"prev.H",37,0.091593,0.062651,0.1189
"prev.H",38,0.085272,0.056762,0.11228
"prev.H",39,0.07959,0.051283,0.10662
"prev.H",40,0.074609,0.046494,0.10152
"prev.H",41,0.070367,0.042222,0.096904
"prev.H",42,0.067043,0.038893,0.093318
"prev.H",43,0.064459,0.03635,0.090826
"prev.H",44,0.062481,0.0345,0.088514
"prev.H",45,0.061223,0.033549,0.087117
"prev.H",46,0.060476,0.032694,0.086216
"prev.H",47,0.060221,0.031654,0.085274
"prev.H",48,0.060523,0.031224,0.085181
"prev.H",49,0.061375,0.032118,0.086045
"prev.H",50,0.062199,0.033448,0.086845
"prev.H",51,0.061623,0.033145,0.086831
"prev.H",52,0.060738,0.032028,0.086046
"prev.H",53,0.059911,0.031717,0.084694
"prev.H",54,0.059335,0.03166,0.083972
"prev.H",55,0.058951,0.030944,0.083267
"prev.H",56,0.058633,0.030835,0.082672
"prev.H",57,0.058376,0.030662,0.082561
"prev.H",58,0.058211,0.029934,0.082802
"prev.H",59,0.058099,0.029581,0.082116
"prev.H",60,0.05805,0.029334,0.081727
"prev.H",61,0.058314,0.029529,0.08182
"prev.H",62,0.058584,0.029956,0.0818
"prev.H",63,0.058875,0.030566,0.082231
"prev.H",64,0.059004,0.030555,0.083069
"prev.H",65,0.05896,0.030601,0.083451
"prev.H",66,0.059092,0.030681,0.083858
"prev.H",67,0.059176,0.031177,0.083537
"prev.H",68,0.05916,0.031088,0.083676
"prev.H",69,0.059018,0.030252,0.083714
"prev.H",70,0.058854,0.030058,0.084164
"prev.H",71,0.058398,0.028916,0.083462
"prev.H",72,0.057945,0.027971,0.082993
"prev.H",73,0.057742,0.02742,0.083198
"prev.H",74,0.057479,0.026824,0.0831
"prev.H",75,0.057264,0.026307,0.083055
"prev.H",76,0.056972,0.025759,0.08325
"prev.H",77,0.056838,0.025588,0.083846
"prev.H",78,0.056472,0.025866,0.084184
"prev.H",79,0.055744,0.025213,0.082924
"prev.H",80,0.054847,0.023945,0.08202
"prev.H",81,0.054024,0.022774,0.081502
"prev.H",82,0.053259,0.022285,0.08012
"prev.H",83,0.052325,0.021846,0.079359
"prev.H",84,0.051318,0.020689,0.078292
"prev.H",85,0.050275,0.020215,0.0767
"prev.H",86,0.049224,0.018737,0.075286
"prev.H",87,0.048047,0.018236,0.074579
"prev.H",88,0.046572,0.016402,0.073565
"prev.H",89,0.044846,0.014488,0.071984
"prev.H",90,0.042949,0.012381,0.070422
"prev.H",91,0.040738,0.010156,0.068656
"prev.H",92,0.038403,0.0079443,0.066761
"prev.H",93,0.036181,0.0057834,0.064743
"prev.H",94,0.033722,0.0035505,0.062138
"prev.H",95,0.03122,0.00095536,0.059756
"prev.H",96,0.028561,-0.0016835,0.057109
"prev.H",97,0.02574,-0.0042274,0.054157
"prev.H",98,0.023086,-0.0068149,0.05196
"prev.H",99,0.020639,-0.0092422,0.048961
"prev.H",100,0.018243,-0.011541,0.04608
"prev.H",101,0.015829,-0.013954,0.043437
"prev.H",102,0.013712,-0.016396,0.041354
"prev.H",103,0.011759,-0.018719,0.039599
"prev.H",104,0.0099381,-0.020841,0.037783
"prev.H",105,0.0081479,-0.022319,0.036139
"prev.H",106,0.0064612,-0.023741,0.034613
"prev.H",107,0.0049645,-0.025395,0.032924
"prev.H",108,0.003594,-0.027086,0.030886
"prev.H",109,0.0022745,-0.028163,0.029275
"prev.H",110,0.0010454,-0.029189,0.028734
"prev.H",111,-0.00013706,-0.030686,0.027654
"prev.H",112,-0.00059573,-0.031179,0.027038
"prev.H",113,-0.00057073,-0.031131,0.026635
"prev.H",114,-0.00046303,-0.031457,0.025184
"prev.H",115,-0.0005449,-0.031936,0.024654
"prev.H",116,-0.00069303,-0.032018,0.025673
"prev.H",117,-0.00084175,-0.031642,0.026167
"prev.H",118,-0.00096703,-0.031979,0.026129
"prev.H",119,-0.0013343,-0.0329,0.025939
"prev.H",120,-0.0016629,-0.0331,0.025685
"prev.H",121,-0.0021143,-0.033961,0.02511
"prev.H",122,-0.0027826,-0.035064,0.024655
"prev.H",123,-0.0033543,-0.036422,0.024436
"prev.H",124,-0.0041677,-0.037959,0.024397
"prev.H",125,-0.0049334,-0.039149,0.023597
"prev.H",126,-0.0052626,-0.039839,0.023236
"prev.H",127,-0.0051818,-0.039874,0.023537
"prev.H",128,-0.0046108,-0.039207,0.024251
"prev.H",129,-0.0037539,-0.038187,0.024679
"prev.H",130,-0.003003,-0.037408,0.025101
"prev.H",131,-0.0021151,-0.036206,0.026478
"prev.H",132,-0.0010841,-0.034977,0.027827
"prev.H",133,5.6407e-05,-0.033567,0.030029
"prev.H",134,0.0011142,-0.031768,0.032061
"prev.H",135,0.0021493,-0.030401,0.033339
"prev.H",136,0.0031354,-0.028411,0.034276
"prev.H",137,0.0040017,-0.026506,0.035092
"prev.H",138,0.0044618,-0.025893,0.035811
"prev.H",139,0.0048142,-0.025216,0.036219
"prev.H",140,0.0053566,-0.024937,0.036575
"prev.H",141,0.0059963,-0.024755,0.03662
"prev.H",142,0.0067969,-0.024487,0.037331
"prev.H",143,0.0077011,-0.024274,0.037931
"prev.H",144,0.0084516,-0.023526,0.038501
"prev.H",145,0.0094409,-0.022604,0.039065
"prev.H",146,0.010654,-0.0215,0.039957
"prev.H",147,0.011769,-0.020621,0.041301
"prev.H",148,0.012524,-0.020035,0.042334
"prev.H",149,0.013202,-0.019266,0.042906
"prev.H",150,0.013797,-0.018569,0.043174
"incid_rate.H",0,1,1,1
"incid_rate.H",1,0.026802,0.021467,0.032527
"incid_rate.H",2,0.025513,0.019682,0.031359
"incid_rate.H",3,0.019238,0.012894,0.025246
"incid_rate.H",4,0.016561,0.010773,0.022209
"incid_rate.H",5,0.018287,0.012464,0.023776
"incid_rate.H",6,0.015681,0.009191,0.021573
"incid_rate.H",7,0.017114,0.011503,0.022812
"incid_rate.H",8,0.012257,0.0067381,0.017806
"incid_rate.H",9,0.014099,0.0083846,0.019544
"incid_rate.H",10,0.0092886,0.0037568,0.015163
"incid_rate.H",11,0.010086,0.0048953,0.015655
"incid_rate.H",12,0.011943,0.0066654,0.017913
"incid_rate.H",13,0.009515,0.0033921,0.016248
"incid_rate.H",14,0.017429,0.011633,0.023454
"incid_rate.H",15,0.012619,0.0070559,0.018623
"incid_rate.H",16,0.014097,0.0080655,0.02018
"incid_rate.H",17,0.014644,0.0086877,0.020395
"incid_rate.H",18,0.0082967,0.0017744,0.014541
"incid_rate.H",19,0.0023964,-0.0037519,0.0092053
"incid_rate.H",20,0.0060015,0.00035622,0.011662
"incid_rate.H",21,0.010635,0.005014,0.016147
"incid_rate.H",22,0.0087824,0.0030663,0.014536
"incid_rate.H",23,0.0057621,-8.4174e-05,0.011335
"incid_rate.H",24,0.0050902,-0.00098974,0.010299
"incid_rate.H",25,0.0051748,-0.0012836,0.010799
"incid_rate.H",26,0.0050956,-0.00071762,0.011067
"incid_rate.H",27,0.0099996,0.00423,0.016191
"incid_rate.H",28,0.0035822,-0.0023419,0.0094309
"incid_rate.H",29,0.0051517,-0.00043813,0.011206
"incid_rate.H",30,0.0081281,0.0018444,0.013742
"incid_rate.H",31,0.010106,0.0042278,0.016398
"incid_rate.H",32,0.0090527,0.0037957,0.015073
"incid_rate.H",33,0.0013725,-0.0044105,0.0073769
"incid_rate.H",34,0.0011689,-0.0047945,0.0074984
"incid_rate.H",35,0.0063302,0.00064931,0.011983
"incid_rate.H",36,0.0036503,-0.0020329,0.010237
"incid_rate.H",37,0.0040782,-0.00091411,0.0093121
"incid_rate.H",38,0.0081522,0.0026959,0.013829
"incid_rate.H",39,0.0031085,-0.0024824,0.0094504
"incid_rate.H",40,0.0011096,-0.0050743,0.0068699
"incid_rate.H",41,-0.001189,-0.0071806,0.0048561
"incid_rate.H",42,0.0041611,-0.001551,0.010102
"incid_rate.H",43,0.0036338,-0.0020662,0.0096675
"incid_rate.H",44,0.0038678,-0.0017227,0.010897
"incid_rate.H",45,0.0016069,-0.004108,0.0067819
"incid_rate.H",46,0.0032208,-0.0033503,0.0090835
"incid_rate.H",47,-0.0016425,-0.0073104,0.0036474
"incid_rate.H",48,0.0044242,-0.0019732,0.011327
"incid_rate.H",49,0.0056755,-4.3e-05,0.011509
"incid_rate.H",50,0.00024572,-0.0065924,0.0073182
"incid_rate.H",51,0.0030137,-0.0028797,0.0093519
"incid_rate.H",52,-0.00254,-0.0084042,0.0027133
"incid_rate.H",53,0.0091426,0.0017294,0.015734
"incid_rate.H",54,0.00058192,-0.0053511,0.0064906
"incid_rate.H",55,0.0019256,-0.0039663,0.0072162
"incid_rate.H",56,0.0051548,-0.00097614,0.011828
"incid_rate.H",57,0.001562,-0.0045845,0.006595
"incid_rate.H",58,0.0022908,-0.0040101,0.007855
"incid_rate.H",59,-0.0064915,-0.012463,0.00053414
"incid_rate.H",60,0.0015573,-0.0042814,0.0071798
"incid_rate.H",61,0.00020159,-0.0059826,0.0063625
"incid_rate.H",62,-0.00041398,-0.0064261,0.0056668
"incid_rate.H",63,0.0044404,-0.001751,0.011237
"incid_rate.H",64,0.0088897,0.0030465,0.014771
"incid_rate.H",65,0.0033494,-0.0034343,0.009946
"incid_rate.H",66,0.0029874,-0.0027157,0.0079762
"incid_rate.H",67,0.0049242,-0.0017838,0.011472
"incid_rate.H",68,0.011589,0.00524,0.017226
"incid_rate.H",69,0.0018374,-0.0044697,0.0078649
"incid_rate.H",70,0.0041364,-0.0017336,0.011063
"incid_rate.H",71,0.0042813,-0.002151,0.010502
"incid_rate.H",72,0.0023871,-0.0033959,0.0084147
"incid_rate.H",73,0.0051803,-0.0011997,0.012058
"incid_rate.H",74,-0.00016805,-0.006807,0.0061959
"incid_rate.H",75,0.0059408,-0.00044614,0.011977
"incid_rate.H",76,0.0040552,-0.0021782,0.01041
"incid_rate.H",77,0.0057566,-0.00020199,0.012423
"incid_rate.H",78,0.0044886,-0.0021232,0.01063
"incid_rate.H",79,0.00046792,-0.0049041,0.0060954
"incid_rate.H",80,0.0024184,-0.0037966,0.0088201
"incid_rate.H",81,-0.00046112,-0.0077531,0.0059719
"incid_rate.H",82,0.0082815,0.0014859,0.014657
"incid_rate.H",83,-0.00078884,-0.0075141,0.0059206
"incid_rate.H",84,-0.002046,-0.0087091,0.00423
"incid_rate.H",85,0.0034253,-0.0031868,0.0097023
"incid_rate.H",86,0.0034445,-0.0033459,0.010038
"incid_rate.H",87,0.0055459,-0.0014019,0.011592
"incid_rate.H",88,0.0069431,0.00052032,0.012387
"incid_rate.H",89,0.0021582,-0.0040317,0.0083655
"incid_rate.H",90,0.0019165,-0.0044969,0.0086295
"incid_rate.H",91,0.0083841,0.0016556,0.014323
"incid_rate.H",92,-0.0039031,-0.011107,0.0026498
"incid_rate.H",93,0.00043721,-0.0058676,0.0073615
"incid_rate.H",94,-0.0010204,-0.0074633,0.0051684
"incid_rate.H",95,0.0016723,-0.0044306,0.008202
"incid_rate.H",96,0.0037046,-0.0025776,0.0096658
"incid_rate.H",97,-0.0037978,-0.010663,0.0033124
"incid_rate.H",98,-0.00088188,-0.0077951,0.0044761
"incid_rate.H",99,0.0037617,-0.0022378,0.010003
"incid_rate.H",100,0.00015479,-0.0060384,0.0072305
"incid_rate.H",101,-0.00063369,-0.007285,0.0056306
"incid_rate.H",102,-0.00011089,-0.0063886,0.0068986
"incid_rate.H",103,0.0017268,-0.0047901,0.0075511
"incid_rate.H",104,0.0057395,-0.00094633,0.012035
"incid_rate.H",105,0.00096579,-0.0059312,0.0080868
"incid_rate.H",106,-0.0014128,-0.0084686,0.0052255
"incid_rate.H",107,-0.0023567,-0.0082551,0.0040632
"incid_rate.H",108,0.0053566,-0.0019609,0.011878
"incid_rate.H",109,-0.0012416,-0.0081142,0.0049006
"incid_rate.H",110,-8.646e-05,-0.0073481,0.0063166
"incid_rate.H",111,-0.0032733,-0.010145,0.0040946
"incid_rate.H",112,-0.0013702,-0.007824,0.0059957
"incid_rate.H",113,-0.0022801,-0.0097797,0.0045116
"incid_rate.H",114,0.0074295,0.0015153,0.013669
"incid_rate.H",115,-0.00020121,-0.007021,0.0065351
"incid_rate.H",116,-0.0018489,-0.0086637,0.0042998
"incid_rate.H",117,-0.00093259,-0.0083799,0.0059387
"incid_rate.H",118,0.0023153,-0.0046793,0.0086001
"incid_rate.H",119,-0.00015263,-0.0072158,0.0062601
"incid_rate.H",120,-0.0053284,-0.012216,0.0023659
"incid_rate.H",121,-0.00019498,-0.0074041,0.0062312
"incid_rate.H",122,-0.0018056,-0.007988,0.0049061
"incid_rate.H",123,-0.00186,-0.0095878,0.0046314
"incid_rate.H",124,3.5624e-05,-0.0068144,0.0068554
"incid_rate.H",125,-0.0026241,-0.0099289,0.0045981
"incid_rate.H",126,-0.0038246,-0.010547,0.0035975
"incid_rate.H",127,-0.0019306,-0.0087334,0.004213
"incid_rate.H",128,0.0021347,-0.0047498,0.00936
"incid_rate.H",129,3.9024e-05,-0.0064092,0.0059534
"incid_rate.H",130,-0.0023417,-0.0094086,0.0042194
"incid_rate.H",131,-0.004434,-0.011094,0.0026345
"incid_rate.H",132,-0.0067924,-0.014208,0.00039267
"incid_rate.H",133,0.0023528,-0.0043253,0.0085737
"incid_rate.H",134,0.0031506,-0.0042385,0.0099679
"incid_rate.H",135,0.0055159,-0.0012863,0.012483
"incid_rate.H",136,0.0033351,-0.0032382,0.010518
"incid_rate.H",137,-0.0010232,-0.0085303,0.0063799
"incid_rate.H",138,-0.0022129,-0.0096767,0.004598
"incid_rate.H",139,0.0026882,-0.0034616,0.0097064
"incid_rate.H",140,-0.0026367,-0.010368,0.0036674
"incid_rate.H",141,-0.0029112,-0.0097108,0.0037231
"incid_rate.H",142,-0.004973,-0.012779,0.0018779
"incid_rate.H",143,0.0086664,0.0028865,0.014832
"incid_rate.H",144,-0.0032538,-0.010843,0.0033404
"incid_rate.H",145,-0.0023956,-0.010451,0.0043577
"incid_rate.H",146,0.0043329,-0.0019376,0.011481
"incid_rate.H",147,0.0025127,-0.0044198,0.009423
"incid_rate.H",148,0.0078167,0.00037404,0.015394
"incid_rate.H",149,0.0028938,-0.0052681,0.0093782
"incid_rate.H",150,0.0034661,-0.0039011,0.010126
"dx_frac.H",0,1,1,1
"dx_frac.H",1,0.84803,0.84541,0.85061
"dx_frac.H",2,0.66307,0.65743,0.66848
"dx_frac.H",3,0.52341,0.51548,0.53073
"dx_frac.H",4,0.41506,0.40614,0.42363
"dx_frac.H",5,0.32997,0.31971,0.33967
"dx_frac.H",6,0.26227,0.25149,0.27252
"dx_frac.H",7,0.2073,0.19621,0.21801
"dx_frac.H",8,0.16451,0.15322,0.17573
"dx_frac.H",9,0.1309,0.11914,0.14236
"dx_frac.H",10,0.10366,0.092248,0.11525
"dx_frac.H",11,0.083348,0.072933,0.094677
"dx_frac.H",12,0.066507,0.056148,0.077254
"dx_frac.H",13,0.051099,0.040604,0.061806
"dx_frac.H",14,0.038251,0.027443,0.049818
"dx_frac.H",15,0.026781,0.016036,0.038743
"dx_frac.H",16,0.017335,0.0065398,0.028214
"dx_frac.H",17,0.010045,-0.00077176,0.021483
"dx_frac.H",18,0.0028167,-0.0084295,0.01489
"dx_frac.H",19,-0.0032076,-0.015039,0.0090086
"dx_frac.H",20,-0.0068782,-0.01932,0.0054239
"dx_frac.H",21,-0.0097748,-0.022843,0.0025369
"dx_frac.H",22,-0.011907,-0.026069,0.00035928
"dx_frac.H",23,-0.01448,-0.027872,-0.0015509
"dx_frac.H",24,-0.01734,-0.03018,-0.0038873
"dx_frac.H",25,-0.019272,-0.032118,-0.0061453
"dx_frac.H",26,-0.018267,-0.031668,-0.0039206
"dx_frac.H",27,-0.016698,-0.030225,-0.0025006
"dx_frac.H",28,-0.014773,-0.029269,-0.0014589
"dx_frac.H",29,-0.012753,-0.027464,0.0011871
"dx_frac.H",30,-0.01154,-0.026221,0.0032147
"dx_frac.H",31,-0.0111,-0.02541,0.0034402
"dx_frac.H",32,-0.010429,-0.025008,0.0052529
"dx_frac.H",33,-0.0093787,-0.024274,0.0062859
"dx_frac.H",34,-0.0085928,-0.023324,0.006857
"dx_frac.H",35,-0.0069505,-0.021398,0.0089447
"dx_frac.H",36,-0.0054933,-0.020098,0.0091573
"dx_frac.H",37,-0.0032583,-0.017702,0.01073
"dx_frac.H",38,-0.0014059,-0.016039,0.011803
"dx_frac.H",39,-0.00092528,-0.014739,0.01156
"dx_frac.H",40,-0.0021422,-0.016078,0.010069
"dx_frac.H",41,-0.0034325,-0.017165,0.008803
"dx_frac.H",42,-0.0024158,-0.015992,0.0099833
"dx_frac.H",43,-0.0017124,-0.015712,0.011146
"dx_frac.H",44,-0.0008863,-0.014764,0.011784
"dx_frac.H",45,-0.001243,-0.013913,0.010798
"dx_frac.H",46,-0.001677,-0.014703,0.010337
"dx_frac.H",47,-0.001236,-0.013604,0.011094
"dx_frac.H",48,0.00056833,-0.012783,0.012465
"dx_frac.H",49,0.0026678,-0.0108,0.014692
"dx_frac.H",50,0.0037398,-0.010239,0.016208
"dx_frac.H",51,0.0027405,-0.010986,0.015238
"dx_frac.H",52,0.0017086,-0.012789,0.014169
"dx_frac.H",53,0.0015971,-0.012126,0.015182
"dx_frac.H",54,0.0021471,-0.011083,0.015377
"dx_frac.H",55,0.0023341,-0.011018,0.015697
"dx_frac.H",56,0.0023488,-0.011031,0.015251
"dx_frac.H",57,0.0012088,-0.011885,0.014356
"dx_frac.H",58,-0.00013056,-0.012907,0.012142
"dx_frac.H",59,0.00028679,-0.01352,0.013199
"dx_frac.H",60,0.0012241,-0.013061,0.014393
"dx_frac.H",61,0.0021573,-0.012904,0.015242
"dx_frac.H",62,0.0035128,-0.01119,0.016585
"dx_frac.H",63,0.0035476,-0.010133,0.016805
"dx_frac.H",64,0.00317,-0.010525,0.01636
"dx_frac.H",65,0.0024111,-0.011605,0.015026
"dx_frac.H",66,0.0023719,-0.010203,0.015611
"dx_frac.H",67,0.0031769,-0.009821,0.016555
"dx_frac.H",68,0.0044527,-0.008625,0.018458
"dx_frac.H",69,0.004658,-0.0090795,0.018033
"dx_frac.H",70,0.0038304,-0.010041,0.017492
"dx_frac.H",71,0.0035511,-0.010231,0.016855
"dx_frac.H",72,0.0036271,-0.010694,0.017149
"dx_frac.H",73,0.0045115,-0.010726,0.01891
"dx_frac.H",74,0.005966,-0.0091596,0.021509
"dx_frac.H",75,0.0068801,-0.0092871,0.021973
"dx_frac.H",76,0.0067463,-0.0091325,0.021552
"dx_frac.H",77,0.007567,-0.0074169,0.020767
"dx_frac.H",78,0.0075288,-0.0073772,0.021232
"dx_frac.H",79,0.0067368,-0.0088513,0.020055
"dx_frac.H",80,0.005319,-0.0097789,0.018609
"dx_frac.H",81,0.0039368,-0.012139,0.01665
"dx_frac.H",82,0.0024373,-0.012511,0.016034
"dx_frac.H",83,0.00032033,-0.013845,0.013661
"dx_frac.H",84,-0.00087062,-0.013764,0.012608
"dx_frac.H",85,-0.00015285,-0.012613,0.013813
"dx_frac.H",86,0.0011348,-0.011637,0.015429
"dx_frac.H",87,0.0029717,-0.010211,0.016661
"dx_frac.H",88,0.0049159,-0.0075556,0.0183
"dx_frac.H",89,0.0041005,-0.0085402,0.017503
"dx_frac.H",90,0.0021304,-0.010829,0.015828
"dx_frac.H",91,-0.0011721,-0.014489,0.012457
"dx_frac.H",92,-0.0038994,-0.016476,0.0099696
"dx_frac.H",93,-0.0047201,-0.016903,0.0089924
"dx_frac.H",94,-0.0047514,-0.016783,0.0080974
"dx_frac.H",95,-0.0038595,-0.016916,0.0080611
"dx_frac.H",96,-0.0028185,-0.015958,0.010203
"dx_frac.H",97,-0.0038435,-0.017031,0.0094076
"dx_frac.H",98,-0.0038998,-0.016777,0.0099567
"dx_frac.H",99,-0.0016508,-0.014109,0.011817
"dx_frac.H",100,0.0016738,-0.010944,0.014455
"dx_frac.H",101,0.0048831,-0.007654,0.018959
"dx_frac.H",102,0.0059128,-0.0071549,0.020762
"dx_frac.H",103,0.0054986,-0.0082899,0.020801
"dx_frac.H",104,0.0037605,-0.010804,0.019297
"dx_frac.H",105,0.00049232,-0.01584,0.015398
"dx_frac.H",106,-0.0021503,-0.01898,0.013326
"dx_frac.H",107,-0.0023626,-0.018585,0.012756
"dx_frac.H",108,-0.0019363,-0.017748,0.013571
"dx_frac.H",109,-0.0033949,-0.01874,0.012447
"dx_frac.H",110,-0.0041907,-0.019546,0.012268
"dx_frac.H",111,-0.0039453,-0.019537,0.012174
"dx_frac.H",112,-0.0016176,-0.017782,0.01474
"dx_frac.H",113,0.00091259,-0.015329,0.016817
"dx_frac.H",114,0.0028973,-0.012536,0.017515
"dx_frac.H",115,0.001723,-0.01212,0.01622
"dx_frac.H",116,0.00021999,-0.013029,0.014728
"dx_frac.H",117,-0.00076447,-0.01427,0.013853
"dx_frac.H",118,-0.0010757,-0.015459,0.013142
"dx_frac.H",119,-0.0022263,-0.01711,0.01103
"dx_frac.H",120,-0.0029136,-0.016325,0.010746
"dx_frac.H",121,-0.0039811,-0.017891,0.0095538
"dx_frac.H",122,-0.0052655,-0.018073,0.0087562
"dx_frac.H",123,-0.0056443,-0.01908,0.0083037
"dx_frac.H",124,-0.0074742,-0.0216,0.0064006
"dx_frac.H",125,-0.0095963,-0.023324,0.0033563
"dx_frac.H",126,-0.0092382,-0.023316,0.0038099
"dx_frac.H",127,-0.0080029,-0.021819,0.0051519
"dx_frac.H",128,-0.0074765,-0.020656,0.0057582
"dx_frac.H",129,-0.0074241,-0.020779,0.0068387
"dx_frac.H",130,-0.0074956,-0.020702,0.0063702
"dx_frac.H",131,-0.0066748,-0.020157,0.0066196
"dx_frac.H",132,-0.0046646,-0.017717,0.0091325
"dx_frac.H",133,-0.0021693,-0.015522,0.012241
"dx_frac.H",134,0.001173,-0.012174,0.015762
"dx_frac.H",135,0.0048356,-0.0089334,0.020025
"dx_frac.H",136,0.0073437,-0.0064658,0.022359
"dx_frac.H",137,0.0071282,-0.0069295,0.021456
"dx_frac.H",138,0.0061383,-0.0078939,0.021745
"dx_frac.H",139,0.0062024,-0.0090753,0.021792
"dx_frac.H",140,0.0054069,-0.010148,0.021151
"dx_frac.H",141,0.0046901,-0.010691,0.020662
"dx_frac.H",142,0.0040565,-0.010924,0.019411
"dx_frac.H",143,0.0047398,-0.010497,0.019204
"dx_frac.H",144,0.0054156,-0.010103,0.021853
"dx_frac.H",145,0.0062176,-0.0094627,0.023896
"dx_frac.H",146,0.0051205,-0.010786,0.023064
"dx_frac.H",147,0.0042202,-0.011354,0.021216
"dx_frac.H",148,0.0047431,-0.011346,0.021878
"dx_frac.H",149,0.0057932,-0.010692,0.023196
"dx_frac.H",150,0.0061503,-0.010018,0.023348
"supp_frac.H",0,1,1,1
"supp_frac.H",1,0.8093,0.80644,0.81186
"supp_frac.H",2,0.58394,0.57805,0.58933
"supp_frac.H",3,0.42089,0.41312,0.42807
"supp_frac.H",4,0.30368,0.29399,0.31266
"supp_frac.H",5,0.22017,0.21011,0.2298
"supp_frac.H",6,0.16097,0.14985,0.17133
"supp_frac.H",7,0.11766,0.10668,0.12882
"supp_frac.H",8,0.085977,0.075714,0.097802
"supp_frac.H",9,0.06269,0.05125,0.074655
"supp_frac.H",10,0.047067,0.036783,0.058482
"supp_frac.H",11,0.036745,0.02637,0.048226
"supp_frac.H",12,0.027622,0.017621,0.039809
"supp_frac.H",13,0.019006,0.0093328,0.030461
"supp_frac.H",14,0.013588,0.004029,0.024299
"supp_frac.H",15,0.010864,0.00097063,0.021953
"supp_frac.H",16,0.0085577,-0.0017208,0.019699
"supp_frac.H",17,0.0059524,-0.0043393,0.016388
"supp_frac.H",18,0.0040795,-0.006263,0.014933
"supp_frac.H",19,0.0038021,-0.0070097,0.015489
"supp_frac.H",20,0.0023752,-0.0089285,0.01458
"supp_frac.H",21,0.0010254,-0.010076,0.014198
"supp_frac.H",22,0.0012899,-0.01004,0.014629
"supp_frac.H",23,0.00072343,-0.01027,0.013883
"supp_frac.H",24,-0.00071344,-0.011693,0.011727
"supp_frac.H",25,-0.0016482,-0.013196,0.010742
"supp_frac.H",26,-0.0025472,-0.014077,0.0097707
"supp_frac.H",27,-0.0030744,-0.014315,0.0088186
"supp_frac.H",28,-0.0040912,-0.01578,0.0077869
"supp_frac.H",29,-0.0053971,-0.016681,0.00654
"supp_frac.H",30,-0.0062881,-0.016788,0.0061369
"supp_frac.H",31,-0.0075247,-0.018064,0.0044422
"supp_frac.H",32,-0.0072756,-0.017932,0.0044827
"supp_frac.H",33,-0.0051711,-0.016084,0.0067603
"supp_frac.H",34,-0.0036021,-0.01503,0.0090603
"supp_frac.H",35,-0.0034318,-0.014468,0.009731
"supp_frac.H",36,-0.0035172,-0.014993,0.0087773
"supp_frac.H",37,-0.0030083,-0.01402,0.0089615
"supp_frac.H",38,-0.0027006,-0.013586,0.0086307
"supp_frac.H",39,-0.002149,-0.013218,0.008679
"supp_frac.H",40,-0.00055138,-0.011667,0.010231
"supp_frac.H",41,0.00020427,-0.011082,0.010828
"supp_frac.H",42,0.0014455,-0.0094261,0.012313
"supp_frac.H",43,0.0042788,-0.0068023,0.015707
"supp_frac.H",44,0.0057775,-0.0055551,0.016696
"supp_frac.H",45,0.0057298,-0.005627,0.017014
"supp_frac.H",46,0.00583,-0.0066259,0.01703
"supp_frac.H",47,0.0058471,-0.0071383,0.017251
"supp_frac.H",48,0.0061454,-0.0060387,0.017627
"supp_frac.H",49,0.0081676,-0.0034357,0.020043
"supp_frac.H",50,0.0088091,-0.0019777,0.020736
"supp_frac.H",51,0.0064523,-0.0052717,0.018131
"supp_frac.H",52,0.0038131,-0.0075897,0.015446
"supp_frac.H",53,0.0019393,-0.0090243,0.013942
"supp_frac.H",54,-0.00038274,-0.012508,0.011455
"supp_frac.H",55,-0.0020892,-0.01375,0.0095185
"supp_frac.H",56,-0.0033655,-0.015082,0.0070065
"supp_frac.H",57,-0.0041532,-0.01556,0.006453
"supp_frac.H",58,-0.0038187,-0.015577,0.0071638
"supp_frac.H",59,-0.0024722,-0.014174,0.0086877
"supp_frac.H",60,-0.0024663,-0.01459,0.0084627
"supp_frac.H",61,-0.0019782,-0.013961,0.0089827
"supp_frac.H",62,-0.00093113,-0.013267,0.010529
"supp_frac.H",63,0.0004053,-0.0115,0.012842
"supp_frac.H",64,0.0012301,-0.010926,0.014305
"supp_frac.H",65,0.0036876,-0.0085199,0.015717
"supp_frac.H",66,0.0050049,-0.0081461,0.017368
"supp_frac.H",67,0.0055097,-0.0079762,0.017665
"supp_frac.H",68,0.0049583,-0.0083651,0.017405
"supp_frac.H",69,0.0033197,-0.0099132,0.016098
"supp_frac.H",70,0.001738,-0.012607,0.01406
"supp_frac.H",71,0.00095449,-0.013068,0.014139
"supp_frac.H",72,0.001864,-0.012308,0.015843
"supp_frac.H",73,0.0050772,-0.009347,0.018052
"supp_frac.H",74,0.0089278,-0.0050386,0.022502
"supp_frac.H",75,0.010775,-0.0035601,0.024666
"supp_frac.H",76,0.011594,-0.0025669,0.024876
"supp_frac.H",77,0.012426,-0.0016204,0.024984
"supp_frac.H",78,0.011444,-0.0034019,0.023738
"supp_frac.H",79,0.010424,-0.0036173,0.022479
"supp_frac.H",80,0.010025,-0.0031812,0.021238
"supp_frac.H",81,0.010008,-0.0039266,0.020903
"supp_frac.H",82,0.0095787,-0.0037007,0.021007
"supp_frac.H",83,0.0093785,-0.0033116,0.021339
"supp_frac.H",84,0.0088056,-0.0028572,0.022073
"supp_frac.H",85,0.0077226,-0.004486,0.021024
"supp_frac.H",86,0.0053614,-0.0066151,0.018512
"supp_frac.H",87,0.003497,-0.0093991,0.015827
"supp_frac.H",88,0.0039564,-0.0083558,0.016146
"supp_frac.H",89,0.0042994,-0.0078286,0.016713
"supp_frac.H",90,0.0039403,-0.0079862,0.01642
"supp_frac.H",91,0.003393,-0.0082131,0.015714
"supp_frac.H",92,0.0013141,-0.010241,0.01363
"supp_frac.H",93,-0.0001997,-0.011864,0.011303
"supp_frac.H",94,-0.0014379,-0.012786,0.010222
"supp_frac.H",95,-0.0030188,-0.014684,0.009268
"supp_frac.H",96,-0.0031875,-0.014406,0.0095384
"supp_frac.H",97,-0.0050846,-0.016721,0.0080282
"supp_frac.H",98,-0.0060461,-0.017961,0.0067258
"supp_frac.H",99,-0.0054715,-0.018254,0.0074101
"supp_frac.H",100,-0.0055704,-0.017954,0.0071353
"supp_frac.H",101,-0.0052648,-0.017442,0.0069938
"supp_frac.H",102,-0.0030751,-0.015899,0.0084628
"supp_frac.H",103,-0.0033425,-0.016138,0.0082365
"supp_frac.H",104,-0.0056882,-0.018188,0.0063051
"supp_frac.H",105,-0.0064213,-0.019089,0.0066178
"supp_frac.H",106,-0.0062657,-0.018517,0.006208
"supp_frac.H",107,-0.0074641,-0.019823,0.0054584
"supp_frac.H",108,-0.0085494,-0.02191,0.0047281
"supp_frac.H",109,-0.0075568,-0.020168,0.0050433
"supp_frac.H",110,-0.0052949,-0.017846,0.0071376
"supp_frac.H",111,-0.0021195,-0.014685,0.009531
"supp_frac.H",112,0.0019506,-0.010753,0.013314
"supp_frac.H",113,0.0062863,-0.0053417,0.016692
"supp_frac.H",114,0.0074828,-0.0045943,0.018708
"supp_frac.H",115,0.0072599,-0.0041967,0.018697
"supp_frac.H",116,0.0067639,-0.0049807,0.018354
"supp_frac.H",117,0.0064232,-0.0044412,0.017691
"supp_frac.H",118,0.0065762,-0.0048403,0.017083
"supp_frac.H",119,0.0037529,-0.0077551,0.014932
"supp_frac.H",120,0.0015858,-0.010098,0.013531
"supp_frac.H",121,0.0015934,-0.011086,0.013633
"supp_frac.H",122,0.0010814,-0.011756,0.013553
"supp_frac.H",123,0.0023995,-0.00981,0.015083
"supp_frac.H",124,0.0024966,-0.010718,0.014801
"supp_frac.H",125,0.0024972,-0.010447,0.014485
"supp_frac.H",126,0.001837,-0.011359,0.014925
"supp_frac.H",127,0.00010324,-0.01173,0.013333
"supp_frac.H",128,-0.0012583,-0.013189,0.012246
"supp_frac.H",129,-0.0019344,-0.013047,0.011121
"supp_frac.H",130,-0.0013358,-0.012539,0.011405
"supp_frac.H",131,1.3977e-05,-0.012249,0.012814
"supp_frac.H",132,0.002582,-0.010563,0.01646
"supp_frac.H",133,0.0060955,-0.0066429,0.020974
"supp_frac.H",134,0.0078804,-0.0045278,0.023244
"supp_frac.H",135,0.0075379,-0.005494,0.023211
"supp_frac.H",136,0.0067796,-0.0062854,0.021623
"supp_frac.H",137,0.0048622,-0.0083847,0.019968
"supp_frac.H",138,0.0029918,-0.010016,0.017876
"supp_frac.H",139,0.0016872,-0.010489,0.015969
"supp_frac.H",140,0.00039873,-0.012112,0.013654
"supp_frac.H",141,0.00034434,-0.011555,0.013382
"supp_frac.H",142,-0.00092961,-0.013509,0.012329
"supp_frac.H",143,-0.0035194,-0.016749,0.010111
"supp_frac.H",144,-0.0065519,-0.019498,0.0061955
"supp_frac.H",145,-0.0094798,-0.022551,0.0035951
"supp_frac.H",146,-0.012014,-0.025397,0.00089176
"supp_frac.H",147,-0.012053,-0.025782,0.0010363
"supp_frac.H",148,-0.0087628,-0.022498,0.0050563
"supp_frac.H",149,-0.0054649,-0.018599,0.0087613
"supp_frac.H",150,-0.0030822,-0.01631,0.011502
"prep_cov.H",0,1,1,1
"prep_cov.H",1,0.51073,0.50637,0.51525
"prep_cov.H",2,0.17344,0.16664,0.18043
"prep_cov.H",3,0.060641,0.052539,0.067893
"prep_cov.H",4,0.023048,0.015421,0.02983
"prep_cov.H",5,0.010949,0.0041132,0.017606
"prep_cov.H",6,0.0073888,0.0007246,0.013592
"prep_cov.H",7,0.0046596,-0.002947,0.011578
"prep_cov.H",8,0.0051701,-0.0022029,0.012115
"prep_cov.H",9,0.0076001,-0.00050147,0.014797
"prep_cov.H",10,0.0064852,-0.0015372,0.013931
"prep_cov.H",11,0.0038137,-0.0031927,0.011459
"prep_cov.H",12,0.00046084,-0.0069031,0.0079551
"prep_cov.H",13,0.0019587,-0.0054767,0.0095249
"prep_cov.H",14,0.0012374,-0.0062534,0.0079847
"prep_cov.H",15,0.00085499,-0.0064465,0.0084208
"prep_cov.H",16,0.00087537,-0.0070698,0.0085341
"prep_cov.H",17,0.0023365,-0.0051035,0.010386
"prep_cov.H",18,0.0057535,-0.0021898,0.014355
"prep_cov.H",19,0.001978,-0.0054315,0.010412
"prep_cov.H",20,-0.0041331,-0.011852,0.004205
"prep_cov.H",21,-0.0033559,-0.010603,0.0044805
"prep_cov.H",22,-0.0026913,-0.010239,0.0051506
"prep_cov.H",23,-0.0023017,-0.0096625,0.0056084
"prep_cov.H",24,-0.00092271,-0.0085679,0.0069288
"prep_cov.H",25,-0.0025487,-0.0098235,0.0045994
"prep_cov.H",26,-0.002556,-0.010621,0.0052367
"prep_cov.H",27,-0.0025718,-0.010458,0.0045732
"prep_cov.H",28,0.00056129,-0.0070446,0.0076617
"prep_cov.H",29,-0.001037,-0.0093357,0.0063426
"prep_cov.H",30,-0.0047418,-0.012524,0.003329
"prep_cov.H",31,-0.003418,-0.011125,0.0042207
"prep_cov.H",32,0.0028308,-0.0049757,0.010705
"prep_cov.H",33,0.0036375,-0.0040158,0.011654
"prep_cov.H",34,0.0027968,-0.0043587,0.010443
"prep_cov.H",35,0.008054,0.00083923,0.015059
"prep_cov.H",36,0.0077733,0.0001895,0.015203
"prep_cov.H",37,0.0064867,-0.0013584,0.01357
"prep_cov.H",38,0.010088,0.0029373,0.016568
"prep_cov.H",39,0.008089,-0.00056268,0.01532
"prep_cov.H",40,0.0035933,-0.0047357,0.011197
"prep_cov.H",41,-0.0020749,-0.0096526,0.0061346
"prep_cov.H",42,-0.0032856,-0.012041,0.0046027
"prep_cov.H",43,-0.0047454,-0.013588,0.0031759
"prep_cov.H",44,0.0010931,-0.0082195,0.00928
"prep_cov.H",45,0.0061304,-0.0025056,0.014419
"prep_cov.H",46,0.0070727,-0.0019107,0.016023
"prep_cov.H",47,0.007543,-0.0011969,0.015764
"prep_cov.H",48,0.0026718,-0.0062645,0.010682
"prep_cov.H",49,0.0006015,-0.0072202,0.0083869
"prep_cov.H",50,-0.0013374,-0.0097923,0.0063029
"prep_cov.H",51,-0.0014882,-0.0098793,0.005931
"prep_cov.H",52,-0.0033601,-0.011023,0.0048993
"prep_cov.H",53,-0.001836,-0.0088393,0.0051597
"prep_cov.H",54,-0.0029106,-0.0098997,0.0045918
"prep_cov.H",55,-0.0015147,-0.0091603,0.0055555
"prep_cov.H",56,-0.00036643,-0.0083485,0.006062
"prep_cov.H",57,0.0030015,-0.0044859,0.0091218
"prep_cov.H",58,0.0046018,-0.0021961,0.011146
"prep_cov.H",59,0.0028105,-0.0040814,0.0095292
"prep_cov.H",60,0.0015035,-0.0062902,0.0086021
"prep_cov.H",61,0.0013687,-0.0066253,0.0082447
"prep_cov.H",62,-0.0025981,-0.010427,0.0049315
"prep_cov.H",63,-0.0093407,-0.017889,-0.0019659
"prep_cov.H",64,-0.0093757,-0.01716,-0.0015223
"prep_cov.H",65,-0.0072065,-0.01424,0.0012198
"prep_cov.H",66,-0.0031108,-0.010346,0.0048543
"prep_cov.H",67,-0.00025722,-0.0082918,0.0071951
"prep_cov.H",68,0.00050212,-0.0073734,0.0087422
"prep_cov.H",69,0.0022282,-0.0051197,0.010123
"prep_cov.H",70,0.0052,-0.0028749,0.014294
"prep_cov.H",71,0.0066648,-0.0012442,0.015763
"prep_cov.H",72,0.0024964,-0.0051556,0.011749
"prep_cov.H",73,0.0015642,-0.0060521,0.01139
"prep_cov.H",74,-0.0027646,-0.011581,0.0050997
"prep_cov.H",75,-0.006419,-0.014381,0.0014698
"prep_cov.H",76,-0.0062271,-0.013896,0.0020196
"prep_cov.H",77,-0.0013689,-0.0099613,0.0072071
"prep_cov.H",78,0.0019182,-0.0059436,0.0097919
"prep_cov.H",79,0.0016886,-0.0060957,0.0086432
"prep_cov.H",80,0.0024974,-0.0054365,0.0097179
"prep_cov.H",81,0.0038008,-0.0039443,0.011391
"prep_cov.H",82,-0.00040357,-0.0083594,0.0071021
"prep_cov.H",83,-0.004676,-0.014591,0.0036799
"prep_cov.H",84,-0.0035479,-0.012095,0.0046152
"prep_cov.H",85,-0.0031692,-0.011432,0.0045366
"prep_cov.H",86,-0.0040263,-0.011615,0.003978
"prep_cov.H",87,-0.0022394,-0.010029,0.0056337
"prep_cov.H",88,-0.0056473,-0.013474,0.0027575
"prep_cov.H",89,-0.0053596,-0.014009,0.0026563
"prep_cov.H",90,-0.0031681,-0.011506,0.0050016
"prep_cov.H",91,-0.00081328,-0.0084659,0.0073512
"prep_cov.H",92,-0.0012475,-0.0087187,0.0064035
"prep_cov.H",93,-0.0012552,-0.0088148,0.0069068
"prep_cov.H",94,0.0014058,-0.0070472,0.010469
"prep_cov.H",95,0.0033607,-0.0059756,0.011449
"prep_cov.H",96,0.005225,-0.0031617,0.013253
"prep_cov.H",97,0.0034762,-0.0044644,0.010739
"prep_cov.H",98,6.9476e-05,-0.0074818,0.0074034
"prep_cov.H",99,-0.002009,-0.010066,0.004872
"prep_cov.H",100,-0.0034207,-0.011646,0.0047394
"prep_cov.H",101,0.0015072,-0.0062991,0.0085845
"prep_cov.H",102,0.0046278,-0.0027649,0.011742
"prep_cov.H",103,0.0041234,-0.003509,0.011669
"prep_cov.H",104,0.0037396,-0.0041429,0.011154
"prep_cov.H",105,0.0010542,-0.0068833,0.0091484
"prep_cov.H",106,0.0016058,-0.0067839,0.010265
"prep_cov.H",107,0.00067416,-0.0069948,0.0099276
"prep_cov.H",108,-0.0034105,-0.011546,0.0053878
"prep_cov.H",109,-0.0043749,-0.012776,0.0048525
"prep_cov.H",110,-0.0033414,-0.012736,0.0068635
"prep_cov.H",111,-0.0021135,-0.010135,0.0069918
"prep_cov.H",112,-0.0016767,-0.010675,0.0069777
"prep_cov.H",113,0.0019101,-0.00627,0.0098547
"prep_cov.H",114,-0.00067037,-0.0087185,0.0071494
"prep_cov.H",115,-0.0036465,-0.012799,0.0048239
"prep_cov.H",116,-0.0042428,-0.013104,0.0042546
"prep_cov.H",117,-0.0046738,-0.012444,0.0034869
"prep_cov.H",118,0.0014696,-0.0061756,0.0089882
"prep_cov.H",119,0.0010976,-0.006761,0.0086741
"prep_cov.H",120,0.0046988,-0.0038706,0.012445
"prep_cov.H",121,0.00089609,-0.0079573,0.0086552
"prep_cov.H",122,-0.003793,-0.013126,0.0046862
"prep_cov.H",123,-0.009071,-0.018805,-0.00063118
"prep_cov.H",124,-0.0064261,-0.014835,0.0023731
"prep_cov.H",125,-0.0022187,-0.010499,0.0064908
"prep_cov.H",126,-0.004355,-0.011876,0.0036414
"prep_cov.H",127,0.00091796,-0.0070806,0.0079299
"prep_cov.H",128,0.0019761,-0.0058436,0.010597
"prep_cov.H",129,0.0023204,-0.0058111,0.011513
"prep_cov.H",130,0.003068,-0.0056329,0.012317
"prep_cov.H",131,0.0071278,-0.001573,0.015703
"prep_cov.H",132,0.006416,-0.0023459,0.015142
"prep_cov.H",133,-3.4721e-05,-0.0085991,0.007769
"prep_cov.H",134,-0.005955,-0.01488,0.0022541
"prep_cov.H",135,-0.0044721,-0.013229,0.0037796
"prep_cov.H",136,-0.003375,-0.012456,0.0041701
"prep_cov.H",137,-0.005932,-0.014837,0.0019576
"prep_cov.H",138,-0.0054839,-0.014762,0.0036349
"prep_cov.H",139,-0.0017923,-0.010456,0.0072384
"prep_cov.H",140,0.0021255,-0.0058844,0.011501
"prep_cov.H",141,0.0013539,-0.0067491,0.0092268
"prep_cov.H",142,-0.0036033,-0.011821,0.0047496
"prep_cov.H",143,-0.0041063,-0.011758,0.0040418
"prep_cov.H",144,-0.00071013,-0.0094448,0.0080309
"prep_cov.H",145,-0.00037092,-0.0090119,0.0086908
"prep_cov.H",146,0.00097025,-0.008023,0.0095997
"prep_cov.H",147,-4.9935e-05,-0.0085314,0.0094267
"prep_cov.H",148,0.00026467,-0.0083344,0.0081374
"prep_cov.H",149,0.0029018,-0.0061188,0.011154
"prep_cov.H",150,0.0019798,-0.0072172,0.012106
"prev.W",0,1,1,1
"prev.W",1,0.98872,0.98797,0.9893
"prev.W",2,0.97078,0.96903,0.97221
"prev.W",3,0.95164,0.94889,0.95397
"prev.W",4,0.93166,0.92791,0.93491
"prev.W",5,0.91093,0.90612,0.91502
"prev.W",6,0.88962,0.88369,0.89464
"prev.W",7,0.86791,0.86084,0.87389
"prev.W",8,0.84578,0.83761,0.85274
"prev.W",9,0.82331,0.81427,0.83131
"prev.W",10,0.80049,0.79057,0.80938
"prev.W",11,0.77734,0.76631,0.78722
"prev.W",12,0.75404,0.74189,0.76495
"prev.W",13,0.73063,0.71744,0.74243
"prev.W",14,0.70711,0.6929,0.71967
"prev.W",15,0.68365,0.66837,0.69708
"prev.W",16,0.66036,0.64416,0.67514
"prev.W",17,0.63722,0.62012,0.65272
"prev.W",18,0.61428,0.59619,0.63057
"prev.W",19,0.59163,0.57251,0.60864
"prev.W",20,0.56929,0.54914,0.58697
"prev.W",21,0.5473,0.52605,0.5655
"prev.W",22,0.52575,0.50352,0.54451
"prev.W",23,0.50465,0.48135,0.52412
"prev.W",24,0.48398,0.45964,0.50397
"prev.W",25,0.46374,0.43854,0.48414
"prev.W",26,0.44397,0.41784,0.46487
"prev.W",27,0.42473,0.39795,0.44632
"prev.W",28,0.4061,0.37868,0.4282
"prev.W",29,0.38817,0.36022,0.41094
"prev.W",30,0.37091,0.34252,0.39409
"prev.W",31,0.35422,0.32544,0.37785
"prev.W",32,0.3381,0.30889,0.36223
"prev.W",33,0.32261,0.29306,0.34713
"prev.W",34,0.30764,0.27783,0.33242
"prev.W",35,0.29331,0.26323,0.31843
"prev.W",36,0.27962,0.24923,0.30529
"prev.W",37,0.26664,0.23587,0.29332
"prev.W",38,0.2544,0.22326,0.2815
"prev.W",39,0.2429,0.21171,0.27044
"prev.W",40,0.23211,0.20097,0.25986
"prev.W",41,0.22196,0.19072,0.2504
"prev.W",42,0.21237,0.18105,0.24141
"prev.W",43,0.20333,0.17211,0.23289
"prev.W",44,0.19486,0.16313,0.22477
"prev.W",45,0.18694,0.15472,0.21692
"prev.W",46,0.17953,0.14709,0.20992
"prev.W",47,0.17266,0.13975,0.20322
"prev.W",48,0.16622,0.13285,0.19703
"prev.W",49,0.16025,0.12689,0.19124
"prev.W",50,0.1546,0.12124,0.18551
"prev.W",51,0.1489,0.11538,0.1796
"prev.W",52,0.14349,0.10989,0.17421
"prev.W",53,0.1384,0.1042,0.16981
"prev.W",54,0.13358,0.09883,0.16545
"prev.W",55,0.12904,0.093136,0.16107
"prev.W",56,0.12461,0.087413,0.15734
"prev.W",57,0.12034,0.082569,0.15327
"prev.W",58,0.11629,0.0785,0.14903
"prev.W",59,0.11247,0.074201,0.14499
"prev.W",60,0.10877,0.070092,0.14131
"prev.W",61,0.1053,0.0659,0.13815
"prev.W",62,0.10201,0.062044,0.13515
"prev.W",63,0.098878,0.058992,0.13211
"prev.W",64,0.095824,0.056117,0.1291
"prev.W",65,0.092744,0.053301,0.12651
"prev.W",66,0.089773,0.050352,0.12403
"prev.W",67,0.086771,0.047118,0.12113
"prev.W",68,0.083766,0.044331,0.11817
"prev.W",69,0.080833,0.041594,0.11586
"prev.W",70,0.07808,0.038985,0.11346
"prev.W",71,0.075476,0.036435,0.11074
"prev.W",72,0.072925,0.034172,0.10859
"prev.W",73,0.070514,0.031709,0.10649
"prev.W",74,0.068251,0.028931,0.10437
"prev.W",75,0.066031,0.026407,0.10248
"prev.W",76,0.063904,0.023971,0.10054
"prev.W",77,0.062058,0.021846,0.098742
"prev.W",78,0.060384,0.019641,0.096929
"prev.W",79,0.058835,0.017718,0.095288
"prev.W",80,0.057238,0.016906,0.094097
"prev.W",81,0.055711,0.015522,0.092577
"prev.W",82,0.054241,0.01417,0.091073
"prev.W",83,0.052673,0.012502,0.089501
"prev.W",84,0.051144,0.010607,0.088179
"prev.W",85,0.049827,0.0088422,0.08731
"prev.W",86,0.048501,0.0069918,0.086121
"prev.W",87,0.047214,0.0051168,0.084945
"prev.W",88,0.045957,0.003323,0.083856
"prev.W",89,0.044623,0.0023002,0.082117
"prev.W",90,0.043278,0.0012993,0.080764
"prev.W",91,0.04193,0.00011192,0.080162
"prev.W",92,0.040667,-0.0011633,0.079625
"prev.W",93,0.039483,-0.0030427,0.078801
"prev.W",94,0.038396,-0.0042873,0.078003
"prev.W",95,0.037518,-0.0048376,0.077842
"prev.W",96,0.03684,-0.0052601,0.077486
"prev.W",97,0.036382,-0.0059722,0.077294
"prev.W",98,0.036048,-0.0063883,0.077346
"prev.W",99,0.035853,-0.0065324,0.077787
"prev.W",100,0.03574,-0.0064404,0.077637
"prev.W",101,0.035773,-0.0065084,0.077527
"prev.W",102,0.035852,-0.0064294,0.077128
"prev.W",103,0.036057,-0.0061767,0.076719
"prev.W",104,0.036373,-0.0061894,0.077034
"prev.W",105,0.036734,-0.0058499,0.07771
"prev.W",106,0.037005,-0.0053019,0.078265
"prev.W",107,0.037144,-0.0051996,0.078608
"prev.W",108,0.037264,-0.0054487,0.079078
"prev.W",109,0.0373,-0.0048923,0.07934
"prev.W",110,0.037148,-0.0048061,0.07941
"prev.W",111,0.03705,-0.0052761,0.079506
"prev.W",112,0.037062,-0.0057032,0.079721
"prev.W",113,0.037275,-0.0059282,0.080192
"prev.W",114,0.037551,-0.0063155,0.080874
"prev.W",115,0.03795,-0.0065004,0.081805
"prev.W",116,0.038447,-0.0057825,0.082731
"prev.W",117,0.038945,-0.004132,0.083536
"prev.W",118,0.039481,-0.0029729,0.084252
"prev.W",119,0.040056,-0.0023174,0.084633
"prev.W",120,0.040706,-0.0017207,0.08512
"prev.W",121,0.04125,-0.0014066,0.085373
"prev.W",122,0.041779,-0.0010559,0.085873
"prev.W",123,0.042362,-0.00097712,0.086594
"prev.W",124,0.043057,-0.00087548,0.087763
"prev.W",125,0.0439,-0.00060297,0.088781
"prev.W",126,0.044576,-0.00045959,0.089895
"prev.W",127,0.045147,0.00019148,0.090279
"prev.W",128,0.045735,0.00071368,0.090672
"prev.W",129,0.046312,0.0011859,0.091351
"prev.W",130,0.046727,0.0014726,0.09179
"prev.W",131,0.047079,0.0017072,0.092119
"prev.W",132,0.047294,0.0023107,0.092262
"prev.W",133,0.047494,0.0032571,0.092907
"prev.W",134,0.04765,0.0039997,0.093322
"prev.W",135,0.047665,0.0040933,0.093131
"prev.W",136,0.047574,0.0041474,0.092942
"prev.W",137,0.047392,0.0037542,0.092549
"prev.W",138,0.047189,0.0039287,0.091339
"prev.W",139,0.046897,0.0032924,0.090371
"prev.W",140,0.046629,0.0025498,0.089671
"prev.W",141,0.046477,0.0020926,0.08911
"prev.W",142,0.046424,0.0023674,0.089095
"prev.W",143,0.04631,0.001706,0.089017
"prev.W",144,0.046103,0.0016654,0.088174
"prev.W",145,0.046048,0.0018836,0.088461
"prev.W",146,0.045989,0.0021216,0.088516
"prev.W",147,0.045915,0.0022814,0.088168
"prev.W",148,0.045977,0.0022069,0.087987
"prev.W",149,0.046105,0.0033684,0.087766
"prev.W",150,0.046302,0.0039816,0.087804
"incid_rate.W",0,1,1,1
"incid_rate.W",1,0.12705,0.11828,0.13452
"incid_rate.W",2,0.11115,0.10354,0.1184
"incid_rate.W",3,0.10025,0.092075,0.10758
"incid_rate.W",4,0.09809,0.091355,0.10522
"incid_rate.W",5,0.08988,0.082349,0.097497
"incid_rate.W",6,0.082689,0.074626,0.090248
"incid_rate.W",7,0.083717,0.076613,0.090928
"incid_rate.W",8,0.083343,0.07607,0.090746
"incid_rate.W",9,0.078044,0.070798,0.085297
"incid_rate.W",10,0.071834,0.064572,0.079195
"incid_rate.W",11,0.076084,0.068551,0.083888
"incid_rate.W",12,0.072736,0.065238,0.079784
"incid_rate.W",13,0.069969,0.062604,0.076837
"incid_rate.W",14,0.063018,0.055814,0.070109
"incid_rate.W",15,0.056631,0.048727,0.063867
"incid_rate.W",16,0.065384,0.058636,0.071738
"incid_rate.W",17,0.059128,0.052212,0.066642
"incid_rate.W",18,0.058191,0.051453,0.065337
"incid_rate.W",19,0.050319,0.043074,0.058421
"incid_rate.W",20,0.057048,0.049749,0.064021
"incid_rate.W",21,0.047588,0.040821,0.054497
"incid_rate.W",22,0.05099,0.044403,0.058559
"incid_rate.W",23,0.049813,0.042425,0.05699
"incid_rate.W",24,0.042171,0.035598,0.04891
"incid_rate.W",25,0.041928,0.035497,0.048998
"incid_rate.W",26,0.040321,0.03337,0.04698
"incid_rate.W",27,0.032622,0.02674,0.039171
"incid_rate.W",28,0.037506,0.030456,0.043914
"incid_rate.W",29,0.035551,0.028964,0.04248
"incid_rate.W",30,0.038411,0.03181,0.044779
"incid_rate.W",31,0.033074,0.026218,0.040006
"incid_rate.W",32,0.03186,0.02508,0.038357
"incid_rate.W",33,0.030924,0.024095,0.037817
"incid_rate.W",34,0.030944,0.023533,0.037
"incid_rate.W",35,0.025885,0.019251,0.032143
"incid_rate.W",36,0.024235,0.017966,0.031874
"incid_rate.W",37,0.021385,0.014597,0.027869
"incid_rate.W",38,0.023445,0.015379,0.030409
"incid_rate.W",39,0.018382,0.011125,0.025793
"incid_rate.W",40,0.0182,0.011433,0.024953
"incid_rate.W",41,0.019167,0.012131,0.026371
"incid_rate.W",42,0.015517,0.007992,0.021757
"incid_rate.W",43,0.018684,0.011537,0.025665
"incid_rate.W",44,0.011493,0.0044256,0.018945
"incid_rate.W",45,0.013241,0.0056666,0.020607
"incid_rate.W",46,0.013667,0.0069372,0.019984
"incid_rate.W",47,0.011174,0.003149,0.018347
"incid_rate.W",48,0.014784,0.0079691,0.021681
"incid_rate.W",49,0.015104,0.0074873,0.022229
"incid_rate.W",50,0.010848,0.0046517,0.017229
"incid_rate.W",51,0.00897,0.0019968,0.01539
"incid_rate.W",52,0.010459,0.0040393,0.016748
"incid_rate.W",53,0.014905,0.0071065,0.021868
"incid_rate.W",54,0.010296,0.0028159,0.016961
"incid_rate.W",55,0.010114,0.0034626,0.0169
"incid_rate.W",56,0.013474,0.0051901,0.02012
"incid_rate.W",57,0.0080992,0.001153,0.015142
"incid_rate.W",58,0.0076523,-0.00024339,0.014349
"incid_rate.W",59,0.0081438,9.8691e-05,0.016601
"incid_rate.W",60,0.012372,0.0048321,0.018987
"incid_rate.W",61,0.010439,0.0031522,0.016642
"incid_rate.W",62,0.0090718,0.00083917,0.016355
"incid_rate.W",63,0.010091,0.0030809,0.016974
"incid_rate.W",64,0.0086266,0.0018968,0.01533
"incid_rate.W",65,0.0091206,0.00099429,0.016137
"incid_rate.W",66,0.013979,0.0063825,0.021033
"incid_rate.W",67,0.0097636,0.0024966,0.016518
"incid_rate.W",68,0.010192,0.0038461,0.016815
"incid_rate.W",69,0.0077887,0.00089289,0.015255
"incid_rate.W",70,0.012638,0.0059976,0.020277
"incid_rate.W",71,0.007408,-0.00027882,0.015485
"incid_rate.W",72,0.0029097,-0.0049836,0.0098638
"incid_rate.W",73,0.0034947,-0.0031879,0.010063
"incid_rate.W",74,0.0020481,-0.0047711,0.0088758
"incid_rate.W",75,0.0048781,-0.0017848,0.011885
"incid_rate.W",76,0.0069846,0.00019264,0.013347
"incid_rate.W",77,0.0034977,-0.0038824,0.010118
"incid_rate.W",78,0.004977,-0.0027299,0.011575
"incid_rate.W",79,0.0055409,-0.0021417,0.01138
"incid_rate.W",80,0.00058966,-0.0068954,0.0075318
"incid_rate.W",81,-0.002002,-0.0089794,0.0050138
"incid_rate.W",82,0.0082953,0.00042939,0.014966
"incid_rate.W",83,0.002047,-0.0053981,0.0093573
"incid_rate.W",84,0.003954,-0.0031233,0.011689
"incid_rate.W",85,0.006597,-0.001575,0.014215
"incid_rate.W",86,0.0039418,-0.0034343,0.011641
"incid_rate.W",87,0.0040329,-0.0021438,0.0099233
"incid_rate.W",88,0.0070463,-0.00056245,0.014169
"incid_rate.W",89,0.0020373,-0.0055738,0.0083162
"incid_rate.W",90,0.0040274,-0.0023424,0.010713
"incid_rate.W",91,0.00184,-0.0056803,0.0095252
"incid_rate.W",92,0.0022034,-0.0059459,0.0098842
"incid_rate.W",93,0.0065759,-0.0010131,0.013544
"incid_rate.W",94,-0.0027651,-0.010107,0.0040778
"incid_rate.W",95,0.0013079,-0.0059213,0.0077321
"incid_rate.W",96,-0.0001831,-0.0073966,0.0064439
"incid_rate.W",97,0.0030993,-0.0048138,0.0096558
"incid_rate.W",98,-0.0036178,-0.012215,0.0033303
"incid_rate.W",99,0.0037461,-0.0045264,0.011155
"incid_rate.W",100,0.005547,-0.0021381,0.012418
"incid_rate.W",101,-0.00055555,-0.0085297,0.0070526
"incid_rate.W",102,0.0040946,-0.0031936,0.011927
"incid_rate.W",103,0.0033943,-0.0051702,0.011875
"incid_rate.W",104,-0.00046303,-0.0081964,0.0070888
"incid_rate.W",105,0.0024232,-0.0053792,0.0095692
"incid_rate.W",106,0.0055794,-0.0015673,0.013162
"incid_rate.W",107,-0.00084553,-0.0075802,0.0055931
"incid_rate.W",108,0.0033174,-0.005197,0.011141
"incid_rate.W",109,0.0010277,-0.0073832,0.0095299
"incid_rate.W",110,0.002794,-0.0053695,0.010062
"incid_rate.W",111,2.2135e-05,-0.0083085,0.0071872
"incid_rate.W",112,-0.0027462,-0.010914,0.0044424
"incid_rate.W",113,0.0035122,-0.0049048,0.010369
"incid_rate.W",114,0.0040159,-0.0034335,0.011521
"incid_rate.W",115,0.000821,-0.007454,0.0089927
"incid_rate.W",116,0.0036165,-0.0040708,0.010306
"incid_rate.W",117,0.0042044,-0.0043537,0.012348
"incid_rate.W",118,0.0027239,-0.005369,0.0098801
"incid_rate.W",119,0.0039562,-0.0038618,0.01102
"incid_rate.W",120,0.0054726,-0.0017702,0.013152
"incid_rate.W",121,0.010333,0.0029526,0.017354
"incid_rate.W",122,0.0055948,-0.0015193,0.012194
"incid_rate.W",123,0.0042029,-0.004973,0.012155
"incid_rate.W",124,0.0035026,-0.0051643,0.011758
"incid_rate.W",125,0.0057621,-0.0029926,0.013573
"incid_rate.W",126,0.0047693,-0.0034015,0.011356
"incid_rate.W",127,0.0045059,-0.0026877,0.012056
"incid_rate.W",128,0.002003,-0.0064251,0.0091748
"incid_rate.W",129,0.006009,-0.0026853,0.014043
"incid_rate.W",130,0.0049729,-0.003634,0.011705
"incid_rate.W",131,0.005192,-0.0035721,0.012737
"incid_rate.W",132,0.00051802,-0.0069839,0.00794
"incid_rate.W",133,0.0022811,-0.0060959,0.0095318
"incid_rate.W",134,0.0059182,-0.0027337,0.013709
"incid_rate.W",135,0.0047296,-0.0040506,0.012388
"incid_rate.W",136,0.0055499,-0.0021754,0.012952
"incid_rate.W",137,0.0035138,-0.0054013,0.011576
"incid_rate.W",138,0.0008072,-0.0074441,0.0091588
"incid_rate.W",139,0.0084625,-5.9922e-05,0.016537
"incid_rate.W",140,0.0042917,-0.0042623,0.012369
"incid_rate.W",141,-0.0018556,-0.010904,0.006109
"incid_rate.W",142,0.0041763,-0.0037024,0.011612
"incid_rate.W",143,0.0076812,-0.00041421,0.016007
"incid_rate.W",144,0.0012851,-0.0067423,0.0088485
"incid_rate.W",145,0.0051499,-0.0029705,0.013414
"incid_rate.W",146,0.00015731,-0.0074837,0.0078776
"incid_rate.W",147,0.0010992,-0.0073529,0.0096126
"incid_rate.W",148,0.0068373,-0.00073189,0.014662
"incid_rate.W",149,0.0016213,-0.0064157,0.0091646
"incid_rate.W",150,0.0085598,0.00034072,0.016546
"dx_frac.W",0,1,1,1
"dx_frac.W",1,0.82205,0.81868,0.82513
"dx_frac.W",2,0.61609,0.60946,0.6228
"dx_frac.W",3,0.46882,0.46035,0.47744
"dx_frac.W",4,0.36034,0.35079,0.37029
"dx_frac.W",5,0.27814,0.26832,0.28899
"dx_frac.W",6,0.21381,0.20387,0.22576
"dx_frac.W",7,0.16446,0.15435,0.1765
"dx_frac.W",8,0.12667,0.11585,0.13868
"dx_frac.W",9,0.099102,0.087785,0.11152
"dx_frac.W",10,0.077745,0.066278,0.089179
"dx_frac.W",11,0.061996,0.051122,0.073107
"dx_frac.W",12,0.048805,0.038077,0.060306
"dx_frac.W",13,0.036364,0.025158,0.047508
"dx_frac.W",14,0.025091,0.01376,0.036525
"dx_frac.W",15,0.017743,0.0061356,0.02902
"dx_frac.W",16,0.011228,4.1856e-05,0.022524
"dx_frac.W",17,0.0043822,-0.0075545,0.014861
"dx_frac.W",18,-0.0033746,-0.015687,0.0070193
"dx_frac.W",19,-0.0087196,-0.021365,0.001834
"dx_frac.W",20,-0.01156,-0.024205,-0.00081828
"dx_frac.W",21,-0.014076,-0.025704,-0.0029007
"dx_frac.W",22,-0.015838,-0.02695,-0.0045943
"dx_frac.W",23,-0.016826,-0.028299,-0.0055003
"dx_frac.W",24,-0.017907,-0.029642,-0.0068027
"dx_frac.W",25,-0.020292,-0.031883,-0.0085699
"dx_frac.W",26,-0.02192,-0.033906,-0.009863
"dx_frac.W",27,-0.023254,-0.035266,-0.010545
"dx_frac.W",28,-0.022514,-0.034813,-0.0095921
"dx_frac.W",29,-0.020013,-0.032264,-0.0074774
"dx_frac.W",30,-0.019737,-0.031837,-0.0077925
"dx_frac.W",31,-0.021561,-0.033697,-0.009569
"dx_frac.W",32,-0.021432,-0.03394,-0.0091195
"dx_frac.W",33,-0.019626,-0.032351,-0.0073802
"dx_frac.W",34,-0.019147,-0.032,-0.0069992
"dx_frac.W",35,-0.019758,-0.032689,-0.007024
"dx_frac.W",36,-0.019174,-0.032524,-0.0062847
"dx_frac.W",37,-0.017504,-0.030727,-0.0043275
"dx_frac.W",38,-0.015296,-0.028,-0.002133
"dx_frac.W",39,-0.014859,-0.027175,-0.0015481
"dx_frac.W",40,-0.016566,-0.028939,-0.0034415
"dx_frac.W",41,-0.018795,-0.030269,-0.0059725
"dx_frac.W",42,-0.020611,-0.032615,-0.0084635
"dx_frac.W",43,-0.021588,-0.033226,-0.0090878
"dx_frac.W",44,-0.021744,-0.032974,-0.0095733
"dx_frac.W",45,-0.022764,-0.034592,-0.010956
"dx_frac.W",46,-0.022077,-0.03434,-0.010577
"dx_frac.W",47,-0.019981,-0.032727,-0.0080752
"dx_frac.W",48,-0.016725,-0.028874,-0.0042074
"dx_frac.W",49,-0.013135,-0.025596,-0.00033968
"dx_frac.W",50,-0.010874,-0.023533,0.0025218
"dx_frac.W",51,-0.010126,-0.022719,0.0031747
"dx_frac.W",52,-0.0074535,-0.020201,0.0055309
"dx_frac.W",53,-0.0034059,-0.015719,0.0099353
"dx_frac.W",54,-0.0002129,-0.012632,0.0124
"dx_frac.W",55,0.00098633,-0.010804,0.012942
"dx_frac.W",56,0.00048696,-0.0097706,0.012084
"dx_frac.W",57,-0.0010574,-0.012254,0.0094819
"dx_frac.W",58,-0.002963,-0.014839,0.0081569
"dx_frac.W",59,-0.0047838,-0.016018,0.0064325
"dx_frac.W",60,-0.0058174,-0.017885,0.0049583
"dx_frac.W",61,-0.0069871,-0.019097,0.0038948
"dx_frac.W",62,-0.007951,-0.019722,0.0048077
"dx_frac.W",63,-0.0064681,-0.018151,0.0051826
"dx_frac.W",64,-0.0034506,-0.01467,0.0084733
"dx_frac.W",65,-0.0010353,-0.012412,0.011252
"dx_frac.W",66,0.0011673,-0.010962,0.01381
"dx_frac.W",67,0.0035995,-0.0092257,0.016594
"dx_frac.W",68,0.0044525,-0.0088429,0.017359
"dx_frac.W",69,0.0063383,-0.0071307,0.01846
"dx_frac.W",70,0.0072472,-0.0064,0.019242
"dx_frac.W",71,0.0070562,-0.0071584,0.018716
"dx_frac.W",72,0.0049875,-0.0091533,0.016911
"dx_frac.W",73,0.0035277,-0.010633,0.016472
"dx_frac.W",74,0.0033454,-0.010921,0.016799
"dx_frac.W",75,0.0024499,-0.011754,0.015212
"dx_frac.W",76,-0.00059903,-0.014643,0.012836
"dx_frac.W",77,-0.0054807,-0.020168,0.0080927
"dx_frac.W",78,-0.0090828,-0.02363,0.0042098
"dx_frac.W",79,-0.010817,-0.025296,0.003046
"dx_frac.W",80,-0.011403,-0.02506,0.0019369
"dx_frac.W",81,-0.010552,-0.023458,0.0029691
"dx_frac.W",82,-0.0080273,-0.020524,0.0055004
"dx_frac.W",83,-0.0050442,-0.01774,0.0086494
"dx_frac.W",84,-0.0027162,-0.016357,0.011338
"dx_frac.W",85,-0.00089329,-0.014424,0.01288
"dx_frac.W",86,-0.00047523,-0.013233,0.01244
"dx_frac.W",87,-0.00032305,-0.01268,0.011482
"dx_frac.W",88,-0.0022586,-0.014614,0.0097872
"dx_frac.W",89,-0.0058198,-0.017814,0.0052011
"dx_frac.W",90,-0.0099758,-0.022089,0.0022036
"dx_frac.W",91,-0.014396,-0.026778,-0.0014847
"dx_frac.W",92,-0.018068,-0.030991,-0.0046571
"dx_frac.W",93,-0.017959,-0.031043,-0.0037442
"dx_frac.W",94,-0.016776,-0.029674,-0.0027282
"dx_frac.W",95,-0.01664,-0.029994,-0.0034703
"dx_frac.W",96,-0.015393,-0.029217,-0.0026836
"dx_frac.W",97,-0.012719,-0.026832,-0.00052926
"dx_frac.W",98,-0.0089331,-0.022349,0.0019545
"dx_frac.W",99,-0.0050696,-0.017438,0.0057364
"dx_frac.W",100,-0.0033944,-0.016295,0.0079922
"dx_frac.W",101,-0.0020521,-0.014816,0.0098668
"dx_frac.W",102,0.00080781,-0.013125,0.013342
"dx_frac.W",103,0.0046027,-0.0095669,0.017579
"dx_frac.W",104,0.0075763,-0.0063317,0.020302
"dx_frac.W",105,0.0087727,-0.0048994,0.021999
"dx_frac.W",106,0.0092111,-0.004674,0.023004
"dx_frac.W",107,0.007599,-0.0055474,0.020926
"dx_frac.W",108,0.0040891,-0.0084435,0.017018
"dx_frac.W",109,0.0002756,-0.012084,0.013179
"dx_frac.W",110,-0.0019969,-0.014115,0.010294
"dx_frac.W",111,-0.0033494,-0.01458,0.0085215
"dx_frac.W",112,-0.0038145,-0.01488,0.0080212
"dx_frac.W",113,-0.0016799,-0.013426,0.010895
"dx_frac.W",114,-0.00049791,-0.012142,0.011394
"dx_frac.W",115,-0.0012924,-0.013514,0.011178
"dx_frac.W",116,-0.0023381,-0.014499,0.010632
"dx_frac.W",117,-0.002303,-0.015221,0.011185
"dx_frac.W",118,-0.002516,-0.014923,0.010586
"dx_frac.W",119,-0.0020462,-0.01423,0.010994
"dx_frac.W",120,-0.00086293,-0.012389,0.011893
"dx_frac.W",121,-0.00078933,-0.012649,0.01157
"dx_frac.W",122,-0.00098936,-0.013039,0.011491
"dx_frac.W",123,-0.00079494,-0.013283,0.011626
"dx_frac.W",124,-0.0010718,-0.013868,0.010728
"dx_frac.W",125,-0.0013958,-0.014847,0.010735
"dx_frac.W",126,-0.002415,-0.015978,0.009886
"dx_frac.W",127,-0.0035034,-0.016918,0.008883
"dx_frac.W",128,-0.0037639,-0.017223,0.0089966
"dx_frac.W",129,-0.0044583,-0.017845,0.0069645
"dx_frac.W",130,-0.0057086,-0.019302,0.0066579
"dx_frac.W",131,-0.0087685,-0.022558,0.0039838
"dx_frac.W",132,-0.01307,-0.026054,0.00014241
"dx_frac.W",133,-0.014793,-0.027579,-0.0010405
"dx_frac.W",134,-0.013783,-0.025719,-0.00012762
"dx_frac.W",135,-0.012417,-0.024932,0.0012526
"dx_frac.W",136,-0.01002,-0.02377,0.0043875
"dx_frac.W",137,-0.007796,-0.021451,0.006096
"dx_frac.W",138,-0.004899,-0.019303,0.0080945
"dx_frac.W",139,-0.0018953,-0.016507,0.011301
"dx_frac.W",140,0.0011095,-0.013773,0.01416
"dx_frac.W",141,0.003822,-0.01119,0.016858
"dx_frac.W",142,0.0053773,-0.0099847,0.019769
"dx_frac.W",143,0.0054458,-0.010103,0.019733
"dx_frac.W",144,0.0051342,-0.010184,0.019877
"dx_frac.W",145,0.0032573,-0.010906,0.017923
"dx_frac.W",146,0.00097474,-0.01294,0.015842
"dx_frac.W",147,-0.00029543,-0.014808,0.013647
"dx_frac.W",148,0.00084769,-0.013604,0.014849
"dx_frac.W",149,0.00029315,-0.014207,0.01461
"dx_frac.W",150,-0.0017224,-0.0158,0.012566
"supp_frac.W",0,1,1,1
"supp_frac.W",1,0.81914,0.81617,0.82219
"supp_frac.W",2,0.60503,0.59912,0.61116
"supp_frac.W",3,0.4482,0.44009,0.45669
"supp_frac.W",4,0.33208,0.32242,0.3419
"supp_frac.W",5,0.24479,0.23504,0.25507
"supp_frac.W",6,0.17814,0.16856,0.18926
"supp_frac.W",7,0.1278,0.1171,0.13849
"supp_frac.W",8,0.088438,0.077146,0.098287
"supp_frac.W",9,0.058942,0.047113,0.069622
"supp_frac.W",10,0.038623,0.026606,0.0494
"supp_frac.W",11,0.023761,0.012104,0.034538
"supp_frac.W",12,0.011807,-8.8521e-05,0.023161
"supp_frac.W",13,0.0042701,-0.007156,0.016262
"supp_frac.W",14,-0.00067405,-0.012048,0.011671
"supp_frac.W",15,-0.0035169,-0.015717,0.0085532
"supp_frac.W",16,-0.0056064,-0.017933,0.0055471
"supp_frac.W",17,-0.0084102,-0.020695,0.0027526
"supp_frac.W",18,-0.010967,-0.022958,0.00052864
"supp_frac.W",19,-0.009873,-0.021569,0.001464
"supp_frac.W",20,-0.0063589,-0.017477,0.0041212
"supp_frac.W",21,-0.0025602,-0.014071,0.008514
"supp_frac.W",22,-0.00093847,-0.012202,0.010404
"supp_frac.W",23,2.3464e-05,-0.011265,0.010718
"supp_frac.W",24,0.0010429,-0.010148,0.011428
"supp_frac.W",25,0.0015841,-0.010351,0.012893
"supp_frac.W",26,0.00057127,-0.010978,0.012123
"supp_frac.W",27,-0.00028073,-0.011982,0.011769
"supp_frac.W",28,-0.0011559,-0.013157,0.011006
"supp_frac.W",29,-0.0009674,-0.013778,0.011971
"supp_frac.W",30,-0.00067655,-0.014176,0.01228
"supp_frac.W",31,-0.0020455,-0.015483,0.010421
"supp_frac.W",32,-0.0039234,-0.017306,0.0087249
"supp_frac.W",33,-0.0053344,-0.018542,0.0069227
"supp_frac.W",34,-0.0044853,-0.016721,0.0072822
"supp_frac.W",35,-0.0052292,-0.018444,0.007009
"supp_frac.W",36,-0.0060563,-0.018716,0.0062529
"supp_frac.W",37,-0.0063348,-0.019036,0.0054251
"supp_frac.W",38,-0.0061893,-0.019379,0.0051232
"supp_frac.W",39,-0.0059659,-0.018042,0.0056283
"supp_frac.W",40,-0.0059593,-0.018107,0.0059745
"supp_frac.W",41,-0.0071225,-0.019277,0.005201
"supp_frac.W",42,-0.0086451,-0.020519,0.0036055
"supp_frac.W",43,-0.0079665,-0.018818,0.0039981
"supp_frac.W",44,-0.008233,-0.019306,0.0043101
"supp_frac.W",45,-0.0074994,-0.018405,0.0048567
"supp_frac.W",46,-0.0061737,-0.017154,0.006129
"supp_frac.W",47,-0.0032544,-0.014646,0.0086937
"supp_frac.W",48,0.00037173,-0.012066,0.013087
"supp_frac.W",49,0.0042046,-0.0093153,0.016806
"supp_frac.W",50,0.0059681,-0.0076878,0.018473
"supp_frac.W",51,0.0041963,-0.0098388,0.017967
"supp_frac.W",52,0.001535,-0.013253,0.015143
"supp_frac.W",53,9.0292e-05,-0.014372,0.013258
"supp_frac.W",54,-0.0010076,-0.015438,0.011619
"supp_frac.W",55,-0.0020013,-0.015363,0.010647
"supp_frac.W",56,-0.0034366,-0.016549,0.0084873
"supp_frac.W",57,-0.0055699,-0.018618,0.0063298
"supp_frac.W",58,-0.0058293,-0.018565,0.0066587
"supp_frac.W",59,-0.0048802,-0.017112,0.0079338
"supp_frac.W",60,-0.0042243,-0.017072,0.0072101
"supp_frac.W",61,-0.00451,-0.016341,0.0068032
"supp_frac.W",62,-0.005775,-0.017151,0.0057595
"supp_frac.W",63,-0.0055131,-0.016849,0.0063849
"supp_frac.W",64,-0.0028211,-0.014317,0.0099506
"supp_frac.W",65,-0.00085064,-0.012391,0.012083
"supp_frac.W",66,0.0011173,-0.011505,0.014241
"supp_frac.W",67,0.0026471,-0.010284,0.016476
"supp_frac.W",68,0.0034086,-0.0098597,0.017747
"supp_frac.W",69,0.0032368,-0.010781,0.017189
"supp_frac.W",70,0.0037968,-0.010733,0.017715
"supp_frac.W",71,0.0052905,-0.008818,0.019008
"supp_frac.W",72,0.0053615,-0.008693,0.019734
"supp_frac.W",73,0.005066,-0.0089487,0.020064
"supp_frac.W",74,0.0044134,-0.0095096,0.019354
"supp_frac.W",75,0.0035606,-0.010342,0.018244
"supp_frac.W",76,0.0023343,-0.011546,0.016201
"supp_frac.W",77,0.0016115,-0.011881,0.014813
"supp_frac.W",78,0.00094424,-0.011806,0.013686
"supp_frac.W",79,-0.0016295,-0.014442,0.011147
"supp_frac.W",80,-0.004952,-0.01845,0.0070299
"supp_frac.W",81,-0.0068176,-0.020981,0.0049885
"supp_frac.W",82,-0.0085086,-0.022562,0.0042665
"supp_frac.W",83,-0.010012,-0.023293,0.0020493
"supp_frac.W",84,-0.011879,-0.025249,0.00074724
"supp_frac.W",85,-0.013807,-0.027854,-0.0014458
"supp_frac.W",86,-0.013139,-0.026896,-0.00042856
"supp_frac.W",87,-0.011405,-0.025412,0.001127
"supp_frac.W",88,-0.0094918,-0.022335,0.0027288
"supp_frac.W",89,-0.0078637,-0.021375,0.0040311
"supp_frac.W",90,-0.0054439,-0.018578,0.007104
"supp_frac.W",91,-0.0027794,-0.015809,0.010642
"supp_frac.W",92,0.0010576,-0.011723,0.014577
"supp_frac.W",93,0.004744,-0.0083332,0.01784
"supp_frac.W",94,0.0074051,-0.0057994,0.020207
"supp_frac.W",95,0.0098568,-0.0030827,0.022758
"supp_frac.W",96,0.010274,-0.00251,0.023365
"supp_frac.W",97,0.010662,-0.0014052,0.022764
"supp_frac.W",98,0.011305,-0.000443,0.023564
"supp_frac.W",99,0.010921,-0.0024129,0.023709
"supp_frac.W",100,0.0097046,-0.0044122,0.023275
"supp_frac.W",101,0.0079857,-0.0064742,0.021006
"supp_frac.W",102,0.0083765,-0.0060795,0.021091
"supp_frac.W",103,0.011061,-0.002246,0.023502
"supp_frac.W",104,0.013522,-0.00035726,0.025885
"supp_frac.W",105,0.014791,0.00080399,0.027258
"supp_frac.W",106,0.014881,0.0019014,0.027874
"supp_frac.W",107,0.012029,-0.0018823,0.024634
"supp_frac.W",108,0.0092878,-0.0046619,0.021394
"supp_frac.W",109,0.0080004,-0.0060665,0.020003
"supp_frac.W",110,0.005761,-0.0085436,0.017596
"supp_frac.W",111,0.0025046,-0.011774,0.014893
"supp_frac.W",112,-0.00011167,-0.013934,0.011729
"supp_frac.W",113,0.00069236,-0.012834,0.012483
"supp_frac.W",114,0.0016101,-0.011932,0.01409
"supp_frac.W",115,0.0020527,-0.010688,0.014203
"supp_frac.W",116,0.0014131,-0.011839,0.013557
"supp_frac.W",117,0.0016947,-0.011917,0.013976
"supp_frac.W",118,0.0021979,-0.011262,0.014644
"supp_frac.W",119,0.00031729,-0.012976,0.013331
"supp_frac.W",120,-0.00099248,-0.014643,0.012026
"supp_frac.W",121,-0.0018628,-0.01393,0.010797
"supp_frac.W",122,-0.0018975,-0.01393,0.010386
"supp_frac.W",123,-0.0019899,-0.014834,0.010419
"supp_frac.W",124,-0.0015267,-0.014983,0.010828
"supp_frac.W",125,0.00041182,-0.013352,0.013658
"supp_frac.W",126,0.00052038,-0.012902,0.013741
"supp_frac.W",127,-0.00054147,-0.013459,0.011972
"supp_frac.W",128,-0.0027366,-0.015463,0.0096108
"supp_frac.W",129,-0.0045145,-0.017945,0.0074253
"supp_frac.W",130,-0.0065561,-0.020489,0.006868
"supp_frac.W",131,-0.011272,-0.025841,0.0026521
"supp_frac.W",132,-0.016073,-0.030544,-0.0014675
"supp_frac.W",133,-0.019824,-0.033605,-0.0054152
"supp_frac.W",134,-0.021257,-0.035646,-0.0071412
"supp_frac.W",135,-0.021622,-0.035766,-0.0077376
"supp_frac.W",136,-0.019442,-0.03358,-0.0051317
"supp_frac.W",137,-0.016181,-0.029143,-0.0018734
"supp_frac.W",138,-0.010529,-0.023122,0.0041027
"supp_frac.W",139,-0.0065934,-0.020171,0.0074103
"supp_frac.W",140,-0.0032814,-0.01702,0.01075
"supp_frac.W",141,-0.00070107,-0.013434,0.012212
"supp_frac.W",142,0.0017846,-0.010757,0.014399
"supp_frac.W",143,0.002288,-0.010921,0.014954
"supp_frac.W",144,0.0014567,-0.012173,0.013556
"supp_frac.W",145,0.0013084,-0.011945,0.013622
"supp_frac.W",146,-0.0012125,-0.014696,0.011406
"supp_frac.W",147,-0.0011666,-0.014799,0.010691
"supp_frac.W",148,0.00028879,-0.013222,0.012064
"supp_frac.W",149,0.0018788,-0.012215,0.014244
"supp_frac.W",150,0.0027986,-0.011765,0.015381
"prep_cov.W",0,1,1,1
"prep_cov.W",1,0.44254,0.43764,0.44734
"prep_cov.W",2,0.10787,0.10098,0.11457
"prep_cov.W",3,0.032686,0.026093,0.039907
"prep_cov.W",4,0.013817,0.0077115,0.020548
"prep_cov.W",5,0.0055141,-0.0011043,0.012364
"prep_cov.W",6,0.005195,-0.0016283,0.012046
"prep_cov.W",7,0.0066222,3.7296e-05,0.013577
"prep_cov.W",8,0.009535,0.0026406,0.01735
"prep_cov.W",9,0.0095318,0.0035384,0.016876
"prep_cov.W",10,0.0066888,-0.00021388,0.014083
"prep_cov.W",11,0.0044357,-0.0026308,0.012046
"prep_cov.W",12,0.0055577,-0.0017625,0.012987
"prep_cov.W",13,0.0072005,0.00038927,0.013754
"prep_cov.W",14,0.0075075,-0.00017469,0.015277
"prep_cov.W",15,0.0058934,-0.0015111,0.013691
"prep_cov.W",16,0.0056244,-0.0023841,0.012867
"prep_cov.W",17,0.0031778,-0.0040865,0.010545
"prep_cov.W",18,0.0028323,-0.0036127,0.0093778
"prep_cov.W",19,0.0040227,-0.0028774,0.010749
"prep_cov.W",20,0.0059353,-0.0015039,0.013707
"prep_cov.W",21,0.0043414,-0.0025805,0.011738
"prep_cov.W",22,-0.002226,-0.0089548,0.0055554
"prep_cov.W",23,0.00041223,-0.0058449,0.0067835
"prep_cov.W",24,0.00038664,-0.0064351,0.0070017
"prep_cov.W",25,0.0014546,-0.0055452,0.0087581
"prep_cov.W",26,0.0017436,-0.0052045,0.0093326
"prep_cov.W",27,0.0023349,-0.0044048,0.0089762
"prep_cov.W",28,0.0068376,0.00023419,0.012533
"prep_cov.W",29,0.0090733,0.0010629,0.016652
"prep_cov.W",30,0.0061869,-0.0030968,0.013834
"prep_cov.W",31,0.0021181,-0.007092,0.010646
"prep_cov.W",32,0.0021481,-0.006031,0.0097932
"prep_cov.W",33,0.0044083,-0.0025784,0.011603
"prep_cov.W",34,0.0031469,-0.0034138,0.010403
"prep_cov.W",35,-0.0010234,-0.0071328,0.0057348
"prep_cov.W",36,-0.0032968,-0.0097923,0.0032121
"prep_cov.W",37,-0.0024146,-0.0094874,0.0042613
"prep_cov.W",38,-0.00015489,-0.0070338,0.0071784
"prep_cov.W",39,0.0015796,-0.0045247,0.0089438
"prep_cov.W",40,0.002235,-0.0044251,0.0093854
"prep_cov.W",41,0.00094213,-0.0053178,0.0074543
"prep_cov.W",42,-0.0013339,-0.0077227,0.0053956
"prep_cov.W",43,-0.0023083,-0.0096879,0.0045678
"prep_cov.W",44,-0.0018658,-0.0091813,0.0053032
"prep_cov.W",45,-0.001829,-0.0085927,0.0056524
"prep_cov.W",46,0.0026071,-0.0045562,0.0097752
"prep_cov.W",47,0.0021739,-0.0050283,0.0087106
"prep_cov.W",48,-0.0018185,-0.0095103,0.0044413
"prep_cov.W",49,-0.0013012,-0.0085387,0.0056298
"prep_cov.W",50,-0.0029451,-0.0095547,0.0035482
"prep_cov.W",51,-0.0019749,-0.0081773,0.0048539
"prep_cov.W",52,-0.001556,-0.0080092,0.004445
"prep_cov.W",53,-0.004495,-0.011321,0.0026935
"prep_cov.W",54,-0.0024338,-0.0095255,0.0048009
"prep_cov.W",55,0.0015857,-0.005353,0.0089099
"prep_cov.W",56,0.00064103,-0.0059451,0.0081225
"prep_cov.W",57,0.0027041,-0.0039586,0.0092778
"prep_cov.W",58,0.0024878,-0.0046696,0.0095219
"prep_cov.W",59,0.0033784,-0.0041199,0.010427
"prep_cov.W",60,0.0098303,0.0025604,0.017263
"prep_cov.W",61,0.0090616,0.0014798,0.016654
"prep_cov.W",62,0.0085604,0.001564,0.016337
"prep_cov.W",63,0.008297,0.0012785,0.014644
"prep_cov.W",64,0.0061845,-0.0010018,0.013226
"prep_cov.W",65,0.0042933,-0.0027489,0.011698
"prep_cov.W",66,0.0078488,0.00066953,0.015306
"prep_cov.W",67,0.0054013,-0.000724,0.012044
"prep_cov.W",68,0.00086309,-0.0058208,0.0077662
"prep_cov.W",69,-0.0019063,-0.0087481,0.0052228
"prep_cov.W",70,0.0027511,-0.0040781,0.010398
"prep_cov.W",71,0.002342,-0.0047346,0.0095203
"prep_cov.W",72,7.1499e-05,-0.0063917,0.0068066
"prep_cov.W",73,-0.0016326,-0.0087966,0.0064762
"prep_cov.W",74,3.4985e-06,-0.0070571,0.0076077
"prep_cov.W",75,0.00021498,-0.0062791,0.0072174
"prep_cov.W",76,0.00049563,-0.0070447,0.008585
"prep_cov.W",77,-0.0049776,-0.012612,0.0028197
"prep_cov.W",78,-0.0083602,-0.015773,-0.00064842
"prep_cov.W",79,-0.0088498,-0.015884,-0.00079644
"prep_cov.W",80,-0.0058472,-0.01324,0.0021023
"prep_cov.W",81,-0.0044529,-0.011879,0.0029616
"prep_cov.W",82,0.00044673,-0.0063482,0.007027
"prep_cov.W",83,0.0025197,-0.0047273,0.010035
"prep_cov.W",84,0.0053516,-0.0018364,0.012776
"prep_cov.W",85,0.0021944,-0.0040666,0.0093427
"prep_cov.W",86,0.0027601,-0.0040831,0.0096075
"prep_cov.W",87,0.009141,0.0011231,0.01603
"prep_cov.W",88,0.0088295,0.0022838,0.015176
"prep_cov.W",89,0.0035501,-0.0042822,0.010411
"prep_cov.W",90,0.00079643,-0.0080046,0.007734
"prep_cov.W",91,0.0012865,-0.0066626,0.0088814
"prep_cov.W",92,0.00046031,-0.0077557,0.0075807
"prep_cov.W",93,-0.003146,-0.011268,0.0036656
"prep_cov.W",94,-0.0034205,-0.011606,0.0044156
"prep_cov.W",95,-0.0036674,-0.012379,0.0046657
"prep_cov.W",96,-0.002571,-0.010098,0.0050389
"prep_cov.W",97,-0.0014916,-0.0089661,0.0065335
"prep_cov.W",98,0.0003536,-0.0071524,0.0091266
"prep_cov.W",99,0.0014438,-0.0070265,0.0090725
"prep_cov.W",100,0.0051237,-0.0034524,0.011884
"prep_cov.W",101,0.0043988,-0.0036867,0.012125
"prep_cov.W",102,0.0013094,-0.0070717,0.0090224
"prep_cov.W",103,-0.0053317,-0.013894,0.0027924
"prep_cov.W",104,-0.0071971,-0.014952,0.00095449
"prep_cov.W",105,0.0019944,-0.0052648,0.0093036
"prep_cov.W",106,0.0078958,0.00040907,0.01573
"prep_cov.W",107,0.0041016,-0.0022096,0.012026
"prep_cov.W",108,0.0027403,-0.0050304,0.010453
"prep_cov.W",109,0.0056902,-0.0024825,0.014769
"prep_cov.W",110,0.0049416,-0.0035077,0.013514
"prep_cov.W",111,-0.0008679,-0.010319,0.0073535
"prep_cov.W",112,-0.00033308,-0.009044,0.0082999
"prep_cov.W",113,0.0023533,-0.0051765,0.01017
"prep_cov.W",114,0.0027906,-0.0050654,0.010377
"prep_cov.W",115,2.9348e-05,-0.0077639,0.0074899
"prep_cov.W",116,0.0017139,-0.0066362,0.0099989
"prep_cov.W",117,0.0080836,0.00086064,0.015915
"prep_cov.W",118,0.0074832,-7.2651e-05,0.015504
"prep_cov.W",119,0.0044223,-0.0036038,0.013967
"prep_cov.W",120,0.00033794,-0.0074976,0.0082464
"prep_cov.W",121,0.00078678,-0.006509,0.009403
"prep_cov.W",122,0.00069234,-0.0070725,0.0091397
"prep_cov.W",123,0.0014336,-0.0050101,0.0097709
"prep_cov.W",124,-0.0016662,-0.0093021,0.0057545
"prep_cov.W",125,-0.0018401,-0.0092103,0.005247
"prep_cov.W",126,0.00055864,-0.0071824,0.0083172
"prep_cov.W",127,0.0026726,-0.0057542,0.01061
"prep_cov.W",128,0.0028836,-0.0048396,0.010581
"prep_cov.W",129,0.0039459,-0.0038407,0.012269
"prep_cov.W",130,0.0047213,-0.0028544,0.01236
"prep_cov.W",131,0.0034298,-0.0050633,0.011642
"prep_cov.W",132,0.0025019,-0.0064986,0.011596
"prep_cov.W",133,-0.0038975,-0.012244,0.0043542
"prep_cov.W",134,-0.0066801,-0.015597,0.0014922
"prep_cov.W",135,-0.00016495,-0.0092599,0.0080731
"prep_cov.W",136,0.001877,-0.0075782,0.010676
"prep_cov.W",137,-0.0018771,-0.0108,0.0060506
"prep_cov.W",138,-0.0055758,-0.013531,0.0023052
"prep_cov.W",139,-0.0077369,-0.01665,0.00024344
"prep_cov.W",140,-0.0039458,-0.012966,0.0050834
"prep_cov.W",141,0.00043673,-0.0074856,0.0089602
"prep_cov.W",142,-0.0050013,-0.012139,0.0026752
"prep_cov.W",143,-0.0044263,-0.011802,0.0024282
"prep_cov.W",144,-0.0006257,-0.0095212,0.0070352
"prep_cov.W",145,-0.0010024,-0.010199,0.008331
"prep_cov.W",146,-0.00093684,-0.0095626,0.0070914
"prep_cov.W",147,0.00019835,-0.0076035,0.0075647
"prep_cov.W",148,-0.0023395,-0.010238,0.006511
"prep_cov.W",149,-0.0084305,-0.017078,0.00065773
"prep_cov.W",150,-0.0096888,-0.018618,-0.00054804
"gono_prev",0,1,1,1
"gono_prev",1,0.93963,0.93791,0.94129
"gono_prev",2,0.84646,0.84214,0.85052
"gono_prev",3,0.75798,0.75142,0.76421
"gono_prev",4,0.67824,0.6699,0.68659
"gono_prev",5,0.60774,0.59796,0.61798
"gono_prev",6,0.54622,0.53522,0.55811
"gono_prev",7,0.49261,0.48057,0.5065
"gono_prev",8,0.44579,0.43283,0.46088
"gono_prev",9,0.40477,0.39085,0.42093
"gono_prev",10,0.3688,0.35449,0.38546
"gono_prev",11,0.33739,0.32222,0.35492
"gono_prev",12,0.3099,0.29473,0.32863
"gono_prev",13,0.286,0.27037,0.30571
"gono_prev",14,0.26472,0.24866,0.28471
"gono_prev",15,0.24552,0.22867,0.26541
"gono_prev",16,0.2282,0.21136,0.24859
"gono_prev",17,0.21182,0.19416,0.23161
"gono_prev",18,0.19636,0.17839,0.21598
"gono_prev",19,0.18195,0.16362,0.20138
"gono_prev",20,0.16824,0.1494,0.18788
"gono_prev",21,0.15518,0.13586,0.17417
"gono_prev",22,0.14259,0.12248,0.16149
"gono_prev",23,0.13044,0.10995,0.14935
"gono_prev",24,0.11884,0.09811,0.13859
"gono_prev",25,0.10776,0.087414,0.12678
"gono_prev",26,0.098354,0.07836,0.11872
"gono_prev",27,0.09033,0.070891,0.11119
"gono_prev",28,0.082872,0.06411,0.10378
"gono_prev",29,0.075555,0.056803,0.096445
"gono_prev",30,0.0689,0.050325,0.089866
"gono_prev",31,0.063135,0.043487,0.083454
"gono_prev",32,0.057918,0.038663,0.078207
"gono_prev",33,0.05363,0.034056,0.074032
"gono_prev",34,0.04972,0.030494,0.070228
"gono_prev",35,0.045986,0.026721,0.066303
"gono_prev",36,0.042275,0.022657,0.06243
"gono_prev",37,0.038212,0.01931,0.058369
"gono_prev",38,0.034097,0.014754,0.054301
"gono_prev",39,0.0299,0.010281,0.049716
"gono_prev",40,0.026342,0.0071119,0.045684
"gono_prev",41,0.023272,0.0040938,0.042549
"gono_prev",42,0.020846,0.0018324,0.04007
"gono_prev",43,0.018848,-0.00036659,0.038164
"gono_prev",44,0.01679,-0.0030032,0.036032
"gono_prev",45,0.014702,-0.0050994,0.034155
"gono_prev",46,0.013162,-0.0069865,0.032725
"gono_prev",47,0.012276,-0.0078328,0.031847
"gono_prev",48,0.01161,-0.0090736,0.030854
"gono_prev",49,0.010664,-0.010363,0.029366
"gono_prev",50,0.0098045,-0.01146,0.028757
"gono_prev",51,0.0090858,-0.01218,0.027878
"gono_prev",52,0.0087911,-0.012448,0.027447
"gono_prev",53,0.0087793,-0.012372,0.027589
"gono_prev",54,0.0091652,-0.011606,0.027918
"gono_prev",55,0.0097214,-0.010817,0.028974
"gono_prev",56,0.010158,-0.010397,0.029751
"gono_prev",57,0.010895,-0.0095122,0.030721
"gono_prev",58,0.01154,-0.0089575,0.030967
"gono_prev",59,0.012032,-0.0077339,0.031161
"gono_prev",60,0.012531,-0.0058936,0.031555
"gono_prev",61,0.013078,-0.0048145,0.032244
"gono_prev",62,0.014036,-0.0046118,0.033695
"gono_prev",63,0.014739,-0.0047369,0.034291
"gono_prev",64,0.014788,-0.0044527,0.03413
"gono_prev",65,0.014448,-0.0058814,0.033995
"gono_prev",66,0.013931,-0.0061879,0.033928
"gono_prev",67,0.013635,-0.0064322,0.034376
"gono_prev",68,0.013209,-0.0064568,0.033838
"gono_prev",69,0.013095,-0.0062218,0.03411
"gono_prev",70,0.013036,-0.0067532,0.034348
"gono_prev",71,0.012562,-0.0069923,0.034535
"gono_prev",72,0.011773,-0.0078106,0.032765
"gono_prev",73,0.010804,-0.0087259,0.031213
"gono_prev",74,0.010158,-0.009601,0.030499
"gono_prev",75,0.010005,-0.010203,0.030261
"gono_prev",76,0.010592,-0.01008,0.031053
"gono_prev",77,0.011595,-0.0093535,0.031893
"gono_prev",78,0.012464,-0.0083543,0.032906
"gono_prev",79,0.012882,-0.0082094,0.033592
"gono_prev",80,0.013233,-0.0079858,0.033662
"gono_prev",81,0.01386,-0.0082365,0.034521
"gono_prev",82,0.014354,-0.0080723,0.034792
"gono_prev",83,0.015239,-0.0070156,0.034843
"gono_prev",84,0.015824,-0.0055766,0.035709
"gono_prev",85,0.01572,-0.0051107,0.035819
"gono_prev",86,0.015945,-0.0042953,0.034867
"gono_prev",87,0.01639,-0.0039312,0.035244
"gono_prev",88,0.016001,-0.0043869,0.035067
"gono_prev",89,0.014516,-0.0057101,0.0339
"gono_prev",90,0.013039,-0.0072732,0.032377
"gono_prev",91,0.012141,-0.0082815,0.030715
"gono_prev",92,0.011849,-0.0090763,0.030466
"gono_prev",93,0.011786,-0.010155,0.03068
"gono_prev",94,0.012021,-0.0097965,0.031472
"gono_prev",95,0.01206,-0.0096802,0.031458
"gono_prev",96,0.012104,-0.0094968,0.031411
"gono_prev",97,0.011886,-0.0094468,0.031362
"gono_prev",98,0.011202,-0.010002,0.03086
"gono_prev",99,0.0098112,-0.010637,0.029749
"gono_prev",100,0.0084558,-0.011089,0.029065
"gono_prev",101,0.0074039,-0.011604,0.028113
"gono_prev",102,0.0058522,-0.013647,0.026254
"gono_prev",103,0.0039439,-0.015378,0.024717
"gono_prev",104,0.0023584,-0.017533,0.023212
"gono_prev",105,0.00090636,-0.019363,0.022404
"gono_prev",106,-0.00053936,-0.020958,0.020504
"gono_prev",107,-0.0014099,-0.022976,0.020058
"gono_prev",108,-0.0023865,-0.0245,0.01892
"gono_prev",109,-0.0031043,-0.025564,0.017883
"gono_prev",110,-0.0036758,-0.026679,0.017386
"gono_prev",111,-0.0042305,-0.027376,0.016419
"gono_prev",112,-0.0046219,-0.028269,0.016283
"gono_prev",113,-0.0050524,-0.028586,0.015467
"gono_prev",114,-0.0057038,-0.030489,0.014946
"gono_prev",115,-0.0064574,-0.030894,0.01453
"gono_prev",116,-0.0072799,-0.031634,0.014298
"gono_prev",117,-0.0077551,-0.031403,0.01459
"gono_prev",118,-0.0084813,-0.033336,0.013443
"gono_prev",119,-0.0093503,-0.034631,0.012568
"gono_prev",120,-0.0109,-0.036037,0.011327
"gono_prev",121,-0.012126,-0.03751,0.0097343
"gono_prev",122,-0.013336,-0.038003,0.0090164
"gono_prev",123,-0.014446,-0.038988,0.0080324
"gono_prev",124,-0.014902,-0.039642,0.0073204
"gono_prev",125,-0.014292,-0.038746,0.0073264
"gono_prev",126,-0.013331,-0.03771,0.0079763
"gono_prev",127,-0.012872,-0.037016,0.0089589
"gono_prev",128,-0.012698,-0.036794,0.0088048
"gono_prev",129,-0.012013,-0.036042,0.0097616
"gono_prev",130,-0.011157,-0.035238,0.010668
"gono_prev",131,-0.0098623,-0.034284,0.012158
"gono_prev",132,-0.0083684,-0.032833,0.013659
"gono_prev",133,-0.0066782,-0.03097,0.014459
"gono_prev",134,-0.0045239,-0.02947,0.014764
"gono_prev",135,-0.002145,-0.025905,0.017137
"gono_prev",136,0.00054168,-0.023258,0.021145
"gono_prev",137,0.003628,-0.020395,0.024556
"gono_prev",138,0.0066456,-0.017119,0.028468
"gono_prev",139,0.0093222,-0.014142,0.032142
"gono_prev",140,0.011819,-0.012393,0.035334
"gono_prev",141,0.013763,-0.010199,0.037093
"gono_prev",142,0.01586,-0.0079842,0.038439
"gono_prev",143,0.017454,-0.0064267,0.039446
"gono_prev",144,0.018547,-0.0052898,0.04068
"gono_prev",145,0.019741,-0.0044971,0.041853
"gono_prev",146,0.020483,-0.004296,0.043686
"gono_prev",147,0.021092,-0.0038962,0.044785
"gono_prev",148,0.022178,-0.002531,0.045658
"gono_prev",149,0.023477,-0.001337,0.046778
"gono_prev",150,0.024564,-0.00079908,0.047154
"gono_ir",0,1,1,1
"gono_ir",1,0.93146,0.92971,0.93343
"gono_ir",2,0.83787,0.8337,0.84241
"gono_ir",3,0.75019,0.74371,0.75706
"gono_ir",4,0.6716,0.66302,0.68076
"gono_ir",5,0.60212,0.59167,0.61294
"gono_ir",6,0.5414,0.52914,0.55378
"gono_ir",7,0.48816,0.47467,0.50182
"gono_ir",8,0.44178,0.42685,0.45636
"gono_ir",9,0.40117,0.38535,0.41623
"gono_ir",10,0.36581,0.34853,0.38156
"gono_ir",11,0.33474,0.31673,0.35102
"gono_ir",12,0.30747,0.28942,0.32428
"gono_ir",13,0.28375,0.26544,0.30064
"gono_ir",14,0.26267,0.24446,0.27983
"gono_ir",15,0.24356,0.22575,0.26078
"gono_ir",16,0.22637,0.20836,0.24393
"gono_ir",17,0.21007,0.19187,0.22788
"gono_ir",18,0.19461,0.17658,0.21236
"gono_ir",19,0.18016,0.16149,0.19839
"gono_ir",20,0.16653,0.14811,0.18486
"gono_ir",21,0.1535,0.13532,0.17197
"gono_ir",22,0.14088,0.12241,0.15969
"gono_ir",23,0.12873,0.11013,0.14753
"gono_ir",24,0.11732,0.098945,0.13718
"gono_ir",25,0.10619,0.087882,0.12672
"gono_ir",26,0.096912,0.078169,0.11675
"gono_ir",27,0.088902,0.069986,0.10817
"gono_ir",28,0.08156,0.062715,0.10078
"gono_ir",29,0.074465,0.055282,0.092906
"gono_ir",30,0.06775,0.04826,0.086568
"gono_ir",31,0.062003,0.041845,0.080308
"gono_ir",32,0.056773,0.036336,0.07507
"gono_ir",33,0.052305,0.031726,0.069879
"gono_ir",34,0.048517,0.028054,0.065992
"gono_ir",35,0.044953,0.02424,0.061878
"gono_ir",36,0.041282,0.020221,0.0591
"gono_ir",37,0.03713,0.01654,0.055338
"gono_ir",38,0.033023,0.012704,0.05136
"gono_ir",39,0.028877,0.0090022,0.047563
"gono_ir",40,0.025438,0.0056639,0.043946
"gono_ir",41,0.022438,0.0021118,0.040733
"gono_ir",42,0.02014,-0.00086877,0.038714
"gono_ir",43,0.018355,-0.002662,0.03693
"gono_ir",44,0.016344,-0.0048976,0.034986
"gono_ir",45,0.014172,-0.0072317,0.033185
"gono_ir",46,0.01272,-0.0093261,0.031619
"gono_ir",47,0.011947,-0.010186,0.030806
"gono_ir",48,0.011289,-0.011114,0.030243
"gono_ir",49,0.010335,-0.012358,0.030064
"gono_ir",50,0.009497,-0.013136,0.02812
"gono_ir",51,0.0087866,-0.01379,0.027869
"gono_ir",52,0.0084408,-0.014381,0.027773
"gono_ir",53,0.0083514,-0.013273,0.027447
"gono_ir",54,0.0084367,-0.013101,0.027428
"gono_ir",55,0.0088328,-0.011431,0.027494
"gono_ir",56,0.0092347,-0.010557,0.02794
"gono_ir",57,0.010281,-0.009511,0.029206
"gono_ir",58,0.011122,-0.00813,0.030361
"gono_ir",59,0.011939,-0.007635,0.031414
"gono_ir",60,0.012676,-0.0072895,0.032217
"gono_ir",61,0.01312,-0.0060116,0.032363
"gono_ir",62,0.013796,-0.0057185,0.032663
"gono_ir",63,0.014361,-0.0057081,0.033591
"gono_ir",64,0.014659,-0.0057421,0.033906
"gono_ir",65,0.014234,-0.0061649,0.033615
"gono_ir",66,0.013455,-0.0073705,0.032842
"gono_ir",67,0.012949,-0.0080994,0.032337
"gono_ir",68,0.012612,-0.0079986,0.03218
"gono_ir",69,0.012486,-0.0079977,0.032429
"gono_ir",70,0.012421,-0.0084309,0.032956
"gono_ir",71,0.011848,-0.0088325,0.032279
"gono_ir",72,0.011143,-0.0097328,0.031831
"gono_ir",73,0.010307,-0.010384,0.031227
"gono_ir",74,0.0095034,-0.011892,0.030427
"gono_ir",75,0.0092228,-0.01228,0.029537
"gono_ir",76,0.0097739,-0.012244,0.030106
"gono_ir",77,0.01067,-0.011658,0.031526
"gono_ir",78,0.011557,-0.010386,0.033598
"gono_ir",79,0.012353,-0.0096152,0.03446
"gono_ir",80,0.012862,-0.0095535,0.034432
"gono_ir",81,0.013385,-0.0083066,0.034945
"gono_ir",82,0.013847,-0.0081358,0.035893
"gono_ir",83,0.014681,-0.0069793,0.036849
"gono_ir",84,0.015324,-0.0056056,0.037641
"gono_ir",85,0.015172,-0.0053207,0.036943
"gono_ir",86,0.01507,-0.0049569,0.037439
"gono_ir",87,0.015267,-0.0050533,0.037097
"gono_ir",88,0.014789,-0.005984,0.036083
"gono_ir",89,0.013486,-0.0072565,0.033876
"gono_ir",90,0.012206,-0.0083062,0.032
"gono_ir",91,0.011443,-0.0089193,0.030798
"gono_ir",92,0.011011,-0.0089772,0.030154
"gono_ir",93,0.010993,-0.009036,0.030434
"gono_ir",94,0.011475,-0.0088051,0.030797
"gono_ir",95,0.011643,-0.0086963,0.03038
"gono_ir",96,0.011678,-0.0085996,0.030486
"gono_ir",97,0.011628,-0.0084656,0.030253
"gono_ir",98,0.010844,-0.0089098,0.029994
"gono_ir",99,0.0093166,-0.0099642,0.028435
"gono_ir",100,0.0078148,-0.01153,0.026816
"gono_ir",101,0.0066513,-0.012934,0.026319
"gono_ir",102,0.0049632,-0.015705,0.024835
"gono_ir",103,0.0031121,-0.016829,0.022965
"gono_ir",104,0.0014309,-0.018864,0.021285
"gono_ir",105,0.00016638,-0.020671,0.020179
"gono_ir",106,-0.0011487,-0.022805,0.019346
"gono_ir",107,-0.0017718,-0.023324,0.018165
"gono_ir",108,-0.0027554,-0.024605,0.016576
"gono_ir",109,-0.0037011,-0.025295,0.016313
"gono_ir",110,-0.0044127,-0.025143,0.016727
"gono_ir",111,-0.0050072,-0.025134,0.016214
"gono_ir",112,-0.0050879,-0.025803,0.016359
"gono_ir",113,-0.0054255,-0.025756,0.01718
"gono_ir",114,-0.0061093,-0.026807,0.017387
"gono_ir",115,-0.0068732,-0.02752,0.015622
"gono_ir",116,-0.0080102,-0.028726,0.014422
"gono_ir",117,-0.0085965,-0.02946,0.014158
"gono_ir",118,-0.0095054,-0.030631,0.013907
"gono_ir",119,-0.010254,-0.03085,0.013769
"gono_ir",120,-0.011712,-0.032302,0.012164
"gono_ir",121,-0.012831,-0.032857,0.010465
"gono_ir",122,-0.013755,-0.033487,0.0093191
"gono_ir",123,-0.014791,-0.034571,0.0087751
"gono_ir",124,-0.015274,-0.035361,0.0084727
"gono_ir",125,-0.014523,-0.034672,0.00875
"gono_ir",126,-0.013367,-0.033958,0.0095743
"gono_ir",127,-0.013136,-0.034268,0.00985
"gono_ir",128,-0.012963,-0.033839,0.010289
"gono_ir",129,-0.012458,-0.033356,0.01017
"gono_ir",130,-0.011446,-0.032128,0.0098869
"gono_ir",131,-0.010235,-0.030673,0.011242
"gono_ir",132,-0.0088636,-0.029196,0.012085
"gono_ir",133,-0.0070137,-0.027779,0.013853
"gono_ir",134,-0.0045974,-0.025006,0.016135
"gono_ir",135,-0.0019979,-0.022408,0.018676
"gono_ir",136,0.00055043,-0.019901,0.021343
"gono_ir",137,0.0033591,-0.016808,0.024549
"gono_ir",138,0.0064389,-0.013876,0.028744
"gono_ir",139,0.009077,-0.011305,0.032108
"gono_ir",140,0.011641,-0.0089043,0.035554
"gono_ir",141,0.013708,-0.0062925,0.037778
"gono_ir",142,0.016145,-0.0032193,0.041204
"gono_ir",143,0.018007,-0.0018814,0.042793
"gono_ir",144,0.018773,-0.0016267,0.044128
"gono_ir",145,0.019631,-0.0012485,0.045526
"gono_ir",146,0.020317,-0.0026795,0.047014
"gono_ir",147,0.021095,-0.00274,0.047551
"gono_ir",148,0.022202,-0.0009788,0.048659
"gono_ir",149,0.023357,-0.00018698,0.049997
"gono_ir",150,0.024346,0.00050874,0.050972
"chla_prev",0,1,1,1
"chla_prev",1,0.93982,0.93817,0.94136
"chla_prev",2,0.84778,0.84382,0.85157
"chla_prev",3,0.76094,0.75488,0.7664
"chla_prev",4,0.68279,0.67457,0.69033
"chla_prev",5,0.61454,0.60473,0.62351
"chla_prev",6,0.55543,0.544,0.5661
"chla_prev",7,0.50384,0.49121,0.51611
"chla_prev",8,0.45857,0.44446,0.47255
"chla_prev",9,0.41833,0.40254,0.43303
"chla_prev",10,0.38231,0.36569,0.3982
"chla_prev",11,0.35039,0.33341,0.3672
"chla_prev",12,0.32208,0.30418,0.33931
"chla_prev",13,0.2971,0.27845,0.31553
"chla_prev",14,0.27491,0.2557,0.29386
"chla_prev",15,0.25446,0.23459,0.27333
"chla_prev",16,0.2356,0.21551,0.25467
"chla_prev",17,0.21898,0.19848,0.23843
"chla_prev",18,0.20396,0.18304,0.22331
"chla_prev",19,0.18953,0.16845,0.20847
"chla_prev",20,0.17583,0.15518,0.19464
"chla_prev",21,0.16305,0.14314,0.18152
"chla_prev",22,0.15055,0.13071,0.16923
"chla_prev",23,0.13859,0.11888,0.15727
"chla_prev",24,0.12775,0.1085,0.14679
"chla_prev",25,0.11772,0.098099,0.13683
"chla_prev",26,0.10873,0.08977,0.12738
"chla_prev",27,0.10046,0.08103,0.11908
"chla_prev",28,0.092523,0.073002,0.11111
"chla_prev",29,0.084562,0.064918,0.1028
"chla_prev",30,0.076715,0.057318,0.09459
"chla_prev",31,0.069612,0.050865,0.087333
"chla_prev",32,0.063317,0.04458,0.081158
"chla_prev",33,0.057758,0.038958,0.075556
"chla_prev",34,0.052706,0.033564,0.070157
"chla_prev",35,0.048259,0.028773,0.065597
"chla_prev",36,0.044185,0.024148,0.061756
"chla_prev",37,0.040253,0.019221,0.058396
"chla_prev",38,0.03632,0.015448,0.054104
"chla_prev",39,0.032461,0.011539,0.050607
"chla_prev",40,0.029068,0.0075957,0.047143
"chla_prev",41,0.026447,0.0049276,0.044864
"chla_prev",42,0.024826,0.0029217,0.04394
"chla_prev",43,0.023566,0.0011802,0.043544
"chla_prev",44,0.022332,-0.00063474,0.042987
"chla_prev",45,0.021375,-0.0016081,0.042855
"chla_prev",46,0.020919,-0.0020855,0.043218
"chla_prev",47,0.02121,-0.0010456,0.044208
"chla_prev",48,0.021245,-0.0014779,0.043661
"chla_prev",49,0.020636,-0.0013989,0.043027
"chla_prev",50,0.019092,-0.0025088,0.041785
"chla_prev",51,0.017193,-0.0042387,0.040325
"chla_prev",52,0.01615,-0.0053474,0.039169
"chla_prev",53,0.016023,-0.0055487,0.038894
"chla_prev",54,0.016141,-0.0054137,0.039163
"chla_prev",55,0.015749,-0.0060186,0.038417
"chla_prev",56,0.014661,-0.0070052,0.036853
"chla_prev",57,0.013901,-0.0077641,0.035657
"chla_prev",58,0.013593,-0.0073986,0.03611
"chla_prev",59,0.013681,-0.0068879,0.03627
"chla_prev",60,0.013423,-0.0069134,0.036425
"chla_prev",61,0.013047,-0.0068343,0.035855
"chla_prev",62,0.012981,-0.0069954,0.034998
"chla_prev",63,0.013378,-0.0071319,0.034836
"chla_prev",64,0.013405,-0.0071805,0.034131
"chla_prev",65,0.012743,-0.0078863,0.033431
"chla_prev",66,0.011663,-0.0093527,0.032592
"chla_prev",67,0.010843,-0.010128,0.031197
"chla_prev",68,0.010816,-0.01077,0.031297
"chla_prev",69,0.011027,-0.010071,0.031705
"chla_prev",70,0.010912,-0.0099722,0.032414
"chla_prev",71,0.010115,-0.011298,0.030749
"chla_prev",72,0.0093079,-0.011197,0.02959
"chla_prev",73,0.0083565,-0.011231,0.027751
"chla_prev",74,0.0071983,-0.011597,0.027167
"chla_prev",75,0.0056807,-0.013519,0.025991
"chla_prev",76,0.0045567,-0.015089,0.024835
"chla_prev",77,0.0048438,-0.015568,0.025566
"chla_prev",78,0.0059966,-0.013741,0.027296
"chla_prev",79,0.0075274,-0.011649,0.029126
"chla_prev",80,0.0096466,-0.01019,0.031401
"chla_prev",81,0.01138,-0.00918,0.033453
"chla_prev",82,0.012146,-0.0083942,0.034452
"chla_prev",83,0.012823,-0.0076527,0.034879
"chla_prev",84,0.013232,-0.0075395,0.035063
"chla_prev",85,0.013847,-0.008253,0.03611
"chla_prev",86,0.015055,-0.0076512,0.037695
"chla_prev",87,0.015656,-0.0071865,0.038023
"chla_prev",88,0.015604,-0.006559,0.037261
"chla_prev",89,0.014982,-0.0064858,0.036343
"chla_prev",90,0.014197,-0.0066042,0.035911
"chla_prev",91,0.012993,-0.0080698,0.034424
"chla_prev",92,0.011281,-0.0093133,0.032564
"chla_prev",93,0.0088149,-0.01137,0.029409
"chla_prev",94,0.0057804,-0.014509,0.025848
"chla_prev",95,0.0029728,-0.017566,0.022861
"chla_prev",96,0.00096572,-0.019568,0.022022
"chla_prev",97,-0.00059519,-0.021497,0.020977
"chla_prev",98,-0.0017249,-0.023161,0.019175
"chla_prev",99,-0.0024634,-0.024179,0.018426
"chla_prev",100,-0.0031072,-0.024471,0.017965
"chla_prev",101,-0.0037682,-0.025474,0.016704
"chla_prev",102,-0.0043833,-0.025359,0.016005
"chla_prev",103,-0.0045994,-0.025125,0.016044
"chla_prev",104,-0.004412,-0.024801,0.016414
"chla_prev",105,-0.0043799,-0.024528,0.016407
"chla_prev",106,-0.0042765,-0.024212,0.017102
"chla_prev",107,-0.0042268,-0.024466,0.016939
"chla_prev",108,-0.0048861,-0.02528,0.016506
"chla_prev",109,-0.0058572,-0.026857,0.01546
"chla_prev",110,-0.0063054,-0.028211,0.014214
"chla_prev",111,-0.0068402,-0.028949,0.014145
"chla_prev",112,-0.0075981,-0.030523,0.013516
"chla_prev",113,-0.0085828,-0.03206,0.012183
"chla_prev",114,-0.0097062,-0.033213,0.011156
"chla_prev",115,-0.011272,-0.034465,0.009617
"chla_prev",116,-0.012515,-0.035947,0.0085325
"chla_prev",117,-0.01343,-0.036519,0.0079037
"chla_prev",118,-0.01422,-0.038162,0.0066679
"chla_prev",119,-0.014935,-0.039269,0.0064722
"chla_prev",120,-0.015599,-0.040559,0.0063839
"chla_prev",121,-0.016099,-0.040816,0.0068225
"chla_prev",122,-0.016479,-0.040627,0.0070276
"chla_prev",123,-0.016815,-0.040421,0.0071424
"chla_prev",124,-0.017477,-0.040956,0.0070929
"chla_prev",125,-0.017904,-0.0419,0.0067975
"chla_prev",126,-0.018644,-0.04209,0.0054614
"chla_prev",127,-0.019362,-0.042402,0.004636
"chla_prev",128,-0.019127,-0.042053,0.0048865
"chla_prev",129,-0.018567,-0.04071,0.0049433
"chla_prev",130,-0.017927,-0.039084,0.0056725
"chla_prev",131,-0.016451,-0.038049,0.0070355
"chla_prev",132,-0.015202,-0.036551,0.0077507
"chla_prev",133,-0.013933,-0.035325,0.0085012
"chla_prev",134,-0.012985,-0.033473,0.0084347
"chla_prev",135,-0.011988,-0.033599,0.0094866
"chla_prev",136,-0.010991,-0.033302,0.010111
"chla_prev",137,-0.0098893,-0.032322,0.012353
"chla_prev",138,-0.0089106,-0.030684,0.014012
"chla_prev",139,-0.0076797,-0.028953,0.014776
"chla_prev",140,-0.0062998,-0.027649,0.016518
"chla_prev",141,-0.0043437,-0.026441,0.017401
"chla_prev",142,-0.0022506,-0.024476,0.019562
"chla_prev",143,-0.00065385,-0.023352,0.021737
"chla_prev",144,0.0006656,-0.020817,0.023273
"chla_prev",145,0.0010392,-0.020561,0.022504
"chla_prev",146,0.00089836,-0.02158,0.021664
"chla_prev",147,0.0011629,-0.022265,0.020943
"chla_prev",148,0.0020712,-0.021069,0.021464
"chla_prev",149,0.0034738,-0.019262,0.022079
"chla_prev",150,0.0054591,-0.016712,0.024368
"chla_ir",0,1,1,1
"chla_ir",1,0.92461,0.92274,0.92643
"chla_ir",2,0.83164,0.82731,0.83581
"chla_ir",3,0.74582,0.73929,0.7521
"chla_ir",4,0.66924,0.66113,0.67775
"chla_ir",5,0.60256,0.59281,0.61278
"chla_ir",6,0.54462,0.53381,0.55634
"chla_ir",7,0.49392,0.48179,0.50655
"chla_ir",8,0.44969,0.4368,0.46358
"chla_ir",9,0.40998,0.39589,0.42565
"chla_ir",10,0.37423,0.35898,0.39088
"chla_ir",11,0.34286,0.32663,0.36019
"chla_ir",12,0.31509,0.29769,0.33257
"chla_ir",13,0.29074,0.27274,0.30822
"chla_ir",14,0.26898,0.25063,0.28606
"chla_ir",15,0.24891,0.23057,0.26647
"chla_ir",16,0.23016,0.2119,0.24798
"chla_ir",17,0.21361,0.19488,0.23177
"chla_ir",18,0.19877,0.18021,0.21695
"chla_ir",19,0.1844,0.16607,0.20274
"chla_ir",20,0.17063,0.15266,0.18966
"chla_ir",21,0.15776,0.14009,0.17653
"chla_ir",22,0.14535,0.12729,0.16447
"chla_ir",23,0.13344,0.11555,0.15245
"chla_ir",24,0.123,0.10518,0.14165
"chla_ir",25,0.11313,0.095326,0.132
"chla_ir",26,0.10476,0.086846,0.12385
"chla_ir",27,0.097232,0.079362,0.11595
"chla_ir",28,0.090021,0.071973,0.10891
"chla_ir",29,0.08187,0.063357,0.10106
"chla_ir",30,0.07424,0.055065,0.093023
"chla_ir",31,0.067346,0.048055,0.085719
"chla_ir",32,0.060965,0.040974,0.079355
"chla_ir",33,0.0549,0.034715,0.073923
"chla_ir",34,0.050063,0.02955,0.069679
"chla_ir",35,0.046008,0.025017,0.066203
"chla_ir",36,0.042072,0.020982,0.062363
"chla_ir",37,0.038112,0.017236,0.058644
"chla_ir",38,0.033832,0.012639,0.054632
"chla_ir",39,0.029585,0.0083746,0.049553
"chla_ir",40,0.026319,0.0056007,0.046513
"chla_ir",41,0.023533,0.0031423,0.043824
"chla_ir",42,0.022015,0.0012346,0.042113
"chla_ir",43,0.020522,0.00018918,0.040674
"chla_ir",44,0.019032,-0.0014168,0.039349
"chla_ir",45,0.018176,-0.0022717,0.038697
"chla_ir",46,0.017778,-0.0029664,0.038089
"chla_ir",47,0.018421,-0.0022553,0.038998
"chla_ir",48,0.018824,-0.0023239,0.039085
"chla_ir",49,0.018328,-0.0032134,0.038198
"chla_ir",50,0.017147,-0.0051766,0.037495
"chla_ir",51,0.015567,-0.0067508,0.035589
"chla_ir",52,0.014885,-0.0075762,0.034479
"chla_ir",53,0.015034,-0.0069567,0.034307
"chla_ir",54,0.015339,-0.0064652,0.033887
"chla_ir",55,0.015056,-0.0063114,0.033371
"chla_ir",56,0.013861,-0.0079534,0.031725
"chla_ir",57,0.01271,-0.0089991,0.030721
"chla_ir",58,0.012183,-0.0089786,0.029962
"chla_ir",59,0.012269,-0.0087249,0.030053
"chla_ir",60,0.012205,-0.009872,0.030348
"chla_ir",61,0.011997,-0.01025,0.030032
"chla_ir",62,0.012032,-0.01102,0.030226
"chla_ir",63,0.012489,-0.010766,0.030375
"chla_ir",64,0.012413,-0.010937,0.029533
"chla_ir",65,0.011745,-0.011698,0.028614
"chla_ir",66,0.010993,-0.012211,0.028496
"chla_ir",67,0.010075,-0.012941,0.028157
"chla_ir",68,0.0099331,-0.012519,0.028808
"chla_ir",69,0.010128,-0.011862,0.029398
"chla_ir",70,0.0098829,-0.012066,0.029036
"chla_ir",71,0.0093408,-0.011627,0.02942
"chla_ir",72,0.0088799,-0.012565,0.029419
"chla_ir",73,0.0080981,-0.012955,0.028697
"chla_ir",74,0.0070073,-0.014409,0.028117
"chla_ir",75,0.0052048,-0.016275,0.026575
"chla_ir",76,0.0042071,-0.017341,0.025041
"chla_ir",77,0.0041674,-0.017152,0.024859
"chla_ir",78,0.0048668,-0.017016,0.025508
"chla_ir",79,0.0064666,-0.016269,0.027895
"chla_ir",80,0.008345,-0.015052,0.02945
"chla_ir",81,0.010171,-0.013724,0.031294
"chla_ir",82,0.010594,-0.0136,0.033557
"chla_ir",83,0.010991,-0.01286,0.033886
"chla_ir",84,0.011521,-0.011679,0.033279
"chla_ir",85,0.01242,-0.011307,0.034429
"chla_ir",86,0.013557,-0.0096567,0.036594
"chla_ir",87,0.014092,-0.0085804,0.037997
"chla_ir",88,0.013821,-0.0082918,0.037391
"chla_ir",89,0.01296,-0.0079939,0.036518
"chla_ir",90,0.012069,-0.0087805,0.035121
"chla_ir",91,0.011076,-0.0099141,0.033909
"chla_ir",92,0.0097384,-0.010783,0.031936
"chla_ir",93,0.0068998,-0.013298,0.028643
"chla_ir",94,0.0038805,-0.016337,0.025066
"chla_ir",95,0.0013324,-0.019658,0.022746
"chla_ir",96,-0.00013821,-0.021321,0.02168
"chla_ir",97,-0.0013905,-0.022007,0.020578
"chla_ir",98,-0.0022684,-0.022412,0.019266
"chla_ir",99,-0.0028143,-0.022884,0.018227
"chla_ir",100,-0.0037907,-0.024644,0.016964
"chla_ir",101,-0.0044401,-0.026051,0.016414
"chla_ir",102,-0.0048658,-0.02696,0.016033
"chla_ir",103,-0.0052299,-0.027203,0.015432
"chla_ir",104,-0.0053648,-0.027155,0.015618
"chla_ir",105,-0.005675,-0.027166,0.015803
"chla_ir",106,-0.0056494,-0.027144,0.01568
"chla_ir",107,-0.0053991,-0.026936,0.015823
"chla_ir",108,-0.0059819,-0.02798,0.015711
"chla_ir",109,-0.006828,-0.028482,0.014469
"chla_ir",110,-0.0072579,-0.028407,0.013619
"chla_ir",111,-0.0077995,-0.029004,0.013966
"chla_ir",112,-0.0088149,-0.029853,0.013018
"chla_ir",113,-0.0097389,-0.030944,0.012621
"chla_ir",114,-0.010906,-0.032069,0.011858
"chla_ir",115,-0.012203,-0.03287,0.010308
"chla_ir",116,-0.013359,-0.03414,0.0096012
"chla_ir",117,-0.013934,-0.035243,0.0091033
"chla_ir",118,-0.014744,-0.037006,0.0083356
"chla_ir",119,-0.015622,-0.038732,0.0072771
"chla_ir",120,-0.016221,-0.039714,0.006424
"chla_ir",121,-0.016667,-0.040888,0.0063484
"chla_ir",122,-0.016973,-0.041468,0.0058271
"chla_ir",123,-0.017474,-0.042015,0.0054157
"chla_ir",124,-0.017813,-0.042296,0.0050175
"chla_ir",125,-0.018172,-0.043265,0.0047583
"chla_ir",126,-0.019122,-0.043744,0.0037758
"chla_ir",127,-0.019697,-0.044741,0.0031032
"chla_ir",128,-0.019502,-0.044946,0.0035652
"chla_ir",129,-0.019173,-0.044068,0.0035008
"chla_ir",130,-0.018203,-0.043041,0.004056
"chla_ir",131,-0.016318,-0.040733,0.0051025
"chla_ir",132,-0.014885,-0.039651,0.0065018
"chla_ir",133,-0.013687,-0.038653,0.0089193
"chla_ir",134,-0.012941,-0.038583,0.010921
"chla_ir",135,-0.011867,-0.037768,0.012642
"chla_ir",136,-0.010954,-0.036569,0.013059
"chla_ir",137,-0.0099367,-0.035203,0.014056
"chla_ir",138,-0.0087851,-0.033552,0.014942
"chla_ir",139,-0.007354,-0.031636,0.01652
"chla_ir",140,-0.0062082,-0.03005,0.017718
"chla_ir",141,-0.0046915,-0.028784,0.018652
"chla_ir",142,-0.0028476,-0.026847,0.019507
"chla_ir",143,-0.0015426,-0.026244,0.020873
"chla_ir",144,-0.00047186,-0.025127,0.022378
"chla_ir",145,-0.00012716,-0.024761,0.022181
"chla_ir",146,-0.00015361,-0.025049,0.021059
"chla_ir",147,0.00012083,-0.023598,0.020862
"chla_ir",148,0.00084835,-0.02274,0.021816
"chla_ir",149,0.0020917,-0.02082,0.022121
"chla_ir",150,0.0038851,-0.019031,0.022978
"syph_prev",0,1,1,1
"syph_prev",1,0.96159,0.96031,0.96281
"syph_prev",2,0.87775,0.87381,0.8815
"syph_prev",3,0.78039,0.77348,0.78699
"syph_prev",4,0.68472,0.67464,0.69381
"syph_prev",5,0.59752,0.58515,0.60888
"syph_prev",6,0.52135,0.50699,0.53471
"syph_prev",7,0.45634,0.44015,0.47145
"syph_prev",8,0.40146,0.38419,0.41845
"syph_prev",9,0.3552,0.33756,0.37305
"syph_prev",10,0.31612,0.29801,0.33455
"syph_prev",11,0.28301,0.26443,0.30175
"syph_prev",12,0.25469,0.23569,0.27339
"syph_prev",13,0.23019,0.21102,0.24846
"syph_prev",14,0.20863,0.18931,0.22729
"syph_prev",15,0.18913,0.16963,0.20784
"syph_prev",16,0.17144,0.15237,0.19002
"syph_prev",17,0.1554,0.13651,0.17295
"syph_prev",18,0.14071,0.12244,0.15856
"syph_prev",19,0.12721,0.10888,0.14524
"syph_prev",20,0.11483,0.09598,0.13339
"syph_prev",21,0.10356,0.084781,0.12217
"syph_prev",22,0.093266,0.074375,0.11205
"syph_prev",23,0.083667,0.064812,0.10262
"syph_prev",24,0.074826,0.055861,0.093435
"syph_prev",25,0.067286,0.048285,0.085718
"syph_prev",26,0.06115,0.041836,0.079482
"syph_prev",27,0.055988,0.036098,0.074526
"syph_prev",28,0.051482,0.031723,0.070122
"syph_prev",29,0.047578,0.027589,0.066649
"syph_prev",30,0.044064,0.023712,0.063468
"syph_prev",31,0.040568,0.020951,0.05992
"syph_prev",32,0.036741,0.017975,0.05597
"syph_prev",33,0.032267,0.01425,0.052184
"syph_prev",34,0.027431,0.0092515,0.04731
"syph_prev",35,0.022406,0.0037994,0.042123
"syph_prev",36,0.017482,-0.001054,0.037199
"syph_prev",37,0.013007,-0.0052922,0.032191
"syph_prev",38,0.0091231,-0.0089794,0.028672
"syph_prev",39,0.0056922,-0.012702,0.025525
"syph_prev",40,0.0028376,-0.014993,0.021985
"syph_prev",41,0.0007701,-0.016432,0.01951
"syph_prev",42,-0.00041115,-0.018171,0.01827
"syph_prev",43,-0.00087816,-0.018966,0.018018
"syph_prev",44,-0.00064599,-0.018911,0.017662
"syph_prev",45,5.1165e-05,-0.018141,0.018384
"syph_prev",46,0.00074966,-0.017272,0.018279
"syph_prev",47,0.0010947,-0.016457,0.018685
"syph_prev",48,0.00098034,-0.015926,0.018036
"syph_prev",49,0.0005668,-0.0161,0.017471
"syph_prev",50,9.2133e-05,-0.016632,0.017443
"syph_prev",51,-0.00030503,-0.017527,0.016797
"syph_prev",52,-0.00060312,-0.017708,0.016045
"syph_prev",53,-0.00091878,-0.018217,0.01672
"syph_prev",54,-0.0013916,-0.018934,0.01635
"syph_prev",55,-0.0022939,-0.020766,0.016016
"syph_prev",56,-0.0037916,-0.022576,0.014359
"syph_prev",57,-0.0057091,-0.025362,0.013254
"syph_prev",58,-0.0075999,-0.027543,0.011467
"syph_prev",59,-0.0089689,-0.028752,0.010435
"syph_prev",60,-0.0097505,-0.029208,0.0094831
"syph_prev",61,-0.010016,-0.029412,0.010462
"syph_prev",62,-0.0099117,-0.029995,0.010618
"syph_prev",63,-0.0093838,-0.030095,0.011752
"syph_prev",64,-0.008492,-0.029971,0.01247
"syph_prev",65,-0.0072933,-0.02875,0.013311
"syph_prev",66,-0.005986,-0.027363,0.014159
"syph_prev",67,-0.0049093,-0.025752,0.015121
"syph_prev",68,-0.0042694,-0.025268,0.016209
"syph_prev",69,-0.0039396,-0.024177,0.01665
"syph_prev",70,-0.003975,-0.023897,0.016767
"syph_prev",71,-0.0043475,-0.024233,0.016019
"syph_prev",72,-0.0050363,-0.025228,0.01505
"syph_prev",73,-0.0059989,-0.026534,0.013243
"syph_prev",74,-0.007168,-0.027931,0.011813
"syph_prev",75,-0.0082183,-0.028807,0.01015
"syph_prev",76,-0.0087427,-0.028904,0.0095749
"syph_prev",77,-0.0089811,-0.02938,0.0090902
"syph_prev",78,-0.008955,-0.029231,0.0088999
"syph_prev",79,-0.0086794,-0.029703,0.0089957
"syph_prev",80,-0.0082849,-0.029406,0.0098363
"syph_prev",81,-0.007947,-0.02934,0.010714
"syph_prev",82,-0.0074909,-0.028378,0.011064
"syph_prev",83,-0.0065913,-0.026974,0.011311
"syph_prev",84,-0.0051582,-0.025135,0.012279
"syph_prev",85,-0.0034949,-0.023701,0.014009
"syph_prev",86,-0.0017487,-0.02294,0.016517
"syph_prev",87,-2.0912e-05,-0.020798,0.019473
"syph_prev",88,0.0015379,-0.01933,0.021555
"syph_prev",89,0.0026164,-0.017868,0.022147
"syph_prev",90,0.0033323,-0.017458,0.023506
"syph_prev",91,0.0040991,-0.015826,0.023354
"syph_prev",92,0.0050188,-0.014531,0.024787
"syph_prev",93,0.0059055,-0.01345,0.025781
"syph_prev",94,0.0065257,-0.012559,0.026787
"syph_prev",95,0.0067747,-0.011873,0.027143
"syph_prev",96,0.0066081,-0.012773,0.027266
"syph_prev",97,0.0061924,-0.013733,0.026819
"syph_prev",98,0.0057632,-0.01389,0.027303
"syph_prev",99,0.0055783,-0.014452,0.02786
"syph_prev",100,0.0057,-0.013952,0.028241
"syph_prev",101,0.0058955,-0.013659,0.028455
"syph_prev",102,0.0059281,-0.013702,0.0289
"syph_prev",103,0.0057079,-0.013392,0.027923
"syph_prev",104,0.0055877,-0.013652,0.027049
"syph_prev",105,0.005884,-0.013573,0.027064
"syph_prev",106,0.0065279,-0.013276,0.028174
"syph_prev",107,0.00735,-0.011774,0.029374
"syph_prev",108,0.0079124,-0.011302,0.029791
"syph_prev",109,0.0079181,-0.011105,0.029558
"syph_prev",110,0.0074921,-0.011615,0.029429
"syph_prev",111,0.0066097,-0.012215,0.028677
"syph_prev",112,0.0054821,-0.013892,0.02748
"syph_prev",113,0.0045351,-0.015157,0.02708
"syph_prev",114,0.0035973,-0.017178,0.02608
"syph_prev",115,0.0025998,-0.019176,0.024898
"syph_prev",116,0.0016262,-0.020859,0.023919
"syph_prev",117,0.0010384,-0.02226,0.023909
"syph_prev",118,0.0012321,-0.022625,0.024506
"syph_prev",119,0.0020155,-0.02285,0.02543
"syph_prev",120,0.0030335,-0.022152,0.026412
"syph_prev",121,0.0039029,-0.021228,0.028044
"syph_prev",122,0.0046238,-0.021013,0.029461
"syph_prev",123,0.0051512,-0.019822,0.029802
"syph_prev",124,0.0054814,-0.019544,0.030148
"syph_prev",125,0.0057292,-0.019561,0.030067
"syph_prev",126,0.0059603,-0.018332,0.030853
"syph_prev",127,0.0063763,-0.017161,0.031196
"syph_prev",128,0.0068728,-0.017461,0.031514
"syph_prev",129,0.0072646,-0.017452,0.031125
"syph_prev",130,0.0077961,-0.016426,0.031172
"syph_prev",131,0.0088351,-0.014335,0.032634
"syph_prev",132,0.010165,-0.012338,0.03382
"syph_prev",133,0.011359,-0.010775,0.035929
"syph_prev",134,0.012125,-0.0097436,0.036921
"syph_prev",135,0.012727,-0.0086063,0.03802
"syph_prev",136,0.01324,-0.0084643,0.038315
"syph_prev",137,0.013797,-0.0071904,0.038934
"syph_prev",138,0.01423,-0.0066404,0.038938
"syph_prev",139,0.014222,-0.0076988,0.038006
"syph_prev",140,0.013927,-0.0080367,0.037579
"syph_prev",141,0.013323,-0.0089972,0.035944
"syph_prev",142,0.012245,-0.0098402,0.034048
"syph_prev",143,0.010918,-0.011532,0.032538
"syph_prev",144,0.0096577,-0.012528,0.030649
"syph_prev",145,0.0086278,-0.01403,0.029297
"syph_prev",146,0.0080837,-0.015616,0.029308
"syph_prev",147,0.0079542,-0.016306,0.028989
"syph_prev",148,0.0081734,-0.016573,0.029366
"syph_prev",149,0.0081992,-0.016256,0.029657
"syph_prev",150,0.0075477,-0.016063,0.028341
"syph_ir",0,1,1,1
"syph_ir",1,0.91317,0.91062,0.91572
"syph_ir",2,0.79063,0.78463,0.79677
"syph_ir",3,0.67984,0.67101,0.68879
"syph_ir",4,0.58424,0.5733,0.5959
"syph_ir",5,0.50343,0.49099,0.51676
"syph_ir",6,0.43615,0.42269,0.45077
"syph_ir",7,0.38088,0.36593,0.397
"syph_ir",8,0.33549,0.31886,0.35237
"syph_ir",9,0.29728,0.28051,0.31417
"syph_ir",10,0.26509,0.24825,0.28192
"syph_ir",11,0.23821,0.22088,0.25511
"syph_ir",12,0.21549,0.19776,0.23167
"syph_ir",13,0.19561,0.178,0.21224
"syph_ir",14,0.17829,0.16032,0.19448
"syph_ir",15,0.16176,0.14431,0.17808
"syph_ir",16,0.14687,0.12951,0.16345
"syph_ir",17,0.13362,0.11665,0.1493
"syph_ir",18,0.1209,0.10389,0.13642
"syph_ir",19,0.10919,0.09258,0.12471
"syph_ir",20,0.098327,0.082022,0.1144
"syph_ir",21,0.088886,0.072927,0.10504
"syph_ir",22,0.080126,0.063768,0.095213
"syph_ir",23,0.071722,0.054615,0.086742
"syph_ir",24,0.063418,0.046268,0.078685
"syph_ir",25,0.056555,0.039303,0.070999
"syph_ir",26,0.051824,0.034355,0.066005
"syph_ir",27,0.047437,0.030285,0.062268
"syph_ir",28,0.043327,0.025576,0.058734
"syph_ir",29,0.040353,0.022929,0.055904
"syph_ir",30,0.037881,0.020811,0.054298
"syph_ir",31,0.035593,0.018727,0.05214
"syph_ir",32,0.032612,0.016004,0.049215
"syph_ir",33,0.028778,0.012588,0.045179
"syph_ir",34,0.024299,0.0090557,0.04099
"syph_ir",35,0.019714,0.0049046,0.03633
"syph_ir",36,0.015248,-6.6308e-05,0.031991
"syph_ir",37,0.010955,-0.0036793,0.027571
"syph_ir",38,0.0079085,-0.0068,0.024744
"syph_ir",39,0.0054225,-0.0097321,0.022386
"syph_ir",40,0.002541,-0.012877,0.019513
"syph_ir",41,0.0004928,-0.015081,0.017664
"syph_ir",42,-0.00079136,-0.016539,0.0166
"syph_ir",43,-0.0010403,-0.016439,0.016142
"syph_ir",44,-0.0004997,-0.016291,0.016498
"syph_ir",45,0.00037551,-0.015771,0.017487
"syph_ir",46,0.0014644,-0.014574,0.018095
"syph_ir",47,0.0017591,-0.013697,0.01771
"syph_ir",48,0.0015271,-0.013593,0.016727
"syph_ir",49,0.00086681,-0.014639,0.016571
"syph_ir",50,-0.00015944,-0.015982,0.015128
"syph_ir",51,-0.00060053,-0.016755,0.014929
"syph_ir",52,-0.00062223,-0.016022,0.016242
"syph_ir",53,-0.0010182,-0.01661,0.016513
"syph_ir",54,-0.0011017,-0.016634,0.016116
"syph_ir",55,-0.0012922,-0.01676,0.015604
"syph_ir",56,-0.0028277,-0.018488,0.014191
"syph_ir",57,-0.0052639,-0.020999,0.011507
"syph_ir",58,-0.0077236,-0.023232,0.0085552
"syph_ir",59,-0.008987,-0.024005,0.0076222
"syph_ir",60,-0.0094654,-0.025267,0.0075116
"syph_ir",61,-0.0092277,-0.026008,0.0079709
"syph_ir",62,-0.0091264,-0.026548,0.0093717
"syph_ir",63,-0.008317,-0.026192,0.010206
"syph_ir",64,-0.0076161,-0.026112,0.010519
"syph_ir",65,-0.0061671,-0.02452,0.012113
"syph_ir",66,-0.0046086,-0.023113,0.014088
"syph_ir",67,-0.0034262,-0.021594,0.015532
"syph_ir",68,-0.0030222,-0.021969,0.016112
"syph_ir",69,-0.0028068,-0.022137,0.016236
"syph_ir",70,-0.0029697,-0.022678,0.016048
"syph_ir",71,-0.0037925,-0.022487,0.01392
"syph_ir",72,-0.00456,-0.02284,0.012739
"syph_ir",73,-0.005704,-0.02435,0.011919
"syph_ir",74,-0.007228,-0.025287,0.010487
"syph_ir",75,-0.0086658,-0.026543,0.0091742
"syph_ir",76,-0.0089278,-0.026991,0.0097695
"syph_ir",77,-0.0088401,-0.027369,0.009808
"syph_ir",78,-0.0088176,-0.02686,0.0092344
"syph_ir",79,-0.0085819,-0.026055,0.007742
"syph_ir",80,-0.007686,-0.025187,0.0082823
"syph_ir",81,-0.0071011,-0.025079,0.008801
"syph_ir",82,-0.0071462,-0.024309,0.008968
"syph_ir",83,-0.0064966,-0.023877,0.0091497
"syph_ir",84,-0.0050043,-0.023453,0.010499
"syph_ir",85,-0.0036348,-0.023262,0.011912
"syph_ir",86,-0.0021965,-0.022489,0.013891
"syph_ir",87,-5.4359e-05,-0.020768,0.016108
"syph_ir",88,0.0018853,-0.019314,0.017993
"syph_ir",89,0.0026549,-0.018577,0.018815
"syph_ir",90,0.0030442,-0.017041,0.01898
"syph_ir",91,0.0037953,-0.015554,0.019419
"syph_ir",92,0.0047667,-0.013944,0.020139
"syph_ir",93,0.0056763,-0.013178,0.021361
"syph_ir",94,0.0063489,-0.012458,0.022239
"syph_ir",95,0.0069993,-0.011436,0.023222
"syph_ir",96,0.0066362,-0.01145,0.023596
"syph_ir",97,0.0059849,-0.012124,0.022405
"syph_ir",98,0.0051602,-0.012305,0.022717
"syph_ir",99,0.004641,-0.01293,0.022007
"syph_ir",100,0.0050117,-0.012214,0.022055
"syph_ir",101,0.0053674,-0.012011,0.021429
"syph_ir",102,0.0052726,-0.01175,0.021306
"syph_ir",103,0.0047916,-0.011806,0.021751
"syph_ir",104,0.0042641,-0.012453,0.020819
"syph_ir",105,0.0048051,-0.011556,0.021212
"syph_ir",106,0.005636,-0.010648,0.02145
"syph_ir",107,0.0074506,-0.0083909,0.02373
"syph_ir",108,0.0082066,-0.0077064,0.024908
"syph_ir",109,0.0077133,-0.0084098,0.024223
"syph_ir",110,0.0067579,-0.0098944,0.023165
"syph_ir",111,0.005401,-0.011442,0.022252
"syph_ir",112,0.0042272,-0.013245,0.021885
"syph_ir",113,0.0034095,-0.014116,0.021273
"syph_ir",114,0.0025312,-0.015594,0.022048
"syph_ir",115,0.0015046,-0.017603,0.022486
"syph_ir",116,0.00041011,-0.01958,0.021985
"syph_ir",117,-0.00058649,-0.021058,0.022076
"syph_ir",118,-0.00029551,-0.021227,0.02217
"syph_ir",119,0.0010023,-0.020369,0.022725
"syph_ir",120,0.0025604,-0.019619,0.024372
"syph_ir",121,0.0037349,-0.018219,0.02497
"syph_ir",122,0.0042964,-0.017711,0.025113
"syph_ir",123,0.0047577,-0.016897,0.025882
"syph_ir",124,0.0058548,-0.015724,0.026968
"syph_ir",125,0.0064654,-0.014128,0.027778
"syph_ir",126,0.0062888,-0.013793,0.02788
"syph_ir",127,0.006829,-0.013091,0.028252
"syph_ir",128,0.0073173,-0.012513,0.028123
"syph_ir",129,0.0076302,-0.012198,0.027967
"syph_ir",130,0.0077317,-0.012219,0.026945
"syph_ir",131,0.0086191,-0.012154,0.026299
"syph_ir",132,0.010404,-0.010953,0.02807
"syph_ir",133,0.01158,-0.010782,0.029453
"syph_ir",134,0.012138,-0.010389,0.030079
"syph_ir",135,0.012354,-0.011086,0.030429
"syph_ir",136,0.012596,-0.010474,0.031229
"syph_ir",137,0.013282,-0.0097423,0.031074
"syph_ir",138,0.013355,-0.0092421,0.031038
"syph_ir",139,0.013022,-0.0081973,0.031463
"syph_ir",140,0.01296,-0.0080254,0.03195
"syph_ir",141,0.012825,-0.0069653,0.032718
"syph_ir",142,0.011493,-0.0072468,0.032305
"syph_ir",143,0.0097297,-0.0091975,0.029894
"syph_ir",144,0.0082728,-0.010485,0.027945
"syph_ir",145,0.0070902,-0.011112,0.027495
"syph_ir",146,0.0065223,-0.010953,0.027638
"syph_ir",147,0.0066879,-0.010372,0.027166
"syph_ir",148,0.007306,-0.010231,0.027233
"syph_ir",149,0.0081037,-0.0092568,0.027055
"syph_ir",150,0.0079893,-0.0091856,0.026788
"num",0,1,1,1
"num",1,0.98533,0.9845,0.98608
"num",2,0.96351,0.96147,0.96526
"num",3,0.94178,0.9385,0.94446
"num",4,0.92004,0.91556,0.92374
"num",5,0.89838,0.89283,0.90312
"num",6,0.87677,0.87025,0.88246
"num",7,0.85527,0.84781,0.86184
"num",8,0.83389,0.82543,0.84126
"num",9,0.81252,0.80311,0.82077
"num",10,0.79112,0.78088,0.80029
"num",11,0.76985,0.75842,0.77984
"num",12,0.74877,0.73642,0.75938
"num",13,0.72784,0.71477,0.73905
"num",14,0.70703,0.69314,0.71883
"num",15,0.68637,0.67165,0.69871
"num",16,0.66585,0.65039,0.67884
"num",17,0.64547,0.6294,0.65917
"num",18,0.62514,0.60847,0.63947
"num",19,0.60477,0.58752,0.61975
"num",20,0.58435,0.56628,0.59996
"num",21,0.5641,0.54528,0.58056
"num",22,0.54396,0.52434,0.56079
"num",23,0.52388,0.50379,0.54117
"num",24,0.50391,0.48318,0.52195
"num",25,0.48405,0.46258,0.50282
"num",26,0.46429,0.44185,0.48365
"num",27,0.4444,0.42104,0.4644
"num",28,0.4244,0.40021,0.44467
"num",29,0.40436,0.3794,0.42495
"num",30,0.38435,0.35883,0.40547
"num",31,0.36448,0.33882,0.38587
"num",32,0.34492,0.31909,0.36647
"num",33,0.32563,0.29942,0.34733
"num",34,0.30636,0.27964,0.32831
"num",35,0.28703,0.25991,0.30922
"num",36,0.26774,0.24023,0.29024
"num",37,0.24851,0.22076,0.27131
"num",38,0.22943,0.20146,0.25249
"num",39,0.2105,0.18235,0.2339
"num",40,0.19174,0.16341,0.21595
"num",41,0.1731,0.14452,0.19785
"num",42,0.15471,0.1259,0.18004
"num",43,0.13681,0.1078,0.16254
"num",44,0.11924,0.089646,0.14574
"num",45,0.10196,0.071571,0.12897
"num",46,0.08486,0.054283,0.11205
"num",47,0.067992,0.037561,0.095497
"num",48,0.051482,0.02075,0.079435
"num",49,0.035281,0.0042347,0.063661
"num",50,0.021571,-0.0095392,0.050362
"num",51,0.017992,-0.012946,0.047146
"num",52,0.016872,-0.013691,0.046294
"num",53,0.015709,-0.014809,0.045425
"num",54,0.014711,-0.015381,0.045188
"num",55,0.013641,-0.016454,0.044337
"num",56,0.012545,-0.01758,0.043679
"num",57,0.011457,-0.018625,0.04317
"num",58,0.01036,-0.019902,0.042517
"num",59,0.009452,-0.021248,0.041539
"num",60,0.0088379,-0.022216,0.041044
"num",61,0.0082447,-0.022444,0.040323
"num",62,0.0074493,-0.023431,0.039429
"num",63,0.0064944,-0.024741,0.038369
"num",64,0.0055083,-0.025645,0.037164
"num",65,0.0045514,-0.025867,0.036023
"num",66,0.0037648,-0.026663,0.035552
"num",67,0.0030735,-0.027468,0.034983
"num",68,0.0024302,-0.027989,0.034749
"num",69,0.0017615,-0.0291,0.034052
"num",70,0.0011115,-0.030459,0.033297
"num",71,0.00045718,-0.031504,0.0325
"num",72,-9.6382e-05,-0.032408,0.031992
"num",73,-0.00062507,-0.033109,0.031189
"num",74,-0.0011326,-0.033608,0.029835
"num",75,-0.0014953,-0.034251,0.029223
"num",76,-0.0018623,-0.034621,0.028635
"num",77,-0.002066,-0.035022,0.028556
"num",78,-0.0020845,-0.034963,0.028267
"num",79,-0.0020768,-0.034858,0.028168
"num",80,-0.0020121,-0.034674,0.028786
"num",81,-0.0019173,-0.03446,0.029589
"num",82,-0.0018665,-0.034358,0.029844
"num",83,-0.0018845,-0.034261,0.030202
"num",84,-0.0019834,-0.03433,0.030392
"num",85,-0.002167,-0.034619,0.030693
"num",86,-0.0023905,-0.034949,0.030977
"num",87,-0.0026106,-0.035429,0.031333
"num",88,-0.0027703,-0.035453,0.031363
"num",89,-0.0028641,-0.035283,0.032017
"num",90,-0.0031255,-0.035474,0.032234
"num",91,-0.0034702,-0.035878,0.031874
"num",92,-0.0038468,-0.036342,0.03174
"num",93,-0.00443,-0.036956,0.031661
"num",94,-0.0050475,-0.037896,0.031155
"num",95,-0.0056609,-0.038516,0.03007
"num",96,-0.0061397,-0.039084,0.029572
"num",97,-0.0064834,-0.039457,0.029417
"num",98,-0.0067426,-0.040117,0.029586
"num",99,-0.006996,-0.040441,0.029504
"num",100,-0.0070262,-0.040649,0.029842
"num",101,-0.006832,-0.040413,0.030257
"num",102,-0.0064738,-0.039759,0.030641
"num",103,-0.0058485,-0.040036,0.031181
"num",104,-0.0052586,-0.039696,0.031613
"num",105,-0.0046673,-0.039937,0.031712
"num",106,-0.0040063,-0.040071,0.032025
"num",107,-0.0032632,-0.039656,0.032167
"num",108,-0.002554,-0.039142,0.032926
"num",109,-0.0019848,-0.038313,0.033407
"num",110,-0.0016907,-0.037754,0.033804
"num",111,-0.0013837,-0.037164,0.034516
"num",112,-0.00088982,-0.037011,0.035208
"num",113,-0.00026786,-0.037468,0.03615
"num",114,0.00027212,-0.037223,0.036874
"num",115,0.0007385,-0.037088,0.037355
"num",116,0.0012053,-0.037613,0.038188
"num",117,0.0016939,-0.037712,0.038745
"num",118,0.0021178,-0.037784,0.038905
"num",119,0.0024424,-0.038054,0.03928
"num",120,0.0025655,-0.038312,0.039547
"num",121,0.0025231,-0.038657,0.03912
"num",122,0.0025542,-0.038786,0.039188
"num",123,0.0026931,-0.038454,0.039765
"num",124,0.002793,-0.038707,0.040217
"num",125,0.0028517,-0.038356,0.040827
"num",126,0.0028716,-0.038026,0.041336
"num",127,0.0029237,-0.037561,0.041473
"num",128,0.0029109,-0.037062,0.041728
"num",129,0.0028972,-0.036495,0.042718
"num",130,0.002693,-0.036131,0.04334
"num",131,0.002302,-0.036199,0.043195
"num",132,0.0018301,-0.036427,0.042974
"num",133,0.0014068,-0.036208,0.042712
"num",134,0.0011013,-0.036305,0.042597
"num",135,0.00090715,-0.03699,0.042355
"num",136,0.0007883,-0.037293,0.042669
"num",137,0.00084426,-0.03747,0.042507
"num",138,0.0010006,-0.037434,0.042144
"num",139,0.00105,-0.037555,0.042096
"num",140,0.0012964,-0.037628,0.042161
"num",141,0.0017055,-0.037345,0.042866
"num",142,0.0022804,-0.037019,0.044057
"num",143,0.0029147,-0.035254,0.045357
"num",144,0.0035318,-0.03337,0.045658
"num",145,0.0040934,-0.032398,0.045715
"num",146,0.004545,-0.031682,0.045881
"num",147,0.0049224,-0.031563,0.04624
"num",148,0.0052954,-0.031019,0.046731
"num",149,0.0056002,-0.030622,0.047167
"num",150,0.0055907,-0.030464,0.047189
"num.B",0,1,1,1
"num.B",1,0.985,0.98415,0.98574
"num.B",2,0.9627,0.96074,0.96442
"num.B",3,0.94043,0.9374,0.94311
"num.B",4,0.91808,0.91389,0.92165
"num.B",5,0.89588,0.8906,0.90035
"num.B",6,0.87381,0.8673,0.8792
"num.B",7,0.85192,0.84423,0.85826
"num.B",8,0.83022,0.82161,0.83729
"num.B",9,0.80837,0.79882,0.81617
"num.B",10,0.7864,0.77635,0.79484
"num.B",11,0.76455,0.7537,0.77377
"num.B",12,0.74278,0.73114,0.75293
"num.B",13,0.72105,0.70835,0.73202
"num.B",14,0.69939,0.68568,0.71108
"num.B",15,0.67786,0.66344,0.69008
"num.B",16,0.65634,0.64156,0.66921
"num.B",17,0.63488,0.61939,0.6482
"num.B",18,0.61339,0.59755,0.62732
"num.B",19,0.59194,0.57565,0.60652
"num.B",20,0.57053,0.55369,0.58577
"num.B",21,0.54935,0.53171,0.56516
"num.B",22,0.52842,0.50996,0.54476
"num.B",23,0.50768,0.48886,0.52457
"num.B",24,0.48722,0.46794,0.50466
"num.B",25,0.46704,0.44731,0.48519
"num.B",26,0.44707,0.42694,0.46582
"num.B",27,0.42717,0.40626,0.44634
"num.B",28,0.40732,0.38526,0.42724
"num.B",29,0.38756,0.36492,0.40833
"num.B",30,0.36805,0.34481,0.38953
"num.B",31,0.34883,0.3248,0.37088
"num.B",32,0.32992,0.30471,0.35268
"num.B",33,0.31123,0.28534,0.33488
"num.B",34,0.29258,0.26584,0.3168
"num.B",35,0.274,0.24624,0.29882
"num.B",36,0.25562,0.22717,0.28118
"num.B",37,0.23736,0.20853,0.26387
"num.B",38,0.21935,0.19002,0.2461
"num.B",39,0.20151,0.17173,0.22816
"num.B",40,0.18387,0.15346,0.21089
"num.B",41,0.16643,0.1354,0.19363
"num.B",42,0.14938,0.11778,0.17664
"num.B",43,0.1329,0.10092,0.16037
"num.B",44,0.11677,0.084765,0.14456
"num.B",45,0.10107,0.068922,0.12963
"num.B",46,0.085776,0.053335,0.11513
"num.B",47,0.07083,0.037712,0.10069
"num.B",48,0.056409,0.022583,0.086453
"num.B",49,0.042523,0.0081406,0.072464
"num.B",50,0.03107,-0.0031854,0.060899
"num.B",51,0.028729,-0.0053629,0.058443
"num.B",52,0.02853,-0.0058699,0.058244
"num.B",53,0.028189,-0.0066337,0.057417
"num.B",54,0.027964,-0.0071212,0.057188
"num.B",55,0.027669,-0.0070265,0.057284
"num.B",56,0.027285,-0.0071511,0.056853
"num.B",57,0.026873,-0.0072134,0.056575
"num.B",58,0.02633,-0.0074269,0.056197
"num.B",59,0.025985,-0.0073661,0.055536
"num.B",60,0.025849,-0.0073782,0.055224
"num.B",61,0.025631,-0.0073111,0.055311
"num.B",62,0.025352,-0.0071613,0.05554
"num.B",63,0.025094,-0.007489,0.055668
"num.B",64,0.024944,-0.0070008,0.055413
"num.B",65,0.024932,-0.0073622,0.054846
"num.B",66,0.025212,-0.0066423,0.054502
"num.B",67,0.025645,-0.0063729,0.054973
"num.B",68,0.026188,-0.0061296,0.055621
"num.B",69,0.026677,-0.0059262,0.056439
"num.B",70,0.027106,-0.0057209,0.057474
"num.B",71,0.027486,-0.0054013,0.057655
"num.B",72,0.027866,-0.0051356,0.057353
"num.B",73,0.028225,-0.004912,0.05772
"num.B",74,0.028587,-0.0046984,0.057469
"num.B",75,0.029018,-0.0043992,0.058379
"num.B",76,0.029354,-0.0038583,0.059283
"num.B",77,0.02967,-0.0034429,0.059874
"num.B",78,0.029946,-0.0035016,0.060422
"num.B",79,0.030241,-0.0038516,0.060549
"num.B",80,0.030408,-0.0041767,0.060745
"num.B",81,0.03044,-0.0043821,0.06096
"num.B",82,0.03042,-0.0045283,0.060909
"num.B",83,0.030494,-0.004558,0.060972
"num.B",84,0.030592,-0.0044591,0.06123
"num.B",85,0.030512,-0.004259,0.061017
"num.B",86,0.030205,-0.0041326,0.06071
"num.B",87,0.029749,-0.0038865,0.060503
"num.B",88,0.029198,-0.0041268,0.060057
"num.B",89,0.028832,-0.0042149,0.059653
"num.B",90,0.028529,-0.0042327,0.059134
"num.B",91,0.028368,-0.0039984,0.058958
"num.B",92,0.028202,-0.0040813,0.059253
"num.B",93,0.027659,-0.0047068,0.059023
"num.B",94,0.02697,-0.0047632,0.058326
"num.B",95,0.026133,-0.0059357,0.056903
"num.B",96,0.025205,-0.0073939,0.055639
"num.B",97,0.024195,-0.008995,0.054827
"num.B",98,0.023143,-0.0098394,0.054034
"num.B",99,0.021969,-0.010709,0.053048
"num.B",100,0.0209,-0.012067,0.052416
"num.B",101,0.020119,-0.013773,0.051508
"num.B",102,0.019611,-0.014132,0.050486
"num.B",103,0.019384,-0.014397,0.050698
"num.B",104,0.019159,-0.014301,0.050802
"num.B",105,0.018982,-0.014418,0.050501
"num.B",106,0.018814,-0.014596,0.050348
"num.B",107,0.01878,-0.014672,0.050539
"num.B",108,0.018676,-0.014765,0.050341
"num.B",109,0.018386,-0.015089,0.050372
"num.B",110,0.017894,-0.015887,0.049884
"num.B",111,0.017506,-0.0165,0.049257
"num.B",112,0.017291,-0.016893,0.049377
"num.B",113,0.017296,-0.017215,0.04962
"num.B",114,0.017264,-0.017664,0.050316
"num.B",115,0.017084,-0.018351,0.050025
"num.B",116,0.016786,-0.018324,0.049558
"num.B",117,0.016366,-0.018623,0.049149
"num.B",118,0.0159,-0.018711,0.049056
"num.B",119,0.015366,-0.018864,0.048512
"num.B",120,0.014762,-0.019857,0.048084
"num.B",121,0.01429,-0.020186,0.047826
"num.B",122,0.014054,-0.020439,0.047973
"num.B",123,0.013784,-0.02151,0.048181
"num.B",124,0.013358,-0.02224,0.048548
"num.B",125,0.012863,-0.023094,0.0484
"num.B",126,0.012349,-0.023759,0.047659
"num.B",127,0.011826,-0.023994,0.047171
"num.B",128,0.011392,-0.025054,0.046753
"num.B",129,0.010852,-0.025848,0.046447
"num.B",130,0.010056,-0.02697,0.045239
"num.B",131,0.0092508,-0.027814,0.043947
"num.B",132,0.0084973,-0.028486,0.042757
"num.B",133,0.0077358,-0.029272,0.042454
"num.B",134,0.0070072,-0.030296,0.042063
"num.B",135,0.00661,-0.030753,0.041844
"num.B",136,0.006466,-0.030993,0.04174
"num.B",137,0.0064202,-0.030925,0.041941
"num.B",138,0.0064056,-0.030975,0.041691
"num.B",139,0.0061399,-0.030999,0.041475
"num.B",140,0.0060707,-0.030478,0.04146
"num.B",141,0.0061267,-0.03071,0.041091
"num.B",142,0.0061887,-0.03128,0.040763
"num.B",143,0.0063664,-0.031345,0.040904
"num.B",144,0.0066664,-0.030845,0.041199
"num.B",145,0.0072338,-0.030709,0.041797
"num.B",146,0.0079355,-0.030452,0.043153
"num.B",147,0.0086514,-0.029198,0.044883
"num.B",148,0.009417,-0.029588,0.045967
"num.B",149,0.010128,-0.029274,0.046451
"num.B",150,0.010671,-0.028957,0.046186
"hiv.inf.B",0,1,1,1
"hiv.inf.B",1,0.99055,0.98997,0.99112
"hiv.inf.B",2,0.97496,0.97354,0.97636
"hiv.inf.B",3,0.95771,0.95542,0.95996
"hiv.inf.B",4,0.93912,0.9359,0.94229
"hiv.inf.B",5,0.91955,0.91546,0.92372
"hiv.inf.B",6,0.89915,0.89419,0.90432
"hiv.inf.B",7,0.87796,0.87192,0.88413
"hiv.inf.B",8,0.85604,0.84898,0.86332
"hiv.inf.B",9,0.83347,0.8255,0.84177
"hiv.inf.B",10,0.81042,0.80139,0.81974
"hiv.inf.B",11,0.78704,0.777,0.79772
"hiv.inf.B",12,0.76344,0.75247,0.77555
"hiv.inf.B",13,0.73963,0.72765,0.75312
"hiv.inf.B",14,0.71575,0.70252,0.73056
"hiv.inf.B",15,0.69188,0.67756,0.70804
"hiv.inf.B",16,0.66808,0.65286,0.6856
"hiv.inf.B",17,0.64441,0.62833,0.66304
"hiv.inf.B",18,0.62096,0.60369,0.64075
"hiv.inf.B",19,0.59762,0.57929,0.61863
"hiv.inf.B",20,0.5744,0.55482,0.59681
"hiv.inf.B",21,0.55148,0.53068,0.57531
"hiv.inf.B",22,0.52897,0.507,0.55391
"hiv.inf.B",23,0.50686,0.48364,0.53292
"hiv.inf.B",24,0.48524,0.4607,0.51244
"hiv.inf.B",25,0.46422,0.43851,0.49256
"hiv.inf.B",26,0.44384,0.41721,0.47324
"hiv.inf.B",27,0.42406,0.39649,0.45444
"hiv.inf.B",28,0.40491,0.37641,0.43608
"hiv.inf.B",29,0.38642,0.35737,0.41827
"hiv.inf.B",30,0.36864,0.3392,0.40111
"hiv.inf.B",31,0.35157,0.32169,0.38461
"hiv.inf.B",32,0.33515,0.30467,0.36872
"hiv.inf.B",33,0.31949,0.28843,0.35354
"hiv.inf.B",34,0.30449,0.27288,0.33894
"hiv.inf.B",35,0.29008,0.25786,0.32485
"hiv.inf.B",36,0.27633,0.24359,0.31128
"hiv.inf.B",37,0.26339,0.23022,0.29843
"hiv.inf.B",38,0.25115,0.21751,0.28625
"hiv.inf.B",39,0.23956,0.20547,0.27493
"hiv.inf.B",40,0.22868,0.19422,0.26469
"hiv.inf.B",41,0.21838,0.18356,0.255
"hiv.inf.B",42,0.20876,0.17371,0.24544
"hiv.inf.B",43,0.19982,0.16456,0.23697
"hiv.inf.B",44,0.19152,0.1555,0.22898
"hiv.inf.B",45,0.18384,0.14736,0.2213
"hiv.inf.B",46,0.17667,0.13979,0.21447
"hiv.inf.B",47,0.16992,0.13344,0.208
"hiv.inf.B",48,0.1637,0.12761,0.20236
"hiv.inf.B",49,0.15792,0.12191,0.19753
"hiv.inf.B",50,0.15244,0.11634,0.1931
"hiv.inf.B",51,0.14738,0.1116,0.18898
"hiv.inf.B",52,0.14277,0.10678,0.18525
"hiv.inf.B",53,0.13834,0.10216,0.18081
"hiv.inf.B",54,0.1342,0.098253,0.17591
"hiv.inf.B",55,0.13036,0.094614,0.17138
"hiv.inf.B",56,0.12684,0.091213,0.16783
"hiv.inf.B",57,0.12369,0.087912,0.1649
"hiv.inf.B",58,0.12083,0.085159,0.16189
"hiv.inf.B",59,0.11815,0.082553,0.15895
"hiv.inf.B",60,0.11565,0.080747,0.15629
"hiv.inf.B",61,0.11329,0.078614,0.15368
"hiv.inf.B",62,0.11099,0.076369,0.15111
"hiv.inf.B",63,0.10889,0.07456,0.14874
"hiv.inf.B",64,0.10694,0.072718,0.14669
"hiv.inf.B",65,0.10501,0.070489,0.14466
"hiv.inf.B",66,0.1032,0.068374,0.14273
"hiv.inf.B",67,0.10147,0.066364,0.14056
"hiv.inf.B",68,0.099836,0.064826,0.13852
"hiv.inf.B",69,0.098328,0.063707,0.13716
"hiv.inf.B",70,0.096898,0.061821,0.13534
"hiv.inf.B",71,0.095355,0.059806,0.1336
"hiv.inf.B",72,0.093707,0.058083,0.13138
"hiv.inf.B",73,0.091922,0.056435,0.12917
"hiv.inf.B",74,0.08995,0.053812,0.12687
"hiv.inf.B",75,0.087935,0.051774,0.12452
"hiv.inf.B",76,0.085867,0.049329,0.12205
"hiv.inf.B",77,0.083735,0.046877,0.1197
"hiv.inf.B",78,0.08164,0.045156,0.11729
"hiv.inf.B",79,0.079613,0.04302,0.11465
"hiv.inf.B",80,0.077612,0.040574,0.11332
"hiv.inf.B",81,0.075606,0.037702,0.11125
"hiv.inf.B",82,0.073601,0.034901,0.10914
"hiv.inf.B",83,0.071573,0.032149,0.10701
"hiv.inf.B",84,0.069508,0.029459,0.10492
"hiv.inf.B",85,0.067386,0.027111,0.10252
"hiv.inf.B",86,0.065229,0.025265,0.10007
"hiv.inf.B",87,0.063028,0.023239,0.097618
"hiv.inf.B",88,0.060797,0.020431,0.095362
"hiv.inf.B",89,0.058606,0.017937,0.092722
"hiv.inf.B",90,0.056561,0.015758,0.090671
"hiv.inf.B",91,0.054544,0.01392,0.088959
"hiv.inf.B",92,0.05249,0.012423,0.086812
"hiv.inf.B",93,0.050366,0.011434,0.084935
"hiv.inf.B",94,0.048186,0.0096597,0.082423
"hiv.inf.B",95,0.046004,0.0076108,0.080245
"hiv.inf.B",96,0.043871,0.0054082,0.079168
"hiv.inf.B",97,0.041787,0.0034917,0.07779
"hiv.inf.B",98,0.039718,0.001597,0.076452
"hiv.inf.B",99,0.037564,7.6404e-05,0.07499
"hiv.inf.B",100,0.035444,-0.001162,0.073582
"hiv.inf.B",101,0.033325,-0.0031537,0.071677
"hiv.inf.B",102,0.031251,-0.0056554,0.069801
"hiv.inf.B",103,0.029164,-0.0080659,0.066774
"hiv.inf.B",104,0.027101,-0.010233,0.064324
"hiv.inf.B",105,0.025126,-0.012061,0.061645
"hiv.inf.B",106,0.023278,-0.013534,0.059153
"hiv.inf.B",107,0.021665,-0.014602,0.057503
"hiv.inf.B",108,0.020181,-0.015436,0.056088
"hiv.inf.B",109,0.018647,-0.016229,0.054628
"hiv.inf.B",110,0.017073,-0.017725,0.053111
"hiv.inf.B",111,0.015611,-0.018865,0.0517
"hiv.inf.B",112,0.014275,-0.020359,0.050874
"hiv.inf.B",113,0.0131,-0.022441,0.050171
"hiv.inf.B",114,0.011936,-0.025133,0.049245
"hiv.inf.B",115,0.010799,-0.027811,0.047756
"hiv.inf.B",116,0.0097268,-0.029689,0.046201
"hiv.inf.B",117,0.0087981,-0.031505,0.045235
"hiv.inf.B",118,0.0079025,-0.033108,0.044396
"hiv.inf.B",119,0.0071128,-0.03392,0.043602
"hiv.inf.B",120,0.0063485,-0.034069,0.043116
"hiv.inf.B",121,0.0057387,-0.034046,0.042576
"hiv.inf.B",122,0.0052167,-0.034583,0.042198
"hiv.inf.B",123,0.0047776,-0.035341,0.041723
"hiv.inf.B",124,0.0043504,-0.036402,0.041642
"hiv.inf.B",125,0.004098,-0.037258,0.041492
"hiv.inf.B",126,0.0040379,-0.03793,0.041386
"hiv.inf.B",127,0.0040325,-0.038105,0.041494
"hiv.inf.B",128,0.0040965,-0.038177,0.041724
"hiv.inf.B",129,0.0041827,-0.038244,0.042007
"hiv.inf.B",130,0.0043319,-0.038323,0.042369
"hiv.inf.B",131,0.0045608,-0.038329,0.043078
"hiv.inf.B",132,0.004864,-0.038101,0.043524
"hiv.inf.B",133,0.0052122,-0.037638,0.044418
"hiv.inf.B",134,0.0056864,-0.036991,0.045522
"hiv.inf.B",135,0.0062537,-0.03625,0.046651
"hiv.inf.B",136,0.0068971,-0.035406,0.047472
"hiv.inf.B",137,0.0076967,-0.034348,0.048494
"hiv.inf.B",138,0.0086514,-0.033066,0.049986
"hiv.inf.B",139,0.0097301,-0.032157,0.051717
"hiv.inf.B",140,0.010884,-0.031346,0.053199
"hiv.inf.B",141,0.012019,-0.030418,0.054667
"hiv.inf.B",142,0.013183,-0.029438,0.056462
"hiv.inf.B",143,0.014338,-0.02837,0.058136
"hiv.inf.B",144,0.015403,-0.02741,0.059129
"hiv.inf.B",145,0.016466,-0.026467,0.060313
"hiv.inf.B",146,0.017378,-0.025315,0.061407
"hiv.inf.B",147,0.018123,-0.024805,0.062125
"hiv.inf.B",148,0.018783,-0.024191,0.062632
"hiv.inf.B",149,0.019284,-0.023785,0.063175
"hiv.inf.B",150,0.019645,-0.023729,0.063712
"hiv.dx.B",0,1,1,1
"hiv.dx.B",1,0.99057,0.98998,0.99104
"hiv.dx.B",2,0.97501,0.97366,0.97616
"hiv.dx.B",3,0.95774,0.95562,0.95958
"hiv.dx.B",4,0.93909,0.93612,0.94171
"hiv.dx.B",5,0.91938,0.91555,0.92284
"hiv.dx.B",6,0.89859,0.89378,0.90285
"hiv.dx.B",7,0.87693,0.87107,0.88194
"hiv.dx.B",8,0.85455,0.84771,0.86048
"hiv.dx.B",9,0.83153,0.82367,0.8383
"hiv.dx.B",10,0.80806,0.79911,0.81576
"hiv.dx.B",11,0.78419,0.77418,0.79296
"hiv.dx.B",12,0.76007,0.74878,0.76997
"hiv.dx.B",13,0.73576,0.72337,0.74672
"hiv.dx.B",14,0.71134,0.69764,0.72323
"hiv.dx.B",15,0.68695,0.67236,0.69987
"hiv.dx.B",16,0.66265,0.64697,0.67668
"hiv.dx.B",17,0.63858,0.62181,0.65363
"hiv.dx.B",18,0.61474,0.59695,0.6308
"hiv.dx.B",19,0.5911,0.57238,0.60816
"hiv.dx.B",20,0.56767,0.54823,0.58557
"hiv.dx.B",21,0.54454,0.52421,0.56334
"hiv.dx.B",22,0.52186,0.50053,0.54181
"hiv.dx.B",23,0.49968,0.4775,0.52064
"hiv.dx.B",24,0.47813,0.45516,0.50006
"hiv.dx.B",25,0.45721,0.43342,0.48014
"hiv.dx.B",26,0.4369,0.41225,0.46072
"hiv.dx.B",27,0.41715,0.39149,0.44211
"hiv.dx.B",28,0.39811,0.37169,0.42411
"hiv.dx.B",29,0.3798,0.35279,0.40617
"hiv.dx.B",30,0.36216,0.33439,0.38884
"hiv.dx.B",31,0.34519,0.31702,0.37234
"hiv.dx.B",32,0.32885,0.30053,0.35662
"hiv.dx.B",33,0.31324,0.28432,0.3416
"hiv.dx.B",34,0.29829,0.26883,0.32717
"hiv.dx.B",35,0.284,0.25402,0.31333
"hiv.dx.B",36,0.27039,0.2397,0.30031
"hiv.dx.B",37,0.25759,0.22611,0.28812
"hiv.dx.B",38,0.24562,0.21373,0.27703
"hiv.dx.B",39,0.2344,0.2022,0.26615
"hiv.dx.B",40,0.22387,0.19119,0.25601
"hiv.dx.B",41,0.21387,0.18052,0.24654
"hiv.dx.B",42,0.20444,0.17082,0.23736
"hiv.dx.B",43,0.19559,0.16174,0.2286
"hiv.dx.B",44,0.18736,0.15291,0.22083
"hiv.dx.B",45,0.17979,0.14478,0.21383
"hiv.dx.B",46,0.1727,0.13723,0.20724
"hiv.dx.B",47,0.16604,0.13018,0.20084
"hiv.dx.B",48,0.15986,0.12356,0.19484
"hiv.dx.B",49,0.15416,0.11733,0.18938
"hiv.dx.B",50,0.14884,0.11156,0.18428
"hiv.dx.B",51,0.14393,0.10696,0.17953
"hiv.dx.B",52,0.13933,0.10322,0.17507
"hiv.dx.B",53,0.13503,0.099289,0.17069
"hiv.dx.B",54,0.13104,0.094898,0.16683
"hiv.dx.B",55,0.12737,0.091191,0.16325
"hiv.dx.B",56,0.12402,0.088006,0.15986
"hiv.dx.B",57,0.121,0.085044,0.15684
"hiv.dx.B",58,0.11818,0.082256,0.15421
"hiv.dx.B",59,0.11562,0.079704,0.15162
"hiv.dx.B",60,0.11323,0.077366,0.15003
"hiv.dx.B",61,0.11091,0.074385,0.14754
"hiv.dx.B",62,0.10872,0.071841,0.14506
"hiv.dx.B",63,0.10666,0.069801,0.14242
"hiv.dx.B",64,0.10477,0.067881,0.1406
"hiv.dx.B",65,0.10297,0.065837,0.13888
"hiv.dx.B",66,0.1012,0.063879,0.13711
"hiv.dx.B",67,0.099438,0.062225,0.13549
"hiv.dx.B",68,0.09773,0.060368,0.13388
"hiv.dx.B",69,0.096124,0.059015,0.13219
"hiv.dx.B",70,0.094542,0.057681,0.1303
"hiv.dx.B",71,0.092856,0.056266,0.12838
"hiv.dx.B",72,0.091098,0.05478,0.12701
"hiv.dx.B",73,0.089275,0.052989,0.12471
"hiv.dx.B",74,0.087414,0.051126,0.12208
"hiv.dx.B",75,0.085483,0.048587,0.11951
"hiv.dx.B",76,0.083475,0.04677,0.11782
"hiv.dx.B",77,0.081428,0.045225,0.11528
"hiv.dx.B",78,0.079392,0.043415,0.11265
"hiv.dx.B",79,0.077414,0.042237,0.11034
"hiv.dx.B",80,0.075476,0.041066,0.10842
"hiv.dx.B",81,0.073527,0.039382,0.10683
"hiv.dx.B",82,0.071599,0.037109,0.10511
"hiv.dx.B",83,0.069658,0.034613,0.10389
"hiv.dx.B",84,0.067734,0.032642,0.1019
"hiv.dx.B",85,0.065788,0.031046,0.099963
"hiv.dx.B",86,0.063784,0.029725,0.098107
"hiv.dx.B",87,0.061706,0.027387,0.096292
"hiv.dx.B",88,0.059513,0.025006,0.094349
"hiv.dx.B",89,0.057315,0.022656,0.092358
"hiv.dx.B",90,0.05523,0.02029,0.090456
"hiv.dx.B",91,0.0532,0.017841,0.088849
"hiv.dx.B",92,0.051119,0.015431,0.086853
"hiv.dx.B",93,0.049003,0.013265,0.085469
"hiv.dx.B",94,0.046881,0.011113,0.083658
"hiv.dx.B",95,0.044655,0.0093458,0.081292
"hiv.dx.B",96,0.042349,0.0074029,0.07899
"hiv.dx.B",97,0.040058,0.0044955,0.076547
"hiv.dx.B",98,0.037804,0.0020837,0.074144
"hiv.dx.B",99,0.035601,-0.00010145,0.071796
"hiv.dx.B",100,0.033515,-0.0022103,0.069152
"hiv.dx.B",101,0.031511,-0.0040306,0.067174
"hiv.dx.B",102,0.029645,-0.0059019,0.065262
"hiv.dx.B",103,0.027799,-0.0079906,0.063341
"hiv.dx.B",104,0.026026,-0.0098633,0.061579
"hiv.dx.B",105,0.024337,-0.011486,0.059669
"hiv.dx.B",106,0.022787,-0.012811,0.058466
"hiv.dx.B",107,0.021371,-0.013948,0.057037
"hiv.dx.B",108,0.020065,-0.014984,0.055699
"hiv.dx.B",109,0.018802,-0.016336,0.054303
"hiv.dx.B",110,0.017593,-0.01749,0.05319
"hiv.dx.B",111,0.016334,-0.019061,0.052128
"hiv.dx.B",112,0.015126,-0.020538,0.050778
"hiv.dx.B",113,0.014113,-0.021469,0.05004
"hiv.dx.B",114,0.013177,-0.02252,0.04889
"hiv.dx.B",115,0.012264,-0.024072,0.047615
"hiv.dx.B",116,0.011354,-0.025135,0.046704
"hiv.dx.B",117,0.010552,-0.025966,0.045503
"hiv.dx.B",118,0.0099015,-0.02656,0.045496
"hiv.dx.B",119,0.009334,-0.027504,0.045571
"hiv.dx.B",120,0.0087851,-0.028641,0.044446
"hiv.dx.B",121,0.0082669,-0.029538,0.043884
"hiv.dx.B",122,0.0078336,-0.030046,0.043238
"hiv.dx.B",123,0.0074583,-0.03058,0.043348
"hiv.dx.B",124,0.0070867,-0.031514,0.04346
"hiv.dx.B",125,0.0067819,-0.032924,0.044029
"hiv.dx.B",126,0.00655,-0.034079,0.044662
"hiv.dx.B",127,0.006357,-0.035165,0.044492
"hiv.dx.B",128,0.0061984,-0.036002,0.044341
"hiv.dx.B",129,0.0060391,-0.035897,0.044442
"hiv.dx.B",130,0.0059023,-0.035491,0.044728
"hiv.dx.B",131,0.0057526,-0.035047,0.044957
"hiv.dx.B",132,0.0056954,-0.034798,0.045214
"hiv.dx.B",133,0.005778,-0.034806,0.045518
"hiv.dx.B",134,0.006104,-0.034591,0.046295
"hiv.dx.B",135,0.0065089,-0.034096,0.047524
"hiv.dx.B",136,0.0070256,-0.033326,0.049197
"hiv.dx.B",137,0.0077706,-0.032327,0.050842
"hiv.dx.B",138,0.0085695,-0.031166,0.052024
"hiv.dx.B",139,0.0094414,-0.029805,0.053087
"hiv.dx.B",140,0.010337,-0.029224,0.054412
"hiv.dx.B",141,0.011139,-0.028815,0.055349
"hiv.dx.B",142,0.012058,-0.027972,0.056384
"hiv.dx.B",143,0.013098,-0.026879,0.057752
"hiv.dx.B",144,0.014186,-0.025957,0.05924
"hiv.dx.B",145,0.015293,-0.025601,0.060625
"hiv.dx.B",146,0.016283,-0.025438,0.061789
"hiv.dx.B",147,0.017155,-0.025088,0.062683
"hiv.dx.B",148,0.01795,-0.02434,0.062912
"hiv.dx.B",149,0.018548,-0.02389,0.062967
"hiv.dx.B",150,0.019094,-0.02329,0.062968
"hiv.tx.B",0,1,1,1
"hiv.tx.B",1,0.96119,0.95972,0.96274
"hiv.tx.B",2,0.90976,0.90633,0.91325
"hiv.tx.B",3,0.86594,0.86069,0.87101
"hiv.tx.B",4,0.82833,0.82185,0.83491
"hiv.tx.B",5,0.79571,0.78838,0.80362
"hiv.tx.B",6,0.7664,0.75811,0.77563
"hiv.tx.B",7,0.73976,0.73065,0.75012
"hiv.tx.B",8,0.7148,0.70471,0.72577
"hiv.tx.B",9,0.69132,0.68032,0.70354
"hiv.tx.B",10,0.66892,0.65712,0.68194
"hiv.tx.B",11,0.64708,0.63438,0.66072
"hiv.tx.B",12,0.62607,0.61229,0.64018
"hiv.tx.B",13,0.60563,0.59145,0.6209
"hiv.tx.B",14,0.5852,0.5706,0.60128
"hiv.tx.B",15,0.56517,0.54977,0.58226
"hiv.tx.B",16,0.54565,0.53002,0.56365
"hiv.tx.B",17,0.52612,0.51,0.54483
"hiv.tx.B",18,0.50694,0.49004,0.52637
"hiv.tx.B",19,0.48745,0.46976,0.50782
"hiv.tx.B",20,0.46828,0.44962,0.48888
"hiv.tx.B",21,0.44926,0.43025,0.47048
"hiv.tx.B",22,0.43039,0.41104,0.45237
"hiv.tx.B",23,0.41196,0.39199,0.43464
"hiv.tx.B",24,0.39437,0.37385,0.41741
"hiv.tx.B",25,0.37774,0.35653,0.40102
"hiv.tx.B",26,0.36177,0.33984,0.38576
"hiv.tx.B",27,0.34575,0.32337,0.37002
"hiv.tx.B",28,0.3301,0.30705,0.35428
"hiv.tx.B",29,0.315,0.29126,0.3397
"hiv.tx.B",30,0.30045,0.27606,0.32568
"hiv.tx.B",31,0.28651,0.26168,0.31263
"hiv.tx.B",32,0.27319,0.24778,0.29957
"hiv.tx.B",33,0.26103,0.23536,0.28792
"hiv.tx.B",34,0.24952,0.22381,0.27688
"hiv.tx.B",35,0.23847,0.21272,0.26632
"hiv.tx.B",36,0.22764,0.20192,0.25519
"hiv.tx.B",37,0.21743,0.19159,0.24496
"hiv.tx.B",38,0.20788,0.18174,0.23574
"hiv.tx.B",39,0.199,0.17267,0.2275
"hiv.tx.B",40,0.19062,0.16365,0.21966
"hiv.tx.B",41,0.18242,0.1553,0.21198
"hiv.tx.B",42,0.17436,0.14744,0.20441
"hiv.tx.B",43,0.16665,0.13947,0.19655
"hiv.tx.B",44,0.1597,0.13265,0.18965
"hiv.tx.B",45,0.15349,0.12572,0.18387
"hiv.tx.B",46,0.14773,0.11955,0.17813
"hiv.tx.B",47,0.14217,0.1136,0.17242
"hiv.tx.B",48,0.13716,0.10855,0.16737
"hiv.tx.B",49,0.13252,0.10406,0.16288
"hiv.tx.B",50,0.12787,0.099621,0.15868
"hiv.tx.B",51,0.12355,0.09585,0.15436
"hiv.tx.B",52,0.1191,0.092012,0.15064
"hiv.tx.B",53,0.11473,0.087658,0.14686
"hiv.tx.B",54,0.1108,0.083158,0.14332
"hiv.tx.B",55,0.10754,0.07988,0.14041
"hiv.tx.B",56,0.10497,0.07712,0.13766
"hiv.tx.B",57,0.10273,0.074792,0.1361
"hiv.tx.B",58,0.10059,0.072867,0.13427
"hiv.tx.B",59,0.098729,0.071079,0.13257
"hiv.tx.B",60,0.096596,0.06923,0.13055
"hiv.tx.B",61,0.094455,0.066846,0.12829
"hiv.tx.B",62,0.092611,0.064665,0.12605
"hiv.tx.B",63,0.090743,0.062819,0.12426
"hiv.tx.B",64,0.089065,0.061063,0.12303
"hiv.tx.B",65,0.087397,0.059268,0.12141
"hiv.tx.B",66,0.086077,0.057277,0.11949
"hiv.tx.B",67,0.084615,0.055359,0.11707
"hiv.tx.B",68,0.083048,0.05464,0.11505
"hiv.tx.B",69,0.081851,0.053153,0.11342
"hiv.tx.B",70,0.080896,0.051933,0.11223
"hiv.tx.B",71,0.079608,0.050302,0.1104
"hiv.tx.B",72,0.078406,0.048809,0.10885
"hiv.tx.B",73,0.077445,0.047696,0.10774
"hiv.tx.B",74,0.076277,0.046312,0.10696
"hiv.tx.B",75,0.074501,0.044777,0.105
"hiv.tx.B",76,0.072011,0.042335,0.10232
"hiv.tx.B",77,0.069102,0.040054,0.099646
"hiv.tx.B",78,0.066419,0.03799,0.097223
"hiv.tx.B",79,0.064148,0.035312,0.09491
"hiv.tx.B",80,0.061781,0.03313,0.092524
"hiv.tx.B",81,0.059858,0.030938,0.090488
"hiv.tx.B",82,0.057898,0.029328,0.088259
"hiv.tx.B",83,0.055689,0.027353,0.085497
"hiv.tx.B",84,0.053879,0.025891,0.083778
"hiv.tx.B",85,0.052345,0.024691,0.081988
"hiv.tx.B",86,0.051,0.023466,0.08026
"hiv.tx.B",87,0.049644,0.022008,0.078254
"hiv.tx.B",88,0.048046,0.020311,0.076913
"hiv.tx.B",89,0.046392,0.018268,0.075282
"hiv.tx.B",90,0.044675,0.016591,0.073487
"hiv.tx.B",91,0.042803,0.01454,0.071336
"hiv.tx.B",92,0.040368,0.012215,0.068655
"hiv.tx.B",93,0.037892,0.0091706,0.065554
"hiv.tx.B",94,0.035603,0.0062253,0.063327
"hiv.tx.B",95,0.033433,0.003332,0.061156
"hiv.tx.B",96,0.031253,0.00069835,0.058861
"hiv.tx.B",97,0.029184,-0.0015422,0.056817
"hiv.tx.B",98,0.027034,-0.0038676,0.054089
"hiv.tx.B",99,0.025106,-0.0064754,0.052491
"hiv.tx.B",100,0.023194,-0.0084589,0.050428
"hiv.tx.B",101,0.021568,-0.0099161,0.04936
"hiv.tx.B",102,0.02039,-0.010629,0.048347
"hiv.tx.B",103,0.019387,-0.011742,0.046875
"hiv.tx.B",104,0.018655,-0.013305,0.046234
"hiv.tx.B",105,0.017363,-0.015145,0.045138
"hiv.tx.B",106,0.015818,-0.016519,0.043788
"hiv.tx.B",107,0.014695,-0.018367,0.042518
"hiv.tx.B",108,0.013596,-0.019956,0.04161
"hiv.tx.B",109,0.012936,-0.020366,0.039938
"hiv.tx.B",110,0.012322,-0.020338,0.039209
"hiv.tx.B",111,0.011382,-0.020899,0.038717
"hiv.tx.B",112,0.010541,-0.021564,0.038487
"hiv.tx.B",113,0.010183,-0.022368,0.038315
"hiv.tx.B",114,0.0098978,-0.023205,0.038482
"hiv.tx.B",115,0.0095939,-0.023951,0.037363
"hiv.tx.B",116,0.0091524,-0.024602,0.037142
"hiv.tx.B",117,0.0090202,-0.02428,0.037495
"hiv.tx.B",118,0.0091624,-0.024296,0.038142
"hiv.tx.B",119,0.0092999,-0.023994,0.03831
"hiv.tx.B",120,0.0092307,-0.02394,0.038956
"hiv.tx.B",121,0.0088713,-0.025038,0.038756
"hiv.tx.B",122,0.008457,-0.025617,0.038266
"hiv.tx.B",123,0.0082091,-0.025701,0.038327
"hiv.tx.B",124,0.0077881,-0.025997,0.038228
"hiv.tx.B",125,0.0073123,-0.026933,0.038412
"hiv.tx.B",126,0.0073291,-0.027048,0.038979
"hiv.tx.B",127,0.0079882,-0.026569,0.040768
"hiv.tx.B",128,0.0083362,-0.02658,0.041824
"hiv.tx.B",129,0.0084182,-0.026105,0.042245
"hiv.tx.B",130,0.0084808,-0.025721,0.042045
"hiv.tx.B",131,0.0081164,-0.02601,0.041183
"hiv.tx.B",132,0.0075209,-0.02595,0.040549
"hiv.tx.B",133,0.0067735,-0.026679,0.039417
"hiv.tx.B",134,0.0065493,-0.026401,0.039233
"hiv.tx.B",135,0.0068294,-0.026083,0.039295
"hiv.tx.B",136,0.0072268,-0.025511,0.040127
"hiv.tx.B",137,0.007831,-0.025208,0.040749
"hiv.tx.B",138,0.008659,-0.024493,0.041945
"hiv.tx.B",139,0.0092709,-0.023554,0.042461
"hiv.tx.B",140,0.0098767,-0.023444,0.043248
"hiv.tx.B",141,0.010822,-0.022863,0.044235
"hiv.tx.B",142,0.011919,-0.022179,0.044775
"hiv.tx.B",143,0.013204,-0.021438,0.045694
"hiv.tx.B",144,0.014295,-0.020177,0.046451
"hiv.tx.B",145,0.015303,-0.018976,0.04768
"hiv.tx.B",146,0.016198,-0.018618,0.048753
"hiv.tx.B",147,0.017471,-0.017398,0.050245
"hiv.tx.B",148,0.018674,-0.016297,0.051228
"hiv.tx.B",149,0.019451,-0.015544,0.052997
"hiv.tx.B",150,0.020469,-0.014536,0.054172
"hiv.supp.B",0,1,1,1
"hiv.supp.B",1,0.96096,0.9594,0.96258
"hiv.supp.B",2,0.90895,0.90543,0.91259
"hiv.supp.B",3,0.86462,0.85926,0.87004
"hiv.supp.B",4,0.82669,0.81965,0.8336
"hiv.supp.B",5,0.79383,0.78545,0.8017
"hiv.supp.B",6,0.76436,0.75502,0.77316
"hiv.supp.B",7,0.73756,0.72741,0.74743
"hiv.supp.B",8,0.71247,0.70135,0.72343
"hiv.supp.B",9,0.68889,0.6766,0.70106
"hiv.supp.B",10,0.66634,0.65292,0.67943
"hiv.supp.B",11,0.64446,0.63072,0.65824
"hiv.supp.B",12,0.62338,0.60893,0.63786
"hiv.supp.B",13,0.60293,0.58809,0.61856
"hiv.supp.B",14,0.58247,0.56717,0.59896
"hiv.supp.B",15,0.56243,0.54648,0.57991
"hiv.supp.B",16,0.54289,0.52663,0.56087
"hiv.supp.B",17,0.52333,0.50657,0.54214
"hiv.supp.B",18,0.50414,0.48652,0.52321
"hiv.supp.B",19,0.48463,0.466,0.50403
"hiv.supp.B",20,0.46545,0.44578,0.48603
"hiv.supp.B",21,0.44647,0.42623,0.46786
"hiv.supp.B",22,0.42766,0.40651,0.45007
"hiv.supp.B",23,0.40928,0.38753,0.43222
"hiv.supp.B",24,0.3918,0.36953,0.41526
"hiv.supp.B",25,0.37523,0.35254,0.39927
"hiv.supp.B",26,0.35934,0.33645,0.38384
"hiv.supp.B",27,0.34344,0.32025,0.36787
"hiv.supp.B",28,0.3278,0.30401,0.35299
"hiv.supp.B",29,0.31283,0.28907,0.33847
"hiv.supp.B",30,0.29832,0.27431,0.32471
"hiv.supp.B",31,0.2844,0.2601,0.31117
"hiv.supp.B",32,0.27118,0.24697,0.29814
"hiv.supp.B",33,0.25913,0.23506,0.28632
"hiv.supp.B",34,0.24768,0.22315,0.27492
"hiv.supp.B",35,0.23671,0.21158,0.26464
"hiv.supp.B",36,0.22603,0.20013,0.25446
"hiv.supp.B",37,0.21591,0.18948,0.24484
"hiv.supp.B",38,0.20645,0.17948,0.2354
"hiv.supp.B",39,0.19758,0.1703,0.22694
"hiv.supp.B",40,0.18934,0.16209,0.21926
"hiv.supp.B",41,0.18121,0.15418,0.21107
"hiv.supp.B",42,0.1732,0.14662,0.2033
"hiv.supp.B",43,0.16554,0.13851,0.19562
"hiv.supp.B",44,0.15863,0.13083,0.18873
"hiv.supp.B",45,0.15252,0.12457,0.18202
"hiv.supp.B",46,0.14675,0.11847,0.17617
"hiv.supp.B",47,0.14125,0.11269,0.17096
"hiv.supp.B",48,0.13631,0.10776,0.16585
"hiv.supp.B",49,0.13172,0.10333,0.16126
"hiv.supp.B",50,0.12706,0.098933,0.15623
"hiv.supp.B",51,0.12273,0.095041,0.15188
"hiv.supp.B",52,0.11829,0.090811,0.14739
"hiv.supp.B",53,0.11403,0.086549,0.14286
"hiv.supp.B",54,0.11017,0.082088,0.13902
"hiv.supp.B",55,0.10693,0.079365,0.13597
"hiv.supp.B",56,0.1044,0.076765,0.13351
"hiv.supp.B",57,0.1022,0.074316,0.13112
"hiv.supp.B",58,0.10012,0.072255,0.12897
"hiv.supp.B",59,0.098258,0.070717,0.12723
"hiv.supp.B",60,0.096124,0.068471,0.12602
"hiv.supp.B",61,0.094023,0.066121,0.12361
"hiv.supp.B",62,0.092187,0.064462,0.12122
"hiv.supp.B",63,0.090392,0.062738,0.11954
"hiv.supp.B",64,0.088643,0.060963,0.11708
"hiv.supp.B",65,0.086928,0.058798,0.11503
"hiv.supp.B",66,0.085567,0.057356,0.11376
"hiv.supp.B",67,0.084086,0.056012,0.11275
"hiv.supp.B",68,0.082552,0.054272,0.11126
"hiv.supp.B",69,0.081452,0.053021,0.11011
"hiv.supp.B",70,0.080464,0.051801,0.10967
"hiv.supp.B",71,0.079139,0.050412,0.10859
"hiv.supp.B",72,0.07798,0.049239,0.1076
"hiv.supp.B",73,0.077122,0.048361,0.1068
"hiv.supp.B",74,0.075984,0.04726,0.10513
"hiv.supp.B",75,0.074275,0.045366,0.10322
"hiv.supp.B",76,0.071726,0.042531,0.10041
"hiv.supp.B",77,0.068837,0.039606,0.097386
"hiv.supp.B",78,0.066177,0.037008,0.094823
"hiv.supp.B",79,0.06386,0.034907,0.092449
"hiv.supp.B",80,0.061462,0.032282,0.090237
"hiv.supp.B",81,0.059454,0.030518,0.087592
"hiv.supp.B",82,0.057525,0.028527,0.08522
"hiv.supp.B",83,0.055371,0.026174,0.082877
"hiv.supp.B",84,0.053649,0.023932,0.08156
"hiv.supp.B",85,0.052201,0.022203,0.079947
"hiv.supp.B",86,0.050864,0.021442,0.078716
"hiv.supp.B",87,0.049516,0.019802,0.077848
"hiv.supp.B",88,0.04791,0.018235,0.075246
"hiv.supp.B",89,0.046316,0.017122,0.073676
"hiv.supp.B",90,0.044601,0.014903,0.072009
"hiv.supp.B",91,0.042745,0.013437,0.069688
"hiv.supp.B",92,0.040314,0.011392,0.066923
"hiv.supp.B",93,0.0378,0.0084723,0.064744
"hiv.supp.B",94,0.035564,0.0061314,0.0624
"hiv.supp.B",95,0.033422,0.0032211,0.060389
"hiv.supp.B",96,0.031211,-0.00016341,0.058339
"hiv.supp.B",97,0.029089,-0.0028286,0.056218
"hiv.supp.B",98,0.026995,-0.0053124,0.054393
"hiv.supp.B",99,0.025049,-0.0073767,0.052756
"hiv.supp.B",100,0.023134,-0.009754,0.050798
"hiv.supp.B",101,0.02158,-0.010957,0.050008
"hiv.supp.B",102,0.020362,-0.011712,0.049178
"hiv.supp.B",103,0.019404,-0.012355,0.048231
"hiv.supp.B",104,0.018592,-0.013394,0.047057
"hiv.supp.B",105,0.017294,-0.014969,0.045915
"hiv.supp.B",106,0.015819,-0.016924,0.04546
"hiv.supp.B",107,0.014639,-0.018691,0.044821
"hiv.supp.B",108,0.013512,-0.019733,0.043824
"hiv.supp.B",109,0.012919,-0.019929,0.043156
"hiv.supp.B",110,0.012295,-0.02033,0.042366
"hiv.supp.B",111,0.01133,-0.021446,0.041151
"hiv.supp.B",112,0.010488,-0.021851,0.040359
"hiv.supp.B",113,0.010143,-0.022831,0.039843
"hiv.supp.B",114,0.0098436,-0.022985,0.038706
"hiv.supp.B",115,0.0096034,-0.023139,0.038156
"hiv.supp.B",116,0.0092452,-0.023097,0.037671
"hiv.supp.B",117,0.009075,-0.023117,0.03729
"hiv.supp.B",118,0.009199,-0.022652,0.037718
"hiv.supp.B",119,0.0093766,-0.021987,0.038669
"hiv.supp.B",120,0.0093625,-0.022471,0.039289
"hiv.supp.B",121,0.0089764,-0.022753,0.039446
"hiv.supp.B",122,0.0085236,-0.023045,0.040376
"hiv.supp.B",123,0.0082405,-0.023118,0.040731
"hiv.supp.B",124,0.0078309,-0.023465,0.040329
"hiv.supp.B",125,0.0073129,-0.024104,0.040267
"hiv.supp.B",126,0.0073068,-0.024699,0.040655
"hiv.supp.B",127,0.0079645,-0.024402,0.041641
"hiv.supp.B",128,0.0083466,-0.02397,0.043124
"hiv.supp.B",129,0.0083786,-0.023714,0.043938
"hiv.supp.B",130,0.0084579,-0.023367,0.044597
"hiv.supp.B",131,0.0080958,-0.02375,0.044456
"hiv.supp.B",132,0.0074757,-0.024603,0.043463
"hiv.supp.B",133,0.0067931,-0.025403,0.043114
"hiv.supp.B",134,0.006644,-0.025852,0.042673
"hiv.supp.B",135,0.0069051,-0.025612,0.042911
"hiv.supp.B",136,0.0073068,-0.025398,0.042981
"hiv.supp.B",137,0.0079162,-0.025273,0.043089
"hiv.supp.B",138,0.0087325,-0.024783,0.043654
"hiv.supp.B",139,0.0093398,-0.024059,0.044085
"hiv.supp.B",140,0.0098944,-0.02361,0.0445
"hiv.supp.B",141,0.010866,-0.022674,0.045168
"hiv.supp.B",142,0.012039,-0.022251,0.046401
"hiv.supp.B",143,0.013343,-0.021203,0.047411
"hiv.supp.B",144,0.014361,-0.020444,0.048779
"hiv.supp.B",145,0.015385,-0.019623,0.050122
"hiv.supp.B",146,0.016243,-0.019118,0.051389
"hiv.supp.B",147,0.017536,-0.017321,0.052548
"hiv.supp.B",148,0.01878,-0.016127,0.053618
"hiv.supp.B",149,0.019616,-0.01532,0.054739
"hiv.supp.B",150,0.020591,-0.014504,0.056192
"prep.B",0,1,1,1
"prep.B",1,0.68645,0.6783,0.69367
"prep.B",2,0.5241,0.51129,0.53488
"prep.B",3,0.48302,0.46895,0.49464
"prep.B",4,0.46402,0.44969,0.47654
"prep.B",5,0.44931,0.4339,0.46178
"prep.B",6,0.43497,0.41963,0.44779
"prep.B",7,0.42279,0.40689,0.4358
"prep.B",8,0.4106,0.39484,0.42356
"prep.B",9,0.39796,0.38247,0.41151
"prep.B",10,0.38176,0.36551,0.39546
"prep.B",11,0.36737,0.35036,0.38198
"prep.B",12,0.35357,0.33656,0.36896
"prep.B",13,0.33963,0.32239,0.35586
"prep.B",14,0.32654,0.30982,0.34199
"prep.B",15,0.30988,0.29363,0.32565
"prep.B",16,0.29387,0.27632,0.30956
"prep.B",17,0.27996,0.26219,0.29586
"prep.B",18,0.26884,0.25105,0.28473
"prep.B",19,0.25508,0.23727,0.27119
"prep.B",20,0.24139,0.22402,0.2573
"prep.B",21,0.2319,0.21458,0.24878
"prep.B",22,0.2179,0.20075,0.23474
"prep.B",23,0.20391,0.1866,0.22129
"prep.B",24,0.19239,0.17481,0.20987
"prep.B",25,0.18161,0.16343,0.19831
"prep.B",26,0.17075,0.15347,0.18764
"prep.B",27,0.15853,0.14043,0.17611
"prep.B",28,0.14728,0.12884,0.16479
"prep.B",29,0.13727,0.1183,0.15525
"prep.B",30,0.12988,0.11012,0.1483
"prep.B",31,0.11893,0.099784,0.13719
"prep.B",32,0.11062,0.090989,0.12787
"prep.B",33,0.10098,0.081262,0.11909
"prep.B",34,0.095558,0.076913,0.11386
"prep.B",35,0.087044,0.068591,0.10594
"prep.B",36,0.081553,0.062317,0.10151
"prep.B",37,0.077107,0.057692,0.097536
"prep.B",38,0.068411,0.048258,0.088491
"prep.B",39,0.058304,0.038789,0.078262
"prep.B",40,0.053768,0.035379,0.072839
"prep.B",41,0.051328,0.032546,0.07141
"prep.B",42,0.047153,0.028349,0.067541
"prep.B",43,0.045669,0.026325,0.065705
"prep.B",44,0.042401,0.023382,0.062195
"prep.B",45,0.037078,0.017242,0.056006
"prep.B",46,0.034653,0.015755,0.052713
"prep.B",47,0.034349,0.015332,0.053196
"prep.B",48,0.032089,0.01316,0.05154
"prep.B",49,0.029451,0.01079,0.048509
"prep.B",50,0.026002,0.0060273,0.04503
"prep.B",51,0.025971,0.006355,0.044278
"prep.B",52,0.027693,0.008836,0.046037
"prep.B",53,0.026564,0.0069971,0.046021
"prep.B",54,0.023213,0.0036596,0.041975
"prep.B",55,0.022061,0.0019612,0.041227
"prep.B",56,0.026257,0.0058988,0.04546
"prep.B",57,0.023481,0.004046,0.04304
"prep.B",58,0.020875,0.00069283,0.038766
"prep.B",59,0.019464,-0.00070418,0.037419
"prep.B",60,0.019168,-0.0011149,0.03803
"prep.B",61,0.019147,-0.001106,0.038563
"prep.B",62,0.020023,-0.0001232,0.039496
"prep.B",63,0.023699,0.004412,0.042485
"prep.B",64,0.023493,0.0030586,0.042681
"prep.B",65,0.021123,0.0010783,0.03985
"prep.B",66,0.015857,-0.0043099,0.033993
"prep.B",67,0.014883,-0.0059829,0.032164
"prep.B",68,0.015388,-0.0060042,0.033872
"prep.B",69,0.015635,-0.0049792,0.033429
"prep.B",70,0.019275,-0.0014287,0.037063
"prep.B",71,0.020122,0.00015144,0.038343
"prep.B",72,0.017998,-0.0016692,0.036648
"prep.B",73,0.015278,-0.0047074,0.033238
"prep.B",74,0.013173,-0.0074184,0.03097
"prep.B",75,0.013866,-0.0061129,0.031282
"prep.B",76,0.012923,-0.0062238,0.030498
"prep.B",77,0.015148,-0.00487,0.032865
"prep.B",78,0.017229,-0.0010076,0.036085
"prep.B",79,0.019662,0.0013939,0.039921
"prep.B",80,0.01918,-1.5754e-05,0.03928
"prep.B",81,0.017039,-0.0025912,0.036181
"prep.B",82,0.014379,-0.0052712,0.033169
"prep.B",83,0.01505,-0.0040242,0.033601
"prep.B",84,0.016314,-0.0026719,0.034656
"prep.B",85,0.014725,-0.003462,0.033009
"prep.B",86,0.014485,-0.0042619,0.033857
"prep.B",87,0.015349,-0.0042064,0.034384
"prep.B",88,0.014526,-0.0053114,0.033048
"prep.B",89,0.012177,-0.0066732,0.030897
"prep.B",90,0.011396,-0.0074206,0.030506
"prep.B",91,0.012883,-0.0063594,0.032249
"prep.B",92,0.014323,-0.0054416,0.034046
"prep.B",93,0.012029,-0.007996,0.031256
"prep.B",94,0.011599,-0.0092519,0.0302
"prep.B",95,0.01099,-0.0091344,0.030045
"prep.B",96,0.013127,-0.0059966,0.031731
"prep.B",97,0.014243,-0.0049727,0.033966
"prep.B",98,0.0094886,-0.0096141,0.029495
"prep.B",99,0.0070618,-0.011742,0.026716
"prep.B",100,0.0070622,-0.012837,0.02601
"prep.B",101,0.0070141,-0.01382,0.026947
"prep.B",102,0.0042956,-0.015973,0.024383
"prep.B",103,0.0035501,-0.017425,0.022954
"prep.B",104,0.0034588,-0.018283,0.024234
"prep.B",105,0.004911,-0.01674,0.026059
"prep.B",106,0.0045662,-0.016994,0.024195
"prep.B",107,0.0046443,-0.017084,0.02486
"prep.B",108,0.0058225,-0.015976,0.026324
"prep.B",109,0.00057996,-0.020515,0.020875
"prep.B",110,-0.0021557,-0.024079,0.018164
"prep.B",111,-0.0029095,-0.025096,0.017819
"prep.B",112,-0.0033088,-0.025197,0.017576
"prep.B",113,-0.0013413,-0.023507,0.019735
"prep.B",114,-0.00026625,-0.023787,0.021421
"prep.B",115,-0.0016617,-0.023625,0.020284
"prep.B",116,-0.0014069,-0.023543,0.02101
"prep.B",117,-0.00065311,-0.023615,0.021879
"prep.B",118,0.00029646,-0.023513,0.021592
"prep.B",119,-0.00028074,-0.0222,0.02143
"prep.B",120,0.00062233,-0.020979,0.022306
"prep.B",121,-0.00026661,-0.023074,0.021591
"prep.B",122,-0.000803,-0.023112,0.022095
"prep.B",123,-0.00043253,-0.021738,0.023373
"prep.B",124,-0.0011376,-0.022627,0.022423
"prep.B",125,-0.0011002,-0.022847,0.022251
"prep.B",126,-0.00014418,-0.02354,0.022376
"prep.B",127,0.00096743,-0.022416,0.023778
"prep.B",128,0.0010836,-0.022456,0.024313
"prep.B",129,0.003694,-0.020363,0.026388
"prep.B",130,0.0036594,-0.020131,0.02555
"prep.B",131,0.0036055,-0.019003,0.025165
"prep.B",132,0.0050023,-0.017727,0.027713
"prep.B",133,0.0056682,-0.017421,0.02748
"prep.B",134,0.0068114,-0.015832,0.029022
"prep.B",135,0.004897,-0.018541,0.025905
"prep.B",136,0.0046014,-0.018479,0.026462
"prep.B",137,0.0051339,-0.017337,0.027112
"prep.B",138,0.0052724,-0.017105,0.026681
"prep.B",139,0.0057536,-0.016461,0.027672
"prep.B",140,0.0052349,-0.018032,0.027496
"prep.B",141,0.0040775,-0.018683,0.025945
"prep.B",142,0.0051868,-0.018436,0.027635
"prep.B",143,0.0055587,-0.018161,0.027549
"prep.B",144,0.0077797,-0.014946,0.029462
"prep.B",145,0.010863,-0.011983,0.032381
"prep.B",146,0.011198,-0.012586,0.033658
"prep.B",147,0.012387,-0.011145,0.034841
"prep.B",148,0.010829,-0.013346,0.034065
"prep.B",149,0.0099027,-0.014516,0.033417
"prep.B",150,0.0079542,-0.013363,0.029488
"prep.indic.B",0,1,1,1
"prep.indic.B",1,0.92903,0.9261,0.93163
"prep.indic.B",2,0.87223,0.86729,0.87673
"prep.indic.B",3,0.83598,0.82964,0.8417
"prep.indic.B",4,0.80587,0.79866,0.8126
"prep.indic.B",5,0.77845,0.76987,0.78621
"prep.indic.B",6,0.75282,0.74317,0.7611
"prep.indic.B",7,0.72775,0.7172,0.73678
"prep.indic.B",8,0.70364,0.69237,0.71339
"prep.indic.B",9,0.6789,0.66642,0.68895
"prep.indic.B",10,0.65415,0.64092,0.66454
"prep.indic.B",11,0.6289,0.61509,0.63991
"prep.indic.B",12,0.60259,0.58833,0.61417
"prep.indic.B",13,0.57743,0.56255,0.58971
"prep.indic.B",14,0.55248,0.53691,0.56533
"prep.indic.B",15,0.52725,0.5109,0.5412
"prep.indic.B",16,0.50245,0.48537,0.51726
"prep.indic.B",17,0.47904,0.46164,0.49439
"prep.indic.B",18,0.45586,0.43807,0.47164
"prep.indic.B",19,0.43205,0.41341,0.44846
"prep.indic.B",20,0.40849,0.38907,0.42502
"prep.indic.B",21,0.38539,0.36579,0.40232
"prep.indic.B",22,0.36243,0.34238,0.37967
"prep.indic.B",23,0.3405,0.32015,0.35788
"prep.indic.B",24,0.31928,0.29838,0.33699
"prep.indic.B",25,0.29926,0.27786,0.31761
"prep.indic.B",26,0.27918,0.25678,0.29804
"prep.indic.B",27,0.25938,0.23626,0.27835
"prep.indic.B",28,0.23942,0.21561,0.25909
"prep.indic.B",29,0.22092,0.19693,0.24085
"prep.indic.B",30,0.20378,0.1794,0.22399
"prep.indic.B",31,0.18775,0.16286,0.20881
"prep.indic.B",32,0.17176,0.14705,0.19323
"prep.indic.B",33,0.15681,0.1319,0.17853
"prep.indic.B",34,0.14214,0.11689,0.16378
"prep.indic.B",35,0.12858,0.10333,0.14998
"prep.indic.B",36,0.11615,0.090357,0.13744
"prep.indic.B",37,0.10497,0.078684,0.12636
"prep.indic.B",38,0.094504,0.067864,0.11663
"prep.indic.B",39,0.084447,0.057557,0.10707
"prep.indic.B",40,0.075201,0.048278,0.09872
"prep.indic.B",41,0.066609,0.039763,0.091119
"prep.indic.B",42,0.058422,0.031536,0.083407
"prep.indic.B",43,0.051809,0.024669,0.077414
"prep.indic.B",44,0.045374,0.018132,0.07058
"prep.indic.B",45,0.039912,0.012175,0.064805
"prep.indic.B",46,0.035049,0.0069742,0.060026
"prep.indic.B",47,0.030487,0.002596,0.056054
"prep.indic.B",48,0.026308,-0.0016692,0.052522
"prep.indic.B",49,0.02323,-0.0045571,0.049657
"prep.indic.B",50,0.021098,-0.0071271,0.047406
"prep.indic.B",51,0.020307,-0.0075303,0.046891
"prep.indic.B",52,0.018916,-0.0087846,0.045691
"prep.indic.B",53,0.017618,-0.01053,0.044109
"prep.indic.B",54,0.016387,-0.011085,0.042852
"prep.indic.B",55,0.015592,-0.011636,0.041939
"prep.indic.B",56,0.015001,-0.01238,0.041187
"prep.indic.B",57,0.014267,-0.01318,0.040952
"prep.indic.B",58,0.013937,-0.013532,0.040054
"prep.indic.B",59,0.014101,-0.01322,0.039744
"prep.indic.B",60,0.014553,-0.012543,0.039787
"prep.indic.B",61,0.015013,-0.012197,0.040086
"prep.indic.B",62,0.015289,-0.011733,0.040052
"prep.indic.B",63,0.015244,-0.011563,0.04051
"prep.indic.B",64,0.016483,-0.010616,0.041967
"prep.indic.B",65,0.016781,-0.011113,0.042749
"prep.indic.B",66,0.017582,-0.010729,0.0436
"prep.indic.B",67,0.018061,-0.01087,0.044389
"prep.indic.B",68,0.019112,-0.010067,0.045749
"prep.indic.B",69,0.019972,-0.0089677,0.046797
"prep.indic.B",70,0.021545,-0.0078365,0.048288
"prep.indic.B",71,0.022532,-0.0069648,0.049075
"prep.indic.B",72,0.023771,-0.0055046,0.050625
"prep.indic.B",73,0.024333,-0.0042156,0.050374
"prep.indic.B",74,0.024065,-0.0049858,0.050315
"prep.indic.B",75,0.024412,-0.0049627,0.050397
"prep.indic.B",76,0.024436,-0.0048535,0.050463
"prep.indic.B",77,0.024497,-0.0048867,0.050831
"prep.indic.B",78,0.024669,-0.0043418,0.051012
"prep.indic.B",79,0.024945,-0.0035406,0.051711
"prep.indic.B",80,0.024735,-0.004013,0.051549
"prep.indic.B",81,0.024347,-0.0044602,0.051132
"prep.indic.B",82,0.024604,-0.0037471,0.051312
"prep.indic.B",83,0.025222,-0.0034522,0.052153
"prep.indic.B",84,0.025595,-0.0023695,0.052157
"prep.indic.B",85,0.025884,-0.0024947,0.051948
"prep.indic.B",86,0.026359,-0.0026873,0.052498
"prep.indic.B",87,0.026768,-0.002686,0.053008
"prep.indic.B",88,0.027008,-0.0013719,0.053604
"prep.indic.B",89,0.02694,-0.0014523,0.053564
"prep.indic.B",90,0.027243,-0.0012356,0.05399
"prep.indic.B",91,0.027717,-5.5571e-05,0.054589
"prep.indic.B",92,0.027751,0.00048778,0.054913
"prep.indic.B",93,0.026379,-0.0015626,0.053666
"prep.indic.B",94,0.02526,-0.0032859,0.052731
"prep.indic.B",95,0.025024,-0.0035238,0.052893
"prep.indic.B",96,0.02446,-0.0046294,0.052735
"prep.indic.B",97,0.023327,-0.0056508,0.051906
"prep.indic.B",98,0.021982,-0.0071384,0.05072
"prep.indic.B",99,0.020774,-0.0087138,0.049658
"prep.indic.B",100,0.018877,-0.010497,0.048077
"prep.indic.B",101,0.018316,-0.011316,0.048305
"prep.indic.B",102,0.017403,-0.012938,0.047423
"prep.indic.B",103,0.01654,-0.014271,0.046762
"prep.indic.B",104,0.015993,-0.014594,0.046308
"prep.indic.B",105,0.015335,-0.015588,0.045602
"prep.indic.B",106,0.014399,-0.016521,0.045119
"prep.indic.B",107,0.012915,-0.017898,0.043925
"prep.indic.B",108,0.011421,-0.019459,0.042683
"prep.indic.B",109,0.010252,-0.021303,0.04206
"prep.indic.B",110,0.0093825,-0.0231,0.040842
"prep.indic.B",111,0.008535,-0.024853,0.040234
"prep.indic.B",112,0.007974,-0.025575,0.039734
"prep.indic.B",113,0.0075013,-0.02501,0.039845
"prep.indic.B",114,0.0072879,-0.025446,0.039214
"prep.indic.B",115,0.0074538,-0.02488,0.039555
"prep.indic.B",116,0.0065448,-0.026411,0.038685
"prep.indic.B",117,0.0064244,-0.025902,0.038654
"prep.indic.B",118,0.0064405,-0.025509,0.038276
"prep.indic.B",119,0.0062836,-0.025238,0.039028
"prep.indic.B",120,0.0062187,-0.025398,0.039233
"prep.indic.B",121,0.0074312,-0.023902,0.039715
"prep.indic.B",122,0.0080855,-0.023307,0.040587
"prep.indic.B",123,0.0084725,-0.023264,0.040813
"prep.indic.B",124,0.0082253,-0.023676,0.039621
"prep.indic.B",125,0.008312,-0.023124,0.039329
"prep.indic.B",126,0.0080699,-0.023471,0.039158
"prep.indic.B",127,0.0086617,-0.022949,0.040332
"prep.indic.B",128,0.0092816,-0.022263,0.040827
"prep.indic.B",129,0.0096558,-0.022214,0.040541
"prep.indic.B",130,0.0096057,-0.022945,0.041132
"prep.indic.B",131,0.0093117,-0.024238,0.041852
"prep.indic.B",132,0.0092001,-0.02533,0.041944
"prep.indic.B",133,0.0097202,-0.02417,0.042247
"prep.indic.B",134,0.0095718,-0.02443,0.041945
"prep.indic.B",135,0.009406,-0.024281,0.042164
"prep.indic.B",136,0.01007,-0.023494,0.042845
"prep.indic.B",137,0.011371,-0.023116,0.043829
"prep.indic.B",138,0.01229,-0.023084,0.044826
"prep.indic.B",139,0.012804,-0.022262,0.045232
"prep.indic.B",140,0.01353,-0.021353,0.046569
"prep.indic.B",141,0.01391,-0.022157,0.047494
"prep.indic.B",142,0.014304,-0.02262,0.048083
"prep.indic.B",143,0.013993,-0.021945,0.048199
"prep.indic.B",144,0.01438,-0.022244,0.049111
"prep.indic.B",145,0.015982,-0.020908,0.051274
"prep.indic.B",146,0.017426,-0.018915,0.05268
"prep.indic.B",147,0.018649,-0.017476,0.054061
"prep.indic.B",148,0.01974,-0.017462,0.054909
"prep.indic.B",149,0.020451,-0.016737,0.055661
"prep.indic.B",150,0.020399,-0.016672,0.054859
"num.H",0,1,1,1
"num.H",1,0.9862,0.98546,0.98684
"num.H",2,0.96559,0.96387,0.9671
"num.H",3,0.94506,0.94242,0.94742
"num.H",4,0.92444,0.92092,0.92758
"num.H",5,0.90378,0.89943,0.90794
"num.H",6,0.88314,0.87797,0.88809
"num.H",7,0.86254,0.85651,0.86821
"num.H",8,0.84198,0.8351,0.84853
"num.H",9,0.82134,0.81374,0.82862
"num.H",10,0.80064,0.79224,0.80879
"num.H",11,0.77976,0.77072,0.78862
"num.H",12,0.75871,0.74893,0.76808
"num.H",13,0.7374,0.72688,0.74742
"num.H",14,0.71608,0.70491,0.72705
"num.H",15,0.69471,0.6826,0.70634
"num.H",16,0.67336,0.66085,0.68553
"num.H",17,0.65211,0.63867,0.66496
"num.H",18,0.63091,0.61678,0.64446
"num.H",19,0.60965,0.59481,0.62393
"num.H",20,0.5883,0.57286,0.60324
"num.H",21,0.56693,0.55064,0.58271
"num.H",22,0.54548,0.52863,0.56192
"num.H",23,0.52403,0.5066,0.54122
"num.H",24,0.50241,0.48393,0.52062
"num.H",25,0.48069,0.46169,0.49996
"num.H",26,0.45901,0.43947,0.47932
"num.H",27,0.43739,0.41694,0.45869
"num.H",28,0.41586,0.39423,0.43787
"num.H",29,0.39438,0.37171,0.41745
"num.H",30,0.37306,0.34978,0.39695
"num.H",31,0.35192,0.32794,0.3765
"num.H",32,0.33089,0.30633,0.35605
"num.H",33,0.30996,0.28486,0.33559
"num.H",34,0.28927,0.26362,0.31532
"num.H",35,0.26867,0.24221,0.2951
"num.H",36,0.24818,0.22098,0.27518
"num.H",37,0.2278,0.2,0.25547
"num.H",38,0.20757,0.17927,0.23581
"num.H",39,0.18767,0.15864,0.21646
"num.H",40,0.16802,0.13815,0.19743
"num.H",41,0.1486,0.11794,0.17873
"num.H",42,0.12944,0.097933,0.16037
"num.H",43,0.11048,0.078163,0.14194
"num.H",44,0.091633,0.058834,0.1239
"num.H",45,0.072956,0.039725,0.10551
"num.H",46,0.054533,0.021002,0.087724
"num.H",47,0.036401,0.0027138,0.07004
"num.H",48,0.018665,-0.015381,0.052565
"num.H",49,0.0012427,-0.033084,0.035282
"num.H",50,-0.013467,-0.048127,0.020819
"num.H",51,-0.017566,-0.052043,0.0171
"num.H",52,-0.018995,-0.05407,0.016473
"num.H",53,-0.020584,-0.056157,0.01535
"num.H",54,-0.022112,-0.057806,0.014477
"num.H",55,-0.023533,-0.059339,0.014082
"num.H",56,-0.024917,-0.061176,0.013868
"num.H",57,-0.026301,-0.062653,0.012665
"num.H",58,-0.027676,-0.06399,0.011543
"num.H",59,-0.029,-0.06558,0.010069
"num.H",60,-0.030275,-0.067215,0.0085002
"num.H",61,-0.031433,-0.068805,0.0070648
"num.H",62,-0.032412,-0.070415,0.0058902
"num.H",63,-0.033255,-0.071944,0.0046522
"num.H",64,-0.034158,-0.072656,0.0032861
"num.H",65,-0.034972,-0.073036,0.0025278
"num.H",66,-0.035858,-0.074309,0.0016755
"num.H",67,-0.036764,-0.075547,0.0007758
"num.H",68,-0.037636,-0.076926,-0.00019778
"num.H",69,-0.038388,-0.07829,-0.00075055
"num.H",70,-0.038987,-0.079514,-0.0012995
"num.H",71,-0.039612,-0.080003,-0.001999
"num.H",72,-0.040137,-0.079977,-0.0021879
"num.H",73,-0.040508,-0.080056,-0.0024561
"num.H",74,-0.040769,-0.080272,-0.0022211
"num.H",75,-0.040987,-0.080619,-0.0015803
"num.H",76,-0.041061,-0.080679,-0.0015529
"num.H",77,-0.040944,-0.08069,-0.0022355
"num.H",78,-0.040779,-0.080357,-0.0025687
"num.H",79,-0.040563,-0.080188,-0.0021334
"num.H",80,-0.04031,-0.080083,-0.0015487
"num.H",81,-0.040054,-0.079966,-0.0014113
"num.H",82,-0.039753,-0.07936,-0.001389
"num.H",83,-0.039423,-0.078409,-0.0007223
"num.H",84,-0.039182,-0.077584,-0.0001383
"num.H",85,-0.039061,-0.077541,9.362e-05
"num.H",86,-0.03912,-0.077333,0.00038798
"num.H",87,-0.039266,-0.077252,4.7224e-06
"num.H",88,-0.039428,-0.077944,-0.00026631
"num.H",89,-0.039605,-0.078618,-0.0001687
"num.H",90,-0.039744,-0.079059,-0.00035178
"num.H",91,-0.039966,-0.07987,1.5671e-05
"num.H",92,-0.040083,-0.080119,9.5154e-05
"num.H",93,-0.039908,-0.079925,5.3124e-05
"num.H",94,-0.039583,-0.079086,-0.00034299
"num.H",95,-0.039097,-0.078384,-0.00012286
"num.H",96,-0.038647,-0.077513,0.00034996
"num.H",97,-0.038189,-0.077143,0.0012546
"num.H",98,-0.03766,-0.076917,0.00187
"num.H",99,-0.037069,-0.076277,0.0023835
"num.H",100,-0.036247,-0.075648,0.0036962
"num.H",101,-0.035335,-0.075274,0.0048421
"num.H",102,-0.034362,-0.074399,0.0059311
"num.H",103,-0.033225,-0.073247,0.0073132
"num.H",104,-0.031989,-0.071893,0.0087112
"num.H",105,-0.030807,-0.07059,0.0099241
"num.H",106,-0.029654,-0.069152,0.010807
"num.H",107,-0.028461,-0.067824,0.011603
"num.H",108,-0.02728,-0.066901,0.012957
"num.H",109,-0.026207,-0.066186,0.014162
"num.H",110,-0.02508,-0.064787,0.015344
"num.H",111,-0.023818,-0.063354,0.016332
"num.H",112,-0.022455,-0.061513,0.017503
"num.H",113,-0.021112,-0.059847,0.018345
"num.H",114,-0.019699,-0.05813,0.019696
"num.H",115,-0.018256,-0.05782,0.020622
"num.H",116,-0.016709,-0.056881,0.022079
"num.H",117,-0.01537,-0.055569,0.024078
"num.H",118,-0.014184,-0.055158,0.025021
"num.H",119,-0.012933,-0.054571,0.026121
"num.H",120,-0.011714,-0.053172,0.027022
"num.H",121,-0.010565,-0.051623,0.027883
"num.H",122,-0.0094878,-0.049667,0.028901
"num.H",123,-0.0085174,-0.048694,0.029433
"num.H",124,-0.0073642,-0.047722,0.030103
"num.H",125,-0.0061529,-0.045924,0.030523
"num.H",126,-0.005049,-0.044255,0.031441
"num.H",127,-0.0041764,-0.042912,0.0325
"num.H",128,-0.0032537,-0.04164,0.033836
"num.H",129,-0.0021552,-0.040558,0.034718
"num.H",130,-0.00094079,-0.039366,0.03608
"num.H",131,0.00042944,-0.038206,0.037822
"num.H",132,0.0018288,-0.037183,0.039769
"num.H",133,0.0032673,-0.036046,0.04133
"num.H",134,0.0045759,-0.034639,0.043431
"num.H",135,0.0058341,-0.033621,0.044953
"num.H",136,0.0072454,-0.032197,0.046407
"num.H",137,0.0088051,-0.031399,0.04774
"num.H",138,0.010348,-0.030349,0.04936
"num.H",139,0.011851,-0.029044,0.051655
"num.H",140,0.013349,-0.027627,0.053891
"num.H",141,0.014967,-0.026502,0.055814
"num.H",142,0.016479,-0.02572,0.057376
"num.H",143,0.017671,-0.024796,0.058131
"num.H",144,0.018502,-0.02386,0.058912
"num.H",145,0.01904,-0.023842,0.058898
"num.H",146,0.01948,-0.024018,0.059135
"num.H",147,0.020089,-0.023767,0.059529
"num.H",148,0.020989,-0.023196,0.059798
"num.H",149,0.021936,-0.022723,0.060715
"num.H",150,0.022747,-0.021801,0.060951
"hiv.inf.H",0,1,1,1
"hiv.inf.H",1,0.97606,0.97514,0.97686
"hiv.inf.H",2,0.93995,0.9377,0.94197
"hiv.inf.H",3,0.90396,0.90052,0.90721
"hiv.inf.H",4,0.86818,0.86358,0.87257
"hiv.inf.H",5,0.83287,0.82711,0.83841
"hiv.inf.H",6,0.7981,0.79143,0.80462
"hiv.inf.H",7,0.76385,0.75631,0.77111
"hiv.inf.H",8,0.73004,0.72139,0.73827
"hiv.inf.H",9,0.69664,0.68699,0.70582
"hiv.inf.H",10,0.66369,0.65307,0.67394
"hiv.inf.H",11,0.63151,0.61995,0.643
"hiv.inf.H",12,0.6,0.58765,0.61229
"hiv.inf.H",13,0.56924,0.55579,0.58222
"hiv.inf.H",14,0.53912,0.52444,0.55273
"hiv.inf.H",15,0.50963,0.49359,0.52383
"hiv.inf.H",16,0.48088,0.46391,0.49591
"hiv.inf.H",17,0.45288,0.43523,0.46862
"hiv.inf.H",18,0.42546,0.40656,0.44153
"hiv.inf.H",19,0.39898,0.379,0.41585
"hiv.inf.H",20,0.37371,0.35238,0.39173
"hiv.inf.H",21,0.34949,0.32714,0.36832
"hiv.inf.H",22,0.32625,0.30343,0.34536
"hiv.inf.H",23,0.30408,0.28085,0.32377
"hiv.inf.H",24,0.28311,0.25917,0.30276
"hiv.inf.H",25,0.26318,0.23876,0.28388
"hiv.inf.H",26,0.24425,0.21933,0.26555
"hiv.inf.H",27,0.22627,0.20103,0.24814
"hiv.inf.H",28,0.20919,0.18364,0.23185
"hiv.inf.H",29,0.19314,0.16732,0.21595
"hiv.inf.H",30,0.17807,0.15196,0.20126
"hiv.inf.H",31,0.16385,0.13691,0.18741
"hiv.inf.H",32,0.15059,0.12316,0.1747
"hiv.inf.H",33,0.13826,0.11031,0.16242
"hiv.inf.H",34,0.12702,0.098673,0.15138
"hiv.inf.H",35,0.11676,0.088549,0.14152
"hiv.inf.H",36,0.10734,0.079455,0.13239
"hiv.inf.H",37,0.098764,0.070571,0.12379
"hiv.inf.H",38,0.091065,0.062529,0.11628
"hiv.inf.H",39,0.083923,0.055143,0.10881
"hiv.inf.H",40,0.077379,0.048335,0.10282
"hiv.inf.H",41,0.071488,0.042579,0.097344
"hiv.inf.H",42,0.06641,0.038204,0.092208
"hiv.inf.H",43,0.061929,0.033462,0.087014
"hiv.inf.H",44,0.058055,0.029633,0.083842
"hiv.inf.H",45,0.054873,0.026703,0.081429
"hiv.inf.H",46,0.052109,0.02424,0.078527
"hiv.inf.H",47,0.049705,0.021631,0.07596
"hiv.inf.H",48,0.04776,0.019433,0.074072
"hiv.inf.H",49,0.046367,0.018357,0.072556
"hiv.inf.H",50,0.045335,0.017708,0.071554
"hiv.inf.H",51,0.044595,0.016792,0.070817
"hiv.inf.H",52,0.043938,0.016283,0.070266
"hiv.inf.H",53,0.043304,0.015748,0.069237
"hiv.inf.H",54,0.042819,0.014815,0.068536
"hiv.inf.H",55,0.042471,0.013989,0.067933
"hiv.inf.H",56,0.04222,0.013792,0.066769
"hiv.inf.H",57,0.042075,0.014386,0.067008
"hiv.inf.H",58,0.042056,0.014354,0.067004
"hiv.inf.H",59,0.042033,0.01502,0.066222
"hiv.inf.H",60,0.042058,0.015219,0.067003
"hiv.inf.H",61,0.042412,0.015682,0.06741
"hiv.inf.H",62,0.04275,0.015372,0.068016
"hiv.inf.H",63,0.043069,0.015831,0.067933
"hiv.inf.H",64,0.043309,0.016552,0.067287
"hiv.inf.H",65,0.043483,0.016775,0.06714
"hiv.inf.H",66,0.043894,0.01704,0.068067
"hiv.inf.H",67,0.044214,0.017168,0.068367
"hiv.inf.H",68,0.044488,0.017171,0.068893
"hiv.inf.H",69,0.044697,0.017389,0.069529
"hiv.inf.H",70,0.044856,0.016624,0.070626
"hiv.inf.H",71,0.044748,0.015565,0.070946
"hiv.inf.H",72,0.044629,0.015025,0.070558
"hiv.inf.H",73,0.044726,0.014724,0.070047
"hiv.inf.H",74,0.044691,0.014799,0.069815
"hiv.inf.H",75,0.044663,0.014474,0.070265
"hiv.inf.H",76,0.044585,0.014286,0.07055
"hiv.inf.H",77,0.044697,0.014613,0.07066
"hiv.inf.H",78,0.04453,0.014236,0.070546
"hiv.inf.H",79,0.044038,0.014001,0.070331
"hiv.inf.H",80,0.043376,0.013588,0.069181
"hiv.inf.H",81,0.042789,0.013086,0.068942
"hiv.inf.H",82,0.042319,0.012399,0.068844
"hiv.inf.H",83,0.041792,0.011565,0.068447
"hiv.inf.H",84,0.041234,0.010933,0.067835
"hiv.inf.H",85,0.040675,0.010571,0.067564
"hiv.inf.H",86,0.040156,0.010245,0.067456
"hiv.inf.H",87,0.039498,0.0094392,0.066948
"hiv.inf.H",88,0.038567,0.0074662,0.065658
"hiv.inf.H",89,0.037401,0.0060757,0.064617
"hiv.inf.H",90,0.035988,0.00421,0.06277
"hiv.inf.H",91,0.034223,0.0024366,0.059844
"hiv.inf.H",92,0.032271,0.001109,0.057668
"hiv.inf.H",93,0.030362,-0.00046253,0.055554
"hiv.inf.H",94,0.028228,-0.0020381,0.053461
"hiv.inf.H",95,0.026065,-0.0035248,0.051424
"hiv.inf.H",96,0.023767,-0.005752,0.048996
"hiv.inf.H",97,0.021357,-0.0085252,0.047155
"hiv.inf.H",98,0.019093,-0.010653,0.045286
"hiv.inf.H",99,0.01699,-0.012461,0.042924
"hiv.inf.H",100,0.014911,-0.01424,0.040617
"hiv.inf.H",101,0.012921,-0.016369,0.038879
"hiv.inf.H",102,0.011387,-0.018086,0.037487
"hiv.inf.H",103,0.0099738,-0.019735,0.035958
"hiv.inf.H",104,0.0087392,-0.020805,0.034711
"hiv.inf.H",105,0.0073939,-0.022664,0.033361
"hiv.inf.H",106,0.0060612,-0.024611,0.032198
"hiv.inf.H",107,0.0049059,-0.025905,0.031362
"hiv.inf.H",108,0.0038387,-0.027709,0.030789
"hiv.inf.H",109,0.002834,-0.029497,0.030471
"hiv.inf.H",110,0.0019807,-0.030754,0.030142
"hiv.inf.H",111,0.0011568,-0.031421,0.029771
"hiv.inf.H",112,0.0010038,-0.031873,0.029753
"hiv.inf.H",113,0.0013368,-0.031757,0.030086
"hiv.inf.H",114,0.0016193,-0.03262,0.030464
"hiv.inf.H",115,0.0016957,-0.033375,0.030989
"hiv.inf.H",116,0.0017479,-0.034108,0.030709
"hiv.inf.H",117,0.0018063,-0.034411,0.031154
"hiv.inf.H",118,0.0017987,-0.034306,0.031735
"hiv.inf.H",119,0.0016684,-0.033563,0.03189
"hiv.inf.H",120,0.0015741,-0.033746,0.031777
"hiv.inf.H",121,0.0013569,-0.034015,0.032014
"hiv.inf.H",122,0.00089425,-0.034142,0.031905
"hiv.inf.H",123,0.00048322,-0.033997,0.031653
"hiv.inf.H",124,-0.00021148,-0.03418,0.031132
"hiv.inf.H",125,-0.00087598,-0.034717,0.030495
"hiv.inf.H",126,-0.0011712,-0.034536,0.029973
"hiv.inf.H",127,-0.0011123,-0.033658,0.029969
"hiv.inf.H",128,-0.00068251,-0.032741,0.030799
"hiv.inf.H",129,-0.00015297,-0.031801,0.032531
"hiv.inf.H",130,0.0002093,-0.031264,0.033275
"hiv.inf.H",131,0.00061464,-0.030529,0.033717
"hiv.inf.H",132,0.0010276,-0.029746,0.03419
"hiv.inf.H",133,0.0014979,-0.02882,0.035481
"hiv.inf.H",134,0.0018713,-0.028889,0.0358
"hiv.inf.H",135,0.0023353,-0.028624,0.036079
"hiv.inf.H",136,0.0029111,-0.028433,0.036338
"hiv.inf.H",137,0.0034489,-0.027606,0.036407
"hiv.inf.H",138,0.0037369,-0.027057,0.036309
"hiv.inf.H",139,0.0040626,-0.027524,0.036508
"hiv.inf.H",140,0.0047022,-0.02689,0.037053
"hiv.inf.H",141,0.0054561,-0.026075,0.037808
"hiv.inf.H",142,0.0063202,-0.025159,0.038561
"hiv.inf.H",143,0.0072834,-0.023929,0.039171
"hiv.inf.H",144,0.0080704,-0.023152,0.040003
"hiv.inf.H",145,0.0091141,-0.02154,0.040976
"hiv.inf.H",146,0.010381,-0.020211,0.042139
"hiv.inf.H",147,0.011616,-0.019116,0.043348
"hiv.inf.H",148,0.012552,-0.018147,0.044647
"hiv.inf.H",149,0.013426,-0.017082,0.046218
"hiv.inf.H",150,0.014178,-0.015545,0.047019
"hiv.dx.H",0,1,1,1
"hiv.dx.H",1,0.97398,0.97293,0.97495
"hiv.dx.H",2,0.93478,0.93231,0.93715
"hiv.dx.H",3,0.89588,0.89183,0.89967
"hiv.dx.H",4,0.8575,0.85204,0.86285
"hiv.dx.H",5,0.81961,0.81265,0.82626
"hiv.dx.H",6,0.78214,0.77367,0.79038
"hiv.dx.H",7,0.74521,0.73547,0.75464
"hiv.dx.H",8,0.70922,0.69843,0.71972
"hiv.dx.H",9,0.67418,0.66227,0.68582
"hiv.dx.H",10,0.64012,0.62713,0.65252
"hiv.dx.H",11,0.60691,0.59295,0.61995
"hiv.dx.H",12,0.57445,0.55918,0.58842
"hiv.dx.H",13,0.54275,0.52651,0.55781
"hiv.dx.H",14,0.51187,0.49451,0.52806
"hiv.dx.H",15,0.48174,0.46344,0.49857
"hiv.dx.H",16,0.45285,0.43397,0.47067
"hiv.dx.H",17,0.42507,0.4058,0.44376
"hiv.dx.H",18,0.39832,0.37848,0.41758
"hiv.dx.H",19,0.37268,0.35194,0.39253
"hiv.dx.H",20,0.34827,0.32674,0.36871
"hiv.dx.H",21,0.32497,0.30235,0.34607
"hiv.dx.H",22,0.30264,0.27967,0.32418
"hiv.dx.H",23,0.28149,0.25791,0.30345
"hiv.dx.H",24,0.26133,0.23676,0.28345
"hiv.dx.H",25,0.24231,0.2177,0.26482
"hiv.dx.H",26,0.22451,0.19927,0.24739
"hiv.dx.H",27,0.20774,0.18229,0.23096
"hiv.dx.H",28,0.19197,0.1664,0.21544
"hiv.dx.H",29,0.17731,0.1513,0.20102
"hiv.dx.H",30,0.1637,0.13751,0.18757
"hiv.dx.H",31,0.15099,0.12501,0.17483
"hiv.dx.H",32,0.13909,0.11327,0.16329
"hiv.dx.H",33,0.12817,0.10187,0.15296
"hiv.dx.H",34,0.11814,0.091623,0.14351
"hiv.dx.H",35,0.10918,0.082925,0.13518
"hiv.dx.H",36,0.10109,0.074847,0.12739
"hiv.dx.H",37,0.0938,0.0667,0.12038
"hiv.dx.H",38,0.087227,0.059929,0.11401
"hiv.dx.H",39,0.081367,0.054085,0.10828
"hiv.dx.H",40,0.076138,0.048385,0.103
"hiv.dx.H",41,0.071498,0.043876,0.098388
"hiv.dx.H",42,0.067652,0.040406,0.095006
"hiv.dx.H",43,0.064222,0.036879,0.091787
"hiv.dx.H",44,0.061027,0.033702,0.088326
"hiv.dx.H",45,0.058227,0.030417,0.084874
"hiv.dx.H",46,0.055797,0.028042,0.082334
"hiv.dx.H",47,0.053637,0.025317,0.080069
"hiv.dx.H",48,0.051693,0.023412,0.077491
"hiv.dx.H",49,0.050066,0.022108,0.075398
"hiv.dx.H",50,0.048599,0.020613,0.073948
"hiv.dx.H",51,0.047449,0.019582,0.072737
"hiv.dx.H",52,0.04641,0.01875,0.071
"hiv.dx.H",53,0.045413,0.018017,0.070058
"hiv.dx.H",54,0.044571,0.017484,0.069591
"hiv.dx.H",55,0.04387,0.016765,0.069186
"hiv.dx.H",56,0.043428,0.016046,0.068979
"hiv.dx.H",57,0.043383,0.016053,0.069165
"hiv.dx.H",58,0.043394,0.016,0.069736
"hiv.dx.H",59,0.043485,0.016372,0.070089
"hiv.dx.H",60,0.043511,0.017204,0.070659
"hiv.dx.H",61,0.043667,0.017522,0.071263
"hiv.dx.H",62,0.043949,0.018128,0.071713
"hiv.dx.H",63,0.044099,0.018391,0.072064
"hiv.dx.H",64,0.044137,0.018228,0.07272
"hiv.dx.H",65,0.044394,0.018249,0.073556
"hiv.dx.H",66,0.044776,0.018288,0.074347
"hiv.dx.H",67,0.045071,0.018064,0.074769
"hiv.dx.H",68,0.045602,0.018102,0.07531
"hiv.dx.H",69,0.046053,0.0186,0.076399
"hiv.dx.H",70,0.046214,0.017977,0.076706
"hiv.dx.H",71,0.045998,0.017683,0.076066
"hiv.dx.H",72,0.045612,0.017158,0.075833
"hiv.dx.H",73,0.045323,0.016414,0.075593
"hiv.dx.H",74,0.045065,0.015318,0.075323
"hiv.dx.H",75,0.044498,0.014243,0.07481
"hiv.dx.H",76,0.043737,0.013818,0.073903
"hiv.dx.H",77,0.043181,0.012769,0.072846
"hiv.dx.H",78,0.042359,0.011124,0.072218
"hiv.dx.H",79,0.041341,0.0088466,0.07063
"hiv.dx.H",80,0.040492,0.0076687,0.069647
"hiv.dx.H",81,0.039801,0.0072196,0.069678
"hiv.dx.H",82,0.0392,0.0066315,0.069383
"hiv.dx.H",83,0.038608,0.0056814,0.06853
"hiv.dx.H",84,0.037942,0.0049258,0.067821
"hiv.dx.H",85,0.03741,0.0040609,0.067227
"hiv.dx.H",86,0.036859,0.003267,0.066554
"hiv.dx.H",87,0.036516,0.0027722,0.066108
"hiv.dx.H",88,0.036173,0.0021685,0.065705
"hiv.dx.H",89,0.035596,0.0018706,0.064924
"hiv.dx.H",90,0.034704,0.0020502,0.063412
"hiv.dx.H",91,0.033483,0.0018087,0.061429
"hiv.dx.H",92,0.032068,0.00033244,0.059846
"hiv.dx.H",93,0.030767,-0.00034893,0.058162
"hiv.dx.H",94,0.029352,-0.0012936,0.056724
"hiv.dx.H",95,0.027924,-0.0023303,0.054942
"hiv.dx.H",96,0.026383,-0.0032658,0.05359
"hiv.dx.H",97,0.024292,-0.0044598,0.052487
"hiv.dx.H",98,0.022248,-0.0062214,0.050885
"hiv.dx.H",99,0.020433,-0.007831,0.049235
"hiv.dx.H",100,0.018679,-0.0095965,0.048169
"hiv.dx.H",101,0.017057,-0.011167,0.047236
"hiv.dx.H",102,0.015593,-0.012623,0.046606
"hiv.dx.H",103,0.014246,-0.014651,0.04547
"hiv.dx.H",104,0.013003,-0.016639,0.043662
"hiv.dx.H",105,0.011678,-0.018828,0.042009
"hiv.dx.H",106,0.010408,-0.020668,0.040935
"hiv.dx.H",107,0.0095039,-0.02204,0.040366
"hiv.dx.H",108,0.008908,-0.023245,0.040122
"hiv.dx.H",109,0.0081068,-0.024459,0.039689
"hiv.dx.H",110,0.0075839,-0.025144,0.039662
"hiv.dx.H",111,0.0074036,-0.025225,0.039805
"hiv.dx.H",112,0.0075507,-0.024701,0.040186
"hiv.dx.H",113,0.0079672,-0.024918,0.04072
"hiv.dx.H",114,0.0084927,-0.024919,0.040941
"hiv.dx.H",115,0.0086972,-0.024905,0.041393
"hiv.dx.H",116,0.0086956,-0.024445,0.041405
"hiv.dx.H",117,0.008509,-0.023887,0.040874
"hiv.dx.H",118,0.008174,-0.023836,0.040566
"hiv.dx.H",119,0.0077412,-0.023628,0.040132
"hiv.dx.H",120,0.0075194,-0.023687,0.039692
"hiv.dx.H",121,0.0071722,-0.023961,0.039772
"hiv.dx.H",122,0.0064968,-0.025075,0.038224
"hiv.dx.H",123,0.0057021,-0.026379,0.037482
"hiv.dx.H",124,0.0048737,-0.027171,0.037256
"hiv.dx.H",125,0.0041889,-0.027574,0.037245
"hiv.dx.H",126,0.0035307,-0.028059,0.037034
"hiv.dx.H",127,0.002934,-0.02849,0.036954
"hiv.dx.H",128,0.0024431,-0.02866,0.036747
"hiv.dx.H",129,0.0022881,-0.028694,0.035719
"hiv.dx.H",130,0.0025606,-0.027875,0.035804
"hiv.dx.H",131,0.0029485,-0.027242,0.036162
"hiv.dx.H",132,0.0035204,-0.026574,0.036264
"hiv.dx.H",133,0.0043103,-0.026077,0.036748
"hiv.dx.H",134,0.0051526,-0.02486,0.036815
"hiv.dx.H",135,0.0060748,-0.023394,0.03686
"hiv.dx.H",136,0.0071277,-0.021572,0.037733
"hiv.dx.H",137,0.0080439,-0.020091,0.039253
"hiv.dx.H",138,0.0087364,-0.019702,0.039525
"hiv.dx.H",139,0.0091878,-0.019443,0.039502
"hiv.dx.H",140,0.0094113,-0.018945,0.038795
"hiv.dx.H",141,0.0097857,-0.017961,0.038073
"hiv.dx.H",142,0.010281,-0.017706,0.038196
"hiv.dx.H",143,0.011021,-0.01625,0.038999
"hiv.dx.H",144,0.012003,-0.015658,0.04032
"hiv.dx.H",145,0.013051,-0.01507,0.041507
"hiv.dx.H",146,0.014037,-0.014355,0.042619
"hiv.dx.H",147,0.015165,-0.013555,0.043069
"hiv.dx.H",148,0.016343,-0.013248,0.044545
"hiv.dx.H",149,0.017769,-0.012355,0.045273
"hiv.dx.H",150,0.019127,-0.011056,0.046331
"hiv.tx.H",0,1,1,1
"hiv.tx.H",1,0.92152,0.91973,0.92389
"hiv.tx.H",2,0.8215,0.81727,0.82692
"hiv.tx.H",3,0.74021,0.73396,0.74808
"hiv.tx.H",4,0.67384,0.66607,0.6834
"hiv.tx.H",5,0.61968,0.61034,0.63079
"hiv.tx.H",6,0.57394,0.56349,0.58671
"hiv.tx.H",7,0.53396,0.52237,0.54743
"hiv.tx.H",8,0.49875,0.48647,0.51267
"hiv.tx.H",9,0.46733,0.45445,0.48172
"hiv.tx.H",10,0.43962,0.42634,0.45391
"hiv.tx.H",11,0.41443,0.40032,0.42919
"hiv.tx.H",12,0.38988,0.37574,0.40555
"hiv.tx.H",13,0.36636,0.35165,0.38254
"hiv.tx.H",14,0.34411,0.32884,0.36067
"hiv.tx.H",15,0.32316,0.30737,0.33992
"hiv.tx.H",16,0.30326,0.28702,0.32041
"hiv.tx.H",17,0.28377,0.26748,0.30106
"hiv.tx.H",18,0.26493,0.24792,0.2824
"hiv.tx.H",19,0.24743,0.23012,0.26475
"hiv.tx.H",20,0.23022,0.21304,0.24764
"hiv.tx.H",21,0.21408,0.19637,0.23152
"hiv.tx.H",22,0.1988,0.18059,0.21698
"hiv.tx.H",23,0.18433,0.16611,0.20396
"hiv.tx.H",24,0.17075,0.15194,0.18996
"hiv.tx.H",25,0.15832,0.13854,0.17764
"hiv.tx.H",26,0.14704,0.12608,0.16601
"hiv.tx.H",27,0.13603,0.11492,0.15504
"hiv.tx.H",28,0.12577,0.10479,0.14511
"hiv.tx.H",29,0.11655,0.095115,0.13654
"hiv.tx.H",30,0.10825,0.086627,0.12863
"hiv.tx.H",31,0.099827,0.078436,0.1204
"hiv.tx.H",32,0.092085,0.071087,0.11223
"hiv.tx.H",33,0.085685,0.065174,0.1055
"hiv.tx.H",34,0.079883,0.059321,0.099351
"hiv.tx.H",35,0.07446,0.054521,0.094127
"hiv.tx.H",36,0.068965,0.048715,0.087637
"hiv.tx.H",37,0.063559,0.043272,0.082631
"hiv.tx.H",38,0.058687,0.038854,0.078025
"hiv.tx.H",39,0.054623,0.034586,0.074779
"hiv.tx.H",40,0.051249,0.031514,0.071476
"hiv.tx.H",41,0.048037,0.028144,0.068427
"hiv.tx.H",42,0.04557,0.024912,0.066544
"hiv.tx.H",43,0.04407,0.023605,0.065557
"hiv.tx.H",44,0.041965,0.021573,0.06327
"hiv.tx.H",45,0.039569,0.01897,0.061381
"hiv.tx.H",46,0.037844,0.017262,0.059765
"hiv.tx.H",47,0.036235,0.015754,0.058217
"hiv.tx.H",48,0.034888,0.014272,0.056979
"hiv.tx.H",49,0.034209,0.014052,0.055929
"hiv.tx.H",50,0.033252,0.013658,0.054824
"hiv.tx.H",51,0.031589,0.011767,0.052097
"hiv.tx.H",52,0.030166,0.010072,0.051048
"hiv.tx.H",53,0.029326,0.0086376,0.049632
"hiv.tx.H",54,0.028017,0.0076631,0.048364
"hiv.tx.H",55,0.026417,0.0052081,0.046744
"hiv.tx.H",56,0.024736,0.00235,0.044762
"hiv.tx.H",57,0.02387,0.0010011,0.044131
"hiv.tx.H",58,0.023697,0.0011144,0.043447
"hiv.tx.H",59,0.024085,0.0019309,0.042596
"hiv.tx.H",60,0.024362,0.0031021,0.042303
"hiv.tx.H",61,0.025359,0.0039774,0.043406
"hiv.tx.H",62,0.026671,0.0054661,0.044645
"hiv.tx.H",63,0.028049,0.0068856,0.046337
"hiv.tx.H",64,0.029045,0.0078399,0.047516
"hiv.tx.H",65,0.030529,0.0096581,0.049264
"hiv.tx.H",66,0.031255,0.011353,0.05068
"hiv.tx.H",67,0.031163,0.010604,0.0506
"hiv.tx.H",68,0.030947,0.0099966,0.050537
"hiv.tx.H",69,0.031022,0.0098584,0.050685
"hiv.tx.H",70,0.030911,0.010039,0.050819
"hiv.tx.H",71,0.030598,0.0094695,0.051308
"hiv.tx.H",72,0.030983,0.010231,0.051268
"hiv.tx.H",73,0.032366,0.011291,0.052439
"hiv.tx.H",74,0.033915,0.012225,0.054046
"hiv.tx.H",75,0.03419,0.012477,0.054217
"hiv.tx.H",76,0.034327,0.012448,0.054291
"hiv.tx.H",77,0.034889,0.012175,0.055166
"hiv.tx.H",78,0.034856,0.012414,0.055389
"hiv.tx.H",79,0.03496,0.012058,0.055821
"hiv.tx.H",80,0.035098,0.01235,0.05574
"hiv.tx.H",81,0.035453,0.012841,0.056242
"hiv.tx.H",82,0.036073,0.013253,0.05681
"hiv.tx.H",83,0.036268,0.013534,0.056788
"hiv.tx.H",84,0.035282,0.012263,0.056477
"hiv.tx.H",85,0.033891,0.010051,0.055907
"hiv.tx.H",86,0.031973,0.0079051,0.054542
"hiv.tx.H",87,0.030494,0.0065739,0.053419
"hiv.tx.H",88,0.029992,0.0064709,0.051944
"hiv.tx.H",89,0.029621,0.0060225,0.052343
"hiv.tx.H",90,0.029035,0.0057006,0.051488
"hiv.tx.H",91,0.027888,0.0048146,0.050344
"hiv.tx.H",92,0.025694,0.0020907,0.048164
"hiv.tx.H",93,0.023666,-0.00058351,0.046264
"hiv.tx.H",94,0.021999,-0.0020331,0.044648
"hiv.tx.H",95,0.020295,-0.0032253,0.043352
"hiv.tx.H",96,0.01891,-0.0053908,0.041592
"hiv.tx.H",97,0.016382,-0.007923,0.039087
"hiv.tx.H",98,0.014129,-0.010554,0.036808
"hiv.tx.H",99,0.012272,-0.013425,0.034996
"hiv.tx.H",100,0.010122,-0.014927,0.032698
"hiv.tx.H",101,0.0081832,-0.01584,0.030271
"hiv.tx.H",102,0.006709,-0.017306,0.028438
"hiv.tx.H",103,0.0048466,-0.019589,0.026523
"hiv.tx.H",104,0.0024025,-0.022495,0.023852
"hiv.tx.H",105,0.0010225,-0.024083,0.022567
"hiv.tx.H",106,1.8509e-05,-0.02528,0.021672
"hiv.tx.H",107,-0.0011158,-0.025827,0.020601
"hiv.tx.H",108,-0.0020591,-0.02676,0.019903
"hiv.tx.H",109,-0.0022597,-0.026804,0.019887
"hiv.tx.H",110,-0.0016173,-0.025517,0.019913
"hiv.tx.H",111,-0.00030991,-0.025083,0.020708
"hiv.tx.H",112,0.0013273,-0.022756,0.021775
"hiv.tx.H",113,0.0030895,-0.020054,0.024529
"hiv.tx.H",114,0.0036646,-0.019915,0.026227
"hiv.tx.H",115,0.0040267,-0.01964,0.026663
"hiv.tx.H",116,0.0037846,-0.02068,0.026238
"hiv.tx.H",117,0.0031533,-0.021067,0.025424
"hiv.tx.H",118,0.0032512,-0.021059,0.025017
"hiv.tx.H",119,0.0027408,-0.021453,0.024267
"hiv.tx.H",120,0.0028041,-0.020901,0.024514
"hiv.tx.H",121,0.0031732,-0.020212,0.026104
"hiv.tx.H",122,0.0032148,-0.020703,0.025856
"hiv.tx.H",123,0.0037243,-0.02035,0.025912
"hiv.tx.H",124,0.0036127,-0.019968,0.026654
"hiv.tx.H",125,0.0035068,-0.021072,0.026544
"hiv.tx.H",126,0.0030286,-0.021069,0.026261
"hiv.tx.H",127,0.0019662,-0.021577,0.024622
"hiv.tx.H",128,0.0017367,-0.022665,0.023585
"hiv.tx.H",129,0.0017849,-0.023408,0.022789
"hiv.tx.H",130,0.0024539,-0.022979,0.023758
"hiv.tx.H",131,0.0029437,-0.023503,0.025206
"hiv.tx.H",132,0.0040595,-0.022204,0.026401
"hiv.tx.H",133,0.0060985,-0.020007,0.028863
"hiv.tx.H",134,0.0074037,-0.018249,0.030609
"hiv.tx.H",135,0.0083737,-0.016589,0.031481
"hiv.tx.H",136,0.0086623,-0.015681,0.031245
"hiv.tx.H",137,0.0083941,-0.01548,0.03048
"hiv.tx.H",138,0.008689,-0.01545,0.031238
"hiv.tx.H",139,0.0091056,-0.0149,0.031482
"hiv.tx.H",140,0.0090557,-0.014739,0.031141
"hiv.tx.H",141,0.0091216,-0.014406,0.030795
"hiv.tx.H",142,0.0088833,-0.014716,0.030734
"hiv.tx.H",143,0.0085523,-0.015009,0.030619
"hiv.tx.H",144,0.0080417,-0.015362,0.030198
"hiv.tx.H",145,0.0072199,-0.015581,0.028731
"hiv.tx.H",146,0.0067093,-0.015565,0.02811
"hiv.tx.H",147,0.0069337,-0.015333,0.028641
"hiv.tx.H",148,0.008308,-0.013646,0.030111
"hiv.tx.H",149,0.0099846,-0.012265,0.031404
"hiv.tx.H",150,0.011597,-0.010491,0.032579
"hiv.supp.H",0,1,1,1
"hiv.supp.H",1,0.92094,0.91849,0.92317
"hiv.supp.H",2,0.82026,0.81478,0.8255
"hiv.supp.H",3,0.73844,0.73105,0.74607
"hiv.supp.H",4,0.67177,0.6626,0.68128
"hiv.supp.H",5,0.61724,0.60635,0.62827
"hiv.supp.H",6,0.57123,0.55899,0.58331
"hiv.supp.H",7,0.53113,0.51723,0.54429
"hiv.supp.H",8,0.49576,0.48056,0.50951
"hiv.supp.H",9,0.46413,0.44918,0.47855
"hiv.supp.H",10,0.43638,0.4215,0.45173
"hiv.supp.H",11,0.41115,0.39599,0.42591
"hiv.supp.H",12,0.38667,0.37058,0.40205
"hiv.supp.H",13,0.36309,0.34645,0.37925
"hiv.supp.H",14,0.34082,0.32331,0.35696
"hiv.supp.H",15,0.31987,0.30174,0.33596
"hiv.supp.H",16,0.30003,0.28112,0.31588
"hiv.supp.H",17,0.28052,0.261,0.2968
"hiv.supp.H",18,0.26177,0.24198,0.27819
"hiv.supp.H",19,0.24429,0.22462,0.2607
"hiv.supp.H",20,0.22729,0.2077,0.24399
"hiv.supp.H",21,0.21115,0.19145,0.22858
"hiv.supp.H",22,0.19608,0.17585,0.21408
"hiv.supp.H",23,0.18163,0.16223,0.19973
"hiv.supp.H",24,0.16814,0.14953,0.18604
"hiv.supp.H",25,0.15607,0.13757,0.17334
"hiv.supp.H",26,0.14486,0.12559,0.16218
"hiv.supp.H",27,0.13415,0.11494,0.15184
"hiv.supp.H",28,0.12401,0.10469,0.14203
"hiv.supp.H",29,0.11484,0.095329,0.13392
"hiv.supp.H",30,0.10651,0.087268,0.12511
"hiv.supp.H",31,0.09804,0.079213,0.11691
"hiv.supp.H",32,0.090457,0.0721,0.10907
"hiv.supp.H",33,0.084181,0.065455,0.1032
"hiv.supp.H",34,0.078547,0.059579,0.097891
"hiv.supp.H",35,0.073145,0.054051,0.092029
"hiv.supp.H",36,0.06773,0.04816,0.085952
"hiv.supp.H",37,0.062305,0.04264,0.080772
"hiv.supp.H",38,0.057536,0.037559,0.075729
"hiv.supp.H",39,0.053535,0.033121,0.071569
"hiv.supp.H",40,0.050421,0.030274,0.068521
"hiv.supp.H",41,0.047322,0.027084,0.065676
"hiv.supp.H",42,0.04488,0.024654,0.063558
"hiv.supp.H",43,0.043355,0.023123,0.062047
"hiv.supp.H",44,0.041459,0.021416,0.060303
"hiv.supp.H",45,0.039097,0.019516,0.058451
"hiv.supp.H",46,0.037346,0.017577,0.057044
"hiv.supp.H",47,0.035864,0.015635,0.05555
"hiv.supp.H",48,0.034556,0.014387,0.054129
"hiv.supp.H",49,0.033836,0.014322,0.053233
"hiv.supp.H",50,0.032833,0.013412,0.052322
"hiv.supp.H",51,0.031221,0.011965,0.050481
"hiv.supp.H",52,0.029815,0.010452,0.049804
"hiv.supp.H",53,0.028838,0.0085594,0.049237
"hiv.supp.H",54,0.027549,0.0069513,0.048679
"hiv.supp.H",55,0.025944,0.0062045,0.047256
"hiv.supp.H",56,0.024222,0.0047441,0.045452
"hiv.supp.H",57,0.023339,0.0032709,0.045048
"hiv.supp.H",58,0.023228,0.0029427,0.045288
"hiv.supp.H",59,0.023622,0.0036431,0.044772
"hiv.supp.H",60,0.023954,0.0045281,0.045254
"hiv.supp.H",61,0.024873,0.00603,0.046112
"hiv.supp.H",62,0.026143,0.0075561,0.047254
"hiv.supp.H",63,0.027624,0.0083867,0.047682
"hiv.supp.H",64,0.028514,0.0094428,0.048701
"hiv.supp.H",65,0.03009,0.010771,0.05057
"hiv.supp.H",66,0.030807,0.011401,0.051122
"hiv.supp.H",67,0.030733,0.011632,0.05038
"hiv.supp.H",68,0.03063,0.011324,0.049895
"hiv.supp.H",69,0.030551,0.01091,0.050337
"hiv.supp.H",70,0.030328,0.010823,0.050394
"hiv.supp.H",71,0.030142,0.011401,0.050044
"hiv.supp.H",72,0.030498,0.011486,0.051031
"hiv.supp.H",73,0.031964,0.01228,0.052557
"hiv.supp.H",74,0.033478,0.013867,0.054077
"hiv.supp.H",75,0.033964,0.014208,0.054392
"hiv.supp.H",76,0.034155,0.013367,0.054575
"hiv.supp.H",77,0.034584,0.01363,0.054951
"hiv.supp.H",78,0.034531,0.013888,0.055254
"hiv.supp.H",79,0.034622,0.014312,0.055533
"hiv.supp.H",80,0.034826,0.014398,0.056116
"hiv.supp.H",81,0.035195,0.014667,0.056242
"hiv.supp.H",82,0.035835,0.014996,0.057269
"hiv.supp.H",83,0.036096,0.014656,0.05781
"hiv.supp.H",84,0.035246,0.013657,0.057318
"hiv.supp.H",85,0.033773,0.012311,0.056011
"hiv.supp.H",86,0.031698,0.010538,0.053701
"hiv.supp.H",87,0.030105,0.0090554,0.051609
"hiv.supp.H",88,0.029607,0.0084957,0.051728
"hiv.supp.H",89,0.029286,0.0075634,0.051427
"hiv.supp.H",90,0.028703,0.0070764,0.050746
"hiv.supp.H",91,0.027565,0.0065251,0.049777
"hiv.supp.H",92,0.025327,0.0038737,0.047731
"hiv.supp.H",93,0.023312,0.0021994,0.04603
"hiv.supp.H",94,0.021714,0.00093303,0.044015
"hiv.supp.H",95,0.02007,-0.00078043,0.041969
"hiv.supp.H",96,0.018641,-0.0017177,0.041048
"hiv.supp.H",97,0.016225,-0.0038163,0.038614
"hiv.supp.H",98,0.013936,-0.0061055,0.036001
"hiv.supp.H",99,0.012087,-0.0086248,0.033984
"hiv.supp.H",100,0.0099525,-0.011125,0.03203
"hiv.supp.H",101,0.0079806,-0.014301,0.030219
"hiv.supp.H",102,0.0066605,-0.016262,0.029519
"hiv.supp.H",103,0.0046976,-0.017894,0.027746
"hiv.supp.H",104,0.0023131,-0.020687,0.02454
"hiv.supp.H",105,0.0008322,-0.022462,0.023374
"hiv.supp.H",106,-0.00021024,-0.023795,0.02211
"hiv.supp.H",107,-0.0014451,-0.025862,0.020577
"hiv.supp.H",108,-0.0023778,-0.02701,0.019567
"hiv.supp.H",109,-0.002611,-0.027483,0.018984
"hiv.supp.H",110,-0.0019015,-0.027176,0.020142
"hiv.supp.H",111,-0.00053192,-0.025071,0.02207
"hiv.supp.H",112,0.0011172,-0.022368,0.02416
"hiv.supp.H",113,0.0028591,-0.02085,0.025693
"hiv.supp.H",114,0.0034307,-0.021046,0.026478
"hiv.supp.H",115,0.0036887,-0.021122,0.027668
"hiv.supp.H",116,0.0033718,-0.021408,0.027795
"hiv.supp.H",117,0.0028541,-0.021767,0.027295
"hiv.supp.H",118,0.0030333,-0.021737,0.027216
"hiv.supp.H",119,0.0025654,-0.023166,0.02682
"hiv.supp.H",120,0.0025361,-0.023367,0.02701
"hiv.supp.H",121,0.0028944,-0.022697,0.027655
"hiv.supp.H",122,0.0029405,-0.022744,0.027152
"hiv.supp.H",123,0.0034348,-0.022861,0.028172
"hiv.supp.H",124,0.0032831,-0.02253,0.02869
"hiv.supp.H",125,0.0032786,-0.022216,0.029283
"hiv.supp.H",126,0.0027883,-0.021667,0.028106
"hiv.supp.H",127,0.0017891,-0.02269,0.027097
"hiv.supp.H",128,0.0013342,-0.02268,0.026626
"hiv.supp.H",129,0.0013293,-0.023071,0.026649
"hiv.supp.H",130,0.0020466,-0.022632,0.027775
"hiv.supp.H",131,0.0025786,-0.021097,0.028579
"hiv.supp.H",132,0.003761,-0.019467,0.029004
"hiv.supp.H",133,0.0057416,-0.017513,0.029283
"hiv.supp.H",134,0.00691,-0.016073,0.030547
"hiv.supp.H",135,0.0078082,-0.014428,0.031707
"hiv.supp.H",136,0.0081379,-0.014072,0.031603
"hiv.supp.H",137,0.0078872,-0.013977,0.030792
"hiv.supp.H",138,0.0082725,-0.013418,0.031202
"hiv.supp.H",139,0.0087671,-0.013558,0.031962
"hiv.supp.H",140,0.0087295,-0.01352,0.032087
"hiv.supp.H",141,0.0088215,-0.012734,0.03252
"hiv.supp.H",142,0.0087181,-0.01252,0.03245
"hiv.supp.H",143,0.0085488,-0.013219,0.031733
"hiv.supp.H",144,0.0081016,-0.013437,0.031454
"hiv.supp.H",145,0.0073709,-0.013943,0.03023
"hiv.supp.H",146,0.0068219,-0.014414,0.029592
"hiv.supp.H",147,0.0068227,-0.013889,0.029422
"hiv.supp.H",148,0.0082192,-0.011639,0.030149
"hiv.supp.H",149,0.0098393,-0.010812,0.032156
"hiv.supp.H",150,0.011364,-0.0095468,0.034398
"prep.H",0,1,1,1
"prep.H",1,0.66447,0.65911,0.66959
"prep.H",2,0.41546,0.40697,0.42359
"prep.H",3,0.31991,0.31008,0.32972
"prep.H",4,0.2798,0.26841,0.29042
"prep.H",5,0.26106,0.2491,0.27148
"prep.H",6,0.24988,0.23829,0.26104
"prep.H",7,0.23906,0.2276,0.25073
"prep.H",8,0.23185,0.22018,0.24417
"prep.H",9,0.22716,0.21608,0.23892
"prep.H",10,0.22083,0.20981,0.23341
"prep.H",11,0.21232,0.20103,0.22438
"prep.H",12,0.20291,0.19147,0.21426
"prep.H",13,0.19697,0.18513,0.2079
"prep.H",14,0.19016,0.17837,0.20127
"prep.H",15,0.18359,0.17117,0.19487
"prep.H",16,0.17635,0.16515,0.18741
"prep.H",17,0.17054,0.15952,0.18147
"prep.H",18,0.16603,0.15493,0.17637
"prep.H",19,0.15665,0.14627,0.16691
"prep.H",20,0.1445,0.1338,0.15546
"prep.H",21,0.1373,0.1268,0.14804
"prep.H",22,0.13091,0.11978,0.14098
"prep.H",23,0.12414,0.11323,0.13452
"prep.H",24,0.11746,0.10673,0.12819
"prep.H",25,0.10927,0.099088,0.12013
"prep.H",26,0.10325,0.091647,0.1139
"prep.H",27,0.097112,0.084594,0.10752
"prep.H",28,0.092002,0.080055,0.10272
"prep.H",29,0.084784,0.073106,0.095078
"prep.H",30,0.078252,0.066793,0.087987
"prep.H",31,0.074121,0.063162,0.083769
"prep.H",32,0.072902,0.061915,0.083023
"prep.H",33,0.068172,0.056557,0.078075
"prep.H",34,0.062057,0.050722,0.071692
"prep.H",35,0.060554,0.049193,0.070167
"prep.H",36,0.056004,0.044117,0.065883
"prep.H",37,0.050302,0.038953,0.061225
"prep.H",38,0.047256,0.036059,0.05773
"prep.H",39,0.040423,0.029308,0.050247
"prep.H",40,0.032199,0.019803,0.041896
"prep.H",41,0.02364,0.010707,0.033761
"prep.H",42,0.017896,0.0043894,0.028762
"prep.H",43,0.011482,-0.0013883,0.022777
"prep.H",44,0.011992,-9.0136e-05,0.023367
"prep.H",45,0.012414,-6.6689e-05,0.023771
"prep.H",46,0.011187,-0.00085084,0.022493
"prep.H",47,0.0095053,-0.0021319,0.020855
"prep.H",48,0.0041406,-0.0076134,0.015078
"prep.H",49,0.00025857,-0.012566,0.010958
"prep.H",50,-0.0020843,-0.015551,0.0090451
"prep.H",51,-0.0033393,-0.016649,0.00754
"prep.H",52,-0.0058141,-0.018718,0.0053676
"prep.H",53,-0.0042486,-0.0167,0.0071294
"prep.H",54,-0.0052349,-0.0178,0.0066661
"prep.H",55,-0.0044397,-0.016908,0.007337
"prep.H",56,-0.0044252,-0.016412,0.0067952
"prep.H",57,-0.001313,-0.012612,0.010379
"prep.H",58,-0.00053091,-0.012665,0.011141
"prep.H",59,-0.0019452,-0.015093,0.010157
"prep.H",60,-0.0023743,-0.015078,0.0099218
"prep.H",61,-0.0032754,-0.01593,0.0087084
"prep.H",62,-0.0062299,-0.01905,0.0071285
"prep.H",63,-0.010453,-0.023103,0.0027972
"prep.H",64,-0.011057,-0.023938,0.00078501
"prep.H",65,-0.009687,-0.022155,0.002379
"prep.H",66,-0.0070349,-0.019867,0.0049922
"prep.H",67,-0.0039646,-0.017595,0.008716
"prep.H",68,-0.0029009,-0.016921,0.01047
"prep.H",69,-0.0030249,-0.01801,0.01074
"prep.H",70,-0.0004762,-0.015811,0.012391
"prep.H",71,0.00052562,-0.013903,0.013647
"prep.H",72,-0.00083944,-0.01496,0.012215
"prep.H",73,-0.00019112,-0.015244,0.013009
"prep.H",74,-0.0016974,-0.016439,0.01157
"prep.H",75,-0.004259,-0.018606,0.0091912
"prep.H",76,-0.0044806,-0.018715,0.0089102
"prep.H",77,-0.0023379,-0.017025,0.011952
"prep.H",78,-0.0010515,-0.01503,0.01255
"prep.H",79,-0.0014861,-0.015964,0.011581
"prep.H",80,-0.00040896,-0.014772,0.012746
"prep.H",81,0.00092155,-0.013115,0.014249
"prep.H",82,-0.00029178,-0.014046,0.0131
"prep.H",83,-0.0038829,-0.018701,0.0099598
"prep.H",84,-0.0051543,-0.019403,0.0084543
"prep.H",85,-0.0045252,-0.018568,0.0090302
"prep.H",86,-0.0052851,-0.019551,0.0087317
"prep.H",87,-0.004812,-0.019411,0.0084223
"prep.H",88,-0.0085895,-0.022749,0.0049996
"prep.H",89,-0.0089979,-0.021573,0.005055
"prep.H",90,-0.0072215,-0.020427,0.0060611
"prep.H",91,-0.0056499,-0.018076,0.007918
"prep.H",92,-0.0057835,-0.019854,0.0074434
"prep.H",93,-0.0044408,-0.019186,0.0081761
"prep.H",94,-0.0012895,-0.015342,0.012028
"prep.H",95,-9.1618e-05,-0.01397,0.01227
"prep.H",96,0.00047565,-0.012584,0.013128
"prep.H",97,-0.0017475,-0.015693,0.01122
"prep.H",98,-0.0055413,-0.019608,0.0067629
"prep.H",99,-0.007841,-0.021734,0.0041337
"prep.H",100,-0.0087394,-0.022932,0.0030868
"prep.H",101,-0.0057543,-0.019577,0.0059396
"prep.H",102,-0.0029759,-0.015749,0.0082957
"prep.H",103,-0.0026168,-0.014428,0.008921
"prep.H",104,-0.0021115,-0.014267,0.010003
"prep.H",105,-0.004032,-0.015726,0.0075066
"prep.H",106,-0.0034166,-0.016003,0.0088036
"prep.H",107,-0.0031397,-0.016148,0.0091905
"prep.H",108,-0.0061495,-0.020034,0.0072444
"prep.H",109,-0.0065751,-0.021196,0.006631
"prep.H",110,-0.0057893,-0.019899,0.007484
"prep.H",111,-0.0025892,-0.016646,0.010463
"prep.H",112,-0.0024463,-0.016253,0.010954
"prep.H",113,7.0457e-05,-0.013937,0.012819
"prep.H",114,-0.0016165,-0.015569,0.010946
"prep.H",115,-0.0043471,-0.017687,0.0088978
"prep.H",116,-0.0056581,-0.019347,0.0069123
"prep.H",117,-0.0063888,-0.019801,0.0071966
"prep.H",118,-0.0018529,-0.015633,0.011134
"prep.H",119,-0.0007933,-0.014993,0.013273
"prep.H",120,0.0027566,-0.012302,0.018525
"prep.H",121,0.0010579,-0.014245,0.017403
"prep.H",122,-0.0022425,-0.017791,0.012847
"prep.H",123,-0.0056542,-0.021796,0.009126
"prep.H",124,-0.0044834,-0.02015,0.0099357
"prep.H",125,-0.0025444,-0.018654,0.011926
"prep.H",126,-0.0036709,-0.018643,0.011487
"prep.H",127,0.00051573,-0.013875,0.014862
"prep.H",128,0.0033142,-0.010747,0.01692
"prep.H",129,0.0052755,-0.0075372,0.018853
"prep.H",130,0.0055032,-0.0074052,0.018588
"prep.H",131,0.0068854,-0.0056537,0.018632
"prep.H",132,0.0053511,-0.0074435,0.016495
"prep.H",133,0.0018343,-0.011754,0.013603
"prep.H",134,-3.4367e-05,-0.01366,0.012361
"prep.H",135,0.0020276,-0.010949,0.014791
"prep.H",136,0.0026502,-0.0096333,0.01523
"prep.H",137,0.00044669,-0.012225,0.013378
"prep.H",138,0.00023363,-0.012262,0.013731
"prep.H",139,0.0027683,-0.010393,0.016677
"prep.H",140,0.0058202,-0.0067442,0.018755
"prep.H",141,0.0063496,-0.0069022,0.01856
"prep.H",142,0.0051273,-0.0087931,0.016398
"prep.H",143,0.0049842,-0.0086255,0.017229
"prep.H",144,0.0081459,-0.0054754,0.021418
"prep.H",145,0.0084573,-0.0052779,0.022075
"prep.H",146,0.0097651,-0.0037409,0.022722
"prep.H",147,0.0094918,-0.0036109,0.021993
"prep.H",148,0.010635,-0.0014073,0.023632
"prep.H",149,0.013299,0.00098393,0.02611
"prep.H",150,0.012378,0.0003998,0.025601
"prep.indic.H",0,1,1,1
"prep.indic.H",1,0.9,0.8966,0.9033
"prep.indic.H",2,0.82603,0.81985,0.83172
"prep.indic.H",3,0.78439,0.77645,0.79106
"prep.indic.H",4,0.7543,0.74574,0.762
"prep.indic.H",5,0.72922,0.7194,0.73783
"prep.indic.H",6,0.70637,0.6962,0.71552
"prep.indic.H",7,0.68522,0.67506,0.69515
"prep.indic.H",8,0.66541,0.65435,0.67566
"prep.indic.H",9,0.64568,0.63433,0.65635
"prep.indic.H",10,0.62591,0.61408,0.63664
"prep.indic.H",11,0.60583,0.59362,0.61669
"prep.indic.H",12,0.58537,0.57273,0.59669
"prep.indic.H",13,0.56556,0.55273,0.5774
"prep.indic.H",14,0.54583,0.53206,0.55845
"prep.indic.H",15,0.52582,0.51156,0.53865
"prep.indic.H",16,0.50653,0.49215,0.51995
"prep.indic.H",17,0.48762,0.4727,0.5019
"prep.indic.H",18,0.46899,0.4538,0.48378
"prep.indic.H",19,0.44979,0.43376,0.46511
"prep.indic.H",20,0.42994,0.41386,0.44549
"prep.indic.H",21,0.41085,0.39411,0.42709
"prep.indic.H",22,0.39171,0.37499,0.40778
"prep.indic.H",23,0.37214,0.35558,0.38881
"prep.indic.H",24,0.3531,0.3358,0.37004
"prep.indic.H",25,0.3343,0.31619,0.35137
"prep.indic.H",26,0.31607,0.29808,0.33367
"prep.indic.H",27,0.29807,0.2791,0.31641
"prep.indic.H",28,0.27984,0.26055,0.29865
"prep.indic.H",29,0.26326,0.24337,0.2821
"prep.indic.H",30,0.24769,0.22808,0.26704
"prep.indic.H",31,0.23181,0.21086,0.25145
"prep.indic.H",32,0.21562,0.19358,0.23529
"prep.indic.H",33,0.19923,0.17672,0.2195
"prep.indic.H",34,0.18359,0.16019,0.20419
"prep.indic.H",35,0.16827,0.14543,0.18981
"prep.indic.H",36,0.15327,0.13022,0.17518
"prep.indic.H",37,0.1383,0.1143,0.16041
"prep.indic.H",38,0.12519,0.10077,0.14797
"prep.indic.H",39,0.11143,0.086504,0.13422
"prep.indic.H",40,0.098318,0.073188,0.12161
"prep.indic.H",41,0.085809,0.060411,0.10941
"prep.indic.H",42,0.073237,0.047314,0.097336
"prep.indic.H",43,0.06081,0.034583,0.085253
"prep.indic.H",44,0.049352,0.022941,0.073987
"prep.indic.H",45,0.03819,0.010867,0.063079
"prep.indic.H",46,0.028209,0.00066402,0.053679
"prep.indic.H",47,0.018382,-0.0095209,0.043957
"prep.indic.H",48,0.0090842,-0.019218,0.035117
"prep.indic.H",49,0.0010491,-0.028017,0.027017
"prep.indic.H",50,-0.0039098,-0.033136,0.022104
"prep.indic.H",51,-0.0052297,-0.034673,0.020975
"prep.indic.H",52,-0.0059917,-0.035581,0.020777
"prep.indic.H",53,-0.0067839,-0.036299,0.020603
"prep.indic.H",54,-0.0074261,-0.0371,0.020321
"prep.indic.H",55,-0.0081034,-0.037838,0.020549
"prep.indic.H",56,-0.0090657,-0.038831,0.020359
"prep.indic.H",57,-0.010636,-0.040401,0.017888
"prep.indic.H",58,-0.011251,-0.041606,0.017252
"prep.indic.H",59,-0.011927,-0.04346,0.016231
"prep.indic.H",60,-0.012488,-0.044556,0.015814
"prep.indic.H",61,-0.013584,-0.046593,0.014489
"prep.indic.H",62,-0.013901,-0.047039,0.014103
"prep.indic.H",63,-0.014304,-0.047539,0.013684
"prep.indic.H",64,-0.014829,-0.047871,0.013322
"prep.indic.H",65,-0.015379,-0.048285,0.012558
"prep.indic.H",66,-0.01614,-0.048604,0.011666
"prep.indic.H",67,-0.016819,-0.049132,0.011072
"prep.indic.H",68,-0.017663,-0.049844,0.010449
"prep.indic.H",69,-0.017859,-0.050091,0.010636
"prep.indic.H",70,-0.018038,-0.049829,0.010557
"prep.indic.H",71,-0.018528,-0.04995,0.0098075
"prep.indic.H",72,-0.019098,-0.05092,0.0090801
"prep.indic.H",73,-0.019853,-0.052405,0.0081975
"prep.indic.H",74,-0.020874,-0.053571,0.0074454
"prep.indic.H",75,-0.020914,-0.053825,0.0082222
"prep.indic.H",76,-0.020642,-0.05362,0.0088829
"prep.indic.H",77,-0.020746,-0.053542,0.0089332
"prep.indic.H",78,-0.019508,-0.052766,0.010198
"prep.indic.H",79,-0.019369,-0.052399,0.010843
"prep.indic.H",80,-0.019313,-0.051678,0.010588
"prep.indic.H",81,-0.019043,-0.051167,0.010615
"prep.indic.H",82,-0.019421,-0.051161,0.010084
"prep.indic.H",83,-0.019735,-0.051303,0.0090859
"prep.indic.H",84,-0.019459,-0.050571,0.0088399
"prep.indic.H",85,-0.020151,-0.050449,0.0079978
"prep.indic.H",86,-0.021246,-0.05129,0.0068455
"prep.indic.H",87,-0.022327,-0.052351,0.0061799
"prep.indic.H",88,-0.024084,-0.054282,0.0033668
"prep.indic.H",89,-0.024564,-0.054366,0.0021444
"prep.indic.H",90,-0.025285,-0.055455,0.0013502
"prep.indic.H",91,-0.025599,-0.055708,0.0017214
"prep.indic.H",92,-0.025605,-0.055135,0.002407
"prep.indic.H",93,-0.026096,-0.055577,0.002092
"prep.indic.H",94,-0.026459,-0.055621,0.0013667
"prep.indic.H",95,-0.026236,-0.055235,0.0022061
"prep.indic.H",96,-0.026546,-0.056077,0.0012103
"prep.indic.H",97,-0.026841,-0.056198,0.0011521
"prep.indic.H",98,-0.026961,-0.056654,0.0014256
"prep.indic.H",99,-0.027447,-0.057335,0.0015308
"prep.indic.H",100,-0.028236,-0.058254,0.0019977
"prep.indic.H",101,-0.028808,-0.058971,0.00066645
"prep.indic.H",102,-0.027392,-0.057708,0.0028009
"prep.indic.H",103,-0.026444,-0.056022,0.0046147
"prep.indic.H",104,-0.026698,-0.056082,0.0043227
"prep.indic.H",105,-0.027002,-0.056533,0.0045361
"prep.indic.H",106,-0.027275,-0.056808,0.0036642
"prep.indic.H",107,-0.026917,-0.056637,0.0035372
"prep.indic.H",108,-0.02646,-0.05589,0.0036909
"prep.indic.H",109,-0.026816,-0.055816,0.0033946
"prep.indic.H",110,-0.02679,-0.056386,0.0035468
"prep.indic.H",111,-0.026469,-0.056292,0.0035052
"prep.indic.H",112,-0.025468,-0.055342,0.0039996
"prep.indic.H",113,-0.024334,-0.053554,0.0053149
"prep.indic.H",114,-0.023402,-0.053226,0.0064592
"prep.indic.H",115,-0.023387,-0.052783,0.0072066
"prep.indic.H",116,-0.022362,-0.052307,0.0086206
"prep.indic.H",117,-0.021804,-0.052165,0.0092759
"prep.indic.H",118,-0.020831,-0.051251,0.010562
"prep.indic.H",119,-0.02126,-0.051288,0.010283
"prep.indic.H",120,-0.021763,-0.052484,0.01049
"prep.indic.H",121,-0.022298,-0.052651,0.010152
"prep.indic.H",122,-0.02176,-0.052009,0.011151
"prep.indic.H",123,-0.020997,-0.051458,0.01245
"prep.indic.H",124,-0.020535,-0.051402,0.013658
"prep.indic.H",125,-0.019227,-0.050804,0.015704
"prep.indic.H",126,-0.018065,-0.049858,0.016617
"prep.indic.H",127,-0.017613,-0.049328,0.017299
"prep.indic.H",128,-0.017344,-0.049144,0.017609
"prep.indic.H",129,-0.015682,-0.046857,0.018578
"prep.indic.H",130,-0.014123,-0.044825,0.020502
"prep.indic.H",131,-0.012988,-0.044011,0.021847
"prep.indic.H",132,-0.011856,-0.043624,0.023396
"prep.indic.H",133,-0.0097578,-0.04118,0.026518
"prep.indic.H",134,-0.0074612,-0.039102,0.028566
"prep.indic.H",135,-0.006663,-0.039006,0.028893
"prep.indic.H",136,-0.0063065,-0.038237,0.028495
"prep.indic.H",137,-0.0040999,-0.035831,0.028913
"prep.indic.H",138,-0.0023086,-0.03416,0.03004
"prep.indic.H",139,-0.0018456,-0.03389,0.030604
"prep.indic.H",140,-0.00056862,-0.032097,0.031501
"prep.indic.H",141,0.0013085,-0.029944,0.033656
"prep.indic.H",142,0.0037459,-0.028007,0.035191
"prep.indic.H",143,0.0064187,-0.025212,0.036756
"prep.indic.H",144,0.0068129,-0.023965,0.036028
"prep.indic.H",145,0.0075026,-0.023294,0.036886
"prep.indic.H",146,0.0085199,-0.022052,0.038044
"prep.indic.H",147,0.0087344,-0.022443,0.038405
"prep.indic.H",148,0.0089055,-0.02174,0.038865
"prep.indic.H",149,0.0090128,-0.021358,0.038515
"prep.indic.H",150,0.009353,-0.021056,0.038981
"num.W",0,1,1,1
"num.W",1,0.98547,0.98464,0.98629
"num.W",2,0.96371,0.96178,0.96561
"num.W",3,0.94206,0.93905,0.945
"num.W",4,0.92062,0.91651,0.92458
"num.W",5,0.89939,0.89419,0.90414
"num.W",6,0.87819,0.872,0.88378
"num.W",7,0.85683,0.84959,0.86331
"num.W",8,0.8354,0.82705,0.84285
"num.W",9,0.81406,0.80466,0.82236
"num.W",10,0.79268,0.78237,0.80168
"num.W",11,0.7713,0.75998,0.78122
"num.W",12,0.75011,0.73795,0.7607
"num.W",13,0.72922,0.71604,0.74034
"num.W",14,0.7085,0.69421,0.72005
"num.W",15,0.68782,0.67246,0.70022
"num.W",16,0.66714,0.65089,0.68038
"num.W",17,0.64656,0.62958,0.66074
"num.W",18,0.62609,0.60852,0.6412
"num.W",19,0.60575,0.58752,0.62191
"num.W",20,0.58551,0.56663,0.60266
"num.W",21,0.56545,0.54551,0.58343
"num.W",22,0.54544,0.5245,0.5643
"num.W",23,0.5254,0.50357,0.54535
"num.W",24,0.50534,0.48272,0.52681
"num.W",25,0.48531,0.46201,0.50785
"num.W",26,0.46542,0.44156,0.48857
"num.W",27,0.44547,0.42098,0.46914
"num.W",28,0.42547,0.40047,0.45003
"num.W",29,0.40548,0.37931,0.43082
"num.W",30,0.38544,0.35809,0.41141
"num.W",31,0.36544,0.33705,0.39198
"num.W",32,0.34552,0.31636,0.37263
"num.W",33,0.32567,0.29593,0.35332
"num.W",34,0.30584,0.2756,0.33411
"num.W",35,0.28616,0.25549,0.31512
"num.W",36,0.2666,0.23543,0.29618
"num.W",37,0.24716,0.2154,0.27738
"num.W",38,0.22775,0.19548,0.25863
"num.W",39,0.20847,0.17579,0.23999
"num.W",40,0.18941,0.15615,0.22169
"num.W",41,0.17052,0.13657,0.20359
"num.W",42,0.15185,0.11756,0.1857
"num.W",43,0.13355,0.099025,0.16803
"num.W",44,0.11556,0.080568,0.1507
"num.W",45,0.097873,0.062062,0.13362
"num.W",46,0.08043,0.044522,0.11667
"num.W",47,0.063056,0.02741,0.099709
"num.W",48,0.045729,0.0099657,0.08284
"num.W",49,0.028499,-0.007766,0.066106
"num.W",50,0.014153,-0.022354,0.052018
"num.W",51,0.011232,-0.025374,0.048983
"num.W",52,0.011286,-0.025391,0.049205
"num.W",53,0.011421,-0.025301,0.049304
"num.W",54,0.011617,-0.024852,0.049134
"num.W",55,0.011766,-0.024476,0.04884
"num.W",56,0.011918,-0.024055,0.048642
"num.W",57,0.012314,-0.023315,0.048996
"num.W",58,0.012883,-0.023111,0.049914
"num.W",59,0.013504,-0.02237,0.050876
"num.W",60,0.014246,-0.021255,0.050831
"num.W",61,0.014958,-0.01998,0.051229
"num.W",62,0.015537,-0.01883,0.051873
"num.W",63,0.016041,-0.018777,0.052625
"num.W",64,0.016547,-0.018358,0.052594
"num.W",65,0.017003,-0.017885,0.052618
"num.W",66,0.017352,-0.01743,0.052574
"num.W",67,0.017663,-0.017011,0.052516
"num.W",68,0.017999,-0.016752,0.052428
"num.W",69,0.018326,-0.016628,0.052634
"num.W",70,0.018667,-0.016184,0.052921
"num.W",71,0.018873,-0.016062,0.053692
"num.W",72,0.019016,-0.016296,0.053574
"num.W",73,0.019321,-0.016303,0.053797
"num.W",74,0.019668,-0.015862,0.054859
"num.W",75,0.020011,-0.015296,0.055432
"num.W",76,0.020261,-0.015376,0.055554
"num.W",77,0.0206,-0.015316,0.055529
"num.W",78,0.021155,-0.014897,0.055792
"num.W",79,0.021697,-0.014461,0.056772
"num.W",80,0.022297,-0.014355,0.057898
"num.W",81,0.022869,-0.014269,0.059082
"num.W",82,0.023358,-0.013722,0.059658
"num.W",83,0.023809,-0.012998,0.060002
"num.W",84,0.024158,-0.01217,0.060856
"num.W",85,0.024479,-0.011307,0.061382
"num.W",86,0.024796,-0.010937,0.061975
"num.W",87,0.025204,-0.011166,0.062332
"num.W",88,0.025796,-0.011147,0.062213
"num.W",89,0.02633,-0.011032,0.062588
"num.W",90,0.026646,-0.010767,0.062994
"num.W",91,0.02675,-0.010584,0.063349
"num.W",92,0.026738,-0.0111,0.063554
"num.W",93,0.02658,-0.011973,0.063866
"num.W",94,0.026511,-0.012694,0.064416
"num.W",95,0.026397,-0.013285,0.064174
"num.W",96,0.026283,-0.013794,0.063486
"num.W",97,0.02635,-0.014139,0.062966
"num.W",98,0.026605,-0.013804,0.062589
"num.W",99,0.026924,-0.013604,0.062292
"num.W",100,0.027317,-0.01331,0.062429
"num.W",101,0.027834,-0.01286,0.063025
"num.W",102,0.028384,-0.012473,0.063641
"num.W",103,0.029012,-0.012011,0.064608
"num.W",104,0.029633,-0.011525,0.065314
"num.W",105,0.030179,-0.01089,0.065301
"num.W",106,0.030701,-0.0099727,0.066143
"num.W",107,0.031179,-0.0094739,0.067134
"num.W",108,0.031522,-0.009115,0.067729
"num.W",109,0.031796,-0.0082218,0.067946
"num.W",110,0.031961,-0.0080626,0.067609
"num.W",111,0.032069,-0.0080722,0.06725
"num.W",112,0.032155,-0.0082208,0.067531
"num.W",113,0.032256,-0.0081244,0.067707
"num.W",114,0.032264,-0.0077959,0.06744
"num.W",115,0.032478,-0.0077197,0.067491
"num.W",116,0.032963,-0.0073697,0.067768
"num.W",117,0.033576,-0.0066548,0.068267
"num.W",118,0.034197,-0.0059637,0.068308
"num.W",119,0.03476,-0.0051298,0.069195
"num.W",120,0.03518,-0.0046107,0.070276
"num.W",121,0.035579,-0.0040454,0.070891
"num.W",122,0.036199,-0.0033053,0.071484
"num.W",123,0.036976,-0.0021621,0.07276
"num.W",124,0.037762,-0.0014807,0.074187
"num.W",125,0.038687,-0.00056139,0.076038
"num.W",126,0.039593,0.00055733,0.077811
"num.W",127,0.040431,0.0010809,0.079146
"num.W",128,0.041127,0.0018921,0.079546
"num.W",129,0.041873,0.0034039,0.080753
"num.W",130,0.042548,0.0039388,0.082205
"num.W",131,0.043001,0.0042716,0.083008
"num.W",132,0.043245,0.0045534,0.083178
"num.W",133,0.043384,0.0050494,0.083188
"num.W",134,0.043546,0.005582,0.082587
"num.W",135,0.043548,0.0055607,0.082571
"num.W",136,0.043383,0.0056737,0.082226
"num.W",137,0.043235,0.0060786,0.081804
"num.W",138,0.042955,0.0058176,0.082127
"num.W",139,0.04242,0.0045187,0.081749
"num.W",140,0.041845,0.0029547,0.081126
"num.W",141,0.041296,0.0017469,0.080419
"num.W",142,0.040865,0.00088064,0.079945
"num.W",143,0.040455,-2.9374e-05,0.079563
"num.W",144,0.039973,-0.00062611,0.078947
"num.W",145,0.039489,-0.00079097,0.078541
"num.W",146,0.038963,-0.00099935,0.07847
"num.W",147,0.038288,-0.0017703,0.078445
"num.W",148,0.037504,-0.0023588,0.07805
"num.W",149,0.036667,-0.0031571,0.077148
"num.W",150,0.035665,-0.0043978,0.07612
"hiv.inf.W",0,1,1,1
"hiv.inf.W",1,0.98819,0.98743,0.98879
"hiv.inf.W",2,0.96949,0.96766,0.971
"hiv.inf.W",3,0.94962,0.94679,0.952
"hiv.inf.W",4,0.92896,0.92509,0.93211
"hiv.inf.W",5,0.90764,0.90271,0.9116
"hiv.inf.W",6,0.88582,0.8798,0.89071
"hiv.inf.W",7,0.86365,0.85653,0.86948
"hiv.inf.W",8,0.84116,0.83286,0.84792
"hiv.inf.W",9,0.8184,0.80891,0.82603
"hiv.inf.W",10,0.79533,0.78477,0.80376
"hiv.inf.W",11,0.77198,0.76037,0.78127
"hiv.inf.W",12,0.74849,0.73601,0.7589
"hiv.inf.W",13,0.72495,0.71137,0.73639
"hiv.inf.W",14,0.70132,0.68674,0.71381
"hiv.inf.W",15,0.67779,0.66231,0.69121
"hiv.inf.W",16,0.65447,0.63821,0.66891
"hiv.inf.W",17,0.63136,0.61446,0.64681
"hiv.inf.W",18,0.60847,0.59106,0.62475
"hiv.inf.W",19,0.58591,0.56794,0.60291
"hiv.inf.W",20,0.56367,0.5448,0.58139
"hiv.inf.W",21,0.54182,0.52185,0.56029
"hiv.inf.W",22,0.52045,0.49984,0.53975
"hiv.inf.W",23,0.49957,0.47836,0.5193
"hiv.inf.W",24,0.47912,0.4567,0.49973
"hiv.inf.W",25,0.45909,0.43604,0.48049
"hiv.inf.W",26,0.43951,0.41617,0.46157
"hiv.inf.W",27,0.4204,0.39654,0.44311
"hiv.inf.W",28,0.40185,0.37726,0.42533
"hiv.inf.W",29,0.38395,0.35902,0.40819
"hiv.inf.W",30,0.36665,0.3416,0.39158
"hiv.inf.W",31,0.34991,0.32433,0.3752
"hiv.inf.W",32,0.3337,0.30712,0.35938
"hiv.inf.W",33,0.3181,0.29058,0.34435
"hiv.inf.W",34,0.303,0.27483,0.32971
"hiv.inf.W",35,0.2885,0.26008,0.31531
"hiv.inf.W",36,0.27461,0.24603,0.30186
"hiv.inf.W",37,0.26139,0.23269,0.28901
"hiv.inf.W",38,0.24887,0.22001,0.27667
"hiv.inf.W",39,0.23706,0.20824,0.26484
"hiv.inf.W",40,0.22592,0.1971,0.25403
"hiv.inf.W",41,0.21537,0.18663,0.2437
"hiv.inf.W",42,0.20532,0.17676,0.23366
"hiv.inf.W",43,0.19579,0.16727,0.22412
"hiv.inf.W",44,0.18677,0.15757,0.21478
"hiv.inf.W",45,0.17823,0.14856,0.20652
"hiv.inf.W",46,0.17017,0.14006,0.19936
"hiv.inf.W",47,0.16255,0.1324,0.19237
"hiv.inf.W",48,0.15533,0.12466,0.18521
"hiv.inf.W",49,0.14853,0.1175,0.17864
"hiv.inf.W",50,0.14211,0.11024,0.17238
"hiv.inf.W",51,0.13609,0.10375,0.16653
"hiv.inf.W",52,0.13051,0.097117,0.16119
"hiv.inf.W",53,0.12525,0.091492,0.15674
"hiv.inf.W",54,0.12028,0.086522,0.15245
"hiv.inf.W",55,0.11558,0.081563,0.1479
"hiv.inf.W",56,0.111,0.076252,0.14358
"hiv.inf.W",57,0.10663,0.071073,0.13967
"hiv.inf.W",58,0.10251,0.066316,0.13623
"hiv.inf.W",59,0.098644,0.061764,0.13323
"hiv.inf.W",60,0.094944,0.058033,0.13019
"hiv.inf.W",61,0.091467,0.054465,0.12696
"hiv.inf.W",62,0.088218,0.051894,0.12382
"hiv.inf.W",63,0.085169,0.04939,0.12108
"hiv.inf.W",64,0.082219,0.046214,0.11816
"hiv.inf.W",65,0.079272,0.043187,0.11524
"hiv.inf.W",66,0.076455,0.040361,0.11227
"hiv.inf.W",67,0.073588,0.037531,0.10922
"hiv.inf.W",68,0.070728,0.035407,0.10645
"hiv.inf.W",69,0.067948,0.033582,0.1036
"hiv.inf.W",70,0.065373,0.030611,0.10114
"hiv.inf.W",71,0.062968,0.027888,0.099135
"hiv.inf.W",72,0.060627,0.025042,0.097086
"hiv.inf.W",73,0.058463,0.023043,0.095463
"hiv.inf.W",74,0.056445,0.020738,0.093872
"hiv.inf.W",75,0.054486,0.018907,0.092323
"hiv.inf.W",76,0.052626,0.016934,0.090998
"hiv.inf.W",77,0.051097,0.01498,0.090029
"hiv.inf.W",78,0.049774,0.012971,0.08926
"hiv.inf.W",79,0.048606,0.011875,0.088595
"hiv.inf.W",80,0.047393,0.010956,0.087788
"hiv.inf.W",81,0.046268,0.010205,0.086903
"hiv.inf.W",82,0.04522,0.0093986,0.085575
"hiv.inf.W",83,0.044069,0.0079486,0.084022
"hiv.inf.W",84,0.042972,0.0067982,0.082429
"hiv.inf.W",85,0.042098,0.0059895,0.081832
"hiv.inf.W",86,0.041198,0.0049892,0.081529
"hiv.inf.W",87,0.04031,0.0037426,0.080165
"hiv.inf.W",88,0.039461,0.0026754,0.07896
"hiv.inf.W",89,0.038534,0.0016726,0.078192
"hiv.inf.W",90,0.037569,0.00056612,0.077667
"hiv.inf.W",91,0.036573,-0.00026344,0.076482
"hiv.inf.W",92,0.035636,-0.00074784,0.075971
"hiv.inf.W",93,0.03475,-0.0013054,0.074558
"hiv.inf.W",94,0.033987,-0.001797,0.07333
"hiv.inf.W",95,0.033414,-0.0020322,0.072483
"hiv.inf.W",96,0.033038,-0.0022966,0.072305
"hiv.inf.W",97,0.032903,-0.002098,0.071793
"hiv.inf.W",98,0.032916,-0.0021117,0.07179
"hiv.inf.W",99,0.033067,-0.0020964,0.072348
"hiv.inf.W",100,0.0333,-0.0020056,0.072935
"hiv.inf.W",101,0.033671,-0.0019747,0.073825
"hiv.inf.W",102,0.034115,-0.0010266,0.074692
"hiv.inf.W",103,0.034714,-0.00058788,0.075595
"hiv.inf.W",104,0.035428,-7.5419e-07,0.076383
"hiv.inf.W",105,0.036139,0.00045924,0.077105
"hiv.inf.W",106,0.036743,0.0011405,0.078209
"hiv.inf.W",107,0.037185,0.0014598,0.078768
"hiv.inf.W",108,0.037573,0.0018842,0.079267
"hiv.inf.W",109,0.037829,0.0022463,0.079735
"hiv.inf.W",110,0.037827,0.0024611,0.079524
"hiv.inf.W",111,0.037822,0.0023405,0.079913
"hiv.inf.W",112,0.037897,0.0020201,0.080403
"hiv.inf.W",113,0.038146,0.0018794,0.080818
"hiv.inf.W",114,0.038448,0.0024787,0.081255
"hiv.inf.W",115,0.03888,0.0030418,0.081309
"hiv.inf.W",116,0.039416,0.0038335,0.081631
"hiv.inf.W",117,0.039949,0.0045987,0.082075
"hiv.inf.W",118,0.040519,0.0050792,0.082685
"hiv.inf.W",119,0.041132,0.0060511,0.083474
"hiv.inf.W",120,0.041805,0.0063837,0.084362
"hiv.inf.W",121,0.042393,0.0072195,0.085179
"hiv.inf.W",122,0.042959,0.0078272,0.085986
"hiv.inf.W",123,0.043583,0.008597,0.086841
"hiv.inf.W",124,0.044347,0.0091019,0.087856
"hiv.inf.W",125,0.045248,0.0097722,0.088934
"hiv.inf.W",126,0.045956,0.010576,0.089587
"hiv.inf.W",127,0.046577,0.011122,0.089847
"hiv.inf.W",128,0.047218,0.011583,0.090056
"hiv.inf.W",129,0.047823,0.011775,0.090255
"hiv.inf.W",130,0.048237,0.012091,0.090217
"hiv.inf.W",131,0.048586,0.012297,0.090144
"hiv.inf.W",132,0.048773,0.012036,0.089765
"hiv.inf.W",133,0.048932,0.011832,0.089167
"hiv.inf.W",134,0.049029,0.011688,0.089427
"hiv.inf.W",135,0.048965,0.011561,0.089738
"hiv.inf.W",136,0.04882,0.011457,0.089745
"hiv.inf.W",137,0.048579,0.011469,0.08956
"hiv.inf.W",138,0.048265,0.011406,0.088471
"hiv.inf.W",139,0.047797,0.011143,0.087885
"hiv.inf.W",140,0.047353,0.011081,0.087858
"hiv.inf.W",141,0.047007,0.010779,0.087629
"hiv.inf.W",142,0.046796,0.010607,0.087036
"hiv.inf.W",143,0.046555,0.010166,0.086423
"hiv.inf.W",144,0.046212,0.0093924,0.086369
"hiv.inf.W",145,0.046006,0.0092692,0.086607
"hiv.inf.W",146,0.045772,0.0085176,0.086696
"hiv.inf.W",147,0.045519,0.0077564,0.085942
"hiv.inf.W",148,0.045404,0.0069212,0.085412
"hiv.inf.W",149,0.045344,0.0065162,0.085588
"hiv.inf.W",150,0.045318,0.00589,0.085792
"hiv.dx.W",0,1,1,1
"hiv.dx.W",1,0.98748,0.98679,0.98823
"hiv.dx.W",2,0.96781,0.96611,0.96964
"hiv.dx.W",3,0.94704,0.94434,0.94995
"hiv.dx.W",4,0.92551,0.92175,0.92943
"hiv.dx.W",5,0.90329,0.89849,0.90824
"hiv.dx.W",6,0.88045,0.87453,0.88638
"hiv.dx.W",7,0.85713,0.85001,0.86428
"hiv.dx.W",8,0.83341,0.8252,0.84178
"hiv.dx.W",9,0.8095,0.8003,0.81901
"hiv.dx.W",10,0.78541,0.77528,0.79619
"hiv.dx.W",11,0.76111,0.75,0.77299
"hiv.dx.W",12,0.73675,0.72459,0.74969
"hiv.dx.W",13,0.71254,0.69932,0.72638
"hiv.dx.W",14,0.68831,0.67396,0.70334
"hiv.dx.W",15,0.66429,0.64878,0.68034
"hiv.dx.W",16,0.64049,0.624,0.65768
"hiv.dx.W",17,0.61693,0.59942,0.63534
"hiv.dx.W",18,0.59361,0.57522,0.61315
"hiv.dx.W",19,0.57067,0.55121,0.59111
"hiv.dx.W",20,0.54822,0.52803,0.56959
"hiv.dx.W",21,0.52636,0.50572,0.54844
"hiv.dx.W",22,0.50497,0.48385,0.52764
"hiv.dx.W",23,0.48409,0.46228,0.50722
"hiv.dx.W",24,0.46381,0.44136,0.4876
"hiv.dx.W",25,0.44396,0.4206,0.46852
"hiv.dx.W",26,0.42452,0.40049,0.44979
"hiv.dx.W",27,0.40564,0.38127,0.43137
"hiv.dx.W",28,0.38743,0.3626,0.41367
"hiv.dx.W",29,0.36987,0.34414,0.39641
"hiv.dx.W",30,0.3528,0.32616,0.37998
"hiv.dx.W",31,0.33639,0.30922,0.36415
"hiv.dx.W",32,0.32073,0.29275,0.34864
"hiv.dx.W",33,0.30577,0.27699,0.33389
"hiv.dx.W",34,0.29134,0.26188,0.31979
"hiv.dx.W",35,0.27736,0.2473,0.30611
"hiv.dx.W",36,0.26398,0.23359,0.2929
"hiv.dx.W",37,0.25128,0.22046,0.28009
"hiv.dx.W",38,0.23921,0.2082,0.26791
"hiv.dx.W",39,0.22774,0.19659,0.25632
"hiv.dx.W",40,0.21682,0.18564,0.24549
"hiv.dx.W",41,0.20654,0.17548,0.23497
"hiv.dx.W",42,0.19685,0.16588,0.22589
"hiv.dx.W",43,0.18774,0.15611,0.21695
"hiv.dx.W",44,0.17917,0.14656,0.20899
"hiv.dx.W",45,0.1711,0.13813,0.20137
"hiv.dx.W",46,0.16349,0.13091,0.19368
"hiv.dx.W",47,0.15628,0.12395,0.18643
"hiv.dx.W",48,0.14961,0.11698,0.18042
"hiv.dx.W",49,0.1432,0.11018,0.17436
"hiv.dx.W",50,0.13707,0.10409,0.16858
"hiv.dx.W",51,0.13109,0.098553,0.16333
"hiv.dx.W",52,0.12545,0.093267,0.15833
"hiv.dx.W",53,0.12008,0.087485,0.15303
"hiv.dx.W",54,0.11498,0.082315,0.14783
"hiv.dx.W",55,0.11019,0.077586,0.14394
"hiv.dx.W",56,0.10559,0.073014,0.13981
"hiv.dx.W",57,0.10125,0.068292,0.13613
"hiv.dx.W",58,0.097152,0.06442,0.13257
"hiv.dx.W",59,0.093291,0.060532,0.12924
"hiv.dx.W",60,0.0896,0.056488,0.12674
"hiv.dx.W",61,0.086042,0.052552,0.12414
"hiv.dx.W",62,0.082727,0.048756,0.12106
"hiv.dx.W",63,0.079655,0.045279,0.11827
"hiv.dx.W",64,0.076803,0.042166,0.11534
"hiv.dx.W",65,0.074017,0.039046,0.11233
"hiv.dx.W",66,0.071423,0.036142,0.10951
"hiv.dx.W",67,0.068911,0.033291,0.1074
"hiv.dx.W",68,0.06644,0.030523,0.10524
"hiv.dx.W",69,0.064139,0.027473,0.10305
"hiv.dx.W",70,0.061948,0.024605,0.10062
"hiv.dx.W",71,0.059868,0.022208,0.098331
"hiv.dx.W",72,0.057935,0.020181,0.096156
"hiv.dx.W",73,0.05616,0.018456,0.094201
"hiv.dx.W",74,0.054381,0.016837,0.092277
"hiv.dx.W",75,0.052576,0.015181,0.090464
"hiv.dx.W",76,0.050729,0.013146,0.088818
"hiv.dx.W",77,0.049082,0.01146,0.087096
"hiv.dx.W",78,0.047744,0.010193,0.08544
"hiv.dx.W",79,0.046548,0.0090762,0.084155
"hiv.dx.W",80,0.045414,0.007955,0.083068
"hiv.dx.W",81,0.044327,0.0067796,0.081918
"hiv.dx.W",82,0.043302,0.0058524,0.080398
"hiv.dx.W",83,0.04227,0.0050805,0.078819
"hiv.dx.W",84,0.041288,0.0043908,0.077927
"hiv.dx.W",85,0.040383,0.003289,0.077417
"hiv.dx.W",86,0.039406,0.0021541,0.077016
"hiv.dx.W",87,0.038465,0.0013561,0.076928
"hiv.dx.W",88,0.037396,-0.00070507,0.076115
"hiv.dx.W",89,0.036377,-0.0024016,0.075309
"hiv.dx.W",90,0.035392,-0.0031425,0.074481
"hiv.dx.W",91,0.034309,-0.0032332,0.07295
"hiv.dx.W",92,0.033343,-0.0045623,0.071566
"hiv.dx.W",93,0.032648,-0.0059664,0.070356
"hiv.dx.W",94,0.032231,-0.0065055,0.069598
"hiv.dx.W",95,0.03191,-0.0061267,0.068704
"hiv.dx.W",96,0.031708,-0.0062744,0.068271
"hiv.dx.W",97,0.031704,-0.0069282,0.068393
"hiv.dx.W",98,0.031835,-0.0067217,0.069223
"hiv.dx.W",99,0.032064,-0.0066597,0.070113
"hiv.dx.W",100,0.032339,-0.0065302,0.070808
"hiv.dx.W",101,0.032767,-0.006439,0.071239
"hiv.dx.W",102,0.033311,-0.0065924,0.071794
"hiv.dx.W",103,0.033991,-0.0059478,0.072362
"hiv.dx.W",104,0.034826,-0.0052195,0.073047
"hiv.dx.W",105,0.03563,-0.0043278,0.073817
"hiv.dx.W",106,0.036098,-0.003991,0.074224
"hiv.dx.W",107,0.036347,-0.0039169,0.074286
"hiv.dx.W",108,0.036498,-0.0037477,0.074487
"hiv.dx.W",109,0.036547,-0.0038492,0.074704
"hiv.dx.W",110,0.036413,-0.003849,0.074801
"hiv.dx.W",111,0.036213,-0.003925,0.074819
"hiv.dx.W",112,0.036102,-0.0039441,0.074934
"hiv.dx.W",113,0.036187,-0.0044494,0.0748
"hiv.dx.W",114,0.036473,-0.0048159,0.074982
"hiv.dx.W",115,0.036844,-0.004023,0.075567
"hiv.dx.W",116,0.03731,-0.0028875,0.076181
"hiv.dx.W",117,0.0378,-0.0015579,0.076674
"hiv.dx.W",118,0.038404,-2.1106e-05,0.076965
"hiv.dx.W",119,0.039195,0.0010356,0.077809
"hiv.dx.W",120,0.040016,0.0013529,0.078801
"hiv.dx.W",121,0.040819,0.0025693,0.080371
"hiv.dx.W",122,0.041614,0.0036,0.081843
"hiv.dx.W",123,0.042391,0.0044793,0.082736
"hiv.dx.W",124,0.042963,0.0049246,0.083264
"hiv.dx.W",125,0.043514,0.0051843,0.0838
"hiv.dx.W",126,0.043975,0.0053084,0.084226
"hiv.dx.W",127,0.044506,0.0055864,0.08496
"hiv.dx.W",128,0.045012,0.0062868,0.085633
"hiv.dx.W",129,0.045428,0.0070302,0.086209
"hiv.dx.W",130,0.04587,0.0076843,0.086853
"hiv.dx.W",131,0.046362,0.0083743,0.087185
"hiv.dx.W",132,0.046683,0.0087855,0.08741
"hiv.dx.W",133,0.046935,0.008822,0.087479
"hiv.dx.W",134,0.047233,0.0093534,0.087832
"hiv.dx.W",135,0.04743,0.0094639,0.088013
"hiv.dx.W",136,0.047596,0.0095983,0.087464
"hiv.dx.W",137,0.047754,0.0096518,0.087302
"hiv.dx.W",138,0.047844,0.0095555,0.087159
"hiv.dx.W",139,0.047818,0.0094547,0.087441
"hiv.dx.W",140,0.047682,0.009231,0.0875
"hiv.dx.W",141,0.047552,0.0091642,0.086981
"hiv.dx.W",142,0.04744,0.0091457,0.08639
"hiv.dx.W",143,0.047219,0.0086637,0.085779
"hiv.dx.W",144,0.046893,0.0084477,0.084975
"hiv.dx.W",145,0.046557,0.0086416,0.084496
"hiv.dx.W",146,0.046149,0.0087478,0.083449
"hiv.dx.W",147,0.04584,0.0086177,0.082894
"hiv.dx.W",148,0.045693,0.0084634,0.082707
"hiv.dx.W",149,0.045637,0.0082832,0.082856
"hiv.dx.W",150,0.045642,0.0082645,0.082668
"hiv.tx.W",0,1,1,1
"hiv.tx.W",1,0.96786,0.96637,0.96904
"hiv.tx.W",2,0.92416,0.92069,0.92698
"hiv.tx.W",3,0.88539,0.8802,0.88994
"hiv.tx.W",4,0.85045,0.84371,0.85619
"hiv.tx.W",5,0.81843,0.81027,0.82534
"hiv.tx.W",6,0.78872,0.77928,0.79683
"hiv.tx.W",7,0.76066,0.75028,0.76967
"hiv.tx.W",8,0.73383,0.72274,0.74396
"hiv.tx.W",9,0.70823,0.69646,0.71947
"hiv.tx.W",10,0.68384,0.6713,0.6959
"hiv.tx.W",11,0.66006,0.64676,0.67276
"hiv.tx.W",12,0.63678,0.62279,0.65008
"hiv.tx.W",13,0.61465,0.60002,0.62863
"hiv.tx.W",14,0.59315,0.57817,0.60764
"hiv.tx.W",15,0.57203,0.55648,0.58703
"hiv.tx.W",16,0.55121,0.53483,0.56681
"hiv.tx.W",17,0.53053,0.51357,0.54668
"hiv.tx.W",18,0.51033,0.49286,0.5271
"hiv.tx.W",19,0.49095,0.47286,0.50836
"hiv.tx.W",20,0.4722,0.45369,0.49025
"hiv.tx.W",21,0.45408,0.43528,0.47328
"hiv.tx.W",22,0.43603,0.41664,0.4561
"hiv.tx.W",23,0.41842,0.39868,0.43881
"hiv.tx.W",24,0.40139,0.38055,0.42214
"hiv.tx.W",25,0.38461,0.36293,0.40602
"hiv.tx.W",26,0.36784,0.3456,0.39031
"hiv.tx.W",27,0.35168,0.32881,0.37441
"hiv.tx.W",28,0.33602,0.31274,0.35938
"hiv.tx.W",29,0.32106,0.29734,0.34518
"hiv.tx.W",30,0.30649,0.28289,0.33134
"hiv.tx.W",31,0.29237,0.26902,0.31733
"hiv.tx.W",32,0.27869,0.25477,0.30388
"hiv.tx.W",33,0.26575,0.24174,0.291
"hiv.tx.W",34,0.25331,0.22835,0.27838
"hiv.tx.W",35,0.24096,0.21566,0.26632
"hiv.tx.W",36,0.229,0.20299,0.25443
"hiv.tx.W",37,0.21768,0.19158,0.24319
"hiv.tx.W",38,0.20686,0.18036,0.23264
"hiv.tx.W",39,0.19674,0.16971,0.22289
"hiv.tx.W",40,0.18731,0.15977,0.21354
"hiv.tx.W",41,0.17861,0.15101,0.20507
"hiv.tx.W",42,0.17064,0.14291,0.19742
"hiv.tx.W",43,0.16315,0.13506,0.18986
"hiv.tx.W",44,0.15587,0.12726,0.18277
"hiv.tx.W",45,0.14915,0.12015,0.17624
"hiv.tx.W",46,0.14301,0.11344,0.17004
"hiv.tx.W",47,0.13741,0.10773,0.1646
"hiv.tx.W",48,0.13243,0.10226,0.15961
"hiv.tx.W",49,0.12758,0.097506,0.1551
"hiv.tx.W",50,0.1227,0.093141,0.15096
"hiv.tx.W",51,0.11725,0.088184,0.14596
"hiv.tx.W",52,0.11179,0.082913,0.14082
"hiv.tx.W",53,0.10687,0.078218,0.1358
"hiv.tx.W",54,0.10255,0.073651,0.13207
"hiv.tx.W",55,0.098521,0.069643,0.12801
"hiv.tx.W",56,0.094413,0.065458,0.12394
"hiv.tx.W",57,0.090314,0.061104,0.1199
"hiv.tx.W",58,0.086751,0.057351,0.11626
"hiv.tx.W",59,0.083341,0.053498,0.11336
"hiv.tx.W",60,0.080025,0.049541,0.11104
"hiv.tx.W",61,0.076712,0.045985,0.10838
"hiv.tx.W",62,0.073471,0.042024,0.10575
"hiv.tx.W",63,0.070557,0.038709,0.10316
"hiv.tx.W",64,0.068201,0.035773,0.10115
"hiv.tx.W",65,0.065894,0.033041,0.098888
"hiv.tx.W",66,0.063772,0.030477,0.09658
"hiv.tx.W",67,0.061497,0.02784,0.094266
"hiv.tx.W",68,0.059052,0.024916,0.091738
"hiv.tx.W",69,0.056609,0.022483,0.088901
"hiv.tx.W",70,0.054416,0.020092,0.0865
"hiv.tx.W",71,0.052573,0.018449,0.084707
"hiv.tx.W",72,0.051048,0.017051,0.083058
"hiv.tx.W",73,0.049602,0.01528,0.081671
"hiv.tx.W",74,0.047943,0.013243,0.080175
"hiv.tx.W",75,0.046235,0.011426,0.078963
"hiv.tx.W",76,0.044351,0.0092534,0.07758
"hiv.tx.W",77,0.042764,0.0072802,0.076543
"hiv.tx.W",78,0.041436,0.0058637,0.075872
"hiv.tx.W",79,0.039934,0.004632,0.074709
"hiv.tx.W",80,0.038376,0.0032453,0.073168
"hiv.tx.W",81,0.036971,0.0022803,0.071425
"hiv.tx.W",82,0.035581,0.001687,0.069803
"hiv.tx.W",83,0.034214,0.00092714,0.0686
"hiv.tx.W",84,0.032796,0.00016443,0.067418
"hiv.tx.W",85,0.031508,-0.0011002,0.065903
"hiv.tx.W",86,0.03033,-0.0020632,0.06501
"hiv.tx.W",87,0.029277,-0.0026358,0.064002
"hiv.tx.W",88,0.028245,-0.0036828,0.062924
"hiv.tx.W",89,0.027567,-0.0044261,0.062162
"hiv.tx.W",90,0.027193,-0.0049305,0.061289
"hiv.tx.W",91,0.026818,-0.0054968,0.060727
"hiv.tx.W",92,0.02644,-0.0062676,0.0607
"hiv.tx.W",93,0.026072,-0.0066315,0.060726
"hiv.tx.W",94,0.025807,-0.006696,0.060764
"hiv.tx.W",95,0.025707,-0.007732,0.060476
"hiv.tx.W",96,0.025255,-0.0088771,0.05972
"hiv.tx.W",97,0.024994,-0.0091693,0.05915
"hiv.tx.W",98,0.024954,-0.0092581,0.05878
"hiv.tx.W",99,0.025152,-0.0090152,0.058817
"hiv.tx.W",100,0.025622,-0.0083893,0.058951
"hiv.tx.W",101,0.026219,-0.0078162,0.059302
"hiv.tx.W",102,0.02705,-0.0068467,0.059584
"hiv.tx.W",103,0.02831,-0.0054742,0.061044
"hiv.tx.W",104,0.029618,-0.0040713,0.06304
"hiv.tx.W",105,0.030731,-0.0030576,0.064798
"hiv.tx.W",106,0.031376,-0.0022535,0.066049
"hiv.tx.W",107,0.031285,-0.0024224,0.066453
"hiv.tx.W",108,0.031245,-0.0024092,0.066914
"hiv.tx.W",109,0.031337,-0.0023199,0.066816
"hiv.tx.W",110,0.031,-0.0029637,0.06625
"hiv.tx.W",111,0.030289,-0.0036407,0.065821
"hiv.tx.W",112,0.029943,-0.0037522,0.066155
"hiv.tx.W",113,0.030076,-0.0034642,0.066637
"hiv.tx.W",114,0.030355,-0.0039048,0.067011
"hiv.tx.W",115,0.030594,-0.0049385,0.067275
"hiv.tx.W",116,0.030859,-0.0052553,0.067399
"hiv.tx.W",117,0.031262,-0.004847,0.067845
"hiv.tx.W",118,0.03181,-0.0038341,0.069022
"hiv.tx.W",119,0.031987,-0.003322,0.069645
"hiv.tx.W",120,0.032432,-0.0029516,0.069934
"hiv.tx.W",121,0.032867,-0.0026964,0.070155
"hiv.tx.W",122,0.03344,-0.0022426,0.071137
"hiv.tx.W",123,0.034014,-0.0019283,0.072119
"hiv.tx.W",124,0.034579,-0.0014822,0.072876
"hiv.tx.W",125,0.035519,-0.00061312,0.074037
"hiv.tx.W",126,0.036252,0.00026926,0.074613
"hiv.tx.W",127,0.036788,0.00071702,0.074854
"hiv.tx.W",128,0.036777,0.00035287,0.075487
"hiv.tx.W",129,0.036693,0.0003212,0.075508
"hiv.tx.W",130,0.036597,0.00032959,0.075144
"hiv.tx.W",131,0.036415,0.00018601,0.074766
"hiv.tx.W",132,0.035989,-0.00032402,0.074651
"hiv.tx.W",133,0.035712,-0.00055244,0.0745
"hiv.tx.W",134,0.035533,-0.00028396,0.07431
"hiv.tx.W",135,0.035196,-0.00046323,0.073632
"hiv.tx.W",136,0.035124,-0.00064055,0.07342
"hiv.tx.W",137,0.035507,0.00050207,0.073716
"hiv.tx.W",138,0.036137,0.0018469,0.074374
"hiv.tx.W",139,0.036511,0.0019432,0.074628
"hiv.tx.W",140,0.03683,0.0022376,0.075312
"hiv.tx.W",141,0.037354,0.0022565,0.07564
"hiv.tx.W",142,0.037907,0.0025916,0.076167
"hiv.tx.W",143,0.037982,0.0027832,0.076209
"hiv.tx.W",144,0.03786,0.0030195,0.076004
"hiv.tx.W",145,0.037707,0.0034322,0.075585
"hiv.tx.W",146,0.037247,0.00321,0.074827
"hiv.tx.W",147,0.037239,0.0030281,0.075178
"hiv.tx.W",148,0.037343,0.0031992,0.075575
"hiv.tx.W",149,0.037533,0.003841,0.075828
"hiv.tx.W",150,0.037786,0.0037796,0.075554
"hiv.supp.W",0,1,1,1
"hiv.supp.W",1,0.96773,0.96636,0.96903
"hiv.supp.W",2,0.92387,0.92079,0.92687
"hiv.supp.W",3,0.88481,0.87998,0.88933
"hiv.supp.W",4,0.84958,0.84299,0.85554
"hiv.supp.W",5,0.81738,0.80948,0.82435
"hiv.supp.W",6,0.78745,0.77842,0.79565
"hiv.supp.W",7,0.75921,0.74892,0.76856
"hiv.supp.W",8,0.73222,0.72072,0.74259
"hiv.supp.W",9,0.70649,0.69436,0.71746
"hiv.supp.W",10,0.68192,0.66913,0.69367
"hiv.supp.W",11,0.65813,0.64464,0.67102
"hiv.supp.W",12,0.63481,0.62037,0.64863
"hiv.supp.W",13,0.61261,0.59693,0.62716
"hiv.supp.W",14,0.59106,0.57462,0.6058
"hiv.supp.W",15,0.56998,0.55275,0.58506
"hiv.supp.W",16,0.54914,0.53129,0.56456
"hiv.supp.W",17,0.52846,0.50981,0.54459
"hiv.supp.W",18,0.50829,0.48938,0.52493
"hiv.supp.W",19,0.48889,0.46953,0.50609
"hiv.supp.W",20,0.4702,0.45047,0.48778
"hiv.supp.W",21,0.45215,0.43195,0.47069
"hiv.supp.W",22,0.43411,0.41365,0.45336
"hiv.supp.W",23,0.41653,0.3959,0.4362
"hiv.supp.W",24,0.39952,0.37852,0.42023
"hiv.supp.W",25,0.38283,0.36152,0.40454
"hiv.supp.W",26,0.36614,0.34461,0.38835
"hiv.supp.W",27,0.35008,0.3279,0.37256
"hiv.supp.W",28,0.33453,0.31151,0.35682
"hiv.supp.W",29,0.31955,0.29568,0.34242
"hiv.supp.W",30,0.30503,0.28087,0.32862
"hiv.supp.W",31,0.29095,0.26688,0.3152
"hiv.supp.W",32,0.27733,0.25265,0.30235
"hiv.supp.W",33,0.26443,0.23964,0.28993
"hiv.supp.W",34,0.25205,0.227,0.27784
"hiv.supp.W",35,0.23978,0.21444,0.2658
"hiv.supp.W",36,0.22794,0.20215,0.25419
"hiv.supp.W",37,0.21667,0.19068,0.24266
"hiv.supp.W",38,0.20589,0.18012,0.23212
"hiv.supp.W",39,0.1958,0.16968,0.22238
"hiv.supp.W",40,0.18641,0.15978,0.21322
"hiv.supp.W",41,0.17773,0.15072,0.20472
"hiv.supp.W",42,0.16975,0.14296,0.19677
"hiv.supp.W",43,0.16234,0.13543,0.18905
"hiv.supp.W",44,0.15512,0.12762,0.18213
"hiv.supp.W",45,0.14849,0.12067,0.17534
"hiv.supp.W",46,0.1424,0.11469,0.16937
"hiv.supp.W",47,0.13688,0.10923,0.16396
"hiv.supp.W",48,0.13194,0.10413,0.15839
"hiv.supp.W",49,0.12714,0.098954,0.15348
"hiv.supp.W",50,0.12222,0.09353,0.14914
"hiv.supp.W",51,0.11681,0.087628,0.14413
"hiv.supp.W",52,0.11144,0.082048,0.13938
"hiv.supp.W",53,0.10653,0.076596,0.13492
"hiv.supp.W",54,0.1022,0.071436,0.13046
"hiv.supp.W",55,0.098235,0.067395,0.12654
"hiv.supp.W",56,0.094168,0.063367,0.12269
"hiv.supp.W",57,0.090124,0.059389,0.11895
"hiv.supp.W",58,0.086519,0.055686,0.11599
"hiv.supp.W",59,0.083098,0.052209,0.11324
"hiv.supp.W",60,0.079796,0.048877,0.10984
"hiv.supp.W",61,0.076459,0.045554,0.10679
"hiv.supp.W",62,0.073206,0.041957,0.10408
"hiv.supp.W",63,0.070264,0.038673,0.10108
"hiv.supp.W",64,0.067881,0.036,0.098707
"hiv.supp.W",65,0.065571,0.033686,0.096861
"hiv.supp.W",66,0.063457,0.031416,0.095366
"hiv.supp.W",67,0.061222,0.02855,0.093687
"hiv.supp.W",68,0.058789,0.025535,0.090951
"hiv.supp.W",69,0.05631,0.022629,0.088945
"hiv.supp.W",70,0.054106,0.020693,0.087347
"hiv.supp.W",71,0.052249,0.019112,0.085923
"hiv.supp.W",72,0.050733,0.01787,0.084235
"hiv.supp.W",73,0.049332,0.016013,0.08312
"hiv.supp.W",74,0.047703,0.014538,0.081226
"hiv.supp.W",75,0.046008,0.012923,0.078999
"hiv.supp.W",76,0.04413,0.010848,0.076475
"hiv.supp.W",77,0.042523,0.008968,0.075144
"hiv.supp.W",78,0.041178,0.0073235,0.073705
"hiv.supp.W",79,0.039633,0.0055108,0.072154
"hiv.supp.W",80,0.038073,0.0038029,0.070571
"hiv.supp.W",81,0.036661,0.0024125,0.069474
"hiv.supp.W",82,0.035261,0.001077,0.068472
"hiv.supp.W",83,0.03385,-0.00039852,0.067548
"hiv.supp.W",84,0.032496,-0.0016808,0.066358
"hiv.supp.W",85,0.031131,-0.0027579,0.065038
"hiv.supp.W",86,0.029985,-0.0039201,0.063694
"hiv.supp.W",87,0.028938,-0.0051686,0.062637
"hiv.supp.W",88,0.027896,-0.0066645,0.06191
"hiv.supp.W",89,0.027234,-0.0078074,0.06156
"hiv.supp.W",90,0.026895,-0.0081613,0.06161
"hiv.supp.W",91,0.026542,-0.0084928,0.061323
"hiv.supp.W",92,0.026163,-0.0096582,0.060997
"hiv.supp.W",93,0.025813,-0.011086,0.061098
"hiv.supp.W",94,0.025583,-0.011473,0.061235
"hiv.supp.W",95,0.025482,-0.011511,0.061359
"hiv.supp.W",96,0.025011,-0.0118,0.060959
"hiv.supp.W",97,0.024718,-0.011796,0.060635
"hiv.supp.W",98,0.024675,-0.011318,0.060662
"hiv.supp.W",99,0.024877,-0.010949,0.060775
"hiv.supp.W",100,0.025341,-0.011126,0.060759
"hiv.supp.W",101,0.025999,-0.010979,0.061123
"hiv.supp.W",102,0.026799,-0.010382,0.06137
"hiv.supp.W",103,0.028028,-0.0084564,0.062021
"hiv.supp.W",104,0.029372,-0.0063128,0.063468
"hiv.supp.W",105,0.030475,-0.0046342,0.064609
"hiv.supp.W",106,0.031088,-0.0036292,0.065939
"hiv.supp.W",107,0.03096,-0.0037824,0.065183
"hiv.supp.W",108,0.030901,-0.0039283,0.065084
"hiv.supp.W",109,0.031007,-0.0039974,0.065474
"hiv.supp.W",110,0.030739,-0.0040935,0.065573
"hiv.supp.W",111,0.030098,-0.0044584,0.064901
"hiv.supp.W",112,0.029693,-0.0052708,0.064025
"hiv.supp.W",113,0.029839,-0.0055332,0.063942
"hiv.supp.W",114,0.03009,-0.0053528,0.064083
"hiv.supp.W",115,0.030348,-0.0053213,0.064099
"hiv.supp.W",116,0.030597,-0.0046206,0.0641
"hiv.supp.W",117,0.030994,-0.0038341,0.064978
"hiv.supp.W",118,0.031568,-0.0027726,0.065314
"hiv.supp.W",119,0.031779,-0.002582,0.065311
"hiv.supp.W",120,0.032191,-0.0019623,0.065683
"hiv.supp.W",121,0.032667,-0.0025234,0.066165
"hiv.supp.W",122,0.033273,-0.0020683,0.066656
"hiv.supp.W",123,0.033855,-0.001401,0.067186
"hiv.supp.W",124,0.034402,-0.0010055,0.067747
"hiv.supp.W",125,0.035313,-0.00066424,0.068757
"hiv.supp.W",126,0.036099,-0.00030349,0.069726
"hiv.supp.W",127,0.036597,0.00032757,0.07003
"hiv.supp.W",128,0.036537,0.00049483,0.069695
"hiv.supp.W",129,0.036408,0.0012042,0.069445
"hiv.supp.W",130,0.036337,0.0009785,0.069317
"hiv.supp.W",131,0.036144,0.0009606,0.069106
"hiv.supp.W",132,0.035747,0.00086726,0.068837
"hiv.supp.W",133,0.035473,0.0011785,0.068224
"hiv.supp.W",134,0.035331,0.0013721,0.067912
"hiv.supp.W",135,0.034944,0.0013918,0.067247
"hiv.supp.W",136,0.034918,0.0013478,0.067154
"hiv.supp.W",137,0.035285,0.0021662,0.067816
"hiv.supp.W",138,0.035915,0.0029349,0.069058
"hiv.supp.W",139,0.036293,0.003554,0.069818
"hiv.supp.W",140,0.036632,0.0043299,0.069801
"hiv.supp.W",141,0.037152,0.0048775,0.070673
"hiv.supp.W",142,0.037657,0.0053029,0.071385
"hiv.supp.W",143,0.037731,0.0058648,0.071176
"hiv.supp.W",144,0.037612,0.0057121,0.071303
"hiv.supp.W",145,0.037467,0.0054911,0.071828
"hiv.supp.W",146,0.036997,0.0048565,0.07202
"hiv.supp.W",147,0.036979,0.0049092,0.07214
"hiv.supp.W",148,0.03704,0.0051172,0.071943
"hiv.supp.W",149,0.037216,0.0053685,0.072648
"hiv.supp.W",150,0.037443,0.0053017,0.073351
"prep.W",0,1,1,1
"prep.W",1,0.7002,0.69213,0.70695
"prep.W",2,0.51117,0.49769,0.52245
"prep.W",3,0.45508,0.43958,0.46693
"prep.W",4,0.43018,0.41413,0.44306
"prep.W",5,0.41149,0.39456,0.42391
"prep.W",6,0.39914,0.38115,0.4117
"prep.W",7,0.38805,0.37121,0.401
"prep.W",8,0.37893,0.36177,0.39246
"prep.W",9,0.36933,0.35194,0.38362
"prep.W",10,0.35766,0.3402,0.37145
"prep.W",11,0.34474,0.32731,0.35831
"prep.W",12,0.33456,0.31665,0.34848
"prep.W",13,0.32596,0.30793,0.33982
"prep.W",14,0.31606,0.29806,0.33079
"prep.W",15,0.30447,0.28777,0.31886
"prep.W",16,0.29388,0.27535,0.30885
"prep.W",17,0.28251,0.26418,0.29717
"prep.W",18,0.27205,0.2532,0.28685
"prep.W",19,0.26213,0.24352,0.27623
"prep.W",20,0.25167,0.23252,0.26616
"prep.W",21,0.23994,0.21953,0.25532
"prep.W",22,0.22606,0.20608,0.24172
"prep.W",23,0.21699,0.19673,0.23213
"prep.W",24,0.20671,0.18734,0.2223
"prep.W",25,0.19751,0.17793,0.21401
"prep.W",26,0.18809,0.1682,0.20484
"prep.W",27,0.17837,0.15787,0.19484
"prep.W",28,0.17127,0.14993,0.18719
"prep.W",29,0.16325,0.14153,0.17921
"prep.W",30,0.15354,0.13165,0.17011
"prep.W",31,0.14255,0.12021,0.15939
"prep.W",32,0.13291,0.11084,0.15086
"prep.W",33,0.12644,0.10468,0.14385
"prep.W",34,0.11888,0.09712,0.13678
"prep.W",35,0.10995,0.086368,0.12843
"prep.W",36,0.10175,0.079002,0.12116
"prep.W",37,0.094341,0.072501,0.11414
"prep.W",38,0.087564,0.064187,0.10703
"prep.W",39,0.081446,0.058251,0.1005
"prep.W",40,0.075483,0.05281,0.094297
"prep.W",41,0.068781,0.046561,0.087296
"prep.W",42,0.061693,0.039828,0.079441
"prep.W",43,0.055146,0.033582,0.072769
"prep.W",44,0.050605,0.028613,0.068303
"prep.W",45,0.044856,0.023059,0.062745
"prep.W",46,0.041452,0.019091,0.060678
"prep.W",47,0.037494,0.01511,0.055792
"prep.W",48,0.031522,0.0092801,0.049729
"prep.W",49,0.03037,0.0076091,0.048817
"prep.W",50,0.03017,0.0074395,0.048197
"prep.W",51,0.030221,0.0080503,0.047754
"prep.W",52,0.029842,0.0086633,0.046985
"prep.W",53,0.028141,0.0068854,0.044923
"prep.W",54,0.027757,0.0067736,0.045495
"prep.W",55,0.029269,0.0082591,0.046937
"prep.W",56,0.029306,0.0081365,0.047296
"prep.W",57,0.030077,0.008541,0.047814
"prep.W",58,0.030471,0.0096593,0.049847
"prep.W",59,0.030297,0.0097104,0.050164
"prep.W",60,0.033067,0.012382,0.052735
"prep.W",61,0.033311,0.011922,0.052004
"prep.W",62,0.033235,0.011789,0.052094
"prep.W",63,0.03327,0.011796,0.051784
"prep.W",64,0.030868,0.009403,0.049908
"prep.W",65,0.030164,0.0080254,0.049191
"prep.W",66,0.033271,0.011599,0.051865
"prep.W",67,0.031601,0.010475,0.049438
"prep.W",68,0.028632,0.0081773,0.046756
"prep.W",69,0.025899,0.0055196,0.044593
"prep.W",70,0.027499,0.0067977,0.046096
"prep.W",71,0.02815,0.007793,0.046576
"prep.W",72,0.027872,0.0067933,0.046783
"prep.W",73,0.025992,0.0045463,0.044166
"prep.W",74,0.024734,0.0030569,0.042759
"prep.W",75,0.024019,0.0013435,0.042242
"prep.W",76,0.024047,0.0018344,0.042425
"prep.W",77,0.02206,0.00021856,0.040917
"prep.W",78,0.021246,-0.0011362,0.040524
"prep.W",79,0.02146,0.00010286,0.040385
"prep.W",80,0.021348,0.00049114,0.040259
"prep.W",81,0.02241,0.00046326,0.042003
"prep.W",82,0.024597,0.0029344,0.043247
"prep.W",83,0.025057,0.0043568,0.043378
"prep.W",84,0.0268,0.0055656,0.044453
"prep.W",85,0.024185,0.0034476,0.041596
"prep.W",86,0.023185,0.00236,0.040458
"prep.W",87,0.024761,0.0033495,0.042403
"prep.W",88,0.024429,0.0028653,0.042318
"prep.W",89,0.022886,0.0021118,0.040326
"prep.W",90,0.022492,0.0020393,0.039577
"prep.W",91,0.022308,0.0018481,0.039781
"prep.W",92,0.020679,6.8524e-05,0.038345
"prep.W",93,0.017405,-0.0039851,0.03582
"prep.W",94,0.017795,-0.0038906,0.036426
"prep.W",95,0.017398,-0.0036262,0.035388
"prep.W",96,0.017173,-0.0027442,0.03504
"prep.W",97,0.016319,-0.0040852,0.033866
"prep.W",98,0.015552,-0.0048768,0.033583
"prep.W",99,0.016209,-0.0037719,0.033948
"prep.W",100,0.017509,-0.0029948,0.035136
"prep.W",101,0.018174,-0.0022364,0.036038
"prep.W",102,0.017719,-0.0020538,0.034974
"prep.W",103,0.01434,-0.0060627,0.03149
"prep.W",104,0.011331,-0.0093049,0.0292
"prep.W",105,0.014198,-0.0063767,0.031427
"prep.W",106,0.016754,-0.004674,0.034557
"prep.W",107,0.015324,-0.0062818,0.034305
"prep.W",108,0.013881,-0.0080835,0.032835
"prep.W",109,0.016486,-0.0056774,0.036258
"prep.W",110,0.016734,-0.0045584,0.035781
"prep.W",111,0.014385,-0.0074944,0.03253
"prep.W",112,0.014767,-0.0076713,0.032967
"prep.W",113,0.017272,-0.0055139,0.035797
"prep.W",114,0.017587,-0.004428,0.036847
"prep.W",115,0.016031,-0.0067136,0.037045
"prep.W",116,0.016269,-0.0058811,0.03633
"prep.W",117,0.018704,-0.0021152,0.039119
"prep.W",118,0.017902,-0.0023848,0.038383
"prep.W",119,0.01637,-0.003902,0.03641
"prep.W",120,0.015642,-0.0036537,0.03687
"prep.W",121,0.015796,-0.0050181,0.036522
"prep.W",122,0.015804,-0.00497,0.036323
"prep.W",123,0.016827,-0.0029254,0.035819
"prep.W",124,0.015699,-0.002821,0.034531
"prep.W",125,0.0163,-0.0021781,0.034749
"prep.W",126,0.017973,-0.0015159,0.036575
"prep.W",127,0.019519,-4.357e-05,0.038848
"prep.W",128,0.018474,-0.0013527,0.038512
"prep.W",129,0.019673,-0.00026019,0.040678
"prep.W",130,0.020193,7.7277e-05,0.040274
"prep.W",131,0.018664,-0.0012867,0.037932
"prep.W",132,0.017809,-0.0027626,0.037398
"prep.W",133,0.014281,-0.0051654,0.033774
"prep.W",134,0.013576,-0.0058569,0.032406
"prep.W",135,0.016575,-0.0032329,0.035169
"prep.W",136,0.017947,-0.0015749,0.0363
"prep.W",137,0.016053,-0.0027012,0.034398
"prep.W",138,0.014142,-0.0050567,0.03251
"prep.W",139,0.012415,-0.008316,0.030303
"prep.W",140,0.013332,-0.0065306,0.03156
"prep.W",141,0.015638,-0.0037892,0.034089
"prep.W",142,0.012446,-0.0068768,0.031582
"prep.W",143,0.013354,-0.0065511,0.032391
"prep.W",144,0.017302,-0.0023123,0.035374
"prep.W",145,0.016766,-0.0033106,0.034623
"prep.W",146,0.01765,-0.0016137,0.034835
"prep.W",147,0.018269,-0.0014417,0.03624
"prep.W",148,0.018483,-0.0022563,0.036062
"prep.W",149,0.01473,-0.0061758,0.033181
"prep.W",150,0.012336,-0.0082799,0.030741
"prep.indic.W",0,1,1,1
"prep.indic.W",1,0.90336,0.89907,0.90709
"prep.indic.W",2,0.83344,0.82587,0.83976
"prep.indic.W",3,0.79489,0.78543,0.80249
"prep.indic.W",4,0.76606,0.75539,0.77538
"prep.indic.W",5,0.74163,0.73009,0.75197
"prep.indic.W",6,0.72034,0.7085,0.73148
"prep.indic.W",7,0.7007,0.68804,0.71228
"prep.indic.W",8,0.68145,0.66822,0.69332
"prep.indic.W",9,0.66275,0.64864,0.67512
"prep.indic.W",10,0.64408,0.62867,0.65678
"prep.indic.W",11,0.62506,0.60915,0.63838
"prep.indic.W",12,0.60532,0.58824,0.61928
"prep.indic.W",13,0.58648,0.56864,0.60106
"prep.indic.W",14,0.56757,0.54909,0.58287
"prep.indic.W",15,0.54839,0.52954,0.56398
"prep.indic.W",16,0.52905,0.50955,0.54533
"prep.indic.W",17,0.51023,0.48983,0.52713
"prep.indic.W",18,0.49253,0.47241,0.51007
"prep.indic.W",19,0.47463,0.45319,0.4928
"prep.indic.W",20,0.45606,0.4342,0.47463
"prep.indic.W",21,0.43709,0.4145,0.45634
"prep.indic.W",22,0.41817,0.39501,0.43808
"prep.indic.W",23,0.39981,0.37561,0.42004
"prep.indic.W",24,0.38179,0.35722,0.40259
"prep.indic.W",25,0.36395,0.33902,0.38505
"prep.indic.W",26,0.34667,0.32121,0.36777
"prep.indic.W",27,0.32914,0.30344,0.35068
"prep.indic.W",28,0.31237,0.28688,0.33445
"prep.indic.W",29,0.29562,0.26992,0.31791
"prep.indic.W",30,0.27881,0.25292,0.30148
"prep.indic.W",31,0.26318,0.23663,0.28643
"prep.indic.W",32,0.24829,0.22139,0.27227
"prep.indic.W",33,0.23357,0.20712,0.2579
"prep.indic.W",34,0.21883,0.19194,0.24364
"prep.indic.W",35,0.20434,0.17774,0.22969
"prep.indic.W",36,0.18967,0.16221,0.21547
"prep.indic.W",37,0.1756,0.14688,0.2016
"prep.indic.W",38,0.16177,0.13197,0.18848
"prep.indic.W",39,0.14787,0.11726,0.17458
"prep.indic.W",40,0.13559,0.10478,0.16203
"prep.indic.W",41,0.12475,0.092834,0.15144
"prep.indic.W",42,0.11387,0.081416,0.14074
"prep.indic.W",43,0.10264,0.070126,0.12999
"prep.indic.W",44,0.092489,0.059184,0.1197
"prep.indic.W",45,0.082158,0.048164,0.10932
"prep.indic.W",46,0.071981,0.037625,0.099199
"prep.indic.W",47,0.062858,0.028231,0.08977
"prep.indic.W",48,0.054404,0.019415,0.081527
"prep.indic.W",49,0.04598,0.010836,0.073174
"prep.indic.W",50,0.041684,0.0065832,0.069137
"prep.indic.W",51,0.041444,0.0057829,0.069167
"prep.indic.W",52,0.041389,0.0064861,0.069595
"prep.indic.W",53,0.042244,0.0075496,0.070506
"prep.indic.W",54,0.042826,0.0079282,0.071562
"prep.indic.W",55,0.042606,0.0077761,0.071149
"prep.indic.W",56,0.043459,0.0087757,0.072184
"prep.indic.W",57,0.044645,0.009983,0.073445
"prep.indic.W",58,0.044561,0.01086,0.074084
"prep.indic.W",59,0.045099,0.01146,0.074427
"prep.indic.W",60,0.045601,0.012478,0.074888
"prep.indic.W",61,0.04505,0.011837,0.074817
"prep.indic.W",62,0.043934,0.010947,0.073751
"prep.indic.W",63,0.043018,0.010389,0.072969
"prep.indic.W",64,0.042231,0.0097661,0.072
"prep.indic.W",65,0.042442,0.0094584,0.072689
"prep.indic.W",66,0.042318,0.0078939,0.074128
"prep.indic.W",67,0.041583,0.007478,0.073522
"prep.indic.W",68,0.040408,0.0074043,0.072713
"prep.indic.W",69,0.039832,0.0068726,0.071821
"prep.indic.W",70,0.039829,0.0066899,0.071371
"prep.indic.W",71,0.038595,0.0047795,0.069934
"prep.indic.W",72,0.037864,0.0037697,0.069349
"prep.indic.W",73,0.037576,0.0037102,0.068384
"prep.indic.W",74,0.036502,0.0020918,0.067494
"prep.indic.W",75,0.036024,0.0020085,0.067126
"prep.indic.W",76,0.036446,0.0020761,0.067583
"prep.indic.W",77,0.036279,0.0022392,0.067535
"prep.indic.W",78,0.035677,0.001218,0.066849
"prep.indic.W",79,0.035472,0.0012123,0.066913
"prep.indic.W",80,0.035083,0.0011436,0.066752
"prep.indic.W",81,0.03363,7.6092e-05,0.065551
"prep.indic.W",82,0.032582,-0.00067229,0.064387
"prep.indic.W",83,0.031944,-0.00067717,0.063911
"prep.indic.W",84,0.0315,-0.00052212,0.064174
"prep.indic.W",85,0.032066,-0.0004753,0.064737
"prep.indic.W",86,0.032151,-0.0014664,0.065159
"prep.indic.W",87,0.031847,-0.0020454,0.065302
"prep.indic.W",88,0.030427,-0.0042677,0.063983
"prep.indic.W",89,0.029703,-0.0048566,0.063428
"prep.indic.W",90,0.029572,-0.0047711,0.063377
"prep.indic.W",91,0.029998,-0.0054544,0.063556
"prep.indic.W",92,0.029947,-0.0050394,0.06387
"prep.indic.W",93,0.029301,-0.0062658,0.062929
"prep.indic.W",94,0.029103,-0.0066354,0.062958
"prep.indic.W",95,0.028282,-0.0070627,0.062069
"prep.indic.W",96,0.027993,-0.0078016,0.062355
"prep.indic.W",97,0.027883,-0.0086543,0.062259
"prep.indic.W",98,0.028583,-0.0075085,0.063172
"prep.indic.W",99,0.027762,-0.0075492,0.062418
"prep.indic.W",100,0.026762,-0.0085165,0.061891
"prep.indic.W",101,0.026669,-0.0078292,0.061951
"prep.indic.W",102,0.027948,-0.0065937,0.064047
"prep.indic.W",103,0.027857,-0.0066342,0.064024
"prep.indic.W",104,0.028061,-0.0064096,0.064011
"prep.indic.W",105,0.027168,-0.0067636,0.062813
"prep.indic.W",106,0.02596,-0.0073666,0.061464
"prep.indic.W",107,0.024998,-0.0083482,0.05975
"prep.indic.W",108,0.02542,-0.0082842,0.060395
"prep.indic.W",109,0.024855,-0.0092992,0.05876
"prep.indic.W",110,0.02378,-0.010153,0.057368
"prep.indic.W",111,0.023109,-0.010364,0.056681
"prep.indic.W",112,0.022862,-0.010764,0.0566
"prep.indic.W",113,0.022835,-0.01083,0.057567
"prep.indic.W",114,0.022506,-0.011714,0.056493
"prep.indic.W",115,0.022699,-0.011689,0.056973
"prep.indic.W",116,0.023743,-0.010912,0.058373
"prep.indic.W",117,0.024735,-0.0097157,0.058524
"prep.indic.W",118,0.024664,-0.0092724,0.059404
"prep.indic.W",119,0.024245,-0.0099284,0.05972
"prep.indic.W",120,0.023976,-0.0097826,0.058965
"prep.indic.W",121,0.02403,-0.0094189,0.058821
"prep.indic.W",122,0.024369,-0.0090181,0.059036
"prep.indic.W",123,0.025163,-0.0075376,0.059403
"prep.indic.W",124,0.026209,-0.0068012,0.060848
"prep.indic.W",125,0.026624,-0.0064233,0.06146
"prep.indic.W",126,0.026063,-0.0067249,0.060964
"prep.indic.W",127,0.026577,-0.0055097,0.060699
"prep.indic.W",128,0.02689,-0.0047089,0.06083
"prep.indic.W",129,0.026518,-0.005851,0.059871
"prep.indic.W",130,0.026759,-0.0055233,0.05987
"prep.indic.W",131,0.026415,-0.0057581,0.060054
"prep.indic.W",132,0.026483,-0.0052952,0.059487
"prep.indic.W",133,0.027152,-0.0048176,0.059941
"prep.indic.W",134,0.027286,-0.003994,0.059087
"prep.indic.W",135,0.026879,-0.0043468,0.058895
"prep.indic.W",136,0.026333,-0.0044898,0.058807
"prep.indic.W",137,0.026104,-0.003879,0.057916
"prep.indic.W",138,0.025705,-0.004597,0.057258
"prep.indic.W",139,0.025224,-0.0049809,0.056525
"prep.indic.W",140,0.023358,-0.0072224,0.054626
"prep.indic.W",141,0.022126,-0.0087049,0.053358
"prep.indic.W",142,0.021139,-0.010659,0.052845
"prep.indic.W",143,0.021517,-0.010075,0.052535
"prep.indic.W",144,0.022405,-0.0091792,0.052985
"prep.indic.W",145,0.022968,-0.0086596,0.05285
"prep.indic.W",146,0.022485,-0.0095333,0.053184
"prep.indic.W",147,0.021977,-0.0096179,0.052402
"prep.indic.W",148,0.022181,-0.0082885,0.053012
"prep.indic.W",149,0.022438,-0.0083033,0.053633
"prep.indic.W",150,0.021807,-0.009201,0.053283
"gono.uret.inf",0,1,1,1
"gono.uret.inf",1,0.935,0.93316,0.93697
"gono.uret.inf",2,0.84076,0.83612,0.84524
"gono.uret.inf",3,0.75217,0.74478,0.75908
"gono.uret.inf",4,0.67266,0.66338,0.68156
"gono.uret.inf",5,0.60256,0.59169,0.61339
"gono.uret.inf",6,0.54129,0.52898,0.55391
"gono.uret.inf",7,0.48794,0.474,0.50171
"gono.uret.inf",8,0.44137,0.42713,0.45603
"gono.uret.inf",9,0.40064,0.38565,0.416
"gono.uret.inf",10,0.36492,0.34894,0.38084
"gono.uret.inf",11,0.33365,0.31709,0.35046
"gono.uret.inf",12,0.3062,0.28919,0.32396
"gono.uret.inf",13,0.28259,0.26518,0.30094
"gono.uret.inf",14,0.26177,0.2442,0.28076
"gono.uret.inf",15,0.24295,0.22585,0.2618
"gono.uret.inf",16,0.22575,0.20866,0.2436
"gono.uret.inf",17,0.20932,0.19219,0.22708
"gono.uret.inf",18,0.19388,0.17601,0.21132
"gono.uret.inf",19,0.17955,0.16179,0.1976
"gono.uret.inf",20,0.16583,0.14814,0.18344
"gono.uret.inf",21,0.15289,0.13448,0.17101
"gono.uret.inf",22,0.14066,0.12185,0.1588
"gono.uret.inf",23,0.12874,0.11022,0.14775
"gono.uret.inf",24,0.11745,0.098255,0.13632
"gono.uret.inf",25,0.10643,0.087617,0.12551
"gono.uret.inf",26,0.097248,0.077879,0.11655
"gono.uret.inf",27,0.089597,0.070729,0.10891
"gono.uret.inf",28,0.082502,0.06366,0.10174
"gono.uret.inf",29,0.075405,0.055819,0.095032
"gono.uret.inf",30,0.068694,0.049259,0.088027
"gono.uret.inf",31,0.062802,0.042293,0.08118
"gono.uret.inf",32,0.057534,0.037916,0.075335
"gono.uret.inf",33,0.053128,0.034703,0.071049
"gono.uret.inf",34,0.049131,0.030786,0.067085
"gono.uret.inf",35,0.045318,0.027099,0.063649
"gono.uret.inf",36,0.041509,0.024198,0.060054
"gono.uret.inf",37,0.037466,0.020193,0.054564
"gono.uret.inf",38,0.03347,0.016539,0.051239
"gono.uret.inf",39,0.02945,0.01206,0.048037
"gono.uret.inf",40,0.025938,0.0085279,0.044795
"gono.uret.inf",41,0.023023,0.005009,0.040768
"gono.uret.inf",42,0.020658,0.0022967,0.038531
"gono.uret.inf",43,0.018751,0.00043293,0.037429
"gono.uret.inf",44,0.016842,-0.0012898,0.035977
"gono.uret.inf",45,0.014897,-0.003672,0.034474
"gono.uret.inf",46,0.01351,-0.0063956,0.033768
"gono.uret.inf",47,0.012654,-0.0077436,0.033582
"gono.uret.inf",48,0.011721,-0.0093194,0.033098
"gono.uret.inf",49,0.01065,-0.0098048,0.031927
"gono.uret.inf",50,0.0097207,-0.0097382,0.030544
"gono.uret.inf",51,0.0089392,-0.0109,0.029621
"gono.uret.inf",52,0.0086583,-0.011242,0.029886
"gono.uret.inf",53,0.0085915,-0.010968,0.029776
"gono.uret.inf",54,0.008943,-0.011082,0.029196
"gono.uret.inf",55,0.0095348,-0.010615,0.029476
"gono.uret.inf",56,0.010063,-0.00989,0.029481
"gono.uret.inf",57,0.01088,-0.0086778,0.030166
"gono.uret.inf",58,0.011432,-0.0075936,0.030441
"gono.uret.inf",59,0.011824,-0.0069228,0.030824
"gono.uret.inf",60,0.012428,-0.0060449,0.031606
"gono.uret.inf",61,0.013243,-0.0051801,0.032344
"gono.uret.inf",62,0.014145,-0.0036381,0.033547
"gono.uret.inf",63,0.014685,-0.0036403,0.033955
"gono.uret.inf",64,0.014696,-0.0039956,0.034079
"gono.uret.inf",65,0.014207,-0.0047878,0.033648
"gono.uret.inf",66,0.013516,-0.0054223,0.033334
"gono.uret.inf",67,0.013187,-0.0054416,0.032906
"gono.uret.inf",68,0.012584,-0.006079,0.032421
"gono.uret.inf",69,0.012451,-0.0061318,0.031989
"gono.uret.inf",70,0.012585,-0.0061207,0.031676
"gono.uret.inf",71,0.012359,-0.0061885,0.031568
"gono.uret.inf",72,0.011767,-0.007067,0.030506
"gono.uret.inf",73,0.010918,-0.0085945,0.0299
"gono.uret.inf",74,0.01027,-0.0097382,0.029043
"gono.uret.inf",75,0.0099266,-0.0098208,0.029638
"gono.uret.inf",76,0.010488,-0.0098559,0.030887
"gono.uret.inf",77,0.01153,-0.0082779,0.032837
"gono.uret.inf",78,0.012423,-0.0082829,0.034308
"gono.uret.inf",79,0.01301,-0.0078391,0.035492
"gono.uret.inf",80,0.013299,-0.007392,0.03493
"gono.uret.inf",81,0.013819,-0.0070854,0.035536
"gono.uret.inf",82,0.014389,-0.0074948,0.03604
"gono.uret.inf",83,0.01554,-0.0065418,0.036637
"gono.uret.inf",84,0.016397,-0.0046418,0.03695
"gono.uret.inf",85,0.016346,-0.0040181,0.036221
"gono.uret.inf",86,0.016726,-0.0035111,0.03641
"gono.uret.inf",87,0.017261,-0.0026697,0.036934
"gono.uret.inf",88,0.016736,-0.0034591,0.036757
"gono.uret.inf",89,0.015151,-0.0046891,0.035186
"gono.uret.inf",90,0.013728,-0.0062557,0.033461
"gono.uret.inf",91,0.012889,-0.0069656,0.032528
"gono.uret.inf",92,0.012579,-0.0071336,0.032317
"gono.uret.inf",93,0.012329,-0.0068506,0.032544
"gono.uret.inf",94,0.01241,-0.0069647,0.032331
"gono.uret.inf",95,0.012328,-0.0073761,0.032307
"gono.uret.inf",96,0.012109,-0.0078279,0.031832
"gono.uret.inf",97,0.011873,-0.0077474,0.031502
"gono.uret.inf",98,0.011365,-0.0087793,0.030762
"gono.uret.inf",99,0.0099175,-0.010155,0.02897
"gono.uret.inf",100,0.0083351,-0.011683,0.027061
"gono.uret.inf",101,0.0072573,-0.012726,0.025913
"gono.uret.inf",102,0.0058303,-0.015019,0.024682
"gono.uret.inf",103,0.0041642,-0.016969,0.023368
"gono.uret.inf",104,0.002475,-0.019082,0.021452
"gono.uret.inf",105,0.00069968,-0.020263,0.019913
"gono.uret.inf",106,-0.001019,-0.021392,0.019058
"gono.uret.inf",107,-0.0019892,-0.022599,0.018449
"gono.uret.inf",108,-0.0031111,-0.023572,0.018051
"gono.uret.inf",109,-0.0036833,-0.024464,0.017791
"gono.uret.inf",110,-0.0041781,-0.025368,0.017683
"gono.uret.inf",111,-0.004804,-0.02599,0.017226
"gono.uret.inf",112,-0.005165,-0.026151,0.016909
"gono.uret.inf",113,-0.0056687,-0.027211,0.01684
"gono.uret.inf",114,-0.0063351,-0.028305,0.016222
"gono.uret.inf",115,-0.0070015,-0.029369,0.01571
"gono.uret.inf",116,-0.0075284,-0.030035,0.015438
"gono.uret.inf",117,-0.0078283,-0.030035,0.014912
"gono.uret.inf",118,-0.0084116,-0.03068,0.014502
"gono.uret.inf",119,-0.0092832,-0.031102,0.013432
"gono.uret.inf",120,-0.010779,-0.032508,0.012261
"gono.uret.inf",121,-0.012025,-0.03325,0.011024
"gono.uret.inf",122,-0.013257,-0.034577,0.0099116
"gono.uret.inf",123,-0.014512,-0.036298,0.0086141
"gono.uret.inf",124,-0.015161,-0.036914,0.0084113
"gono.uret.inf",125,-0.014647,-0.036919,0.0081217
"gono.uret.inf",126,-0.013788,-0.036692,0.0083884
"gono.uret.inf",127,-0.013337,-0.036826,0.010271
"gono.uret.inf",128,-0.012991,-0.036824,0.010207
"gono.uret.inf",129,-0.012122,-0.035861,0.011183
"gono.uret.inf",130,-0.011066,-0.03499,0.012082
"gono.uret.inf",131,-0.0098229,-0.034104,0.013243
"gono.uret.inf",132,-0.0080889,-0.031816,0.014674
"gono.uret.inf",133,-0.0063709,-0.029963,0.016635
"gono.uret.inf",134,-0.0042558,-0.027661,0.019016
"gono.uret.inf",135,-0.0019577,-0.024659,0.021853
"gono.uret.inf",136,0.00051412,-0.02284,0.024508
"gono.uret.inf",137,0.0036635,-0.020948,0.027185
"gono.uret.inf",138,0.0069793,-0.017471,0.031322
"gono.uret.inf",139,0.0098468,-0.013996,0.033895
"gono.uret.inf",140,0.012668,-0.012005,0.03745
"gono.uret.inf",141,0.014881,-0.010947,0.03955
"gono.uret.inf",142,0.016891,-0.010446,0.04158
"gono.uret.inf",143,0.018245,-0.0094309,0.043465
"gono.uret.inf",144,0.019167,-0.008225,0.044565
"gono.uret.inf",145,0.020156,-0.0071778,0.045214
"gono.uret.inf",146,0.020729,-0.007194,0.046662
"gono.uret.inf",147,0.021356,-0.0061253,0.047175
"gono.uret.inf",148,0.022369,-0.0054554,0.048353
"gono.uret.inf",149,0.023851,-0.0038595,0.049637
"gono.uret.inf",150,0.025093,-0.0028462,0.05139
"gono.rect.inf",0,1,1,1
"gono.rect.inf",1,0.93809,0.93656,0.93977
"gono.rect.inf",2,0.84431,0.84051,0.84864
"gono.rect.inf",3,0.75579,0.74965,0.76239
"gono.rect.inf",4,0.67612,0.6682,0.68463
"gono.rect.inf",5,0.60563,0.59634,0.61575
"gono.rect.inf",6,0.54423,0.53367,0.55608
"gono.rect.inf",7,0.49066,0.47925,0.50356
"gono.rect.inf",8,0.44388,0.43108,0.45788
"gono.rect.inf",9,0.40293,0.38896,0.41776
"gono.rect.inf",10,0.36712,0.35263,0.38302
"gono.rect.inf",11,0.33583,0.32112,0.35265
"gono.rect.inf",12,0.30849,0.29356,0.32663
"gono.rect.inf",13,0.28459,0.26931,0.30319
"gono.rect.inf",14,0.26318,0.2482,0.28169
"gono.rect.inf",15,0.24389,0.22868,0.26285
"gono.rect.inf",16,0.22665,0.21143,0.24558
"gono.rect.inf",17,0.21046,0.19492,0.22982
"gono.rect.inf",18,0.1952,0.17953,0.21481
"gono.rect.inf",19,0.18087,0.1647,0.20037
"gono.rect.inf",20,0.16731,0.15068,0.18655
"gono.rect.inf",21,0.15433,0.1372,0.17342
"gono.rect.inf",22,0.14168,0.12423,0.16089
"gono.rect.inf",23,0.12956,0.11241,0.14856
"gono.rect.inf",24,0.1179,0.10055,0.13712
"gono.rect.inf",25,0.1069,0.089666,0.12678
"gono.rect.inf",26,0.097508,0.080534,0.11785
"gono.rect.inf",27,0.089345,0.072522,0.11023
"gono.rect.inf",28,0.081799,0.064551,0.102
"gono.rect.inf",29,0.074434,0.056832,0.093741
"gono.rect.inf",30,0.067914,0.050012,0.088095
"gono.rect.inf",31,0.062331,0.043706,0.082556
"gono.rect.inf",32,0.057245,0.038271,0.078437
"gono.rect.inf",33,0.053097,0.034153,0.074205
"gono.rect.inf",34,0.049257,0.030257,0.069554
"gono.rect.inf",35,0.045589,0.026526,0.065649
"gono.rect.inf",36,0.041994,0.023054,0.062463
"gono.rect.inf",37,0.037976,0.019065,0.058277
"gono.rect.inf",38,0.033783,0.014945,0.053607
"gono.rect.inf",39,0.029578,0.011143,0.048667
"gono.rect.inf",40,0.026056,0.0079454,0.045169
"gono.rect.inf",41,0.023014,0.0044065,0.041897
"gono.rect.inf",42,0.020549,0.001826,0.03919
"gono.rect.inf",43,0.018548,-0.00092091,0.037744
"gono.rect.inf",44,0.016444,-0.003317,0.036209
"gono.rect.inf",45,0.014263,-0.0060978,0.033942
"gono.rect.inf",46,0.012632,-0.0082639,0.032601
"gono.rect.inf",47,0.011704,-0.0094767,0.031105
"gono.rect.inf",48,0.011134,-0.010704,0.030393
"gono.rect.inf",49,0.010267,-0.01116,0.028907
"gono.rect.inf",50,0.0093936,-0.012181,0.027768
"gono.rect.inf",51,0.0086495,-0.012436,0.026904
"gono.rect.inf",52,0.0083605,-0.012415,0.026941
"gono.rect.inf",53,0.0084119,-0.011717,0.027569
"gono.rect.inf",54,0.0088632,-0.011403,0.028131
"gono.rect.inf",55,0.0093838,-0.011361,0.028618
"gono.rect.inf",56,0.0097688,-0.011536,0.028779
"gono.rect.inf",57,0.01043,-0.010972,0.02906
"gono.rect.inf",58,0.011158,-0.0099272,0.03041
"gono.rect.inf",59,0.011755,-0.0088441,0.030932
"gono.rect.inf",60,0.012198,-0.007899,0.031811
"gono.rect.inf",61,0.012658,-0.0072101,0.032028
"gono.rect.inf",62,0.013697,-0.0066606,0.033427
"gono.rect.inf",63,0.014515,-0.0058438,0.034668
"gono.rect.inf",64,0.01459,-0.0053511,0.034359
"gono.rect.inf",65,0.0143,-0.0059299,0.033731
"gono.rect.inf",66,0.013794,-0.0056797,0.033162
"gono.rect.inf",67,0.013453,-0.0058429,0.033021
"gono.rect.inf",68,0.013065,-0.0066815,0.031927
"gono.rect.inf",69,0.012919,-0.007206,0.031632
"gono.rect.inf",70,0.012783,-0.0071729,0.03118
"gono.rect.inf",71,0.012206,-0.0081416,0.030798
"gono.rect.inf",72,0.011344,-0.0092638,0.029368
"gono.rect.inf",73,0.010318,-0.010393,0.028516
"gono.rect.inf",74,0.0097331,-0.011073,0.027919
"gono.rect.inf",75,0.0096898,-0.011411,0.028087
"gono.rect.inf",76,0.010258,-0.011162,0.028213
"gono.rect.inf",77,0.011188,-0.010371,0.029122
"gono.rect.inf",78,0.012095,-0.0098483,0.030381
"gono.rect.inf",79,0.012445,-0.0093718,0.031418
"gono.rect.inf",80,0.012856,-0.0086905,0.032566
"gono.rect.inf",81,0.013511,-0.0081999,0.033642
"gono.rect.inf",82,0.01396,-0.0079512,0.034166
"gono.rect.inf",83,0.014725,-0.0064426,0.034468
"gono.rect.inf",84,0.015135,-0.0052088,0.035059
"gono.rect.inf",85,0.01498,-0.0045391,0.034639
"gono.rect.inf",86,0.015134,-0.0044838,0.03553
"gono.rect.inf",87,0.015534,-0.0043786,0.036304
"gono.rect.inf",88,0.015286,-0.004697,0.035723
"gono.rect.inf",89,0.013914,-0.0062948,0.034361
"gono.rect.inf",90,0.012428,-0.0081599,0.03262
"gono.rect.inf",91,0.011486,-0.00906,0.031885
"gono.rect.inf",92,0.011194,-0.0093003,0.031419
"gono.rect.inf",93,0.011185,-0.0096427,0.031269
"gono.rect.inf",94,0.011467,-0.0098708,0.031044
"gono.rect.inf",95,0.01159,-0.009888,0.030775
"gono.rect.inf",96,0.011803,-0.0094108,0.030838
"gono.rect.inf",97,0.01165,-0.0097794,0.029941
"gono.rect.inf",98,0.010892,-0.010788,0.029086
"gono.rect.inf",99,0.0095244,-0.011615,0.027586
"gono.rect.inf",100,0.0083075,-0.012862,0.026247
"gono.rect.inf",101,0.0072937,-0.0131,0.025216
"gono.rect.inf",102,0.0056302,-0.01444,0.023962
"gono.rect.inf",103,0.0036345,-0.01695,0.022643
"gono.rect.inf",104,0.0021686,-0.017639,0.021172
"gono.rect.inf",105,0.00091547,-0.019986,0.020525
"gono.rect.inf",106,-0.00036809,-0.022421,0.019966
"gono.rect.inf",107,-0.0012351,-0.022938,0.019099
"gono.rect.inf",108,-0.0021354,-0.023104,0.017986
"gono.rect.inf",109,-0.0028859,-0.022727,0.017185
"gono.rect.inf",110,-0.0034896,-0.024016,0.016678
"gono.rect.inf",111,-0.004058,-0.025406,0.016818
"gono.rect.inf",112,-0.004534,-0.026604,0.017132
"gono.rect.inf",113,-0.0049563,-0.026267,0.017263
"gono.rect.inf",114,-0.0056229,-0.026652,0.016713
"gono.rect.inf",115,-0.0064084,-0.026681,0.015114
"gono.rect.inf",116,-0.0074202,-0.028797,0.014453
"gono.rect.inf",117,-0.0080478,-0.029852,0.013859
"gono.rect.inf",118,-0.0089005,-0.031141,0.013128
"gono.rect.inf",119,-0.0097398,-0.032252,0.01251
"gono.rect.inf",120,-0.011283,-0.033597,0.010496
"gono.rect.inf",121,-0.012455,-0.034961,0.0089634
"gono.rect.inf",122,-0.013655,-0.035882,0.0074522
"gono.rect.inf",123,-0.014714,-0.037239,0.0063248
"gono.rect.inf",124,-0.015062,-0.038203,0.0054102
"gono.rect.inf",125,-0.014408,-0.038072,0.0059574
"gono.rect.inf",126,-0.013438,-0.037289,0.0063265
"gono.rect.inf",127,-0.012995,-0.036069,0.0074347
"gono.rect.inf",128,-0.012898,-0.036956,0.0071851
"gono.rect.inf",129,-0.012343,-0.036047,0.0083482
"gono.rect.inf",130,-0.011679,-0.034264,0.0098642
"gono.rect.inf",131,-0.010405,-0.032808,0.011464
"gono.rect.inf",132,-0.0090142,-0.030971,0.012901
"gono.rect.inf",133,-0.0072331,-0.028748,0.014121
"gono.rect.inf",134,-0.0050077,-0.025623,0.015664
"gono.rect.inf",135,-0.0025419,-0.023875,0.019069
"gono.rect.inf",136,0.00031057,-0.021746,0.022251
"gono.rect.inf",137,0.0034123,-0.018736,0.025585
"gono.rect.inf",138,0.006254,-0.015501,0.028759
"gono.rect.inf",139,0.0087662,-0.012833,0.032057
"gono.rect.inf",140,0.011099,-0.010478,0.035033
"gono.rect.inf",141,0.012856,-0.008529,0.036991
"gono.rect.inf",142,0.015012,-0.0067635,0.039302
"gono.rect.inf",143,0.016698,-0.0057118,0.040412
"gono.rect.inf",144,0.017891,-0.0048896,0.041696
"gono.rect.inf",145,0.019235,-0.0044388,0.042111
"gono.rect.inf",146,0.020098,-0.0043869,0.043277
"gono.rect.inf",147,0.020766,-0.0031291,0.044419
"gono.rect.inf",148,0.021891,-0.002647,0.046704
"gono.rect.inf",149,0.023096,-0.00203,0.047645
"gono.rect.inf",150,0.024076,-0.0016089,0.048158
"chla.uret.inf",0,1,1,1
"chla.uret.inf",1,0.9344,0.93261,0.93602
"chla.uret.inf",2,0.84115,0.83713,0.84482
"chla.uret.inf",3,0.75435,0.74838,0.75996
"chla.uret.inf",4,0.67632,0.66857,0.68404
"chla.uret.inf",5,0.60797,0.59817,0.61733
"chla.uret.inf",6,0.54878,0.53787,0.55997
"chla.uret.inf",7,0.49734,0.48524,0.51046
"chla.uret.inf",8,0.4523,0.43944,0.46664
"chla.uret.inf",9,0.41231,0.39832,0.4275
"chla.uret.inf",10,0.37654,0.36093,0.39248
"chla.uret.inf",11,0.34484,0.32851,0.36096
"chla.uret.inf",12,0.3167,0.29991,0.33376
"chla.uret.inf",13,0.29225,0.27505,0.31015
"chla.uret.inf",14,0.27058,0.25223,0.28879
"chla.uret.inf",15,0.25058,0.23149,0.26928
"chla.uret.inf",16,0.23202,0.21221,0.25059
"chla.uret.inf",17,0.21553,0.19574,0.23445
"chla.uret.inf",18,0.20067,0.18107,0.21959
"chla.uret.inf",19,0.18633,0.16673,0.20502
"chla.uret.inf",20,0.17274,0.15305,0.19187
"chla.uret.inf",21,0.16041,0.14076,0.1797
"chla.uret.inf",22,0.1483,0.12894,0.16777
"chla.uret.inf",23,0.13675,0.11705,0.15605
"chla.uret.inf",24,0.1264,0.10635,0.14623
"chla.uret.inf",25,0.11663,0.096785,0.13693
"chla.uret.inf",26,0.10777,0.088379,0.12806
"chla.uret.inf",27,0.099745,0.079928,0.1192
"chla.uret.inf",28,0.091929,0.072098,0.1111
"chla.uret.inf",29,0.083942,0.063675,0.10297
"chla.uret.inf",30,0.075924,0.055756,0.095362
"chla.uret.inf",31,0.068576,0.048583,0.088053
"chla.uret.inf",32,0.062268,0.042123,0.082463
"chla.uret.inf",33,0.056716,0.036449,0.077392
"chla.uret.inf",34,0.051657,0.030917,0.071694
"chla.uret.inf",35,0.047338,0.026613,0.067354
"chla.uret.inf",36,0.043273,0.022181,0.062907
"chla.uret.inf",37,0.039494,0.018408,0.059419
"chla.uret.inf",38,0.035717,0.014559,0.056098
"chla.uret.inf",39,0.031988,0.011015,0.052948
"chla.uret.inf",40,0.028659,0.0079241,0.050087
"chla.uret.inf",41,0.025916,0.0059041,0.047424
"chla.uret.inf",42,0.024275,0.0043075,0.045816
"chla.uret.inf",43,0.023118,0.0027839,0.044549
"chla.uret.inf",44,0.021986,0.001496,0.043498
"chla.uret.inf",45,0.020724,0.00018137,0.042243
"chla.uret.inf",46,0.020212,-0.0016001,0.042398
"chla.uret.inf",47,0.020623,-0.0017208,0.043376
"chla.uret.inf",48,0.020572,-0.0022918,0.043372
"chla.uret.inf",49,0.019778,-0.0033489,0.042866
"chla.uret.inf",50,0.018186,-0.0051313,0.041299
"chla.uret.inf",51,0.01634,-0.006957,0.039014
"chla.uret.inf",52,0.015399,-0.0076517,0.038423
"chla.uret.inf",53,0.015499,-0.0074249,0.03882
"chla.uret.inf",54,0.015768,-0.0072976,0.038248
"chla.uret.inf",55,0.015212,-0.0075352,0.038032
"chla.uret.inf",56,0.013975,-0.0087853,0.036085
"chla.uret.inf",57,0.013074,-0.0090412,0.034925
"chla.uret.inf",58,0.012962,-0.0087032,0.034579
"chla.uret.inf",59,0.013286,-0.00837,0.034159
"chla.uret.inf",60,0.01324,-0.0083198,0.033816
"chla.uret.inf",61,0.012685,-0.0087665,0.032724
"chla.uret.inf",62,0.01237,-0.0092628,0.031983
"chla.uret.inf",63,0.012549,-0.0088956,0.031982
"chla.uret.inf",64,0.012443,-0.0095194,0.031675
"chla.uret.inf",65,0.011761,-0.010426,0.031047
"chla.uret.inf",66,0.010663,-0.011821,0.029735
"chla.uret.inf",67,0.010072,-0.01201,0.029557
"chla.uret.inf",68,0.010337,-0.011506,0.029994
"chla.uret.inf",69,0.010875,-0.010763,0.030875
"chla.uret.inf",70,0.010589,-0.010785,0.030104
"chla.uret.inf",71,0.0095259,-0.011735,0.029716
"chla.uret.inf",72,0.0085498,-0.012398,0.029017
"chla.uret.inf",73,0.0077596,-0.013599,0.027909
"chla.uret.inf",74,0.0067922,-0.015249,0.025983
"chla.uret.inf",75,0.0054572,-0.017116,0.025155
"chla.uret.inf",76,0.0042581,-0.018764,0.023895
"chla.uret.inf",77,0.0045684,-0.017571,0.023723
"chla.uret.inf",78,0.0057265,-0.016161,0.025453
"chla.uret.inf",79,0.007298,-0.014931,0.027616
"chla.uret.inf",80,0.0094453,-0.012326,0.030186
"chla.uret.inf",81,0.01102,-0.010744,0.031563
"chla.uret.inf",82,0.011488,-0.01102,0.032011
"chla.uret.inf",83,0.012272,-0.010445,0.033243
"chla.uret.inf",84,0.012871,-0.010054,0.033627
"chla.uret.inf",85,0.013613,-0.0093499,0.033421
"chla.uret.inf",86,0.014777,-0.0089018,0.033846
"chla.uret.inf",87,0.015267,-0.0089814,0.034309
"chla.uret.inf",88,0.015207,-0.0096624,0.034312
"chla.uret.inf",89,0.014499,-0.010712,0.033714
"chla.uret.inf",90,0.013656,-0.010763,0.032982
"chla.uret.inf",91,0.012511,-0.011341,0.031645
"chla.uret.inf",92,0.011016,-0.012687,0.029875
"chla.uret.inf",93,0.0087592,-0.01486,0.027475
"chla.uret.inf",94,0.0056727,-0.018045,0.025065
"chla.uret.inf",95,0.0027793,-0.02104,0.021774
"chla.uret.inf",96,0.00064754,-0.022999,0.020077
"chla.uret.inf",97,-0.00085283,-0.024501,0.017791
"chla.uret.inf",98,-0.0017271,-0.025006,0.01695
"chla.uret.inf",99,-0.0023355,-0.025168,0.017031
"chla.uret.inf",100,-0.0030651,-0.025688,0.016617
"chla.uret.inf",101,-0.0035575,-0.025668,0.016305
"chla.uret.inf",102,-0.004047,-0.026862,0.016381
"chla.uret.inf",103,-0.004243,-0.026945,0.01714
"chla.uret.inf",104,-0.0044136,-0.02681,0.017348
"chla.uret.inf",105,-0.0046425,-0.026498,0.016561
"chla.uret.inf",106,-0.0047829,-0.026801,0.016304
"chla.uret.inf",107,-0.0047576,-0.026638,0.015808
"chla.uret.inf",108,-0.0054205,-0.026945,0.015237
"chla.uret.inf",109,-0.0062249,-0.027244,0.014485
"chla.uret.inf",110,-0.0065645,-0.028001,0.014614
"chla.uret.inf",111,-0.0070294,-0.028503,0.013684
"chla.uret.inf",112,-0.0076814,-0.029894,0.013558
"chla.uret.inf",113,-0.0085508,-0.030927,0.014391
"chla.uret.inf",114,-0.009866,-0.032202,0.014069
"chla.uret.inf",115,-0.011405,-0.033262,0.012544
"chla.uret.inf",116,-0.012346,-0.034233,0.011808
"chla.uret.inf",117,-0.012884,-0.035041,0.010909
"chla.uret.inf",118,-0.013699,-0.035811,0.01075
"chla.uret.inf",119,-0.014401,-0.036629,0.009687
"chla.uret.inf",120,-0.01518,-0.038185,0.0095042
"chla.uret.inf",121,-0.015854,-0.03934,0.0089455
"chla.uret.inf",122,-0.01641,-0.040083,0.0083744
"chla.uret.inf",123,-0.01654,-0.040802,0.0084297
"chla.uret.inf",124,-0.017082,-0.041326,0.0071548
"chla.uret.inf",125,-0.017649,-0.042469,0.0069838
"chla.uret.inf",126,-0.018465,-0.043559,0.005597
"chla.uret.inf",127,-0.019005,-0.043733,0.0047028
"chla.uret.inf",128,-0.018825,-0.043806,0.0033731
"chla.uret.inf",129,-0.01822,-0.043696,0.0040312
"chla.uret.inf",130,-0.017413,-0.042429,0.0047133
"chla.uret.inf",131,-0.015889,-0.040673,0.0059224
"chla.uret.inf",132,-0.014539,-0.038416,0.0073525
"chla.uret.inf",133,-0.013441,-0.037644,0.0086385
"chla.uret.inf",134,-0.012508,-0.037022,0.0087165
"chla.uret.inf",135,-0.011666,-0.036637,0.0093321
"chla.uret.inf",136,-0.0108,-0.035443,0.010607
"chla.uret.inf",137,-0.0097799,-0.033675,0.011624
"chla.uret.inf",138,-0.008791,-0.031999,0.012419
"chla.uret.inf",139,-0.007559,-0.029993,0.013473
"chla.uret.inf",140,-0.0058786,-0.027655,0.014922
"chla.uret.inf",141,-0.0036402,-0.024446,0.017684
"chla.uret.inf",142,-0.0013911,-0.022071,0.020156
"chla.uret.inf",143,0.00037764,-0.019678,0.022092
"chla.uret.inf",144,0.0017,-0.017343,0.023852
"chla.uret.inf",145,0.0018445,-0.017072,0.024071
"chla.uret.inf",146,0.0016859,-0.017511,0.023243
"chla.uret.inf",147,0.0020454,-0.01673,0.023546
"chla.uret.inf",148,0.003004,-0.015809,0.024447
"chla.uret.inf",149,0.0041508,-0.015257,0.025266
"chla.uret.inf",150,0.0057113,-0.014323,0.026361
"chla.rect.inf",0,1,1,1
"chla.rect.inf",1,0.93676,0.93535,0.9382
"chla.rect.inf",2,0.84343,0.84004,0.84704
"chla.rect.inf",3,0.7566,0.7512,0.76242
"chla.rect.inf",4,0.67879,0.67171,0.68661
"chla.rect.inf",5,0.611,0.6022,0.62013
"chla.rect.inf",6,0.55236,0.54201,0.56297
"chla.rect.inf",7,0.50107,0.48905,0.51339
"chla.rect.inf",8,0.45604,0.44262,0.46959
"chla.rect.inf",9,0.41603,0.40219,0.43071
"chla.rect.inf",10,0.38019,0.36564,0.39598
"chla.rect.inf",11,0.34838,0.3332,0.36466
"chla.rect.inf",12,0.32045,0.3042,0.33787
"chla.rect.inf",13,0.29565,0.27914,0.31314
"chla.rect.inf",14,0.27351,0.25659,0.29155
"chla.rect.inf",15,0.25313,0.23594,0.27128
"chla.rect.inf",16,0.2343,0.21651,0.2527
"chla.rect.inf",17,0.2179,0.19963,0.23591
"chla.rect.inf",18,0.20303,0.185,0.2211
"chla.rect.inf",19,0.18884,0.1709,0.20672
"chla.rect.inf",20,0.17541,0.15714,0.19305
"chla.rect.inf",21,0.16258,0.14421,0.1802
"chla.rect.inf",22,0.14999,0.13151,0.1671
"chla.rect.inf",23,0.13793,0.11948,0.15502
"chla.rect.inf",24,0.12702,0.10792,0.14429
"chla.rect.inf",25,0.11722,0.097876,0.13547
"chla.rect.inf",26,0.1084,0.088885,0.12677
"chla.rect.inf",27,0.1001,0.079891,0.11808
"chla.rect.inf",28,0.092266,0.071338,0.11045
"chla.rect.inf",29,0.084343,0.063481,0.10252
"chla.rect.inf",30,0.076695,0.055977,0.094499
"chla.rect.inf",31,0.069878,0.049875,0.087873
"chla.rect.inf",32,0.063633,0.044216,0.081664
"chla.rect.inf",33,0.058054,0.038327,0.076242
"chla.rect.inf",34,0.053037,0.032997,0.072209
"chla.rect.inf",35,0.048681,0.028731,0.068178
"chla.rect.inf",36,0.044771,0.024344,0.064357
"chla.rect.inf",37,0.040848,0.020136,0.060483
"chla.rect.inf",38,0.036743,0.015553,0.056507
"chla.rect.inf",39,0.032671,0.011513,0.052267
"chla.rect.inf",40,0.029181,0.0083238,0.048725
"chla.rect.inf",41,0.026654,0.0056971,0.047135
"chla.rect.inf",42,0.024972,0.003218,0.046479
"chla.rect.inf",43,0.023591,0.0018238,0.045187
"chla.rect.inf",44,0.022332,0.00098664,0.043593
"chla.rect.inf",45,0.021616,-0.00013279,0.042122
"chla.rect.inf",46,0.021008,-0.00098597,0.041616
"chla.rect.inf",47,0.020975,-0.0007052,0.041921
"chla.rect.inf",48,0.020904,-0.0016145,0.042623
"chla.rect.inf",49,0.020312,-0.0019691,0.042054
"chla.rect.inf",50,0.018741,-0.0041314,0.041478
"chla.rect.inf",51,0.016686,-0.0062414,0.039242
"chla.rect.inf",52,0.015378,-0.0073166,0.037703
"chla.rect.inf",53,0.014953,-0.0068893,0.036973
"chla.rect.inf",54,0.014885,-0.0069813,0.036319
"chla.rect.inf",55,0.014566,-0.0071703,0.035776
"chla.rect.inf",56,0.013649,-0.0084561,0.03518
"chla.rect.inf",57,0.013108,-0.0097802,0.03484
"chla.rect.inf",58,0.012635,-0.010285,0.034252
"chla.rect.inf",59,0.012498,-0.010266,0.033513
"chla.rect.inf",60,0.012063,-0.010612,0.03301
"chla.rect.inf",61,0.01181,-0.010432,0.032154
"chla.rect.inf",62,0.01195,-0.0095477,0.032163
"chla.rect.inf",63,0.012496,-0.0078915,0.032805
"chla.rect.inf",64,0.012527,-0.0078045,0.033208
"chla.rect.inf",65,0.011897,-0.0083119,0.032303
"chla.rect.inf",66,0.010845,-0.0096032,0.030504
"chla.rect.inf",67,0.0099563,-0.010513,0.028897
"chla.rect.inf",68,0.0098015,-0.011007,0.028286
"chla.rect.inf",69,0.0098315,-0.010867,0.028233
"chla.rect.inf",70,0.0097734,-0.010854,0.028529
"chla.rect.inf",71,0.0091416,-0.011879,0.028292
"chla.rect.inf",72,0.0084523,-0.011994,0.027638
"chla.rect.inf",73,0.0074752,-0.012561,0.026443
"chla.rect.inf",74,0.0063093,-0.014454,0.02524
"chla.rect.inf",75,0.0046474,-0.016432,0.024015
"chla.rect.inf",76,0.0035047,-0.016939,0.023198
"chla.rect.inf",77,0.0037843,-0.016697,0.024233
"chla.rect.inf",78,0.0048107,-0.016942,0.025465
"chla.rect.inf",79,0.0063041,-0.015309,0.027167
"chla.rect.inf",80,0.0084155,-0.012769,0.029796
"chla.rect.inf",81,0.010252,-0.010711,0.031549
"chla.rect.inf",82,0.011144,-0.009553,0.033148
"chla.rect.inf",83,0.011831,-0.0094989,0.034124
"chla.rect.inf",84,0.01219,-0.0092006,0.033899
"chla.rect.inf",85,0.012683,-0.0088242,0.035308
"chla.rect.inf",86,0.013811,-0.0078976,0.036833
"chla.rect.inf",87,0.014425,-0.0078685,0.037597
"chla.rect.inf",88,0.014408,-0.0076869,0.037294
"chla.rect.inf",89,0.01385,-0.0081274,0.035954
"chla.rect.inf",90,0.013182,-0.0094151,0.034935
"chla.rect.inf",91,0.012249,-0.0098462,0.033206
"chla.rect.inf",92,0.010518,-0.011019,0.031884
"chla.rect.inf",93,0.0080206,-0.013208,0.028608
"chla.rect.inf",94,0.005111,-0.016102,0.025871
"chla.rect.inf",95,0.0024245,-0.01892,0.023164
"chla.rect.inf",96,0.00055562,-0.021277,0.021305
"chla.rect.inf",97,-0.0010226,-0.023263,0.019604
"chla.rect.inf",98,-0.0022979,-0.023513,0.018108
"chla.rect.inf",99,-0.0031511,-0.024416,0.017609
"chla.rect.inf",100,-0.0037905,-0.024263,0.016825
"chla.rect.inf",101,-0.0044256,-0.024676,0.015779
"chla.rect.inf",102,-0.0050951,-0.026175,0.015119
"chla.rect.inf",103,-0.0053727,-0.026515,0.014163
"chla.rect.inf",104,-0.0050891,-0.026209,0.015285
"chla.rect.inf",105,-0.0050911,-0.025856,0.015377
"chla.rect.inf",106,-0.0050091,-0.024988,0.015812
"chla.rect.inf",107,-0.004884,-0.024444,0.015972
"chla.rect.inf",108,-0.0054183,-0.025485,0.015701
"chla.rect.inf",109,-0.0063859,-0.02709,0.014238
"chla.rect.inf",110,-0.0067313,-0.027868,0.013415
"chla.rect.inf",111,-0.0072464,-0.028314,0.012959
"chla.rect.inf",112,-0.0080458,-0.029545,0.01214
"chla.rect.inf",113,-0.009063,-0.030752,0.011596
"chla.rect.inf",114,-0.010057,-0.031473,0.0099762
"chla.rect.inf",115,-0.011576,-0.033411,0.0089425
"chla.rect.inf",116,-0.01303,-0.034812,0.0080486
"chla.rect.inf",117,-0.014015,-0.036101,0.0073429
"chla.rect.inf",118,-0.014651,-0.035664,0.0070568
"chla.rect.inf",119,-0.015311,-0.036973,0.0076937
"chla.rect.inf",120,-0.016073,-0.03847,0.0076649
"chla.rect.inf",121,-0.016506,-0.039478,0.0075497
"chla.rect.inf",122,-0.016754,-0.04015,0.0069326
"chla.rect.inf",123,-0.01712,-0.040228,0.0065258
"chla.rect.inf",124,-0.017628,-0.040385,0.0057537
"chla.rect.inf",125,-0.0177,-0.039477,0.0051642
"chla.rect.inf",126,-0.018317,-0.040261,0.0047757
"chla.rect.inf",127,-0.0192,-0.041692,0.003893
"chla.rect.inf",128,-0.019007,-0.042178,0.0044764
"chla.rect.inf",129,-0.018522,-0.0425,0.0040783
"chla.rect.inf",130,-0.018037,-0.042491,0.004059
"chla.rect.inf",131,-0.016705,-0.041351,0.0051412
"chla.rect.inf",132,-0.015671,-0.040237,0.0063739
"chla.rect.inf",133,-0.014463,-0.038677,0.0076636
"chla.rect.inf",134,-0.013441,-0.037295,0.0094647
"chla.rect.inf",135,-0.012215,-0.035565,0.010924
"chla.rect.inf",136,-0.01102,-0.034512,0.012071
"chla.rect.inf",137,-0.0097713,-0.033593,0.013629
"chla.rect.inf",138,-0.0086792,-0.032614,0.014674
"chla.rect.inf",139,-0.0074066,-0.031003,0.015942
"chla.rect.inf",140,-0.0061806,-0.02918,0.016601
"chla.rect.inf",141,-0.0044252,-0.027091,0.017404
"chla.rect.inf",142,-0.0025025,-0.025089,0.018112
"chla.rect.inf",143,-0.0010096,-0.02449,0.018504
"chla.rect.inf",144,0.00039737,-0.023176,0.018827
"chla.rect.inf",145,0.0010255,-0.022682,0.019334
"chla.rect.inf",146,0.0010026,-0.022895,0.019771
"chla.rect.inf",147,0.001224,-0.022195,0.020594
"chla.rect.inf",148,0.002108,-0.020721,0.021596
"chla.rect.inf",149,0.0035163,-0.019248,0.022297
"chla.rect.inf",150,0.0055773,-0.016377,0.023469
"syph.inf",0,1,1,1
"syph.inf",1,0.96156,0.96032,0.96288
"syph.inf",2,0.87766,0.87395,0.88173
"syph.inf",3,0.78022,0.77361,0.78722
"syph.inf",4,0.68448,0.67554,0.69398
"syph.inf",5,0.59723,0.58604,0.609
"syph.inf",6,0.52101,0.50772,0.53484
"syph.inf",7,0.45598,0.44053,0.47129
"syph.inf",8,0.40108,0.38414,0.41761
"syph.inf",9,0.3548,0.33659,0.37201
"syph.inf",10,0.31572,0.29683,0.33292
"syph.inf",11,0.2826,0.26354,0.30002
"syph.inf",12,0.25427,0.23538,0.27176
"syph.inf",13,0.22978,0.21116,0.24788
"syph.inf",14,0.20824,0.18937,0.22689
"syph.inf",15,0.18875,0.16984,0.20735
"syph.inf",16,0.17109,0.15308,0.19
"syph.inf",17,0.15507,0.13757,0.17405
"syph.inf",18,0.1404,0.12304,0.1596
"syph.inf",19,0.12694,0.10929,0.14575
"syph.inf",20,0.11458,0.096108,0.13293
"syph.inf",21,0.10334,0.085463,0.12115
"syph.inf",22,0.09306,0.075062,0.11064
"syph.inf",23,0.083472,0.065404,0.10148
"syph.inf",24,0.074643,0.05601,0.09236
"syph.inf",25,0.067116,0.049367,0.085462
"syph.inf",26,0.060994,0.042819,0.079538
"syph.inf",27,0.055847,0.036635,0.074776
"syph.inf",28,0.051359,0.031798,0.070423
"syph.inf",29,0.047478,0.028026,0.067754
"syph.inf",30,0.043993,0.024764,0.064741
"syph.inf",31,0.040529,0.021639,0.061535
"syph.inf",32,0.036735,0.018165,0.057217
"syph.inf",33,0.032291,0.013882,0.052755
"syph.inf",34,0.02748,0.0089724,0.048401
"syph.inf",35,0.022472,0.0031278,0.042649
"syph.inf",36,0.017557,-0.0023614,0.036958
"syph.inf",37,0.013085,-0.0071281,0.032718
"syph.inf",38,0.0092022,-0.010671,0.028278
"syph.inf",39,0.0057717,-0.014845,0.02476
"syph.inf",40,0.0029145,-0.017572,0.021667
"syph.inf",41,0.00084132,-0.019313,0.019469
"syph.inf",42,-0.00034882,-0.02074,0.018832
"syph.inf",43,-0.00082881,-0.020822,0.018542
"syph.inf",44,-0.00061119,-0.019951,0.019582
"syph.inf",45,7.3078e-05,-0.018696,0.020959
"syph.inf",46,0.00075451,-0.01707,0.021644
"syph.inf",47,0.0010746,-0.016876,0.021893
"syph.inf",48,0.00092655,-0.016548,0.021927
"syph.inf",49,0.00047136,-0.016595,0.022036
"syph.inf",50,-4.9231e-05,-0.01745,0.021432
"syph.inf",51,-0.00048786,-0.019029,0.020233
"syph.inf",52,-0.0008177,-0.019791,0.019257
"syph.inf",53,-0.0011557,-0.018756,0.018679
"syph.inf",54,-0.001645,-0.020124,0.017695
"syph.inf",55,-0.0025587,-0.021183,0.016825
"syph.inf",56,-0.0040641,-0.02242,0.015499
"syph.inf",57,-0.0059863,-0.024676,0.013397
"syph.inf",58,-0.0078823,-0.027314,0.012131
"syph.inf",59,-0.0092548,-0.028455,0.011796
"syph.inf",60,-0.010039,-0.029536,0.011137
"syph.inf",61,-0.010307,-0.029892,0.010484
"syph.inf",62,-0.010204,-0.031073,0.011051
"syph.inf",63,-0.0096746,-0.032043,0.011492
"syph.inf",64,-0.0087798,-0.031505,0.012587
"syph.inf",65,-0.0075768,-0.030759,0.013621
"syph.inf",66,-0.0062604,-0.028565,0.015176
"syph.inf",67,-0.0051719,-0.027855,0.016768
"syph.inf",68,-0.00452,-0.027176,0.01715
"syph.inf",69,-0.004182,-0.025834,0.017048
"syph.inf",70,-0.0042148,-0.025569,0.016368
"syph.inf",71,-0.004585,-0.025751,0.014578
"syph.inf",72,-0.0052761,-0.02572,0.012993
"syph.inf",73,-0.0062429,-0.0261,0.011624
"syph.inf",74,-0.0074175,-0.027051,0.0095722
"syph.inf",75,-0.0084748,-0.027982,0.0089342
"syph.inf",76,-0.0090103,-0.028799,0.0089832
"syph.inf",77,-0.0092616,-0.028829,0.0090227
"syph.inf",78,-0.0092461,-0.028987,0.0082508
"syph.inf",79,-0.0089784,-0.028249,0.009295
"syph.inf",80,-0.0085895,-0.027897,0.010546
"syph.inf",81,-0.0082576,-0.02908,0.011105
"syph.inf",82,-0.0078019,-0.028836,0.011747
"syph.inf",83,-0.0068938,-0.027778,0.012547
"syph.inf",84,-0.0054431,-0.026025,0.014032
"syph.inf",85,-0.0037574,-0.025185,0.015869
"syph.inf",86,-0.0019839,-0.0236,0.017526
"syph.inf",87,-0.00022537,-0.021934,0.019373
"syph.inf",88,0.001366,-0.020511,0.020613
"syph.inf",89,0.0024741,-0.019575,0.021516
"syph.inf",90,0.0032159,-0.018619,0.021967
"syph.inf",91,0.004006,-0.017103,0.022483
"syph.inf",92,0.0049442,-0.015666,0.023273
"syph.inf",93,0.0058395,-0.014304,0.02447
"syph.inf",94,0.0064582,-0.013219,0.025497
"syph.inf",95,0.0066942,-0.012913,0.026115
"syph.inf",96,0.0065119,-0.012939,0.026152
"syph.inf",97,0.0060842,-0.013022,0.025258
"syph.inf",98,0.0056511,-0.013073,0.024872
"syph.inf",99,0.0054745,-0.013349,0.024851
"syph.inf",100,0.0056117,-0.013012,0.024597
"syph.inf",101,0.0058255,-0.012639,0.024797
"syph.inf",102,0.0058755,-0.013234,0.024666
"syph.inf",103,0.0056681,-0.013591,0.024294
"syph.inf",104,0.0055577,-0.014345,0.024202
"syph.inf",105,0.0058639,-0.014342,0.024287
"syph.inf",106,0.0065153,-0.01424,0.025155
"syph.inf",107,0.0073409,-0.013689,0.026222
"syph.inf",108,0.0079039,-0.012987,0.026652
"syph.inf",109,0.0079085,-0.012427,0.026835
"syph.inf",110,0.0074802,-0.012869,0.026579
"syph.inf",111,0.0065955,-0.014543,0.025507
"syph.inf",112,0.005469,-0.015482,0.025009
"syph.inf",113,0.0045249,-0.01806,0.025088
"syph.inf",114,0.0035941,-0.019267,0.025554
"syph.inf",115,0.0026049,-0.021402,0.024749
"syph.inf",116,0.0016369,-0.023339,0.024744
"syph.inf",117,0.0010526,-0.02324,0.023846
"syph.inf",118,0.0012477,-0.023395,0.02508
"syph.inf",119,0.0020358,-0.022495,0.025922
"syph.inf",120,0.0030628,-0.020397,0.02732
"syph.inf",121,0.0039365,-0.018596,0.028169
"syph.inf",122,0.0046557,-0.01782,0.029081
"syph.inf",123,0.0051742,-0.016928,0.029248
"syph.inf",124,0.0054938,-0.016695,0.028399
"syph.inf",125,0.0057312,-0.01683,0.027991
"syph.inf",126,0.0059552,-0.015689,0.028116
"syph.inf",127,0.0063709,-0.015652,0.02881
"syph.inf",128,0.0068729,-0.015554,0.030716
"syph.inf",129,0.0072678,-0.016005,0.031293
"syph.inf",130,0.007798,-0.014994,0.032053
"syph.inf",131,0.0088363,-0.013311,0.033511
"syph.inf",132,0.010171,-0.012482,0.035632
"syph.inf",133,0.011374,-0.012044,0.036236
"syph.inf",134,0.012158,-0.011715,0.036465
"syph.inf",135,0.012782,-0.011691,0.036796
"syph.inf",136,0.013315,-0.010034,0.037557
"syph.inf",137,0.013885,-0.0089658,0.038424
"syph.inf",138,0.014321,-0.0086829,0.038065
"syph.inf",139,0.014307,-0.0086544,0.037883
"syph.inf",140,0.013998,-0.00861,0.037584
"syph.inf",141,0.013371,-0.0084779,0.036631
"syph.inf",142,0.012266,-0.0098908,0.035528
"syph.inf",143,0.010916,-0.011175,0.033663
"syph.inf",144,0.0096385,-0.012628,0.031919
"syph.inf",145,0.0085973,-0.013797,0.030486
"syph.inf",146,0.0080481,-0.01507,0.030095
"syph.inf",147,0.0079126,-0.014819,0.029848
"syph.inf",148,0.0081231,-0.013856,0.029829
"syph.inf",149,0.0081381,-0.014444,0.030567
"syph.inf",150,0.0074747,-0.014526,0.029393
