"var","B","icc_design","N","k","var_deficit","mcse_inflation"
"prev",0,0.86335,64,1,0.86335,7.4425
"prev",5,0.76176,64,1,0.76176,6.9993
"prev",10,0.66451,64,1,0.66451,6.5471
"prev",20,0.46604,64,1,0.46604,5.51
"prev",30,0.31118,64,1,0.31118,4.5392
"incid_rate",0,0.47319,64,1,0.47319,5.5508
"incid_rate",5,0.42231,64,1,0.42231,5.2541
"incid_rate",10,0.32062,64,1,0.32062,4.6042
"incid_rate",20,0.24726,64,1,0.24726,4.0715
"incid_rate",30,0.17461,64,1,0.17461,3.4642
"dx_frac",0,0.41622,64,1,0.41622,5.2175
"dx_frac",5,0.36845,64,1,0.36845,4.9206
"dx_frac",10,0.29914,64,1,0.29914,4.4549
"dx_frac",20,0.1884,64,1,0.1884,3.5874
"dx_frac",30,0.22184,64,1,0.22184,3.8699
"supp_frac",0,0.12967,64,1,0.12967,3.0281
"supp_frac",5,0.037763,64,1,0.037763,1.8382
"supp_frac",10,0.09552,64,1,0.09552,2.6491
"supp_frac",20,0.13309,64,1,0.13309,3.0634
"supp_frac",30,0.10985,64,1,0.10985,2.8143
"prep_cov",0,0.14218,64,1,0.14218,3.1555
"prep_cov",5,0.12234,64,1,0.12234,2.9508
"prep_cov",10,0.09796,64,1,0.09796,2.678
"prep_cov",20,0.04975,64,1,0.04975,2.0333
"prep_cov",30,0,64,1,0,1
"prev.B",0,0.84481,64,1,0.84481,7.3636
"prev.B",5,0.7404,64,1,0.7404,6.9026
"prev.B",10,0.64981,64,1,0.64981,6.476
"prev.B",20,0.46035,64,1,0.46035,5.4774
"prev.B",30,0.27413,64,1,0.27413,4.2744
"incid_rate.B",0,0.46353,64,1,0.46353,5.4957
"incid_rate.B",5,0.40809,64,1,0.40809,5.1681
"incid_rate.B",10,0.30855,64,1,0.30855,4.5209
"incid_rate.B",20,0.19107,64,1,0.19107,3.6107
"incid_rate.B",30,0.14398,64,1,0.14398,3.1734
"dx_frac.B",0,0.46068,64,1,0.46068,5.4793
"dx_frac.B",5,0.39589,64,1,0.39589,5.0932
"dx_frac.B",10,0.30918,64,1,0.30918,4.5253
"dx_frac.B",20,0.20158,64,1,0.20158,3.7013
"dx_frac.B",30,0.20514,64,1,0.20514,3.7315
"supp_frac.B",0,0.093055,64,1,0.093055,2.6196
"supp_frac.B",5,0.0068209,64,1,0.0068209,1.1957
"supp_frac.B",10,0,64,1,0,1
"supp_frac.B",20,0.03786,64,1,0.03786,1.8399
"supp_frac.B",30,0,64,1,0,1
"prep_cov.B",0,0.17027,64,1,0.17027,3.4245
"prep_cov.B",5,0.14566,64,1,0.14566,3.1901
"prep_cov.B",10,0.17376,64,1,0.17376,3.4564
"prep_cov.B",20,0.21006,64,1,0.21006,3.7728
"prep_cov.B",30,0.12725,64,1,0.12725,3.0028
"prev.H",0,0.72459,64,1,0.72459,6.83
"prev.H",5,0.56236,64,1,0.56236,6.0356
"prev.H",10,0.39073,64,1,0.39073,5.0612
"prev.H",20,0.11605,64,1,0.11605,2.8829
"prev.H",30,0.09157,64,1,0.09157,2.6017
"incid_rate.H",0,0.23531,64,1,0.23531,3.978
"incid_rate.H",5,0.14025,64,1,0.14025,3.1362
"incid_rate.H",10,0.048489,64,1,0.048489,2.0137
"incid_rate.H",20,0.08432,64,1,0.08432,2.5124
"incid_rate.H",30,0.06293,64,1,0.06293,2.2281
"dx_frac.H",0,0.22261,64,1,0.22261,3.8761
"dx_frac.H",5,0.10506,64,1,0.10506,2.7602
"dx_frac.H",10,0.057257,64,1,0.057257,2.1464
"dx_frac.H",20,0.142,64,1,0.142,3.1537
"dx_frac.H",30,0.10454,64,1,0.10454,2.7543
"supp_frac.H",0,0.13452,64,1,0.13452,3.0781
"supp_frac.H",5,0.0036486,64,1,0.0036486,1.109
"supp_frac.H",10,0.00035532,64,1,0.00035532,1.0111
"supp_frac.H",20,0.14481,64,1,0.14481,3.1817
"supp_frac.H",30,0.21459,64,1,0.21459,3.8104
"prep_cov.H",0,0.11292,64,1,0.11292,2.8485
"prep_cov.H",5,0.0635,64,1,0.0635,2.2362
"prep_cov.H",10,0.01214,64,1,0.01214,1.3285
"prep_cov.H",20,0.0017426,64,1,0.0017426,1.0535
"prep_cov.H",30,0,64,1,0,1
"prev.W",0,0.81155,64,1,0.81155,7.2199
"prev.W",5,0.67796,64,1,0.67796,6.6115
"prev.W",10,0.55704,64,1,0.55704,6.0078
"prev.W",20,0.36793,64,1,0.36793,4.9173
"prev.W",30,0.29771,64,1,0.29771,4.4447
"incid_rate.W",0,0.32726,64,1,0.32726,4.6494
"incid_rate.W",5,0.32779,64,1,0.32779,4.653
"incid_rate.W",10,0.26487,64,1,0.26487,4.2056
"incid_rate.W",20,0.28192,64,1,0.28192,4.3314
"incid_rate.W",30,0.30036,64,1,0.30036,4.4635
"dx_frac.W",0,0.22635,64,1,0.22635,3.9064
"dx_frac.W",5,0.14834,64,1,0.14834,3.2164
"dx_frac.W",10,0.14474,64,1,0.14474,3.181
"dx_frac.W",20,0.15248,64,1,0.15248,3.2567
"dx_frac.W",30,0.08855,64,1,0.08855,2.5649
"supp_frac.W",0,0.089319,64,1,0.089319,2.5743
"supp_frac.W",5,0.0060853,64,1,0.0060853,1.1762
"supp_frac.W",10,0.0168,64,1,0.0168,1.4347
"supp_frac.W",20,0.08972,64,1,0.08972,2.5792
"supp_frac.W",30,0.0011148,64,1,0.0011148,1.0345
"prep_cov.W",0,0.033022,64,1,0.033022,1.7551
"prep_cov.W",5,0.02847,64,1,0.02847,1.6714
"prep_cov.W",10,0.06093,64,1,0.06093,2.1997
"prep_cov.W",20,0.07094,64,1,0.07094,2.3386
"prep_cov.W",30,0.04462,64,1,0.04462,1.9522
"gono_prev",0,0.58493,64,1,0.58493,6.1523
"gono_prev",5,0.47107,64,1,0.47107,5.5387
"gono_prev",10,0.41287,64,1,0.41287,5.1972
"gono_prev",20,0.25298,64,1,0.25298,4.1155
"gono_prev",30,0.11376,64,1,0.11376,2.8578
"gono_ir",0,0.57787,64,1,0.57787,6.116
"gono_ir",5,0.46875,64,1,0.46875,5.5255
"gono_ir",10,0.41221,64,1,0.41221,5.1932
"gono_ir",20,0.25143,64,1,0.25143,4.1037
"gono_ir",30,0.1053,64,1,0.1053,2.763
"chla_prev",0,0.57644,64,1,0.57644,6.1087
"chla_prev",5,0.45746,64,1,0.45746,5.4608
"chla_prev",10,0.40538,64,1,0.40538,5.1516
"chla_prev",20,0.32803,64,1,0.32803,4.6547
"chla_prev",30,0.16997,64,1,0.16997,3.4217
"chla_ir",0,0.56959,64,1,0.56959,6.0732
"chla_ir",5,0.45859,64,1,0.45859,5.4673
"chla_ir",10,0.41078,64,1,0.41078,5.1845
"chla_ir",20,0.33101,64,1,0.33101,4.6748
"chla_ir",30,0.17054,64,1,0.17054,3.427
"syph_prev",0,0.47385,64,1,0.47385,5.5545
"syph_prev",5,0.37865,64,1,0.37865,4.9855
"syph_prev",10,0.39819,64,1,0.39819,5.1074
"syph_prev",20,0.37362,64,1,0.37362,4.9536
"syph_prev",30,0.21101,64,1,0.21101,3.7807
"syph_ir",0,0.43046,64,1,0.43046,5.3027
"syph_ir",5,0.37298,64,1,0.37298,4.9495
"syph_ir",10,0.40667,64,1,0.40667,5.1595
"syph_ir",20,0.362,64,1,0.362,4.8791
"syph_ir",30,0.17601,64,1,0.17601,3.4769
"num",0,0.82206,64,1,0.82206,7.2657
"num",5,0.70251,64,1,0.70251,6.7274
"num",10,0.59321,64,1,0.59321,6.1945
"num",20,0.39204,64,1,0.39204,5.0694
"num",30,0.19756,64,1,0.19756,3.6669
"prev",0,0.86335,64,2,0.43168,5.2691
"prev",5,0.76176,64,2,0.38088,4.9613
"prev",10,0.66451,64,2,0.33226,4.6476
"prev",20,0.46604,64,2,0.23302,3.9303
"prev",30,0.31118,64,2,0.15559,3.2629
"incid_rate",0,0.47319,64,2,0.2366,3.9584
"incid_rate",5,0.42231,64,2,0.21116,3.7539
"incid_rate",10,0.32062,64,2,0.16031,3.3074
"incid_rate",20,0.24726,64,2,0.12363,2.9436
"incid_rate",30,0.17461,64,2,0.087305,2.5324
"dx_frac",0,0.41622,64,2,0.20811,3.7286
"dx_frac",5,0.36845,64,2,0.18422,3.5245
"dx_frac",10,0.29914,64,2,0.14957,3.2052
"dx_frac",20,0.1884,64,2,0.0942,2.6154
"dx_frac",30,0.22184,64,2,0.11092,2.8066
"supp_frac",0,0.12967,64,2,0.064835,2.2405
"supp_frac",5,0.037763,64,2,0.018882,1.4733
"supp_frac",10,0.09552,64,2,0.04776,1.9903
"supp_frac",20,0.13309,64,2,0.066545,2.264
"supp_frac",30,0.10985,64,2,0.054925,2.0989
"prep_cov",0,0.14218,64,2,0.07109,2.3254
"prep_cov",5,0.12234,64,2,0.06117,2.1892
"prep_cov",10,0.09796,64,2,0.04898,2.0092
"prep_cov",20,0.04975,64,2,0.024875,1.5944
"prep_cov",30,0,64,2,0,1
"prev.B",0,0.84481,64,2,0.4224,5.2143
"prev.B",5,0.7404,64,2,0.3702,4.8941
"prev.B",10,0.64981,64,2,0.3249,4.5983
"prev.B",20,0.46035,64,2,0.23018,3.9078
"prev.B",30,0.27413,64,2,0.13706,3.0819
"incid_rate.B",0,0.46353,64,2,0.23176,3.9204
"incid_rate.B",5,0.40809,64,2,0.20404,3.6947
"incid_rate.B",10,0.30855,64,2,0.15428,3.2504
"incid_rate.B",20,0.19107,64,2,0.095535,2.6312
"incid_rate.B",30,0.14398,64,2,0.07199,2.3374
"dx_frac.B",0,0.46068,64,2,0.23034,3.9091
"dx_frac.B",5,0.39589,64,2,0.19794,3.6432
"dx_frac.B",10,0.30918,64,2,0.15459,3.2534
"dx_frac.B",20,0.20158,64,2,0.10079,2.6924
"dx_frac.B",30,0.20514,64,2,0.10257,2.7128
"supp_frac.B",0,0.093055,64,2,0.046528,1.971
"supp_frac.B",5,0.0068209,64,2,0.0034104,1.1007
"supp_frac.B",10,0,64,2,0,1
"supp_frac.B",20,0.03786,64,2,0.01893,1.4743
"supp_frac.B",30,0,64,2,0,1
"prep_cov.B",0,0.17027,64,2,0.085135,2.5057
"prep_cov.B",5,0.14566,64,2,0.07283,2.3485
"prep_cov.B",10,0.17376,64,2,0.08688,2.5272
"prep_cov.B",20,0.21006,64,2,0.10503,2.7408
"prep_cov.B",30,0.12725,64,2,0.063625,2.2237
"prev.H",0,0.72459,64,2,0.3623,4.8438
"prev.H",5,0.56236,64,2,0.28118,4.2934
"prev.H",10,0.39073,64,2,0.19536,3.6211
"prev.H",20,0.11605,64,2,0.058025,2.1442
"prev.H",30,0.09157,64,2,0.045785,1.9593
"incid_rate.H",0,0.23531,64,2,0.11766,2.88
"incid_rate.H",5,0.14025,64,2,0.070125,2.3125
"incid_rate.H",10,0.048489,64,2,0.024244,1.5821
"incid_rate.H",20,0.08432,64,2,0.04216,1.901
"incid_rate.H",30,0.06293,64,2,0.031465,1.7178
"dx_frac.H",0,0.22261,64,2,0.1113,2.8109
"dx_frac.H",5,0.10506,64,2,0.05253,2.0632
"dx_frac.H",10,0.057257,64,2,0.028628,1.6658
"dx_frac.H",20,0.142,64,2,0.071,2.3242
"dx_frac.H",30,0.10454,64,2,0.05227,2.0593
"supp_frac.H",0,0.13452,64,2,0.06726,2.2738
"supp_frac.H",5,0.0036486,64,2,0.0018243,1.055
"supp_frac.H",10,0.00035532,64,2,0.00017766,1.0055
"supp_frac.H",20,0.14481,64,2,0.072405,2.3429
"supp_frac.H",30,0.21459,64,2,0.1073,2.7663
"prep_cov.H",0,0.11292,64,2,0.05646,2.1214
"prep_cov.H",5,0.0635,64,2,0.03175,1.7229
"prep_cov.H",10,0.01214,64,2,0.00607,1.1732
"prep_cov.H",20,0.0017426,64,2,0.0008713,1.0267
"prep_cov.H",30,0,64,2,0,1
"prev.W",0,0.81155,64,2,0.40578,5.1145
"prev.W",5,0.67796,64,2,0.33898,4.6922
"prev.W",10,0.55704,64,2,0.27852,4.2741
"prev.W",20,0.36793,64,2,0.18396,3.5222
"prev.W",30,0.29771,64,2,0.14885,3.1983
"incid_rate.W",0,0.32726,64,2,0.16363,3.3384
"incid_rate.W",5,0.32779,64,2,0.1639,3.3409
"incid_rate.W",10,0.26487,64,2,0.13244,3.035
"incid_rate.W",20,0.28192,64,2,0.14096,3.1208
"incid_rate.W",30,0.30036,64,2,0.15018,3.2111
"dx_frac.W",0,0.22635,64,2,0.11318,2.8314
"dx_frac.W",5,0.14834,64,2,0.07417,2.3661
"dx_frac.W",10,0.14474,64,2,0.07237,2.3424
"dx_frac.W",20,0.15248,64,2,0.07624,2.3931
"dx_frac.W",30,0.08855,64,2,0.044275,1.9352
"supp_frac.W",0,0.089319,64,2,0.04466,1.9414
"supp_frac.W",5,0.0060853,64,2,0.0030426,1.0902
"supp_frac.W",10,0.0168,64,2,0.0084,1.2332
"supp_frac.W",20,0.08972,64,2,0.04486,1.9446
"supp_frac.W",30,0.0011148,64,2,0.0005574,1.0171
"prep_cov.W",0,0.033022,64,2,0.016511,1.4226
"prep_cov.W",5,0.02847,64,2,0.014235,1.3721
"prep_cov.W",10,0.06093,64,2,0.030465,1.6997
"prep_cov.W",20,0.07094,64,2,0.03547,1.7886
"prep_cov.W",30,0.04462,64,2,0.02231,1.5438
"gono_prev",0,0.58493,64,2,0.29246,4.3741
"gono_prev",5,0.47107,64,2,0.23554,3.9501
"gono_prev",10,0.41287,64,2,0.20644,3.7147
"gono_prev",20,0.25298,64,2,0.12649,2.9736
"gono_prev",30,0.11376,64,2,0.05688,2.1276
"gono_ir",0,0.57787,64,2,0.28894,4.349
"gono_ir",5,0.46875,64,2,0.23438,3.941
"gono_ir",10,0.41221,64,2,0.2061,3.7119
"gono_ir",20,0.25143,64,2,0.12572,2.9655
"gono_ir",30,0.1053,64,2,0.05265,2.065
"chla_prev",0,0.57644,64,2,0.28822,4.3439
"chla_prev",5,0.45746,64,2,0.22873,3.8963
"chla_prev",10,0.40538,64,2,0.20269,3.6833
"chla_prev",20,0.32803,64,2,0.16402,3.342
"chla_prev",30,0.16997,64,2,0.084985,2.5038
"chla_ir",0,0.56959,64,2,0.2848,4.3194
"chla_ir",5,0.45859,64,2,0.2293,3.9008
"chla_ir",10,0.41078,64,2,0.20539,3.706
"chla_ir",20,0.33101,64,2,0.1655,3.3558
"chla_ir",30,0.17054,64,2,0.08527,2.5073
"syph_prev",0,0.47385,64,2,0.23692,3.961
"syph_prev",5,0.37865,64,2,0.18932,3.5691
"syph_prev",10,0.39819,64,2,0.1991,3.6529
"syph_prev",20,0.37362,64,2,0.18681,3.5471
"syph_prev",30,0.21101,64,2,0.1055,2.7461
"syph_ir",0,0.43046,64,2,0.21523,3.7874
"syph_ir",5,0.37298,64,2,0.18649,3.5443
"syph_ir",10,0.40667,64,2,0.20334,3.6887
"syph_ir",20,0.362,64,2,0.181,3.496
"syph_ir",30,0.17601,64,2,0.088005,2.5409
"num",0,0.82206,64,2,0.41103,5.1462
"num",5,0.70251,64,2,0.35126,4.7726
"num",10,0.59321,64,2,0.2966,4.4034
"num",20,0.39204,64,2,0.19602,3.6267
"num",30,0.19756,64,2,0.09878,2.6691
"prev",0,0.86335,64,4,0.21584,3.735
"prev",5,0.76176,64,4,0.19044,3.5251
"prev",10,0.66451,64,4,0.16613,3.3117
"prev",20,0.46604,64,4,0.11651,2.8268
"prev",30,0.31118,64,4,0.077795,2.3807
"incid_rate",0,0.47319,64,4,0.1183,2.8457
"incid_rate",5,0.42231,64,4,0.10558,2.7083
"incid_rate",10,0.32062,64,4,0.080155,2.4102
"incid_rate",20,0.24726,64,4,0.061815,2.17
"incid_rate",30,0.17461,64,4,0.043652,1.9024
"dx_frac",0,0.41622,64,4,0.10406,2.6913
"dx_frac",5,0.36845,64,4,0.092112,2.5548
"dx_frac",10,0.29914,64,4,0.074785,2.3425
"dx_frac",20,0.1884,64,4,0.0471,1.956
"dx_frac",30,0.22184,64,4,0.05546,2.0803
"supp_frac",0,0.12967,64,4,0.032418,1.7161
"supp_frac",5,0.037763,64,4,0.0094408,1.2516
"supp_frac",10,0.09552,64,4,0.02388,1.5597
"supp_frac",20,0.13309,64,4,0.033272,1.731
"supp_frac",30,0.10985,64,4,0.027462,1.6272
"prep_cov",0,0.14218,64,4,0.035545,1.7699
"prep_cov",5,0.12234,64,4,0.030585,1.6838
"prep_cov",10,0.09796,64,4,0.02449,1.5714
"prep_cov",20,0.04975,64,4,0.012438,1.3215
"prep_cov",30,0,64,4,0,1
"prev.B",0,0.84481,64,4,0.2112,3.6976
"prev.B",5,0.7404,64,4,0.1851,3.4794
"prev.B",10,0.64981,64,4,0.16245,3.2783
"prev.B",20,0.46035,64,4,0.11509,2.8116
"prev.B",30,0.27413,64,4,0.068532,2.261
"incid_rate.B",0,0.46353,64,4,0.11588,2.8201
"incid_rate.B",5,0.40809,64,4,0.10202,2.6686
"incid_rate.B",10,0.30855,64,4,0.077138,2.3724
"incid_rate.B",20,0.19107,64,4,0.047768,1.9662
"incid_rate.B",30,0.14398,64,4,0.035995,1.7776
"dx_frac.B",0,0.46068,64,4,0.11517,2.8125
"dx_frac.B",5,0.39589,64,4,0.098972,2.6341
"dx_frac.B",10,0.30918,64,4,0.077295,2.3744
"dx_frac.B",20,0.20158,64,4,0.050395,2.0059
"dx_frac.B",30,0.20514,64,4,0.051285,2.0192
"supp_frac.B",0,0.093055,64,4,0.023264,1.5478
"supp_frac.B",5,0.0068209,64,4,0.0017052,1.0499
"supp_frac.B",10,0,64,4,0,1
"supp_frac.B",20,0.03786,64,4,0.009465,1.2522
"supp_frac.B",30,0,64,4,0,1
"prep_cov.B",0,0.17027,64,4,0.042568,1.8852
"prep_cov.B",5,0.14566,64,4,0.036415,1.7846
"prep_cov.B",10,0.17376,64,4,0.04344,1.8991
"prep_cov.B",20,0.21006,64,4,0.052515,2.0374
"prep_cov.B",30,0.12725,64,4,0.031812,1.7055
"prev.H",0,0.72459,64,4,0.18115,3.4451
"prev.H",5,0.56236,64,4,0.14059,3.0717
"prev.H",10,0.39073,64,4,0.097682,2.6193
"prev.H",20,0.11605,64,4,0.029012,1.6555
"prev.H",30,0.09157,64,4,0.022892,1.5406
"incid_rate.H",0,0.23531,64,4,0.058828,2.1283
"incid_rate.H",5,0.14025,64,4,0.035062,1.7617
"incid_rate.H",10,0.048489,64,4,0.012122,1.3143
"incid_rate.H",20,0.08432,64,4,0.02108,1.5049
"incid_rate.H",30,0.06293,64,4,0.015732,1.3943
"dx_frac.H",0,0.22261,64,4,0.055652,2.0831
"dx_frac.H",5,0.10506,64,4,0.026265,1.605
"dx_frac.H",10,0.057257,64,4,0.014314,1.3634
"dx_frac.H",20,0.142,64,4,0.0355,1.7692
"dx_frac.H",30,0.10454,64,4,0.026135,1.6025
"supp_frac.H",0,0.13452,64,4,0.03363,1.7372
"supp_frac.H",5,0.0036486,64,4,0.00091215,1.027
"supp_frac.H",10,0.00035532,64,4,8.883e-05,1.0027
"supp_frac.H",20,0.14481,64,4,0.036202,1.7811
"supp_frac.H",30,0.21459,64,4,0.053648,2.054
"prep_cov.H",0,0.11292,64,4,0.02823,1.6413
"prep_cov.H",5,0.0635,64,4,0.015875,1.3973
"prep_cov.H",10,0.01214,64,4,0.003035,1.0872
"prep_cov.H",20,0.0017426,64,4,0.00043565,1.013
"prep_cov.H",30,0,64,4,0,1
"prev.W",0,0.81155,64,4,0.20289,3.6295
"prev.W",5,0.67796,64,4,0.16949,3.3421
"prev.W",10,0.55704,64,4,0.13926,3.0587
"prev.W",20,0.36793,64,4,0.091982,2.5532
"prev.W",30,0.29771,64,4,0.074428,2.3379
"incid_rate.W",0,0.32726,64,4,0.081815,2.4308
"incid_rate.W",5,0.32779,64,4,0.081948,2.4325
"incid_rate.W",10,0.26487,64,4,0.066218,2.23
"incid_rate.W",20,0.28192,64,4,0.07048,2.2867
"incid_rate.W",30,0.30036,64,4,0.07509,2.3464
"dx_frac.W",0,0.22635,64,4,0.056588,2.0965
"dx_frac.W",5,0.14834,64,4,0.037085,1.7959
"dx_frac.W",10,0.14474,64,4,0.036185,1.7808
"dx_frac.W",20,0.15248,64,4,0.03812,1.8131
"dx_frac.W",30,0.08855,64,4,0.022138,1.5259
"supp_frac.W",0,0.089319,64,4,0.02233,1.5296
"supp_frac.W",5,0.0060853,64,4,0.0015213,1.0446
"supp_frac.W",10,0.0168,64,4,0.0042,1.1189
"supp_frac.W",20,0.08972,64,4,0.02243,1.5316
"supp_frac.W",30,0.0011148,64,4,0.0002787,1.0083
"prep_cov.W",0,0.033022,64,4,0.0082555,1.2228
"prep_cov.W",5,0.02847,64,4,0.0071175,1.1946
"prep_cov.W",10,0.06093,64,4,0.015232,1.3835
"prep_cov.W",20,0.07094,64,4,0.017735,1.4367
"prep_cov.W",30,0.04462,64,4,0.011155,1.292
"gono_prev",0,0.58493,64,4,0.14623,3.1263
"gono_prev",5,0.47107,64,4,0.11777,2.8401
"gono_prev",10,0.41287,64,4,0.10322,2.682
"gono_prev",20,0.25298,64,4,0.063245,2.1897
"gono_prev",30,0.11376,64,4,0.02844,1.6451
"gono_ir",0,0.57787,64,4,0.14447,3.1093
"gono_ir",5,0.46875,64,4,0.11719,2.8339
"gono_ir",10,0.41221,64,4,0.10305,2.6801
"gono_ir",20,0.25143,64,4,0.062858,2.1844
"gono_ir",30,0.1053,64,4,0.026325,1.6061
"chla_prev",0,0.57644,64,4,0.14411,3.1059
"chla_prev",5,0.45746,64,4,0.11436,2.8039
"chla_prev",10,0.40538,64,4,0.10134,2.661
"chla_prev",20,0.32803,64,4,0.082008,2.4332
"chla_prev",30,0.16997,64,4,0.042492,1.884
"chla_ir",0,0.56959,64,4,0.1424,3.0893
"chla_ir",5,0.45859,64,4,0.11465,2.8069
"chla_ir",10,0.41078,64,4,0.1027,2.6761
"chla_ir",20,0.33101,64,4,0.082752,2.4424
"chla_ir",30,0.17054,64,4,0.042635,1.8863
"syph_prev",0,0.47385,64,4,0.11846,2.8474
"syph_prev",5,0.37865,64,4,0.094662,2.5845
"syph_prev",10,0.39819,64,4,0.099548,2.6406
"syph_prev",20,0.37362,64,4,0.093405,2.5699
"syph_prev",30,0.21101,64,4,0.052752,2.0409
"syph_ir",0,0.43046,64,4,0.10762,2.7307
"syph_ir",5,0.37298,64,4,0.093245,2.568
"syph_ir",10,0.40667,64,4,0.10167,2.6646
"syph_ir",20,0.362,64,4,0.0905,2.5357
"syph_ir",30,0.17601,64,4,0.044002,1.9079
"num",0,0.82206,64,4,0.20552,3.6512
"num",5,0.70251,64,4,0.17563,3.3967
"num",10,0.59321,64,4,0.1483,3.1461
"num",20,0.39204,64,4,0.09801,2.6231
"num",30,0.19756,64,4,0.04939,1.9908
"prev",0,0.86335,64,8,0.10792,2.6539
"prev",5,0.76176,64,8,0.09522,2.5164
"prev",10,0.66451,64,8,0.083064,2.3773
"prev",20,0.46604,64,8,0.058255,2.0645
"prev",30,0.31118,64,8,0.038898,1.7828
"incid_rate",0,0.47319,64,8,0.059149,2.0766
"incid_rate",5,0.42231,64,8,0.052789,1.989
"incid_rate",10,0.32062,64,8,0.040078,1.8012
"incid_rate",20,0.24726,64,8,0.030908,1.6525
"incid_rate",30,0.17461,64,8,0.021826,1.4907
"dx_frac",0,0.41622,64,8,0.052028,1.9783
"dx_frac",5,0.36845,64,8,0.046056,1.8919
"dx_frac",10,0.29914,64,8,0.037392,1.759
"dx_frac",20,0.1884,64,8,0.02355,1.5228
"dx_frac",30,0.22184,64,8,0.02773,1.5978
"supp_frac",0,0.12967,64,8,0.016209,1.3812
"supp_frac",5,0.037763,64,8,0.0047204,1.1244
"supp_frac",10,0.09552,64,8,0.01194,1.2918
"supp_frac",20,0.13309,64,8,0.016636,1.3898
"supp_frac",30,0.10985,64,8,0.013731,1.33
"prep_cov",0,0.14218,64,8,0.017772,1.4125
"prep_cov",5,0.12234,64,8,0.015292,1.3625
"prep_cov",10,0.09796,64,8,0.012245,1.2984
"prep_cov",20,0.04975,64,8,0.0062188,1.1611
"prep_cov",30,0,64,8,0,1
"prev.B",0,0.84481,64,8,0.1056,2.6294
"prev.B",5,0.7404,64,8,0.09255,2.4865
"prev.B",10,0.64981,64,8,0.081226,2.3556
"prev.B",20,0.46035,64,8,0.057544,2.0549
"prev.B",30,0.27413,64,8,0.034266,1.7085
"incid_rate.B",0,0.46353,64,8,0.057941,2.0603
"incid_rate.B",5,0.40809,64,8,0.051011,1.9638
"incid_rate.B",10,0.30855,64,8,0.038569,1.7776
"incid_rate.B",20,0.19107,64,8,0.023884,1.5289
"incid_rate.B",30,0.14398,64,8,0.017998,1.417
"dx_frac.B",0,0.46068,64,8,0.057585,2.0554
"dx_frac.B",5,0.39589,64,8,0.049486,1.942
"dx_frac.B",10,0.30918,64,8,0.038648,1.7788
"dx_frac.B",20,0.20158,64,8,0.025198,1.5528
"dx_frac.B",30,0.20514,64,8,0.025642,1.5608
"supp_frac.B",0,0.093055,64,8,0.011632,1.2851
"supp_frac.B",5,0.0068209,64,8,0.00085261,1.0236
"supp_frac.B",10,0,64,8,0,1
"supp_frac.B",20,0.03786,64,8,0.0047325,1.1247
"supp_frac.B",30,0,64,8,0,1
"prep_cov.B",0,0.17027,64,8,0.021284,1.4805
"prep_cov.B",5,0.14566,64,8,0.018208,1.4211
"prep_cov.B",10,0.17376,64,8,0.02172,1.4887
"prep_cov.B",20,0.21006,64,8,0.026258,1.5718
"prep_cov.B",30,0.12725,64,8,0.015906,1.375
"prev.H",0,0.72459,64,8,0.090574,2.4642
"prev.H",5,0.56236,64,8,0.070295,2.2218
"prev.H",10,0.39073,64,8,0.048841,1.9326
"prev.H",20,0.11605,64,8,0.014506,1.3462
"prev.H",30,0.09157,64,8,0.011446,1.281
"incid_rate.H",0,0.23531,64,8,0.029414,1.627
"incid_rate.H",5,0.14025,64,8,0.017531,1.4077
"incid_rate.H",10,0.048489,64,8,0.0060611,1.1573
"incid_rate.H",20,0.08432,64,8,0.01054,1.261
"incid_rate.H",30,0.06293,64,8,0.0078662,1.2002
"dx_frac.H",0,0.22261,64,8,0.027826,1.5995
"dx_frac.H",5,0.10506,64,8,0.013132,1.3174
"dx_frac.H",10,0.057257,64,8,0.0071571,1.1836
"dx_frac.H",20,0.142,64,8,0.01775,1.4121
"dx_frac.H",30,0.10454,64,8,0.013068,1.316
"supp_frac.H",0,0.13452,64,8,0.016815,1.3934
"supp_frac.H",5,0.0036486,64,8,0.00045608,1.0127
"supp_frac.H",10,0.00035532,64,8,4.4415e-05,1.0012
"supp_frac.H",20,0.14481,64,8,0.018101,1.419
"supp_frac.H",30,0.21459,64,8,0.026824,1.5818
"prep_cov.H",0,0.11292,64,8,0.014115,1.3381
"prep_cov.H",5,0.0635,64,8,0.0079375,1.2019
"prep_cov.H",10,0.01214,64,8,0.0015175,1.0416
"prep_cov.H",20,0.0017426,64,8,0.00021782,1.0061
"prep_cov.H",30,0,64,8,0,1
"prev.W",0,0.81155,64,8,0.10144,2.5847
"prev.W",5,0.67796,64,8,0.084745,2.397
"prev.W",10,0.55704,64,8,0.06963,2.2134
"prev.W",20,0.36793,64,8,0.045991,1.8909
"prev.W",30,0.29771,64,8,0.037214,1.7561
"incid_rate.W",0,0.32726,64,8,0.040908,1.8141
"incid_rate.W",5,0.32779,64,8,0.040974,1.8151
"incid_rate.W",10,0.26487,64,8,0.033109,1.6894
"incid_rate.W",20,0.28192,64,8,0.03524,1.7244
"incid_rate.W",30,0.30036,64,8,0.037545,1.7614
"dx_frac.W",0,0.22635,64,8,0.028294,1.6076
"dx_frac.W",5,0.14834,64,8,0.018542,1.4277
"dx_frac.W",10,0.14474,64,8,0.018092,1.4189
"dx_frac.W",20,0.15248,64,8,0.01906,1.4378
"dx_frac.W",30,0.08855,64,8,0.011069,1.2727
"supp_frac.W",0,0.089319,64,8,0.011165,1.2748
"supp_frac.W",5,0.0060853,64,8,0.00076066,1.0211
"supp_frac.W",10,0.0168,64,8,0.0021,1.0572
"supp_frac.W",20,0.08972,64,8,0.011215,1.2759
"supp_frac.W",30,0.0011148,64,8,0.00013935,1.0039
"prep_cov.W",0,0.033022,64,8,0.0041278,1.1096
"prep_cov.W",5,0.02847,64,8,0.0035588,1.0951
"prep_cov.W",10,0.06093,64,8,0.0076162,1.1944
"prep_cov.W",20,0.07094,64,8,0.0088675,1.2233
"prep_cov.W",30,0.04462,64,8,0.0055775,1.1456
"gono_prev",0,0.58493,64,8,0.073116,2.2571
"gono_prev",5,0.47107,64,8,0.058884,2.073
"gono_prev",10,0.41287,64,8,0.051609,1.9723
"gono_prev",20,0.25298,64,8,0.031622,1.6646
"gono_prev",30,0.11376,64,8,0.01422,1.3403
"gono_ir",0,0.57787,64,8,0.072234,2.2461
"gono_ir",5,0.46875,64,8,0.058594,2.0691
"gono_ir",10,0.41221,64,8,0.051526,1.9712
"gono_ir",20,0.25143,64,8,0.031429,1.6613
"gono_ir",30,0.1053,64,8,0.013162,1.318
"chla_prev",0,0.57644,64,8,0.072055,2.2439
"chla_prev",5,0.45746,64,8,0.057182,2.0499
"chla_prev",10,0.40538,64,8,0.050672,1.959
"chla_prev",20,0.32803,64,8,0.041004,1.8155
"chla_prev",30,0.16997,64,8,0.021246,1.4798
"chla_ir",0,0.56959,64,8,0.071199,2.2332
"chla_ir",5,0.45859,64,8,0.057324,2.0519
"chla_ir",10,0.41078,64,8,0.051348,1.9686
"chla_ir",20,0.33101,64,8,0.041376,1.8213
"chla_ir",30,0.17054,64,8,0.021318,1.4811
"syph_prev",0,0.47385,64,8,0.059231,2.0777
"syph_prev",5,0.37865,64,8,0.047331,1.9106
"syph_prev",10,0.39819,64,8,0.049774,1.9461
"syph_prev",20,0.37362,64,8,0.046702,1.9014
"syph_prev",30,0.21101,64,8,0.026376,1.5739
"syph_ir",0,0.43046,64,8,0.053808,2.0033
"syph_ir",5,0.37298,64,8,0.046622,1.9002
"syph_ir",10,0.40667,64,8,0.050834,1.9613
"syph_ir",20,0.362,64,8,0.04525,1.8799
"syph_ir",30,0.17601,64,8,0.022001,1.494
"num",0,0.82206,64,8,0.10276,2.5989
"num",5,0.70251,64,8,0.087814,2.4326
"num",10,0.59321,64,8,0.074151,2.2699
"num",20,0.39204,64,8,0.049005,1.935
"num",30,0.19756,64,8,0.024695,1.5437
"prev",0,0.86335,64,16,0.053959,1.8947
"prev",5,0.76176,64,16,0.04761,1.8125
"prev",10,0.66451,64,16,0.041532,1.7302
"prev",20,0.46604,64,16,0.029128,1.5486
"prev",30,0.31118,64,16,0.019449,1.3905
"incid_rate",0,0.47319,64,16,0.029574,1.5555
"incid_rate",5,0.42231,64,16,0.026394,1.5056
"incid_rate",10,0.32062,64,16,0.020039,1.4007
"incid_rate",20,0.24726,64,16,0.015454,1.3198
"incid_rate",30,0.17461,64,16,0.010913,1.2344
"dx_frac",0,0.41622,64,16,0.026014,1.4996
"dx_frac",5,0.36845,64,16,0.023028,1.451
"dx_frac",10,0.29914,64,16,0.018696,1.3775
"dx_frac",20,0.1884,64,16,0.011775,1.2511
"dx_frac",30,0.22184,64,16,0.013865,1.2906
"supp_frac",0,0.12967,64,16,0.0081044,1.1786
"supp_frac",5,0.037763,64,16,0.0023602,1.0551
"supp_frac",10,0.09552,64,16,0.00597,1.1343
"supp_frac",20,0.13309,64,16,0.0083181,1.1829
"supp_frac",30,0.10985,64,16,0.0068656,1.1531
"prep_cov",0,0.14218,64,16,0.0088862,1.1944
"prep_cov",5,0.12234,64,16,0.0076462,1.1692
"prep_cov",10,0.09796,64,16,0.0061225,1.1375
"prep_cov",20,0.04975,64,16,0.0031094,1.072
"prep_cov",30,0,64,16,0,1
"prev.B",0,0.84481,64,16,0.052801,1.88
"prev.B",5,0.7404,64,16,0.046275,1.7948
"prev.B",10,0.64981,64,16,0.040613,1.7174
"prev.B",20,0.46035,64,16,0.028772,1.5431
"prev.B",30,0.27413,64,16,0.017133,1.35
"incid_rate.B",0,0.46353,64,16,0.028971,1.5462
"incid_rate.B",5,0.40809,64,16,0.025506,1.4914
"incid_rate.B",10,0.30855,64,16,0.019284,1.3877
"incid_rate.B",20,0.19107,64,16,0.011942,1.2543
"incid_rate.B",30,0.14398,64,16,0.0089988,1.1966
"dx_frac.B",0,0.46068,64,16,0.028792,1.5434
"dx_frac.B",5,0.39589,64,16,0.024743,1.4791
"dx_frac.B",10,0.30918,64,16,0.019324,1.3884
"dx_frac.B",20,0.20158,64,16,0.012599,1.2668
"dx_frac.B",30,0.20514,64,16,0.012821,1.271
"supp_frac.B",0,0.093055,64,16,0.0058159,1.131
"supp_frac.B",5,0.0068209,64,16,0.00042631,1.0102
"supp_frac.B",10,0,64,16,0,1
"supp_frac.B",20,0.03786,64,16,0.0023662,1.0553
"supp_frac.B",30,0,64,16,0,1
"prep_cov.B",0,0.17027,64,16,0.010642,1.2292
"prep_cov.B",5,0.14566,64,16,0.0091038,1.1987
"prep_cov.B",10,0.17376,64,16,0.01086,1.2334
"prep_cov.B",20,0.21006,64,16,0.013129,1.2768
"prep_cov.B",30,0.12725,64,16,0.0079531,1.1755
"prev.H",0,0.72459,64,16,0.045287,1.7815
"prev.H",5,0.56236,64,16,0.035148,1.6392
"prev.H",10,0.39073,64,16,0.024421,1.4738
"prev.H",20,0.11605,64,16,0.0072531,1.1611
"prev.H",30,0.09157,64,16,0.0057231,1.129
"incid_rate.H",0,0.23531,64,16,0.014707,1.3061
"incid_rate.H",5,0.14025,64,16,0.0087656,1.192
"incid_rate.H",10,0.048489,64,16,0.0030306,1.0703
"incid_rate.H",20,0.08432,64,16,0.00527,1.1194
"incid_rate.H",30,0.06293,64,16,0.0039331,1.0903
"dx_frac.H",0,0.22261,64,16,0.013913,1.2914
"dx_frac.H",5,0.10506,64,16,0.0065662,1.1468
"dx_frac.H",10,0.057257,64,16,0.0035786,1.0825
"dx_frac.H",20,0.142,64,16,0.008875,1.1942
"dx_frac.H",30,0.10454,64,16,0.0065337,1.1461
"supp_frac.H",0,0.13452,64,16,0.0084075,1.1847
"supp_frac.H",5,0.0036486,64,16,0.00022804,1.0055
"supp_frac.H",10,0.00035532,64,16,2.2208e-05,1.0005
"supp_frac.H",20,0.14481,64,16,0.0090506,1.1977
"supp_frac.H",30,0.21459,64,16,0.013412,1.2821
"prep_cov.H",0,0.11292,64,16,0.0070575,1.157
"prep_cov.H",5,0.0635,64,16,0.0039688,1.0911
"prep_cov.H",10,0.01214,64,16,0.00075875,1.018
"prep_cov.H",20,0.0017426,64,16,0.00010891,1.0026
"prep_cov.H",30,0,64,16,0,1
"prev.W",0,0.81155,64,16,0.050722,1.8533
"prev.W",5,0.67796,64,16,0.042372,1.7418
"prev.W",10,0.55704,64,16,0.034815,1.6344
"prev.W",20,0.36793,64,16,0.022996,1.4504
"prev.W",30,0.29771,64,16,0.018607,1.3759
"incid_rate.W",0,0.32726,64,16,0.020454,1.4078
"incid_rate.W",5,0.32779,64,16,0.020487,1.4083
"incid_rate.W",10,0.26487,64,16,0.016554,1.3396
"incid_rate.W",20,0.28192,64,16,0.01762,1.3586
"incid_rate.W",30,0.30036,64,16,0.018772,1.3788
"dx_frac.W",0,0.22635,64,16,0.014147,1.2958
"dx_frac.W",5,0.14834,64,16,0.0092712,1.2021
"dx_frac.W",10,0.14474,64,16,0.0090462,1.1976
"dx_frac.W",20,0.15248,64,16,0.00953,1.2072
"dx_frac.W",30,0.08855,64,16,0.0055344,1.125
"supp_frac.W",0,0.089319,64,16,0.0055824,1.126
"supp_frac.W",5,0.0060853,64,16,0.00038033,1.0091
"supp_frac.W",10,0.0168,64,16,0.00105,1.0249
"supp_frac.W",20,0.08972,64,16,0.0056075,1.1266
"supp_frac.W",30,0.0011148,64,16,6.9675e-05,1.0017
"prep_cov.W",0,0.033022,64,16,0.0020639,1.0484
"prep_cov.W",5,0.02847,64,16,0.0017794,1.0418
"prep_cov.W",10,0.06093,64,16,0.0038081,1.0876
"prep_cov.W",20,0.07094,64,16,0.0044338,1.1013
"prep_cov.W",30,0.04462,64,16,0.0027888,1.0648
"gono_prev",0,0.58493,64,16,0.036558,1.6598
"gono_prev",5,0.47107,64,16,0.029442,1.5535
"gono_prev",10,0.41287,64,16,0.025804,1.4962
"gono_prev",20,0.25298,64,16,0.015811,1.3263
"gono_prev",30,0.11376,64,16,0.00711,1.1581
"gono_ir",0,0.57787,64,16,0.036117,1.6534
"gono_ir",5,0.46875,64,16,0.029297,1.5512
"gono_ir",10,0.41221,64,16,0.025763,1.4955
"gono_ir",20,0.25143,64,16,0.015714,1.3245
"gono_ir",30,0.1053,64,16,0.0065812,1.1471
"chla_prev",0,0.57644,64,16,0.036028,1.6521
"chla_prev",5,0.45746,64,16,0.028591,1.5403
"chla_prev",10,0.40538,64,16,0.025336,1.4887
"chla_prev",20,0.32803,64,16,0.020502,1.4086
"chla_prev",30,0.16997,64,16,0.010623,1.2288
"chla_ir",0,0.56959,64,16,0.035599,1.6458
"chla_ir",5,0.45859,64,16,0.028662,1.5414
"chla_ir",10,0.41078,64,16,0.025674,1.4941
"chla_ir",20,0.33101,64,16,0.020688,1.4117
"chla_ir",30,0.17054,64,16,0.010659,1.2295
"syph_prev",0,0.47385,64,16,0.029616,1.5561
"syph_prev",5,0.37865,64,16,0.023666,1.4615
"syph_prev",10,0.39819,64,16,0.024887,1.4814
"syph_prev",20,0.37362,64,16,0.023351,1.4563
"syph_prev",30,0.21101,64,16,0.013188,1.2779
"syph_ir",0,0.43046,64,16,0.026904,1.5137
"syph_ir",5,0.37298,64,16,0.023311,1.4557
"syph_ir",10,0.40667,64,16,0.025417,1.49
"syph_ir",20,0.362,64,16,0.022625,1.4443
"syph_ir",30,0.17601,64,16,0.011001,1.2361
"num",0,0.82206,64,16,0.051379,1.8618
"num",5,0.70251,64,16,0.043907,1.7628
"num",10,0.59321,64,16,0.037076,1.6672
"num",20,0.39204,64,16,0.024502,1.4752
"num",30,0.19756,64,16,0.012348,1.262
"prev",0,0.86335,64,32,0.02698,1.365
"prev",5,0.76176,64,32,0.023805,1.3273
"prev",10,0.66451,64,32,0.020766,1.2902
"prev",20,0.46604,64,32,0.014564,1.2108
"prev",30,0.31118,64,32,0.0097244,1.1451
"incid_rate",0,0.47319,64,32,0.014787,1.2138
"incid_rate",5,0.42231,64,32,0.013197,1.1926
"incid_rate",10,0.32062,64,32,0.010019,1.1492
"incid_rate",20,0.24726,64,32,0.0077269,1.1168
"incid_rate",30,0.17461,64,32,0.0054566,1.0838
"dx_frac",0,0.41622,64,32,0.013007,1.1901
"dx_frac",5,0.36845,64,32,0.011514,1.1698
"dx_frac",10,0.29914,64,32,0.0093481,1.1398
"dx_frac",20,0.1884,64,32,0.0058875,1.0901
"dx_frac",30,0.22184,64,32,0.0069325,1.1054
"supp_frac",0,0.12967,64,32,0.0040522,1.0629
"supp_frac",5,0.037763,64,32,0.0011801,1.0187
"supp_frac",10,0.09552,64,32,0.002985,1.0467
"supp_frac",20,0.13309,64,32,0.0041591,1.0645
"supp_frac",30,0.10985,64,32,0.0034328,1.0535
"prep_cov",0,0.14218,64,32,0.0044431,1.0687
"prep_cov",5,0.12234,64,32,0.0038231,1.0594
"prep_cov",10,0.09796,64,32,0.0030612,1.0478
"prep_cov",20,0.04975,64,32,0.0015547,1.0246
"prep_cov",30,0,64,32,0,1
"prev.B",0,0.84481,64,32,0.0264,1.3582
"prev.B",5,0.7404,64,32,0.023138,1.3192
"prev.B",10,0.64981,64,32,0.020307,1.2844
"prev.B",20,0.46035,64,32,0.014386,1.2084
"prev.B",30,0.27413,64,32,0.0085666,1.1288
"incid_rate.B",0,0.46353,64,32,0.014485,1.2098
"incid_rate.B",5,0.40809,64,32,0.012753,1.1866
"incid_rate.B",10,0.30855,64,32,0.0096422,1.1439
"incid_rate.B",20,0.19107,64,32,0.0059709,1.0914
"incid_rate.B",30,0.14398,64,32,0.0044994,1.0696
"dx_frac.B",0,0.46068,64,32,0.014396,1.2086
"dx_frac.B",5,0.39589,64,32,0.012372,1.1815
"dx_frac.B",10,0.30918,64,32,0.0096619,1.1442
"dx_frac.B",20,0.20158,64,32,0.0062994,1.0962
"dx_frac.B",30,0.20514,64,32,0.0064106,1.0978
"supp_frac.B",0,0.093055,64,32,0.002908,1.0455
"supp_frac.B",5,0.0068209,64,32,0.00021315,1.0034
"supp_frac.B",10,0,64,32,0,1
"supp_frac.B",20,0.03786,64,32,0.0011831,1.0188
"supp_frac.B",30,0,64,32,0,1
"prep_cov.B",0,0.17027,64,32,0.0053209,1.0818
"prep_cov.B",5,0.14566,64,32,0.0045519,1.0704
"prep_cov.B",10,0.17376,64,32,0.00543,1.0834
"prep_cov.B",20,0.21006,64,32,0.0065644,1.1
"prep_cov.B",30,0.12725,64,32,0.0039766,1.0617
"prev.H",0,0.72459,64,32,0.022643,1.3132
"prev.H",5,0.56236,64,32,0.017574,1.2499
"prev.H",10,0.39073,64,32,0.01221,1.1793
"prev.H",20,0.11605,64,32,0.0036266,1.0564
"prev.H",30,0.09157,64,32,0.0028616,1.0448
"incid_rate.H",0,0.23531,64,32,0.0073534,1.1114
"incid_rate.H",5,0.14025,64,32,0.0043828,1.0678
"incid_rate.H",10,0.048489,64,32,0.0015153,1.024
"incid_rate.H",20,0.08432,64,32,0.002635,1.0413
"incid_rate.H",30,0.06293,64,32,0.0019666,1.031
"dx_frac.H",0,0.22261,64,32,0.0069566,1.1057
"dx_frac.H",5,0.10506,64,32,0.0032831,1.0512
"dx_frac.H",10,0.057257,64,32,0.0017893,1.0282
"dx_frac.H",20,0.142,64,32,0.0044375,1.0686
"dx_frac.H",30,0.10454,64,32,0.0032669,1.051
"supp_frac.H",0,0.13452,64,32,0.0042038,1.0651
"supp_frac.H",5,0.0036486,64,32,0.00011402,1.0018
"supp_frac.H",10,0.00035532,64,32,1.1104e-05,1.0002
"supp_frac.H",20,0.14481,64,32,0.0045253,1.07
"supp_frac.H",30,0.21459,64,32,0.0067059,1.1021
"prep_cov.H",0,0.11292,64,32,0.0035288,1.055
"prep_cov.H",5,0.0635,64,32,0.0019844,1.0313
"prep_cov.H",10,0.01214,64,32,0.00037938,1.0061
"prep_cov.H",20,0.0017426,64,32,5.4456e-05,1.0009
"prep_cov.H",30,0,64,32,0,1
"prev.W",0,0.81155,64,32,0.025361,1.3459
"prev.W",5,0.67796,64,32,0.021186,1.2954
"prev.W",10,0.55704,64,32,0.017408,1.2478
"prev.W",20,0.36793,64,32,0.011498,1.1696
"prev.W",30,0.29771,64,32,0.0093034,1.1392
"incid_rate.W",0,0.32726,64,32,0.010227,1.1521
"incid_rate.W",5,0.32779,64,32,0.010243,1.1523
"incid_rate.W",10,0.26487,64,32,0.0082772,1.1247
"incid_rate.W",20,0.28192,64,32,0.00881,1.1322
"incid_rate.W",30,0.30036,64,32,0.0093862,1.1403
"dx_frac.W",0,0.22635,64,32,0.0070734,1.1074
"dx_frac.W",5,0.14834,64,32,0.0046356,1.0716
"dx_frac.W",10,0.14474,64,32,0.0045231,1.0699
"dx_frac.W",20,0.15248,64,32,0.004765,1.0735
"dx_frac.W",30,0.08855,64,32,0.0027672,1.0433
"supp_frac.W",0,0.089319,64,32,0.0027912,1.0437
"supp_frac.W",5,0.0060853,64,32,0.00019017,1.003
"supp_frac.W",10,0.0168,64,32,0.000525,1.0084
"supp_frac.W",20,0.08972,64,32,0.0028038,1.0439
"supp_frac.W",30,0.0011148,64,32,3.4838e-05,1.0006
"prep_cov.W",0,0.033022,64,32,0.0010319,1.0164
"prep_cov.W",5,0.02847,64,32,0.00088969,1.0141
"prep_cov.W",10,0.06093,64,32,0.0019041,1.03
"prep_cov.W",20,0.07094,64,32,0.0022169,1.0349
"prep_cov.W",30,0.04462,64,32,0.0013944,1.0221
"gono_prev",0,0.58493,64,32,0.018279,1.2589
"gono_prev",5,0.47107,64,32,0.014721,1.2129
"gono_prev",10,0.41287,64,32,0.012902,1.1886
"gono_prev",20,0.25298,64,32,0.0079056,1.1194
"gono_prev",30,0.11376,64,32,0.003555,1.0553
"gono_ir",0,0.57787,64,32,0.018058,1.2561
"gono_ir",5,0.46875,64,32,0.014648,1.2119
"gono_ir",10,0.41221,64,32,0.012882,1.1884
"gono_ir",20,0.25143,64,32,0.0078572,1.1187
"gono_ir",30,0.1053,64,32,0.0032906,1.0513
"chla_prev",0,0.57644,64,32,0.018014,1.2556
"chla_prev",5,0.45746,64,32,0.014296,1.2073
"chla_prev",10,0.40538,64,32,0.012668,1.1855
"chla_prev",20,0.32803,64,32,0.010251,1.1524
"chla_prev",30,0.16997,64,32,0.0053116,1.0817
"chla_ir",0,0.56959,64,32,0.0178,1.2528
"chla_ir",5,0.45859,64,32,0.014331,1.2077
"chla_ir",10,0.41078,64,32,0.012837,1.1878
"chla_ir",20,0.33101,64,32,0.010344,1.1537
"chla_ir",30,0.17054,64,32,0.0053294,1.0819
"syph_prev",0,0.47385,64,32,0.014808,1.214
"syph_prev",5,0.37865,64,32,0.011833,1.1742
"syph_prev",10,0.39819,64,32,0.012443,1.1825
"syph_prev",20,0.37362,64,32,0.011676,1.172
"syph_prev",30,0.21101,64,32,0.0065941,1.1005
"syph_ir",0,0.43046,64,32,0.013452,1.196
"syph_ir",5,0.37298,64,32,0.011656,1.1717
"syph_ir",10,0.40667,64,32,0.012708,1.186
"syph_ir",20,0.362,64,32,0.011312,1.167
"syph_ir",30,0.17601,64,32,0.0055003,1.0844
"num",0,0.82206,64,32,0.025689,1.3498
"num",5,0.70251,64,32,0.021953,1.3048
"num",10,0.59321,64,32,0.018538,1.2622
"num",20,0.39204,64,32,0.012251,1.1798
"num",30,0.19756,64,32,0.0061738,1.0943
"prev",0,0.86335,64,64,0.01349,1
"prev",5,0.76176,64,64,0.011902,1
"prev",10,0.66451,64,64,0.010383,1
"prev",20,0.46604,64,64,0.0072819,1
"prev",30,0.31118,64,64,0.0048622,1
"incid_rate",0,0.47319,64,64,0.0073936,1
"incid_rate",5,0.42231,64,64,0.0065986,1
"incid_rate",10,0.32062,64,64,0.0050097,1
"incid_rate",20,0.24726,64,64,0.0038634,1
"incid_rate",30,0.17461,64,64,0.0027283,1
"dx_frac",0,0.41622,64,64,0.0065034,1
"dx_frac",5,0.36845,64,64,0.005757,1
"dx_frac",10,0.29914,64,64,0.0046741,1
"dx_frac",20,0.1884,64,64,0.0029438,1
"dx_frac",30,0.22184,64,64,0.0034662,1
"supp_frac",0,0.12967,64,64,0.0020261,1
"supp_frac",5,0.037763,64,64,0.00059005,1
"supp_frac",10,0.09552,64,64,0.0014925,1
"supp_frac",20,0.13309,64,64,0.0020795,1
"supp_frac",30,0.10985,64,64,0.0017164,1
"prep_cov",0,0.14218,64,64,0.0022216,1
"prep_cov",5,0.12234,64,64,0.0019116,1
"prep_cov",10,0.09796,64,64,0.0015306,1
"prep_cov",20,0.04975,64,64,0.00077734,1
"prep_cov",30,0,64,64,0,1
"prev.B",0,0.84481,64,64,0.0132,1
"prev.B",5,0.7404,64,64,0.011569,1
"prev.B",10,0.64981,64,64,0.010153,1
"prev.B",20,0.46035,64,64,0.007193,1
"prev.B",30,0.27413,64,64,0.0042833,1
"incid_rate.B",0,0.46353,64,64,0.0072427,1
"incid_rate.B",5,0.40809,64,64,0.0063764,1
"incid_rate.B",10,0.30855,64,64,0.0048211,1
"incid_rate.B",20,0.19107,64,64,0.0029855,1
"incid_rate.B",30,0.14398,64,64,0.0022497,1
"dx_frac.B",0,0.46068,64,64,0.0071981,1
"dx_frac.B",5,0.39589,64,64,0.0061858,1
"dx_frac.B",10,0.30918,64,64,0.0048309,1
"dx_frac.B",20,0.20158,64,64,0.0031497,1
"dx_frac.B",30,0.20514,64,64,0.0032053,1
"supp_frac.B",0,0.093055,64,64,0.001454,1
"supp_frac.B",5,0.0068209,64,64,0.00010658,1
"supp_frac.B",10,0,64,64,0,1
"supp_frac.B",20,0.03786,64,64,0.00059156,1
"supp_frac.B",30,0,64,64,0,1
"prep_cov.B",0,0.17027,64,64,0.0026605,1
"prep_cov.B",5,0.14566,64,64,0.0022759,1
"prep_cov.B",10,0.17376,64,64,0.002715,1
"prep_cov.B",20,0.21006,64,64,0.0032822,1
"prep_cov.B",30,0.12725,64,64,0.0019883,1
"prev.H",0,0.72459,64,64,0.011322,1
"prev.H",5,0.56236,64,64,0.0087869,1
"prev.H",10,0.39073,64,64,0.0061052,1
"prev.H",20,0.11605,64,64,0.0018133,1
"prev.H",30,0.09157,64,64,0.0014308,1
"incid_rate.H",0,0.23531,64,64,0.0036767,1
"incid_rate.H",5,0.14025,64,64,0.0021914,1
"incid_rate.H",10,0.048489,64,64,0.00075764,1
"incid_rate.H",20,0.08432,64,64,0.0013175,1
"incid_rate.H",30,0.06293,64,64,0.00098328,1
"dx_frac.H",0,0.22261,64,64,0.0034783,1
"dx_frac.H",5,0.10506,64,64,0.0016416,1
"dx_frac.H",10,0.057257,64,64,0.00089464,1
"dx_frac.H",20,0.142,64,64,0.0022187,1
"dx_frac.H",30,0.10454,64,64,0.0016334,1
"supp_frac.H",0,0.13452,64,64,0.0021019,1
"supp_frac.H",5,0.0036486,64,64,5.7009e-05,1
"supp_frac.H",10,0.00035532,64,64,5.5519e-06,1
"supp_frac.H",20,0.14481,64,64,0.0022627,1
"supp_frac.H",30,0.21459,64,64,0.003353,1
"prep_cov.H",0,0.11292,64,64,0.0017644,1
"prep_cov.H",5,0.0635,64,64,0.00099219,1
"prep_cov.H",10,0.01214,64,64,0.00018969,1
"prep_cov.H",20,0.0017426,64,64,2.7228e-05,1
"prep_cov.H",30,0,64,64,0,1
"prev.W",0,0.81155,64,64,0.01268,1
"prev.W",5,0.67796,64,64,0.010593,1
"prev.W",10,0.55704,64,64,0.0087038,1
"prev.W",20,0.36793,64,64,0.0057489,1
"prev.W",30,0.29771,64,64,0.0046517,1
"incid_rate.W",0,0.32726,64,64,0.0051134,1
"incid_rate.W",5,0.32779,64,64,0.0051217,1
"incid_rate.W",10,0.26487,64,64,0.0041386,1
"incid_rate.W",20,0.28192,64,64,0.004405,1
"incid_rate.W",30,0.30036,64,64,0.0046931,1
"dx_frac.W",0,0.22635,64,64,0.0035367,1
"dx_frac.W",5,0.14834,64,64,0.0023178,1
"dx_frac.W",10,0.14474,64,64,0.0022616,1
"dx_frac.W",20,0.15248,64,64,0.0023825,1
"dx_frac.W",30,0.08855,64,64,0.0013836,1
"supp_frac.W",0,0.089319,64,64,0.0013956,1
"supp_frac.W",5,0.0060853,64,64,9.5083e-05,1
"supp_frac.W",10,0.0168,64,64,0.0002625,1
"supp_frac.W",20,0.08972,64,64,0.0014019,1
"supp_frac.W",30,0.0011148,64,64,1.7419e-05,1
"prep_cov.W",0,0.033022,64,64,0.00051597,1
"prep_cov.W",5,0.02847,64,64,0.00044484,1
"prep_cov.W",10,0.06093,64,64,0.00095203,1
"prep_cov.W",20,0.07094,64,64,0.0011084,1
"prep_cov.W",30,0.04462,64,64,0.00069719,1
"gono_prev",0,0.58493,64,64,0.0091395,1
"gono_prev",5,0.47107,64,64,0.0073605,1
"gono_prev",10,0.41287,64,64,0.0064511,1
"gono_prev",20,0.25298,64,64,0.0039528,1
"gono_prev",30,0.11376,64,64,0.0017775,1
"gono_ir",0,0.57787,64,64,0.0090292,1
"gono_ir",5,0.46875,64,64,0.0073242,1
"gono_ir",10,0.41221,64,64,0.0064408,1
"gono_ir",20,0.25143,64,64,0.0039286,1
"gono_ir",30,0.1053,64,64,0.0016453,1
"chla_prev",0,0.57644,64,64,0.0090069,1
"chla_prev",5,0.45746,64,64,0.0071478,1
"chla_prev",10,0.40538,64,64,0.0063341,1
"chla_prev",20,0.32803,64,64,0.0051255,1
"chla_prev",30,0.16997,64,64,0.0026558,1
"chla_ir",0,0.56959,64,64,0.0088998,1
"chla_ir",5,0.45859,64,64,0.0071655,1
"chla_ir",10,0.41078,64,64,0.0064184,1
"chla_ir",20,0.33101,64,64,0.005172,1
"chla_ir",30,0.17054,64,64,0.0026647,1
"syph_prev",0,0.47385,64,64,0.0074039,1
"syph_prev",5,0.37865,64,64,0.0059164,1
"syph_prev",10,0.39819,64,64,0.0062217,1
"syph_prev",20,0.37362,64,64,0.0058378,1
"syph_prev",30,0.21101,64,64,0.003297,1
"syph_ir",0,0.43046,64,64,0.0067259,1
"syph_ir",5,0.37298,64,64,0.0058278,1
"syph_ir",10,0.40667,64,64,0.0063542,1
"syph_ir",20,0.362,64,64,0.0056562,1
"syph_ir",30,0.17601,64,64,0.0027502,1
"num",0,0.82206,64,64,0.012845,1
"num",5,0.70251,64,64,0.010977,1
"num",10,0.59321,64,64,0.0092689,1
"num",20,0.39204,64,64,0.0061256,1
"num",30,0.19756,64,64,0.0030869,1
"prev",0,0.86335,256,1,0.86335,14.871
"prev",5,0.76176,256,1,0.76176,13.973
"prev",10,0.66451,256,1,0.66451,13.056
"prev",20,0.46604,256,1,0.46604,10.947
"prev",30,0.31118,256,1,0.31118,8.9639
"incid_rate",0,0.47319,256,1,0.47319,11.03
"incid_rate",5,0.42231,256,1,0.42231,10.425
"incid_rate",10,0.32062,256,1,0.32062,9.0971
"incid_rate",20,0.24726,256,1,0.24726,8.0032
"incid_rate",30,0.17461,256,1,0.17461,6.7473
"dx_frac",0,0.41622,256,1,0.41622,10.351
"dx_frac",5,0.36845,256,1,0.36845,9.7445
"dx_frac",10,0.29914,256,1,0.29914,8.7909
"dx_frac",20,0.1884,256,1,0.1884,7.003
"dx_frac",30,0.22184,256,1,0.22184,7.5874
"supp_frac",0,0.12967,256,1,0.12967,5.8366
"supp_frac",5,0.037763,256,1,0.037763,3.2603
"supp_frac",10,0.09552,256,1,0.09552,5.0356
"supp_frac",20,0.13309,256,1,0.13309,5.9108
"supp_frac",30,0.10985,256,1,0.10985,5.3863
"prep_cov",0,0.14218,256,1,0.14218,6.1038
"prep_cov",5,0.12234,256,1,0.12234,5.6742
"prep_cov",10,0.09796,256,1,0.09796,5.097
"prep_cov",20,0.04975,256,1,0.04975,3.6995
"prep_cov",30,0,256,1,0,1
"prev.B",0,0.84481,256,1,0.84481,14.711
"prev.B",5,0.7404,256,1,0.7404,13.777
"prev.B",10,0.64981,256,1,0.64981,12.911
"prev.B",20,0.46035,256,1,0.46035,10.881
"prev.B",30,0.27413,256,1,0.27413,8.4204
"incid_rate.B",0,0.46353,256,1,0.46353,10.918
"incid_rate.B",5,0.40809,256,1,0.40809,10.25
"incid_rate.B",10,0.30855,256,1,0.30855,8.9264
"incid_rate.B",20,0.19107,256,1,0.19107,7.0514
"incid_rate.B",30,0.14398,256,1,0.14398,6.1412
"dx_frac.B",0,0.46068,256,1,0.46068,10.885
"dx_frac.B",5,0.39589,256,1,0.39589,10.097
"dx_frac.B",10,0.30918,256,1,0.30918,8.9354
"dx_frac.B",20,0.20158,256,1,0.20158,7.239
"dx_frac.B",30,0.20514,256,1,0.20514,7.3014
"supp_frac.B",0,0.093055,256,1,0.093055,4.9728
"supp_frac.B",5,0.0068209,256,1,0.0068209,1.6551
"supp_frac.B",10,0,256,1,0,1
"supp_frac.B",20,0.03786,256,1,0.03786,3.2641
"supp_frac.B",30,0,256,1,0,1
"prep_cov.B",0,0.17027,256,1,0.17027,6.6647
"prep_cov.B",5,0.14566,256,1,0.14566,6.176
"prep_cov.B",10,0.17376,256,1,0.17376,6.7312
"prep_cov.B",20,0.21006,256,1,0.21006,7.3868
"prep_cov.B",30,0.12725,256,1,0.12725,5.7835
"prev.H",0,0.72459,256,1,0.72459,13.63
"prev.H",5,0.56236,256,1,0.56236,12.017
"prev.H",10,0.39073,256,1,0.39073,10.032
"prev.H",20,0.11605,256,1,0.11605,5.5311
"prev.H",30,0.09157,256,1,0.09157,4.9346
"incid_rate.H",0,0.23531,256,1,0.23531,7.8105
"incid_rate.H",5,0.14025,256,1,0.14025,6.0633
"incid_rate.H",10,0.048489,256,1,0.048489,3.6558
"incid_rate.H",20,0.08432,256,1,0.08432,4.7436
"incid_rate.H",30,0.06293,256,1,0.06293,4.1288
"dx_frac.H",0,0.22261,256,1,0.22261,7.6004
"dx_frac.H",5,0.10506,256,1,0.10506,5.2717
"dx_frac.H",10,0.057257,256,1,0.057257,3.9498
"dx_frac.H",20,0.142,256,1,0.142,6.1
"dx_frac.H",30,0.10454,256,1,0.10454,5.2591
"supp_frac.H",0,0.13452,256,1,0.13452,5.9416
"supp_frac.H",5,0.0036486,256,1,0.0036486,1.3894
"supp_frac.H",10,0.00035532,256,1,0.00035532,1.0443
"supp_frac.H",20,0.14481,256,1,0.14481,6.1585
"supp_frac.H",30,0.21459,256,1,0.21459,7.4646
"prep_cov.H",0,0.11292,256,1,0.11292,5.4584
"prep_cov.H",5,0.0635,256,1,0.0635,4.1464
"prep_cov.H",10,0.01214,256,1,0.01214,2.0238
"prep_cov.H",20,0.0017426,256,1,0.0017426,1.2018
"prep_cov.H",30,0,256,1,0,1
"prev.W",0,0.81155,256,1,0.81155,14.42
"prev.W",5,0.67796,256,1,0.67796,13.186
"prev.W",10,0.55704,256,1,0.55704,11.96
"prev.W",20,0.36793,256,1,0.36793,9.7377
"prev.W",30,0.29771,256,1,0.29771,8.7702
"incid_rate.W",0,0.32726,256,1,0.32726,9.1897
"incid_rate.W",5,0.32779,256,1,0.32779,9.1971
"incid_rate.W",10,0.26487,256,1,0.26487,8.279
"incid_rate.W",20,0.28192,256,1,0.28192,8.5375
"incid_rate.W",30,0.30036,256,1,0.30036,8.8086
"dx_frac.W",0,0.22635,256,1,0.22635,7.6628
"dx_frac.W",5,0.14834,256,1,0.14834,6.2311
"dx_frac.W",10,0.14474,256,1,0.14474,6.157
"dx_frac.W",20,0.15248,256,1,0.15248,6.3153
"dx_frac.W",30,0.08855,256,1,0.08855,4.8559
"supp_frac.W",0,0.089319,256,1,0.089319,4.8761
"supp_frac.W",5,0.0060853,256,1,0.0060853,1.5974
"supp_frac.W",10,0.0168,256,1,0.0168,2.2987
"supp_frac.W",20,0.08972,256,1,0.08972,4.8866
"supp_frac.W",30,0.0011148,256,1,0.0011148,1.1333
"prep_cov.W",0,0.033022,256,1,0.033022,3.0693
"prep_cov.W",5,0.02847,256,1,0.02847,2.874
"prep_cov.W",10,0.06093,256,1,0.06093,4.0666
"prep_cov.W",20,0.07094,256,1,0.07094,4.3692
"prep_cov.W",30,0.04462,256,1,0.04462,3.5183
"gono_prev",0,0.58493,256,1,0.58493,12.254
"gono_prev",5,0.47107,256,1,0.47107,11.006
"gono_prev",10,0.41287,256,1,0.41287,10.309
"gono_prev",20,0.25298,256,1,0.25298,8.0938
"gono_prev",30,0.11376,256,1,0.11376,5.478
"gono_ir",0,0.57787,256,1,0.57787,12.18
"gono_ir",5,0.46875,256,1,0.46875,10.979
"gono_ir",10,0.41221,256,1,0.41221,10.301
"gono_ir",20,0.25143,256,1,0.25143,8.0694
"gono_ir",30,0.1053,256,1,0.1053,5.2775
"chla_prev",0,0.57644,256,1,0.57644,12.165
"chla_prev",5,0.45746,256,1,0.45746,10.847
"chla_prev",10,0.40538,256,1,0.40538,10.216
"chla_prev",20,0.32803,256,1,0.32803,9.2004
"chla_prev",30,0.16997,256,1,0.16997,6.659
"chla_ir",0,0.56959,256,1,0.56959,12.093
"chla_ir",5,0.45859,256,1,0.45859,10.86
"chla_ir",10,0.41078,256,1,0.41078,10.283
"chla_ir",20,0.33101,256,1,0.33101,9.2416
"chla_ir",30,0.17054,256,1,0.17054,6.6699
"syph_prev",0,0.47385,256,1,0.47385,11.038
"syph_prev",5,0.37865,256,1,0.37865,9.877
"syph_prev",10,0.39819,256,1,0.39819,10.126
"syph_prev",20,0.37362,256,1,0.37362,9.8119
"syph_prev",30,0.21101,256,1,0.21101,7.4032
"syph_ir",0,0.43046,256,1,0.43046,10.525
"syph_ir",5,0.37298,256,1,0.37298,9.8036
"syph_ir",10,0.40667,256,1,0.40667,10.232
"syph_ir",20,0.362,256,1,0.362,9.6597
"syph_ir",30,0.17601,256,1,0.17601,6.7737
"num",0,0.82206,256,1,0.82206,14.513
"num",5,0.70251,256,1,0.70251,13.422
"num",10,0.59321,256,1,0.59321,12.34
"num",20,0.39204,256,1,0.39204,10.048
"num",30,0.19756,256,1,0.19756,7.1678
"prev",0,0.86335,256,2,0.43168,10.519
"prev",5,0.76176,256,2,0.38088,9.8865
"prev",10,0.66451,256,2,0.33226,9.2408
"prev",20,0.46604,256,2,0.23302,7.758
"prev",30,0.31118,256,2,0.15559,6.3655
"incid_rate",0,0.47319,256,2,0.2366,7.8163
"incid_rate",5,0.42231,256,2,0.21116,7.3914
"incid_rate",10,0.32062,256,2,0.16031,6.459
"incid_rate",20,0.24726,256,2,0.12363,5.6923
"incid_rate",30,0.17461,256,2,0.087305,4.8141
"dx_frac",0,0.41622,256,2,0.20811,7.3389
"dx_frac",5,0.36845,256,2,0.18422,6.9133
"dx_frac",10,0.29914,256,2,0.14957,6.2443
"dx_frac",20,0.1884,256,2,0.0942,4.9927
"dx_frac",30,0.22184,256,2,0.11092,5.4013
"supp_frac",0,0.12967,256,2,0.064835,4.1795
"supp_frac",5,0.037763,256,2,0.018882,2.4075
"supp_frac",10,0.09552,256,2,0.04776,3.6237
"supp_frac",20,0.13309,256,2,0.066545,4.2311
"supp_frac",30,0.10985,256,2,0.054925,3.8666
"prep_cov",0,0.14218,256,2,0.07109,4.3654
"prep_cov",5,0.12234,256,2,0.06117,4.0666
"prep_cov",10,0.09796,256,2,0.04898,3.6662
"prep_cov",20,0.04975,256,2,0.024875,2.7052
"prep_cov",30,0,256,2,0,1
"prev.B",0,0.84481,256,2,0.4224,10.406
"prev.B",5,0.7404,256,2,0.3702,9.7484
"prev.B",10,0.64981,256,2,0.3249,9.1392
"prev.B",20,0.46035,256,2,0.23018,7.7113
"prev.B",30,0.27413,256,2,0.13706,5.9845
"incid_rate.B",0,0.46353,256,2,0.23176,7.7375
"incid_rate.B",5,0.40809,256,2,0.20404,7.2682
"incid_rate.B",10,0.30855,256,2,0.15428,6.3392
"incid_rate.B",20,0.19107,256,2,0.095535,5.0265
"incid_rate.B",30,0.14398,256,2,0.07199,4.3915
"dx_frac.B",0,0.46068,256,2,0.23034,7.714
"dx_frac.B",5,0.39589,256,2,0.19794,7.1609
"dx_frac.B",10,0.30918,256,2,0.15459,6.3455
"dx_frac.B",20,0.20158,256,2,0.10079,5.1576
"dx_frac.B",30,0.20514,256,2,0.10257,5.2012
"supp_frac.B",0,0.093055,256,2,0.046528,3.5802
"supp_frac.B",5,0.0068209,256,2,0.0034104,1.3661
"supp_frac.B",10,0,256,2,0,1
"supp_frac.B",20,0.03786,256,2,0.01893,2.41
"supp_frac.B",30,0,256,2,0,1
"prep_cov.B",0,0.17027,256,2,0.085135,4.7565
"prep_cov.B",5,0.14566,256,2,0.07283,4.4157
"prep_cov.B",10,0.17376,256,2,0.08688,4.8029
"prep_cov.B",20,0.21006,256,2,0.10503,5.261
"prep_cov.B",30,0.12725,256,2,0.063625,4.1426
"prev.H",0,0.72459,256,2,0.3623,9.6448
"prev.H",5,0.56236,256,2,0.28118,8.51
"prev.H",10,0.39073,256,2,0.19536,7.115
"prev.H",20,0.11605,256,2,0.058025,3.9672
"prev.H",30,0.09157,256,2,0.045785,3.5538
"incid_rate.H",0,0.23531,256,2,0.11766,5.5574
"incid_rate.H",5,0.14025,256,2,0.070125,4.3373
"incid_rate.H",10,0.048489,256,2,0.024244,2.6755
"incid_rate.H",20,0.08432,256,2,0.04216,3.4218
"incid_rate.H",30,0.06293,256,2,0.031465,2.9987
"dx_frac.H",0,0.22261,256,2,0.1113,5.4103
"dx_frac.H",5,0.10506,256,2,0.05253,3.7872
"dx_frac.H",10,0.057257,256,2,0.028628,2.876
"dx_frac.H",20,0.142,256,2,0.071,4.3628
"dx_frac.H",30,0.10454,256,2,0.05227,3.7784
"supp_frac.H",0,0.13452,256,2,0.06726,4.2525
"supp_frac.H",5,0.0036486,256,2,0.0018243,1.2097
"supp_frac.H",10,0.00035532,256,2,0.00017766,1.0223
"supp_frac.H",20,0.14481,256,2,0.072405,4.4035
"supp_frac.H",30,0.21459,256,2,0.1073,5.3153
"prep_cov.H",0,0.11292,256,2,0.05646,3.9167
"prep_cov.H",5,0.0635,256,2,0.03175,3.0107
"prep_cov.H",10,0.01214,256,2,0.00607,1.5943
"prep_cov.H",20,0.0017426,256,2,0.0008713,1.1051
"prep_cov.H",30,0,256,2,0,1
"prev.W",0,0.81155,256,2,0.40578,10.201
"prev.W",5,0.67796,256,2,0.33898,9.3328
"prev.W",10,0.55704,256,2,0.27852,8.4702
"prev.W",20,0.36793,256,2,0.18396,6.9085
"prev.W",30,0.29771,256,2,0.14885,6.2297
"incid_rate.W",0,0.32726,256,2,0.16363,6.524
"incid_rate.W",5,0.32779,256,2,0.1639,6.5291
"incid_rate.W",10,0.26487,256,2,0.13244,5.8854
"incid_rate.W",20,0.28192,256,2,0.14096,6.0666
"incid_rate.W",30,0.30036,256,2,0.15018,6.2567
"dx_frac.W",0,0.22635,256,2,0.11318,5.454
"dx_frac.W",5,0.14834,256,2,0.07417,4.4541
"dx_frac.W",10,0.14474,256,2,0.07237,4.4025
"dx_frac.W",20,0.15248,256,2,0.07624,4.5128
"dx_frac.W",30,0.08855,256,2,0.044275,3.4994
"supp_frac.W",0,0.089319,256,2,0.04466,3.5133
"supp_frac.W",5,0.0060853,256,2,0.0030426,1.3315
"supp_frac.W",10,0.0168,256,2,0.0084,1.7702
"supp_frac.W",20,0.08972,256,2,0.04486,3.5206
"supp_frac.W",30,0.0011148,256,2,0.0005574,1.0684
"prep_cov.W",0,0.033022,256,2,0.016511,2.279
"prep_cov.W",5,0.02847,256,2,0.014235,2.1484
"prep_cov.W",10,0.06093,256,2,0.030465,2.956
"prep_cov.W",20,0.07094,256,2,0.03547,3.1638
"prep_cov.W",30,0.04462,256,2,0.02231,2.582
"gono_prev",0,0.58493,256,2,0.29246,8.6768
"gono_prev",5,0.47107,256,2,0.23554,7.7991
"gono_prev",10,0.41287,256,2,0.20644,7.3099
"gono_prev",20,0.25298,256,2,0.12649,5.7557
"gono_prev",30,0.11376,256,2,0.05688,3.9303
"gono_ir",0,0.57787,256,2,0.28894,8.6249
"gono_ir",5,0.46875,256,2,0.23438,7.7802
"gono_ir",10,0.41221,256,2,0.2061,7.3042
"gono_ir",20,0.25143,256,2,0.12572,5.7386
"gono_ir",30,0.1053,256,2,0.05265,3.7912
"chla_prev",0,0.57644,256,2,0.28822,8.6144
"chla_prev",5,0.45746,256,2,0.22873,7.6875
"chla_prev",10,0.40538,256,2,0.20269,7.2445
"chla_prev",20,0.32803,256,2,0.16402,6.5314
"chla_prev",30,0.16997,256,2,0.084985,4.7525
"chla_ir",0,0.56959,256,2,0.2848,8.5638
"chla_ir",5,0.45859,256,2,0.2293,7.6968
"chla_ir",10,0.41078,256,2,0.20539,7.2917
"chla_ir",20,0.33101,256,2,0.1655,6.5604
"chla_ir",30,0.17054,256,2,0.08527,4.7601
"syph_prev",0,0.47385,256,2,0.23692,7.8217
"syph_prev",5,0.37865,256,2,0.18932,7.0063
"syph_prev",10,0.39819,256,2,0.1991,7.1812
"syph_prev",20,0.37362,256,2,0.18681,6.9606
"syph_prev",30,0.21101,256,2,0.1055,5.2724
"syph_ir",0,0.43046,256,2,0.21523,7.4611
"syph_ir",5,0.37298,256,2,0.18649,6.9547
"syph_ir",10,0.40667,256,2,0.20334,7.2558
"syph_ir",20,0.362,256,2,0.181,6.8538
"syph_ir",30,0.17601,256,2,0.088005,4.8325
"num",0,0.82206,256,2,0.41103,10.267
"num",5,0.70251,256,2,0.35126,9.4984
"num",10,0.59321,256,2,0.2966,8.7371
"num",20,0.39204,256,2,0.19602,7.1266
"num",30,0.19756,256,2,0.09878,5.1078
"prev",0,0.86335,256,4,0.21584,7.4425
"prev",5,0.76176,256,4,0.19044,6.9993
"prev",10,0.66451,256,4,0.16613,6.5471
"prev",20,0.46604,256,4,0.11651,5.51
"prev",30,0.31118,256,4,0.077795,4.5392
"incid_rate",0,0.47319,256,4,0.1183,5.5508
"incid_rate",5,0.42231,256,4,0.10558,5.2541
"incid_rate",10,0.32062,256,4,0.080155,4.6042
"incid_rate",20,0.24726,256,4,0.061815,4.0715
"incid_rate",30,0.17461,256,4,0.043652,3.4642
"dx_frac",0,0.41622,256,4,0.10406,5.2175
"dx_frac",5,0.36845,256,4,0.092112,4.9206
"dx_frac",10,0.29914,256,4,0.074785,4.4549
"dx_frac",20,0.1884,256,4,0.0471,3.5874
"dx_frac",30,0.22184,256,4,0.05546,3.8699
"supp_frac",0,0.12967,256,4,0.032418,3.0281
"supp_frac",5,0.037763,256,4,0.0094408,1.8382
"supp_frac",10,0.09552,256,4,0.02388,2.6491
"supp_frac",20,0.13309,256,4,0.033272,3.0634
"supp_frac",30,0.10985,256,4,0.027462,2.8143
"prep_cov",0,0.14218,256,4,0.035545,3.1555
"prep_cov",5,0.12234,256,4,0.030585,2.9508
"prep_cov",10,0.09796,256,4,0.02449,2.678
"prep_cov",20,0.04975,256,4,0.012438,2.0333
"prep_cov",30,0,256,4,0,1
"prev.B",0,0.84481,256,4,0.2112,7.3636
"prev.B",5,0.7404,256,4,0.1851,6.9026
"prev.B",10,0.64981,256,4,0.16245,6.476
"prev.B",20,0.46035,256,4,0.11509,5.4774
"prev.B",30,0.27413,256,4,0.068532,4.2744
"incid_rate.B",0,0.46353,256,4,0.11588,5.4957
"incid_rate.B",5,0.40809,256,4,0.10202,5.1681
"incid_rate.B",10,0.30855,256,4,0.077138,4.5209
"incid_rate.B",20,0.19107,256,4,0.047768,3.6107
"incid_rate.B",30,0.14398,256,4,0.035995,3.1734
"dx_frac.B",0,0.46068,256,4,0.11517,5.4793
"dx_frac.B",5,0.39589,256,4,0.098972,5.0932
"dx_frac.B",10,0.30918,256,4,0.077295,4.5253
"dx_frac.B",20,0.20158,256,4,0.050395,3.7013
"dx_frac.B",30,0.20514,256,4,0.051285,3.7315
"supp_frac.B",0,0.093055,256,4,0.023264,2.6196
"supp_frac.B",5,0.0068209,256,4,0.0017052,1.1957
"supp_frac.B",10,0,256,4,0,1
"supp_frac.B",20,0.03786,256,4,0.009465,1.8399
"supp_frac.B",30,0,256,4,0,1
"prep_cov.B",0,0.17027,256,4,0.042568,3.4245
"prep_cov.B",5,0.14566,256,4,0.036415,3.1901
"prep_cov.B",10,0.17376,256,4,0.04344,3.4564
"prep_cov.B",20,0.21006,256,4,0.052515,3.7728
"prep_cov.B",30,0.12725,256,4,0.031812,3.0028
"prev.H",0,0.72459,256,4,0.18115,6.83
"prev.H",5,0.56236,256,4,0.14059,6.0356
"prev.H",10,0.39073,256,4,0.097682,5.0612
"prev.H",20,0.11605,256,4,0.029012,2.8829
"prev.H",30,0.09157,256,4,0.022892,2.6017
"incid_rate.H",0,0.23531,256,4,0.058828,3.978
"incid_rate.H",5,0.14025,256,4,0.035062,3.1362
"incid_rate.H",10,0.048489,256,4,0.012122,2.0137
"incid_rate.H",20,0.08432,256,4,0.02108,2.5124
"incid_rate.H",30,0.06293,256,4,0.015732,2.2281
"dx_frac.H",0,0.22261,256,4,0.055652,3.8761
"dx_frac.H",5,0.10506,256,4,0.026265,2.7602
"dx_frac.H",10,0.057257,256,4,0.014314,2.1464
"dx_frac.H",20,0.142,256,4,0.0355,3.1537
"dx_frac.H",30,0.10454,256,4,0.026135,2.7543
"supp_frac.H",0,0.13452,256,4,0.03363,3.0781
"supp_frac.H",5,0.0036486,256,4,0.00091215,1.109
"supp_frac.H",10,0.00035532,256,4,8.883e-05,1.0111
"supp_frac.H",20,0.14481,256,4,0.036202,3.1817
"supp_frac.H",30,0.21459,256,4,0.053648,3.8104
"prep_cov.H",0,0.11292,256,4,0.02823,2.8485
"prep_cov.H",5,0.0635,256,4,0.015875,2.2362
"prep_cov.H",10,0.01214,256,4,0.003035,1.3285
"prep_cov.H",20,0.0017426,256,4,0.00043565,1.0535
"prep_cov.H",30,0,256,4,0,1
"prev.W",0,0.81155,256,4,0.20289,7.2199
"prev.W",5,0.67796,256,4,0.16949,6.6115
"prev.W",10,0.55704,256,4,0.13926,6.0078
"prev.W",20,0.36793,256,4,0.091982,4.9173
"prev.W",30,0.29771,256,4,0.074428,4.4447
"incid_rate.W",0,0.32726,256,4,0.081815,4.6494
"incid_rate.W",5,0.32779,256,4,0.081948,4.653
"incid_rate.W",10,0.26487,256,4,0.066218,4.2056
"incid_rate.W",20,0.28192,256,4,0.07048,4.3314
"incid_rate.W",30,0.30036,256,4,0.07509,4.4635
"dx_frac.W",0,0.22635,256,4,0.056588,3.9064
"dx_frac.W",5,0.14834,256,4,0.037085,3.2164
"dx_frac.W",10,0.14474,256,4,0.036185,3.181
"dx_frac.W",20,0.15248,256,4,0.03812,3.2567
"dx_frac.W",30,0.08855,256,4,0.022138,2.5649
"supp_frac.W",0,0.089319,256,4,0.02233,2.5743
"supp_frac.W",5,0.0060853,256,4,0.0015213,1.1762
"supp_frac.W",10,0.0168,256,4,0.0042,1.4347
"supp_frac.W",20,0.08972,256,4,0.02243,2.5792
"supp_frac.W",30,0.0011148,256,4,0.0002787,1.0345
"prep_cov.W",0,0.033022,256,4,0.0082555,1.7551
"prep_cov.W",5,0.02847,256,4,0.0071175,1.6714
"prep_cov.W",10,0.06093,256,4,0.015232,2.1997
"prep_cov.W",20,0.07094,256,4,0.017735,2.3386
"prep_cov.W",30,0.04462,256,4,0.011155,1.9522
"gono_prev",0,0.58493,256,4,0.14623,6.1523
"gono_prev",5,0.47107,256,4,0.11777,5.5387
"gono_prev",10,0.41287,256,4,0.10322,5.1972
"gono_prev",20,0.25298,256,4,0.063245,4.1155
"gono_prev",30,0.11376,256,4,0.02844,2.8578
"gono_ir",0,0.57787,256,4,0.14447,6.116
"gono_ir",5,0.46875,256,4,0.11719,5.5255
"gono_ir",10,0.41221,256,4,0.10305,5.1932
"gono_ir",20,0.25143,256,4,0.062858,4.1037
"gono_ir",30,0.1053,256,4,0.026325,2.763
"chla_prev",0,0.57644,256,4,0.14411,6.1087
"chla_prev",5,0.45746,256,4,0.11436,5.4608
"chla_prev",10,0.40538,256,4,0.10134,5.1516
"chla_prev",20,0.32803,256,4,0.082008,4.6547
"chla_prev",30,0.16997,256,4,0.042492,3.4217
"chla_ir",0,0.56959,256,4,0.1424,6.0732
"chla_ir",5,0.45859,256,4,0.11465,5.4673
"chla_ir",10,0.41078,256,4,0.1027,5.1845
"chla_ir",20,0.33101,256,4,0.082752,4.6748
"chla_ir",30,0.17054,256,4,0.042635,3.427
"syph_prev",0,0.47385,256,4,0.11846,5.5545
"syph_prev",5,0.37865,256,4,0.094662,4.9855
"syph_prev",10,0.39819,256,4,0.099548,5.1074
"syph_prev",20,0.37362,256,4,0.093405,4.9536
"syph_prev",30,0.21101,256,4,0.052752,3.7807
"syph_ir",0,0.43046,256,4,0.10762,5.3027
"syph_ir",5,0.37298,256,4,0.093245,4.9495
"syph_ir",10,0.40667,256,4,0.10167,5.1595
"syph_ir",20,0.362,256,4,0.0905,4.8791
"syph_ir",30,0.17601,256,4,0.044002,3.4769
"num",0,0.82206,256,4,0.20552,7.2657
"num",5,0.70251,256,4,0.17563,6.7274
"num",10,0.59321,256,4,0.1483,6.1945
"num",20,0.39204,256,4,0.09801,5.0694
"num",30,0.19756,256,4,0.04939,3.6669
"prev",0,0.86335,256,8,0.10792,5.2691
"prev",5,0.76176,256,8,0.09522,4.9613
"prev",10,0.66451,256,8,0.083064,4.6476
"prev",20,0.46604,256,8,0.058255,3.9303
"prev",30,0.31118,256,8,0.038898,3.2629
"incid_rate",0,0.47319,256,8,0.059149,3.9584
"incid_rate",5,0.42231,256,8,0.052789,3.7539
"incid_rate",10,0.32062,256,8,0.040078,3.3074
"incid_rate",20,0.24726,256,8,0.030908,2.9436
"incid_rate",30,0.17461,256,8,0.021826,2.5324
"dx_frac",0,0.41622,256,8,0.052028,3.7286
"dx_frac",5,0.36845,256,8,0.046056,3.5245
"dx_frac",10,0.29914,256,8,0.037392,3.2052
"dx_frac",20,0.1884,256,8,0.02355,2.6154
"dx_frac",30,0.22184,256,8,0.02773,2.8066
"supp_frac",0,0.12967,256,8,0.016209,2.2405
"supp_frac",5,0.037763,256,8,0.0047204,1.4733
"supp_frac",10,0.09552,256,8,0.01194,1.9903
"supp_frac",20,0.13309,256,8,0.016636,2.264
"supp_frac",30,0.10985,256,8,0.013731,2.0989
"prep_cov",0,0.14218,256,8,0.017772,2.3254
"prep_cov",5,0.12234,256,8,0.015292,2.1892
"prep_cov",10,0.09796,256,8,0.012245,2.0092
"prep_cov",20,0.04975,256,8,0.0062188,1.5944
"prep_cov",30,0,256,8,0,1
"prev.B",0,0.84481,256,8,0.1056,5.2143
"prev.B",5,0.7404,256,8,0.09255,4.8941
"prev.B",10,0.64981,256,8,0.081226,4.5983
"prev.B",20,0.46035,256,8,0.057544,3.9078
"prev.B",30,0.27413,256,8,0.034266,3.0819
"incid_rate.B",0,0.46353,256,8,0.057941,3.9204
"incid_rate.B",5,0.40809,256,8,0.051011,3.6947
"incid_rate.B",10,0.30855,256,8,0.038569,3.2504
"incid_rate.B",20,0.19107,256,8,0.023884,2.6312
"incid_rate.B",30,0.14398,256,8,0.017998,2.3374
"dx_frac.B",0,0.46068,256,8,0.057585,3.9091
"dx_frac.B",5,0.39589,256,8,0.049486,3.6432
"dx_frac.B",10,0.30918,256,8,0.038648,3.2534
"dx_frac.B",20,0.20158,256,8,0.025198,2.6924
"dx_frac.B",30,0.20514,256,8,0.025642,2.7128
"supp_frac.B",0,0.093055,256,8,0.011632,1.971
"supp_frac.B",5,0.0068209,256,8,0.00085261,1.1007
"supp_frac.B",10,0,256,8,0,1
"supp_frac.B",20,0.03786,256,8,0.0047325,1.4743
"supp_frac.B",30,0,256,8,0,1
"prep_cov.B",0,0.17027,256,8,0.021284,2.5057
"prep_cov.B",5,0.14566,256,8,0.018208,2.3485
"prep_cov.B",10,0.17376,256,8,0.02172,2.5272
"prep_cov.B",20,0.21006,256,8,0.026258,2.7408
"prep_cov.B",30,0.12725,256,8,0.015906,2.2237
"prev.H",0,0.72459,256,8,0.090574,4.8438
"prev.H",5,0.56236,256,8,0.070295,4.2934
"prev.H",10,0.39073,256,8,0.048841,3.6211
"prev.H",20,0.11605,256,8,0.014506,2.1442
"prev.H",30,0.09157,256,8,0.011446,1.9593
"incid_rate.H",0,0.23531,256,8,0.029414,2.88
"incid_rate.H",5,0.14025,256,8,0.017531,2.3125
"incid_rate.H",10,0.048489,256,8,0.0060611,1.5821
"incid_rate.H",20,0.08432,256,8,0.01054,1.901
"incid_rate.H",30,0.06293,256,8,0.0078662,1.7178
"dx_frac.H",0,0.22261,256,8,0.027826,2.8109
"dx_frac.H",5,0.10506,256,8,0.013132,2.0632
"dx_frac.H",10,0.057257,256,8,0.0071571,1.6658
"dx_frac.H",20,0.142,256,8,0.01775,2.3242
"dx_frac.H",30,0.10454,256,8,0.013068,2.0593
"supp_frac.H",0,0.13452,256,8,0.016815,2.2738
"supp_frac.H",5,0.0036486,256,8,0.00045608,1.055
"supp_frac.H",10,0.00035532,256,8,4.4415e-05,1.0055
"supp_frac.H",20,0.14481,256,8,0.018101,2.3429
"supp_frac.H",30,0.21459,256,8,0.026824,2.7663
"prep_cov.H",0,0.11292,256,8,0.014115,2.1214
"prep_cov.H",5,0.0635,256,8,0.0079375,1.7229
"prep_cov.H",10,0.01214,256,8,0.0015175,1.1732
"prep_cov.H",20,0.0017426,256,8,0.00021782,1.0267
"prep_cov.H",30,0,256,8,0,1
"prev.W",0,0.81155,256,8,0.10144,5.1145
"prev.W",5,0.67796,256,8,0.084745,4.6922
"prev.W",10,0.55704,256,8,0.06963,4.2741
"prev.W",20,0.36793,256,8,0.045991,3.5222
"prev.W",30,0.29771,256,8,0.037214,3.1983
"incid_rate.W",0,0.32726,256,8,0.040908,3.3384
"incid_rate.W",5,0.32779,256,8,0.040974,3.3409
"incid_rate.W",10,0.26487,256,8,0.033109,3.035
"incid_rate.W",20,0.28192,256,8,0.03524,3.1208
"incid_rate.W",30,0.30036,256,8,0.037545,3.2111
"dx_frac.W",0,0.22635,256,8,0.028294,2.8314
"dx_frac.W",5,0.14834,256,8,0.018542,2.3661
"dx_frac.W",10,0.14474,256,8,0.018092,2.3424
"dx_frac.W",20,0.15248,256,8,0.01906,2.3931
"dx_frac.W",30,0.08855,256,8,0.011069,1.9352
"supp_frac.W",0,0.089319,256,8,0.011165,1.9414
"supp_frac.W",5,0.0060853,256,8,0.00076066,1.0902
"supp_frac.W",10,0.0168,256,8,0.0021,1.2332
"supp_frac.W",20,0.08972,256,8,0.011215,1.9446
"supp_frac.W",30,0.0011148,256,8,0.00013935,1.0171
"prep_cov.W",0,0.033022,256,8,0.0041278,1.4226
"prep_cov.W",5,0.02847,256,8,0.0035588,1.3721
"prep_cov.W",10,0.06093,256,8,0.0076162,1.6997
"prep_cov.W",20,0.07094,256,8,0.0088675,1.7886
"prep_cov.W",30,0.04462,256,8,0.0055775,1.5438
"gono_prev",0,0.58493,256,8,0.073116,4.3741
"gono_prev",5,0.47107,256,8,0.058884,3.9501
"gono_prev",10,0.41287,256,8,0.051609,3.7147
"gono_prev",20,0.25298,256,8,0.031622,2.9736
"gono_prev",30,0.11376,256,8,0.01422,2.1276
"gono_ir",0,0.57787,256,8,0.072234,4.349
"gono_ir",5,0.46875,256,8,0.058594,3.941
"gono_ir",10,0.41221,256,8,0.051526,3.7119
"gono_ir",20,0.25143,256,8,0.031429,2.9655
"gono_ir",30,0.1053,256,8,0.013162,2.065
"chla_prev",0,0.57644,256,8,0.072055,4.3439
"chla_prev",5,0.45746,256,8,0.057182,3.8963
"chla_prev",10,0.40538,256,8,0.050672,3.6833
"chla_prev",20,0.32803,256,8,0.041004,3.342
"chla_prev",30,0.16997,256,8,0.021246,2.5038
"chla_ir",0,0.56959,256,8,0.071199,4.3194
"chla_ir",5,0.45859,256,8,0.057324,3.9008
"chla_ir",10,0.41078,256,8,0.051348,3.706
"chla_ir",20,0.33101,256,8,0.041376,3.3558
"chla_ir",30,0.17054,256,8,0.021318,2.5073
"syph_prev",0,0.47385,256,8,0.059231,3.961
"syph_prev",5,0.37865,256,8,0.047331,3.5691
"syph_prev",10,0.39819,256,8,0.049774,3.6529
"syph_prev",20,0.37362,256,8,0.046702,3.5471
"syph_prev",30,0.21101,256,8,0.026376,2.7461
"syph_ir",0,0.43046,256,8,0.053808,3.7874
"syph_ir",5,0.37298,256,8,0.046622,3.5443
"syph_ir",10,0.40667,256,8,0.050834,3.6887
"syph_ir",20,0.362,256,8,0.04525,3.496
"syph_ir",30,0.17601,256,8,0.022001,2.5409
"num",0,0.82206,256,8,0.10276,5.1462
"num",5,0.70251,256,8,0.087814,4.7726
"num",10,0.59321,256,8,0.074151,4.4034
"num",20,0.39204,256,8,0.049005,3.6267
"num",30,0.19756,256,8,0.024695,2.6691
"prev",0,0.86335,256,16,0.053959,3.735
"prev",5,0.76176,256,16,0.04761,3.5251
"prev",10,0.66451,256,16,0.041532,3.3117
"prev",20,0.46604,256,16,0.029128,2.8268
"prev",30,0.31118,256,16,0.019449,2.3807
"incid_rate",0,0.47319,256,16,0.029574,2.8457
"incid_rate",5,0.42231,256,16,0.026394,2.7083
"incid_rate",10,0.32062,256,16,0.020039,2.4102
"incid_rate",20,0.24726,256,16,0.015454,2.17
"incid_rate",30,0.17461,256,16,0.010913,1.9024
"dx_frac",0,0.41622,256,16,0.026014,2.6913
"dx_frac",5,0.36845,256,16,0.023028,2.5548
"dx_frac",10,0.29914,256,16,0.018696,2.3425
"dx_frac",20,0.1884,256,16,0.011775,1.956
"dx_frac",30,0.22184,256,16,0.013865,2.0803
"supp_frac",0,0.12967,256,16,0.0081044,1.7161
"supp_frac",5,0.037763,256,16,0.0023602,1.2516
"supp_frac",10,0.09552,256,16,0.00597,1.5597
"supp_frac",20,0.13309,256,16,0.0083181,1.731
"supp_frac",30,0.10985,256,16,0.0068656,1.6272
"prep_cov",0,0.14218,256,16,0.0088862,1.7699
"prep_cov",5,0.12234,256,16,0.0076462,1.6838
"prep_cov",10,0.09796,256,16,0.0061225,1.5714
"prep_cov",20,0.04975,256,16,0.0031094,1.3215
"prep_cov",30,0,256,16,0,1
"prev.B",0,0.84481,256,16,0.052801,3.6976
"prev.B",5,0.7404,256,16,0.046275,3.4794
"prev.B",10,0.64981,256,16,0.040613,3.2783
"prev.B",20,0.46035,256,16,0.028772,2.8116
"prev.B",30,0.27413,256,16,0.017133,2.261
"incid_rate.B",0,0.46353,256,16,0.028971,2.8201
"incid_rate.B",5,0.40809,256,16,0.025506,2.6686
"incid_rate.B",10,0.30855,256,16,0.019284,2.3724
"incid_rate.B",20,0.19107,256,16,0.011942,1.9662
"incid_rate.B",30,0.14398,256,16,0.0089988,1.7776
"dx_frac.B",0,0.46068,256,16,0.028792,2.8125
"dx_frac.B",5,0.39589,256,16,0.024743,2.6341
"dx_frac.B",10,0.30918,256,16,0.019324,2.3744
"dx_frac.B",20,0.20158,256,16,0.012599,2.0059
"dx_frac.B",30,0.20514,256,16,0.012821,2.0192
"supp_frac.B",0,0.093055,256,16,0.0058159,1.5478
"supp_frac.B",5,0.0068209,256,16,0.00042631,1.0499
"supp_frac.B",10,0,256,16,0,1
"supp_frac.B",20,0.03786,256,16,0.0023662,1.2522
"supp_frac.B",30,0,256,16,0,1
"prep_cov.B",0,0.17027,256,16,0.010642,1.8852
"prep_cov.B",5,0.14566,256,16,0.0091038,1.7846
"prep_cov.B",10,0.17376,256,16,0.01086,1.8991
"prep_cov.B",20,0.21006,256,16,0.013129,2.0374
"prep_cov.B",30,0.12725,256,16,0.0079531,1.7055
"prev.H",0,0.72459,256,16,0.045287,3.4451
"prev.H",5,0.56236,256,16,0.035148,3.0717
"prev.H",10,0.39073,256,16,0.024421,2.6193
"prev.H",20,0.11605,256,16,0.0072531,1.6555
"prev.H",30,0.09157,256,16,0.0057231,1.5406
"incid_rate.H",0,0.23531,256,16,0.014707,2.1283
"incid_rate.H",5,0.14025,256,16,0.0087656,1.7617
"incid_rate.H",10,0.048489,256,16,0.0030306,1.3143
"incid_rate.H",20,0.08432,256,16,0.00527,1.5049
"incid_rate.H",30,0.06293,256,16,0.0039331,1.3943
"dx_frac.H",0,0.22261,256,16,0.013913,2.0831
"dx_frac.H",5,0.10506,256,16,0.0065662,1.605
"dx_frac.H",10,0.057257,256,16,0.0035786,1.3634
"dx_frac.H",20,0.142,256,16,0.008875,1.7692
"dx_frac.H",30,0.10454,256,16,0.0065337,1.6025
"supp_frac.H",0,0.13452,256,16,0.0084075,1.7372
"supp_frac.H",5,0.0036486,256,16,0.00022804,1.027
"supp_frac.H",10,0.00035532,256,16,2.2208e-05,1.0027
"supp_frac.H",20,0.14481,256,16,0.0090506,1.7811
"supp_frac.H",30,0.21459,256,16,0.013412,2.054
"prep_cov.H",0,0.11292,256,16,0.0070575,1.6413
"prep_cov.H",5,0.0635,256,16,0.0039688,1.3973
"prep_cov.H",10,0.01214,256,16,0.00075875,1.0872
"prep_cov.H",20,0.0017426,256,16,0.00010891,1.013
"prep_cov.H",30,0,256,16,0,1
"prev.W",0,0.81155,256,16,0.050722,3.6295
"prev.W",5,0.67796,256,16,0.042372,3.3421
"prev.W",10,0.55704,256,16,0.034815,3.0587
"prev.W",20,0.36793,256,16,0.022996,2.5532
"prev.W",30,0.29771,256,16,0.018607,2.3379
"incid_rate.W",0,0.32726,256,16,0.020454,2.4308
"incid_rate.W",5,0.32779,256,16,0.020487,2.4325
"incid_rate.W",10,0.26487,256,16,0.016554,2.23
"incid_rate.W",20,0.28192,256,16,0.01762,2.2867
"incid_rate.W",30,0.30036,256,16,0.018772,2.3464
"dx_frac.W",0,0.22635,256,16,0.014147,2.0965
"dx_frac.W",5,0.14834,256,16,0.0092712,1.7959
"dx_frac.W",10,0.14474,256,16,0.0090462,1.7808
"dx_frac.W",20,0.15248,256,16,0.00953,1.8131
"dx_frac.W",30,0.08855,256,16,0.0055344,1.5259
"supp_frac.W",0,0.089319,256,16,0.0055824,1.5296
"supp_frac.W",5,0.0060853,256,16,0.00038033,1.0446
"supp_frac.W",10,0.0168,256,16,0.00105,1.1189
"supp_frac.W",20,0.08972,256,16,0.0056075,1.5316
"supp_frac.W",30,0.0011148,256,16,6.9675e-05,1.0083
"prep_cov.W",0,0.033022,256,16,0.0020639,1.2228
"prep_cov.W",5,0.02847,256,16,0.0017794,1.1946
"prep_cov.W",10,0.06093,256,16,0.0038081,1.3835
"prep_cov.W",20,0.07094,256,16,0.0044338,1.4367
"prep_cov.W",30,0.04462,256,16,0.0027888,1.292
"gono_prev",0,0.58493,256,16,0.036558,3.1263
"gono_prev",5,0.47107,256,16,0.029442,2.8401
"gono_prev",10,0.41287,256,16,0.025804,2.682
"gono_prev",20,0.25298,256,16,0.015811,2.1897
"gono_prev",30,0.11376,256,16,0.00711,1.6451
"gono_ir",0,0.57787,256,16,0.036117,3.1093
"gono_ir",5,0.46875,256,16,0.029297,2.8339
"gono_ir",10,0.41221,256,16,0.025763,2.6801
"gono_ir",20,0.25143,256,16,0.015714,2.1844
"gono_ir",30,0.1053,256,16,0.0065812,1.6061
"chla_prev",0,0.57644,256,16,0.036028,3.1059
"chla_prev",5,0.45746,256,16,0.028591,2.8039
"chla_prev",10,0.40538,256,16,0.025336,2.661
"chla_prev",20,0.32803,256,16,0.020502,2.4332
"chla_prev",30,0.16997,256,16,0.010623,1.884
"chla_ir",0,0.56959,256,16,0.035599,3.0893
"chla_ir",5,0.45859,256,16,0.028662,2.8069
"chla_ir",10,0.41078,256,16,0.025674,2.6761
"chla_ir",20,0.33101,256,16,0.020688,2.4424
"chla_ir",30,0.17054,256,16,0.010659,1.8863
"syph_prev",0,0.47385,256,16,0.029616,2.8474
"syph_prev",5,0.37865,256,16,0.023666,2.5845
"syph_prev",10,0.39819,256,16,0.024887,2.6406
"syph_prev",20,0.37362,256,16,0.023351,2.5699
"syph_prev",30,0.21101,256,16,0.013188,2.0409
"syph_ir",0,0.43046,256,16,0.026904,2.7307
"syph_ir",5,0.37298,256,16,0.023311,2.568
"syph_ir",10,0.40667,256,16,0.025417,2.6646
"syph_ir",20,0.362,256,16,0.022625,2.5357
"syph_ir",30,0.17601,256,16,0.011001,1.9079
"num",0,0.82206,256,16,0.051379,3.6512
"num",5,0.70251,256,16,0.043907,3.3967
"num",10,0.59321,256,16,0.037076,3.1461
"num",20,0.39204,256,16,0.024502,2.6231
"num",30,0.19756,256,16,0.012348,1.9908
"prev",0,0.86335,256,32,0.02698,2.6539
"prev",5,0.76176,256,32,0.023805,2.5164
"prev",10,0.66451,256,32,0.020766,2.3773
"prev",20,0.46604,256,32,0.014564,2.0645
"prev",30,0.31118,256,32,0.0097244,1.7828
"incid_rate",0,0.47319,256,32,0.014787,2.0766
"incid_rate",5,0.42231,256,32,0.013197,1.989
"incid_rate",10,0.32062,256,32,0.010019,1.8012
"incid_rate",20,0.24726,256,32,0.0077269,1.6525
"incid_rate",30,0.17461,256,32,0.0054566,1.4907
"dx_frac",0,0.41622,256,32,0.013007,1.9783
"dx_frac",5,0.36845,256,32,0.011514,1.8919
"dx_frac",10,0.29914,256,32,0.0093481,1.759
"dx_frac",20,0.1884,256,32,0.0058875,1.5228
"dx_frac",30,0.22184,256,32,0.0069325,1.5978
"supp_frac",0,0.12967,256,32,0.0040522,1.3812
"supp_frac",5,0.037763,256,32,0.0011801,1.1244
"supp_frac",10,0.09552,256,32,0.002985,1.2918
"supp_frac",20,0.13309,256,32,0.0041591,1.3898
"supp_frac",30,0.10985,256,32,0.0034328,1.33
"prep_cov",0,0.14218,256,32,0.0044431,1.4125
"prep_cov",5,0.12234,256,32,0.0038231,1.3625
"prep_cov",10,0.09796,256,32,0.0030612,1.2984
"prep_cov",20,0.04975,256,32,0.0015547,1.1611
"prep_cov",30,0,256,32,0,1
"prev.B",0,0.84481,256,32,0.0264,2.6294
"prev.B",5,0.7404,256,32,0.023138,2.4865
"prev.B",10,0.64981,256,32,0.020307,2.3556
"prev.B",20,0.46035,256,32,0.014386,2.0549
"prev.B",30,0.27413,256,32,0.0085666,1.7085
"incid_rate.B",0,0.46353,256,32,0.014485,2.0603
"incid_rate.B",5,0.40809,256,32,0.012753,1.9638
"incid_rate.B",10,0.30855,256,32,0.0096422,1.7776
"incid_rate.B",20,0.19107,256,32,0.0059709,1.5289
"incid_rate.B",30,0.14398,256,32,0.0044994,1.417
"dx_frac.B",0,0.46068,256,32,0.014396,2.0554
"dx_frac.B",5,0.39589,256,32,0.012372,1.942
"dx_frac.B",10,0.30918,256,32,0.0096619,1.7788
"dx_frac.B",20,0.20158,256,32,0.0062994,1.5528
"dx_frac.B",30,0.20514,256,32,0.0064106,1.5608
"supp_frac.B",0,0.093055,256,32,0.002908,1.2851
"supp_frac.B",5,0.0068209,256,32,0.00021315,1.0236
"supp_frac.B",10,0,256,32,0,1
"supp_frac.B",20,0.03786,256,32,0.0011831,1.1247
"supp_frac.B",30,0,256,32,0,1
"prep_cov.B",0,0.17027,256,32,0.0053209,1.4805
"prep_cov.B",5,0.14566,256,32,0.0045519,1.4211
"prep_cov.B",10,0.17376,256,32,0.00543,1.4887
"prep_cov.B",20,0.21006,256,32,0.0065644,1.5718
"prep_cov.B",30,0.12725,256,32,0.0039766,1.375
"prev.H",0,0.72459,256,32,0.022643,2.4642
"prev.H",5,0.56236,256,32,0.017574,2.2218
"prev.H",10,0.39073,256,32,0.01221,1.9326
"prev.H",20,0.11605,256,32,0.0036266,1.3462
"prev.H",30,0.09157,256,32,0.0028616,1.281
"incid_rate.H",0,0.23531,256,32,0.0073534,1.627
"incid_rate.H",5,0.14025,256,32,0.0043828,1.4077
"incid_rate.H",10,0.048489,256,32,0.0015153,1.1573
"incid_rate.H",20,0.08432,256,32,0.002635,1.261
"incid_rate.H",30,0.06293,256,32,0.0019666,1.2002
"dx_frac.H",0,0.22261,256,32,0.0069566,1.5995
"dx_frac.H",5,0.10506,256,32,0.0032831,1.3174
"dx_frac.H",10,0.057257,256,32,0.0017893,1.1836
"dx_frac.H",20,0.142,256,32,0.0044375,1.4121
"dx_frac.H",30,0.10454,256,32,0.0032669,1.316
"supp_frac.H",0,0.13452,256,32,0.0042038,1.3934
"supp_frac.H",5,0.0036486,256,32,0.00011402,1.0127
"supp_frac.H",10,0.00035532,256,32,1.1104e-05,1.0012
"supp_frac.H",20,0.14481,256,32,0.0045253,1.419
"supp_frac.H",30,0.21459,256,32,0.0067059,1.5818
"prep_cov.H",0,0.11292,256,32,0.0035288,1.3381
"prep_cov.H",5,0.0635,256,32,0.0019844,1.2019
"prep_cov.H",10,0.01214,256,32,0.00037938,1.0416
"prep_cov.H",20,0.0017426,256,32,5.4456e-05,1.0061
"prep_cov.H",30,0,256,32,0,1
"prev.W",0,0.81155,256,32,0.025361,2.5847
"prev.W",5,0.67796,256,32,0.021186,2.397
"prev.W",10,0.55704,256,32,0.017408,2.2134
"prev.W",20,0.36793,256,32,0.011498,1.8909
"prev.W",30,0.29771,256,32,0.0093034,1.7561
"incid_rate.W",0,0.32726,256,32,0.010227,1.8141
"incid_rate.W",5,0.32779,256,32,0.010243,1.8151
"incid_rate.W",10,0.26487,256,32,0.0082772,1.6894
"incid_rate.W",20,0.28192,256,32,0.00881,1.7244
"incid_rate.W",30,0.30036,256,32,0.0093862,1.7614
"dx_frac.W",0,0.22635,256,32,0.0070734,1.6076
"dx_frac.W",5,0.14834,256,32,0.0046356,1.4277
"dx_frac.W",10,0.14474,256,32,0.0045231,1.4189
"dx_frac.W",20,0.15248,256,32,0.004765,1.4378
"dx_frac.W",30,0.08855,256,32,0.0027672,1.2727
"supp_frac.W",0,0.089319,256,32,0.0027912,1.2748
"supp_frac.W",5,0.0060853,256,32,0.00019017,1.0211
"supp_frac.W",10,0.0168,256,32,0.000525,1.0572
"supp_frac.W",20,0.08972,256,32,0.0028038,1.2759
"supp_frac.W",30,0.0011148,256,32,3.4838e-05,1.0039
"prep_cov.W",0,0.033022,256,32,0.0010319,1.1096
"prep_cov.W",5,0.02847,256,32,0.00088969,1.0951
"prep_cov.W",10,0.06093,256,32,0.0019041,1.1944
"prep_cov.W",20,0.07094,256,32,0.0022169,1.2233
"prep_cov.W",30,0.04462,256,32,0.0013944,1.1456
"gono_prev",0,0.58493,256,32,0.018279,2.2571
"gono_prev",5,0.47107,256,32,0.014721,2.073
"gono_prev",10,0.41287,256,32,0.012902,1.9723
"gono_prev",20,0.25298,256,32,0.0079056,1.6646
"gono_prev",30,0.11376,256,32,0.003555,1.3403
"gono_ir",0,0.57787,256,32,0.018058,2.2461
"gono_ir",5,0.46875,256,32,0.014648,2.0691
"gono_ir",10,0.41221,256,32,0.012882,1.9712
"gono_ir",20,0.25143,256,32,0.0078572,1.6613
"gono_ir",30,0.1053,256,32,0.0032906,1.318
"chla_prev",0,0.57644,256,32,0.018014,2.2439
"chla_prev",5,0.45746,256,32,0.014296,2.0499
"chla_prev",10,0.40538,256,32,0.012668,1.959
"chla_prev",20,0.32803,256,32,0.010251,1.8155
"chla_prev",30,0.16997,256,32,0.0053116,1.4798
"chla_ir",0,0.56959,256,32,0.0178,2.2332
"chla_ir",5,0.45859,256,32,0.014331,2.0519
"chla_ir",10,0.41078,256,32,0.012837,1.9686
"chla_ir",20,0.33101,256,32,0.010344,1.8213
"chla_ir",30,0.17054,256,32,0.0053294,1.4811
"syph_prev",0,0.47385,256,32,0.014808,2.0777
"syph_prev",5,0.37865,256,32,0.011833,1.9106
"syph_prev",10,0.39819,256,32,0.012443,1.9461
"syph_prev",20,0.37362,256,32,0.011676,1.9014
"syph_prev",30,0.21101,256,32,0.0065941,1.5739
"syph_ir",0,0.43046,256,32,0.013452,2.0033
"syph_ir",5,0.37298,256,32,0.011656,1.9002
"syph_ir",10,0.40667,256,32,0.012708,1.9613
"syph_ir",20,0.362,256,32,0.011312,1.8799
"syph_ir",30,0.17601,256,32,0.0055003,1.494
"num",0,0.82206,256,32,0.025689,2.5989
"num",5,0.70251,256,32,0.021953,2.4326
"num",10,0.59321,256,32,0.018538,2.2699
"num",20,0.39204,256,32,0.012251,1.935
"num",30,0.19756,256,32,0.0061738,1.5437
"prev",0,0.86335,256,64,0.01349,1.8947
"prev",5,0.76176,256,64,0.011902,1.8125
"prev",10,0.66451,256,64,0.010383,1.7302
"prev",20,0.46604,256,64,0.0072819,1.5486
"prev",30,0.31118,256,64,0.0048622,1.3905
"incid_rate",0,0.47319,256,64,0.0073936,1.5555
"incid_rate",5,0.42231,256,64,0.0065986,1.5056
"incid_rate",10,0.32062,256,64,0.0050097,1.4007
"incid_rate",20,0.24726,256,64,0.0038634,1.3198
"incid_rate",30,0.17461,256,64,0.0027283,1.2344
"dx_frac",0,0.41622,256,64,0.0065034,1.4996
"dx_frac",5,0.36845,256,64,0.005757,1.451
"dx_frac",10,0.29914,256,64,0.0046741,1.3775
"dx_frac",20,0.1884,256,64,0.0029438,1.2511
"dx_frac",30,0.22184,256,64,0.0034662,1.2906
"supp_frac",0,0.12967,256,64,0.0020261,1.1786
"supp_frac",5,0.037763,256,64,0.00059005,1.0551
"supp_frac",10,0.09552,256,64,0.0014925,1.1343
"supp_frac",20,0.13309,256,64,0.0020795,1.1829
"supp_frac",30,0.10985,256,64,0.0017164,1.1531
"prep_cov",0,0.14218,256,64,0.0022216,1.1944
"prep_cov",5,0.12234,256,64,0.0019116,1.1692
"prep_cov",10,0.09796,256,64,0.0015306,1.1375
"prep_cov",20,0.04975,256,64,0.00077734,1.072
"prep_cov",30,0,256,64,0,1
"prev.B",0,0.84481,256,64,0.0132,1.88
"prev.B",5,0.7404,256,64,0.011569,1.7948
"prev.B",10,0.64981,256,64,0.010153,1.7174
"prev.B",20,0.46035,256,64,0.007193,1.5431
"prev.B",30,0.27413,256,64,0.0042833,1.35
"incid_rate.B",0,0.46353,256,64,0.0072427,1.5462
"incid_rate.B",5,0.40809,256,64,0.0063764,1.4914
"incid_rate.B",10,0.30855,256,64,0.0048211,1.3877
"incid_rate.B",20,0.19107,256,64,0.0029855,1.2543
"incid_rate.B",30,0.14398,256,64,0.0022497,1.1966
"dx_frac.B",0,0.46068,256,64,0.0071981,1.5434
"dx_frac.B",5,0.39589,256,64,0.0061858,1.4791
"dx_frac.B",10,0.30918,256,64,0.0048309,1.3884
"dx_frac.B",20,0.20158,256,64,0.0031497,1.2668
"dx_frac.B",30,0.20514,256,64,0.0032053,1.271
"supp_frac.B",0,0.093055,256,64,0.001454,1.131
"supp_frac.B",5,0.0068209,256,64,0.00010658,1.0102
"supp_frac.B",10,0,256,64,0,1
"supp_frac.B",20,0.03786,256,64,0.00059156,1.0553
"supp_frac.B",30,0,256,64,0,1
"prep_cov.B",0,0.17027,256,64,0.0026605,1.2292
"prep_cov.B",5,0.14566,256,64,0.0022759,1.1987
"prep_cov.B",10,0.17376,256,64,0.002715,1.2334
"prep_cov.B",20,0.21006,256,64,0.0032822,1.2768
"prep_cov.B",30,0.12725,256,64,0.0019883,1.1755
"prev.H",0,0.72459,256,64,0.011322,1.7815
"prev.H",5,0.56236,256,64,0.0087869,1.6392
"prev.H",10,0.39073,256,64,0.0061052,1.4738
"prev.H",20,0.11605,256,64,0.0018133,1.1611
"prev.H",30,0.09157,256,64,0.0014308,1.129
"incid_rate.H",0,0.23531,256,64,0.0036767,1.3061
"incid_rate.H",5,0.14025,256,64,0.0021914,1.192
"incid_rate.H",10,0.048489,256,64,0.00075764,1.0703
"incid_rate.H",20,0.08432,256,64,0.0013175,1.1194
"incid_rate.H",30,0.06293,256,64,0.00098328,1.0903
"dx_frac.H",0,0.22261,256,64,0.0034783,1.2914
"dx_frac.H",5,0.10506,256,64,0.0016416,1.1468
"dx_frac.H",10,0.057257,256,64,0.00089464,1.0825
"dx_frac.H",20,0.142,256,64,0.0022187,1.1942
"dx_frac.H",30,0.10454,256,64,0.0016334,1.1461
"supp_frac.H",0,0.13452,256,64,0.0021019,1.1847
"supp_frac.H",5,0.0036486,256,64,5.7009e-05,1.0055
"supp_frac.H",10,0.00035532,256,64,5.5519e-06,1.0005
"supp_frac.H",20,0.14481,256,64,0.0022627,1.1977
"supp_frac.H",30,0.21459,256,64,0.003353,1.2821
"prep_cov.H",0,0.11292,256,64,0.0017644,1.157
"prep_cov.H",5,0.0635,256,64,0.00099219,1.0911
"prep_cov.H",10,0.01214,256,64,0.00018969,1.018
"prep_cov.H",20,0.0017426,256,64,2.7228e-05,1.0026
"prep_cov.H",30,0,256,64,0,1
"prev.W",0,0.81155,256,64,0.01268,1.8533
"prev.W",5,0.67796,256,64,0.010593,1.7418
"prev.W",10,0.55704,256,64,0.0087038,1.6344
"prev.W",20,0.36793,256,64,0.0057489,1.4504
"prev.W",30,0.29771,256,64,0.0046517,1.3759
"incid_rate.W",0,0.32726,256,64,0.0051134,1.4078
"incid_rate.W",5,0.32779,256,64,0.0051217,1.4083
"incid_rate.W",10,0.26487,256,64,0.0041386,1.3396
"incid_rate.W",20,0.28192,256,64,0.004405,1.3586
"incid_rate.W",30,0.30036,256,64,0.0046931,1.3788
"dx_frac.W",0,0.22635,256,64,0.0035367,1.2958
"dx_frac.W",5,0.14834,256,64,0.0023178,1.2021
"dx_frac.W",10,0.14474,256,64,0.0022616,1.1976
"dx_frac.W",20,0.15248,256,64,0.0023825,1.2072
"dx_frac.W",30,0.08855,256,64,0.0013836,1.125
"supp_frac.W",0,0.089319,256,64,0.0013956,1.126
"supp_frac.W",5,0.0060853,256,64,9.5083e-05,1.0091
"supp_frac.W",10,0.0168,256,64,0.0002625,1.0249
"supp_frac.W",20,0.08972,256,64,0.0014019,1.1266
"supp_frac.W",30,0.0011148,256,64,1.7419e-05,1.0017
"prep_cov.W",0,0.033022,256,64,0.00051597,1.0484
"prep_cov.W",5,0.02847,256,64,0.00044484,1.0418
"prep_cov.W",10,0.06093,256,64,0.00095203,1.0876
"prep_cov.W",20,0.07094,256,64,0.0011084,1.1013
"prep_cov.W",30,0.04462,256,64,0.00069719,1.0648
"gono_prev",0,0.58493,256,64,0.0091395,1.6598
"gono_prev",5,0.47107,256,64,0.0073605,1.5535
"gono_prev",10,0.41287,256,64,0.0064511,1.4962
"gono_prev",20,0.25298,256,64,0.0039528,1.3263
"gono_prev",30,0.11376,256,64,0.0017775,1.1581
"gono_ir",0,0.57787,256,64,0.0090292,1.6534
"gono_ir",5,0.46875,256,64,0.0073242,1.5512
"gono_ir",10,0.41221,256,64,0.0064408,1.4955
"gono_ir",20,0.25143,256,64,0.0039286,1.3245
"gono_ir",30,0.1053,256,64,0.0016453,1.1471
"chla_prev",0,0.57644,256,64,0.0090069,1.6521
"chla_prev",5,0.45746,256,64,0.0071478,1.5403
"chla_prev",10,0.40538,256,64,0.0063341,1.4887
"chla_prev",20,0.32803,256,64,0.0051255,1.4086
"chla_prev",30,0.16997,256,64,0.0026558,1.2288
"chla_ir",0,0.56959,256,64,0.0088998,1.6458
"chla_ir",5,0.45859,256,64,0.0071655,1.5414
"chla_ir",10,0.41078,256,64,0.0064184,1.4941
"chla_ir",20,0.33101,256,64,0.005172,1.4117
"chla_ir",30,0.17054,256,64,0.0026647,1.2295
"syph_prev",0,0.47385,256,64,0.0074039,1.5561
"syph_prev",5,0.37865,256,64,0.0059164,1.4615
"syph_prev",10,0.39819,256,64,0.0062217,1.4814
"syph_prev",20,0.37362,256,64,0.0058378,1.4563
"syph_prev",30,0.21101,256,64,0.003297,1.2779
"syph_ir",0,0.43046,256,64,0.0067259,1.5137
"syph_ir",5,0.37298,256,64,0.0058278,1.4557
"syph_ir",10,0.40667,256,64,0.0063542,1.49
"syph_ir",20,0.362,256,64,0.0056562,1.4443
"syph_ir",30,0.17601,256,64,0.0027502,1.2361
"num",0,0.82206,256,64,0.012845,1.8618
"num",5,0.70251,256,64,0.010977,1.7628
"num",10,0.59321,256,64,0.0092689,1.6672
"num",20,0.39204,256,64,0.0061256,1.4752
"num",30,0.19756,256,64,0.0030869,1.262
"prev",0,0.86335,256,128,0.0067449,1.365
"prev",5,0.76176,256,128,0.0059512,1.3273
"prev",10,0.66451,256,128,0.0051915,1.2902
"prev",20,0.46604,256,128,0.0036409,1.2108
"prev",30,0.31118,256,128,0.0024311,1.1451
"incid_rate",0,0.47319,256,128,0.0036968,1.2138
"incid_rate",5,0.42231,256,128,0.0032993,1.1926
"incid_rate",10,0.32062,256,128,0.0025048,1.1492
"incid_rate",20,0.24726,256,128,0.0019317,1.1168
"incid_rate",30,0.17461,256,128,0.0013641,1.0838
"dx_frac",0,0.41622,256,128,0.0032517,1.1901
"dx_frac",5,0.36845,256,128,0.0028785,1.1698
"dx_frac",10,0.29914,256,128,0.002337,1.1398
"dx_frac",20,0.1884,256,128,0.0014719,1.0901
"dx_frac",30,0.22184,256,128,0.0017331,1.1054
"supp_frac",0,0.12967,256,128,0.001013,1.0629
"supp_frac",5,0.037763,256,128,0.00029502,1.0187
"supp_frac",10,0.09552,256,128,0.00074625,1.0467
"supp_frac",20,0.13309,256,128,0.0010398,1.0645
"supp_frac",30,0.10985,256,128,0.0008582,1.0535
"prep_cov",0,0.14218,256,128,0.0011108,1.0687
"prep_cov",5,0.12234,256,128,0.00095578,1.0594
"prep_cov",10,0.09796,256,128,0.00076531,1.0478
"prep_cov",20,0.04975,256,128,0.00038867,1.0246
"prep_cov",30,0,256,128,0,1
"prev.B",0,0.84481,256,128,0.0066001,1.3582
"prev.B",5,0.7404,256,128,0.0057844,1.3192
"prev.B",10,0.64981,256,128,0.0050766,1.2844
"prev.B",20,0.46035,256,128,0.0035965,1.2084
"prev.B",30,0.27413,256,128,0.0021416,1.1288
"incid_rate.B",0,0.46353,256,128,0.0036213,1.2098
"incid_rate.B",5,0.40809,256,128,0.0031882,1.1866
"incid_rate.B",10,0.30855,256,128,0.0024105,1.1439
"incid_rate.B",20,0.19107,256,128,0.0014927,1.0914
"incid_rate.B",30,0.14398,256,128,0.0011248,1.0696
"dx_frac.B",0,0.46068,256,128,0.0035991,1.2086
"dx_frac.B",5,0.39589,256,128,0.0030929,1.1815
"dx_frac.B",10,0.30918,256,128,0.0024155,1.1442
"dx_frac.B",20,0.20158,256,128,0.0015748,1.0962
"dx_frac.B",30,0.20514,256,128,0.0016027,1.0978
"supp_frac.B",0,0.093055,256,128,0.00072699,1.0455
"supp_frac.B",5,0.0068209,256,128,5.3288e-05,1.0034
"supp_frac.B",10,0,256,128,0,1
"supp_frac.B",20,0.03786,256,128,0.00029578,1.0188
"supp_frac.B",30,0,256,128,0,1
"prep_cov.B",0,0.17027,256,128,0.0013302,1.0818
"prep_cov.B",5,0.14566,256,128,0.001138,1.0704
"prep_cov.B",10,0.17376,256,128,0.0013575,1.0834
"prep_cov.B",20,0.21006,256,128,0.0016411,1.1
"prep_cov.B",30,0.12725,256,128,0.00099414,1.0617
"prev.H",0,0.72459,256,128,0.0056609,1.3132
"prev.H",5,0.56236,256,128,0.0043934,1.2499
"prev.H",10,0.39073,256,128,0.0030526,1.1793
"prev.H",20,0.11605,256,128,0.00090664,1.0564
"prev.H",30,0.09157,256,128,0.00071539,1.0448
"incid_rate.H",0,0.23531,256,128,0.0018384,1.1114
"incid_rate.H",5,0.14025,256,128,0.0010957,1.0678
"incid_rate.H",10,0.048489,256,128,0.00037882,1.024
"incid_rate.H",20,0.08432,256,128,0.00065875,1.0413
"incid_rate.H",30,0.06293,256,128,0.00049164,1.031
"dx_frac.H",0,0.22261,256,128,0.0017391,1.1057
"dx_frac.H",5,0.10506,256,128,0.00082078,1.0512
"dx_frac.H",10,0.057257,256,128,0.00044732,1.0282
"dx_frac.H",20,0.142,256,128,0.0011094,1.0686
"dx_frac.H",30,0.10454,256,128,0.00081672,1.051
"supp_frac.H",0,0.13452,256,128,0.0010509,1.0651
"supp_frac.H",5,0.0036486,256,128,2.8505e-05,1.0018
"supp_frac.H",10,0.00035532,256,128,2.7759e-06,1.0002
"supp_frac.H",20,0.14481,256,128,0.0011313,1.07
"supp_frac.H",30,0.21459,256,128,0.0016765,1.1021
"prep_cov.H",0,0.11292,256,128,0.00088219,1.055
"prep_cov.H",5,0.0635,256,128,0.00049609,1.0313
"prep_cov.H",10,0.01214,256,128,9.4844e-05,1.0061
"prep_cov.H",20,0.0017426,256,128,1.3614e-05,1.0009
"prep_cov.H",30,0,256,128,0,1
"prev.W",0,0.81155,256,128,0.0063402,1.3459
"prev.W",5,0.67796,256,128,0.0052966,1.2954
"prev.W",10,0.55704,256,128,0.0043519,1.2478
"prev.W",20,0.36793,256,128,0.0028745,1.1696
"prev.W",30,0.29771,256,128,0.0023259,1.1392
"incid_rate.W",0,0.32726,256,128,0.0025567,1.1521
"incid_rate.W",5,0.32779,256,128,0.0025609,1.1523
"incid_rate.W",10,0.26487,256,128,0.0020693,1.1247
"incid_rate.W",20,0.28192,256,128,0.0022025,1.1322
"incid_rate.W",30,0.30036,256,128,0.0023466,1.1403
"dx_frac.W",0,0.22635,256,128,0.0017684,1.1074
"dx_frac.W",5,0.14834,256,128,0.0011589,1.0716
"dx_frac.W",10,0.14474,256,128,0.0011308,1.0699
"dx_frac.W",20,0.15248,256,128,0.0011912,1.0735
"dx_frac.W",30,0.08855,256,128,0.0006918,1.0433
"supp_frac.W",0,0.089319,256,128,0.0006978,1.0437
"supp_frac.W",5,0.0060853,256,128,4.7541e-05,1.003
"supp_frac.W",10,0.0168,256,128,0.00013125,1.0084
"supp_frac.W",20,0.08972,256,128,0.00070094,1.0439
"supp_frac.W",30,0.0011148,256,128,8.7094e-06,1.0006
"prep_cov.W",0,0.033022,256,128,0.00025798,1.0164
"prep_cov.W",5,0.02847,256,128,0.00022242,1.0141
"prep_cov.W",10,0.06093,256,128,0.00047602,1.03
"prep_cov.W",20,0.07094,256,128,0.00055422,1.0349
"prep_cov.W",30,0.04462,256,128,0.00034859,1.0221
"gono_prev",0,0.58493,256,128,0.0045698,1.2589
"gono_prev",5,0.47107,256,128,0.0036802,1.2129
"gono_prev",10,0.41287,256,128,0.0032255,1.1886
"gono_prev",20,0.25298,256,128,0.0019764,1.1194
"gono_prev",30,0.11376,256,128,0.00088875,1.0553
"gono_ir",0,0.57787,256,128,0.0045146,1.2561
"gono_ir",5,0.46875,256,128,0.0036621,1.2119
"gono_ir",10,0.41221,256,128,0.0032204,1.1884
"gono_ir",20,0.25143,256,128,0.0019643,1.1187
"gono_ir",30,0.1053,256,128,0.00082266,1.0513
"chla_prev",0,0.57644,256,128,0.0045034,1.2556
"chla_prev",5,0.45746,256,128,0.0035739,1.2073
"chla_prev",10,0.40538,256,128,0.003167,1.1855
"chla_prev",20,0.32803,256,128,0.0025627,1.1524
"chla_prev",30,0.16997,256,128,0.0013279,1.0817
"chla_ir",0,0.56959,256,128,0.0044499,1.2528
"chla_ir",5,0.45859,256,128,0.0035827,1.2077
"chla_ir",10,0.41078,256,128,0.0032092,1.1878
"chla_ir",20,0.33101,256,128,0.002586,1.1537
"chla_ir",30,0.17054,256,128,0.0013323,1.0819
"syph_prev",0,0.47385,256,128,0.003702,1.214
"syph_prev",5,0.37865,256,128,0.0029582,1.1742
"syph_prev",10,0.39819,256,128,0.0031109,1.1825
"syph_prev",20,0.37362,256,128,0.0029189,1.172
"syph_prev",30,0.21101,256,128,0.0016485,1.1005
"syph_ir",0,0.43046,256,128,0.003363,1.196
"syph_ir",5,0.37298,256,128,0.0029139,1.1717
"syph_ir",10,0.40667,256,128,0.0031771,1.186
"syph_ir",20,0.362,256,128,0.0028281,1.167
"syph_ir",30,0.17601,256,128,0.0013751,1.0844
"num",0,0.82206,256,128,0.0064223,1.3498
"num",5,0.70251,256,128,0.0054884,1.3048
"num",10,0.59321,256,128,0.0046345,1.2622
"num",20,0.39204,256,128,0.0030628,1.1798
"num",30,0.19756,256,128,0.0015434,1.0943
"prev",0,0.86335,256,256,0.0033725,1
"prev",5,0.76176,256,256,0.0029756,1
"prev",10,0.66451,256,256,0.0025957,1
"prev",20,0.46604,256,256,0.0018205,1
"prev",30,0.31118,256,256,0.0012155,1
"incid_rate",0,0.47319,256,256,0.0018484,1
"incid_rate",5,0.42231,256,256,0.0016496,1
"incid_rate",10,0.32062,256,256,0.0012524,1
"incid_rate",20,0.24726,256,256,0.00096586,1
"incid_rate",30,0.17461,256,256,0.00068207,1
"dx_frac",0,0.41622,256,256,0.0016259,1
"dx_frac",5,0.36845,256,256,0.0014393,1
"dx_frac",10,0.29914,256,256,0.0011685,1
"dx_frac",20,0.1884,256,256,0.00073594,1
"dx_frac",30,0.22184,256,256,0.00086656,1
"supp_frac",0,0.12967,256,256,0.00050652,1
"supp_frac",5,0.037763,256,256,0.00014751,1
"supp_frac",10,0.09552,256,256,0.00037312,1
"supp_frac",20,0.13309,256,256,0.00051988,1
"supp_frac",30,0.10985,256,256,0.0004291,1
"prep_cov",0,0.14218,256,256,0.00055539,1
"prep_cov",5,0.12234,256,256,0.00047789,1
"prep_cov",10,0.09796,256,256,0.00038266,1
"prep_cov",20,0.04975,256,256,0.00019434,1
"prep_cov",30,0,256,256,0,1
"prev.B",0,0.84481,256,256,0.0033,1
"prev.B",5,0.7404,256,256,0.0028922,1
"prev.B",10,0.64981,256,256,0.0025383,1
"prev.B",20,0.46035,256,256,0.0017982,1
"prev.B",30,0.27413,256,256,0.0010708,1
"incid_rate.B",0,0.46353,256,256,0.0018107,1
"incid_rate.B",5,0.40809,256,256,0.0015941,1
"incid_rate.B",10,0.30855,256,256,0.0012053,1
"incid_rate.B",20,0.19107,256,256,0.00074637,1
"incid_rate.B",30,0.14398,256,256,0.00056242,1
"dx_frac.B",0,0.46068,256,256,0.0017995,1
"dx_frac.B",5,0.39589,256,256,0.0015464,1
"dx_frac.B",10,0.30918,256,256,0.0012077,1
"dx_frac.B",20,0.20158,256,256,0.00078742,1
"dx_frac.B",30,0.20514,256,256,0.00080133,1
"supp_frac.B",0,0.093055,256,256,0.0003635,1
"supp_frac.B",5,0.0068209,256,256,2.6644e-05,1
"supp_frac.B",10,0,256,256,0,1
"supp_frac.B",20,0.03786,256,256,0.00014789,1
"supp_frac.B",30,0,256,256,0,1
"prep_cov.B",0,0.17027,256,256,0.00066512,1
"prep_cov.B",5,0.14566,256,256,0.00056898,1
"prep_cov.B",10,0.17376,256,256,0.00067875,1
"prep_cov.B",20,0.21006,256,256,0.00082055,1
"prep_cov.B",30,0.12725,256,256,0.00049707,1
"prev.H",0,0.72459,256,256,0.0028304,1
"prev.H",5,0.56236,256,256,0.0021967,1
"prev.H",10,0.39073,256,256,0.0015263,1
"prev.H",20,0.11605,256,256,0.00045332,1
"prev.H",30,0.09157,256,256,0.0003577,1
"incid_rate.H",0,0.23531,256,256,0.00091918,1
"incid_rate.H",5,0.14025,256,256,0.00054785,1
"incid_rate.H",10,0.048489,256,256,0.00018941,1
"incid_rate.H",20,0.08432,256,256,0.00032938,1
"incid_rate.H",30,0.06293,256,256,0.00024582,1
"dx_frac.H",0,0.22261,256,256,0.00086957,1
"dx_frac.H",5,0.10506,256,256,0.00041039,1
"dx_frac.H",10,0.057257,256,256,0.00022366,1
"dx_frac.H",20,0.142,256,256,0.00055469,1
"dx_frac.H",30,0.10454,256,256,0.00040836,1
"supp_frac.H",0,0.13452,256,256,0.00052547,1
"supp_frac.H",5,0.0036486,256,256,1.4252e-05,1
"supp_frac.H",10,0.00035532,256,256,1.388e-06,1
"supp_frac.H",20,0.14481,256,256,0.00056566,1
"supp_frac.H",30,0.21459,256,256,0.00083824,1
"prep_cov.H",0,0.11292,256,256,0.00044109,1
"prep_cov.H",5,0.0635,256,256,0.00024805,1
"prep_cov.H",10,0.01214,256,256,4.7422e-05,1
"prep_cov.H",20,0.0017426,256,256,6.807e-06,1
"prep_cov.H",30,0,256,256,0,1
"prev.W",0,0.81155,256,256,0.0031701,1
"prev.W",5,0.67796,256,256,0.0026483,1
"prev.W",10,0.55704,256,256,0.0021759,1
"prev.W",20,0.36793,256,256,0.0014372,1
"prev.W",30,0.29771,256,256,0.0011629,1
"incid_rate.W",0,0.32726,256,256,0.0012784,1
"incid_rate.W",5,0.32779,256,256,0.0012804,1
"incid_rate.W",10,0.26487,256,256,0.0010346,1
"incid_rate.W",20,0.28192,256,256,0.0011012,1
"incid_rate.W",30,0.30036,256,256,0.0011733,1
"dx_frac.W",0,0.22635,256,256,0.00088418,1
"dx_frac.W",5,0.14834,256,256,0.00057945,1
"dx_frac.W",10,0.14474,256,256,0.00056539,1
"dx_frac.W",20,0.15248,256,256,0.00059562,1
"dx_frac.W",30,0.08855,256,256,0.0003459,1
"supp_frac.W",0,0.089319,256,256,0.0003489,1
"supp_frac.W",5,0.0060853,256,256,2.3771e-05,1
"supp_frac.W",10,0.0168,256,256,6.5625e-05,1
"supp_frac.W",20,0.08972,256,256,0.00035047,1
"supp_frac.W",30,0.0011148,256,256,4.3547e-06,1
"prep_cov.W",0,0.033022,256,256,0.00012899,1
"prep_cov.W",5,0.02847,256,256,0.00011121,1
"prep_cov.W",10,0.06093,256,256,0.00023801,1
"prep_cov.W",20,0.07094,256,256,0.00027711,1
"prep_cov.W",30,0.04462,256,256,0.0001743,1
"gono_prev",0,0.58493,256,256,0.0022849,1
"gono_prev",5,0.47107,256,256,0.0018401,1
"gono_prev",10,0.41287,256,256,0.0016128,1
"gono_prev",20,0.25298,256,256,0.0009882,1
"gono_prev",30,0.11376,256,256,0.00044438,1
"gono_ir",0,0.57787,256,256,0.0022573,1
"gono_ir",5,0.46875,256,256,0.0018311,1
"gono_ir",10,0.41221,256,256,0.0016102,1
"gono_ir",20,0.25143,256,256,0.00098215,1
"gono_ir",30,0.1053,256,256,0.00041133,1
"chla_prev",0,0.57644,256,256,0.0022517,1
"chla_prev",5,0.45746,256,256,0.001787,1
"chla_prev",10,0.40538,256,256,0.0015835,1
"chla_prev",20,0.32803,256,256,0.0012814,1
"chla_prev",30,0.16997,256,256,0.00066395,1
"chla_ir",0,0.56959,256,256,0.002225,1
"chla_ir",5,0.45859,256,256,0.0017914,1
"chla_ir",10,0.41078,256,256,0.0016046,1
"chla_ir",20,0.33101,256,256,0.001293,1
"chla_ir",30,0.17054,256,256,0.00066617,1
"syph_prev",0,0.47385,256,256,0.001851,1
"syph_prev",5,0.37865,256,256,0.0014791,1
"syph_prev",10,0.39819,256,256,0.0015554,1
"syph_prev",20,0.37362,256,256,0.0014595,1
"syph_prev",30,0.21101,256,256,0.00082426,1
"syph_ir",0,0.43046,256,256,0.0016815,1
"syph_ir",5,0.37298,256,256,0.001457,1
"syph_ir",10,0.40667,256,256,0.0015886,1
"syph_ir",20,0.362,256,256,0.0014141,1
"syph_ir",30,0.17601,256,256,0.00068754,1
"num",0,0.82206,256,256,0.0032112,1
"num",5,0.70251,256,256,0.0027442,1
"num",10,0.59321,256,256,0.0023172,1
"num",20,0.39204,256,256,0.0015314,1
"num",30,0.19756,256,256,0.00077172,1
"prev",0,0.86335,1024,1,0.86335,29.736
"prev",5,0.76176,1024,1,0.76176,27.934
"prev",10,0.66451,1024,1,0.66451,26.092
"prev",20,0.46604,1024,1,0.46604,21.858
"prev",30,0.31118,1024,1,0.31118,17.87
"incid_rate",0,0.47319,1024,1,0.47319,22.024
"incid_rate",5,0.42231,1024,1,0.42231,20.809
"incid_rate",10,0.32062,1024,1,0.32062,18.138
"incid_rate",20,0.24726,1024,1,0.24726,15.936
"incid_rate",30,0.17461,1024,1,0.17461,13.402
"dx_frac",0,0.41622,1024,1,0.41622,20.659
"dx_frac",5,0.36845,1024,1,0.36845,19.44
"dx_frac",10,0.29914,1024,1,0.29914,17.522
"dx_frac",20,0.1884,1024,1,0.1884,13.919
"dx_frac",30,0.22184,1024,1,0.22184,15.098
"supp_frac",0,0.12967,1024,1,0.12967,11.561
"supp_frac",5,0.037763,1024,1,0.037763,6.2954
"supp_frac",10,0.09552,1024,1,0.09552,9.9356
"supp_frac",20,0.13309,1024,1,0.13309,11.711
"supp_frac",30,0.10985,1024,1,0.10985,10.648
"prep_cov",0,0.14218,1024,1,0.14218,12.102
"prep_cov",5,0.12234,1024,1,0.12234,11.232
"prep_cov",10,0.09796,1024,1,0.09796,10.06
"prep_cov",20,0.04975,1024,1,0.04975,7.2038
"prep_cov",30,0,1024,1,0,1
"prev.B",0,0.84481,1024,1,0.84481,29.415
"prev.B",5,0.7404,1024,1,0.7404,27.54
"prev.B",10,0.64981,1024,1,0.64981,25.802
"prev.B",20,0.46035,1024,1,0.46035,21.724
"prev.B",30,0.27413,1024,1,0.27413,16.776
"incid_rate.B",0,0.46353,1024,1,0.46353,21.799
"incid_rate.B",5,0.40809,1024,1,0.40809,20.457
"incid_rate.B",10,0.30855,1024,1,0.30855,17.795
"incid_rate.B",20,0.19107,1024,1,0.19107,14.017
"incid_rate.B",30,0.14398,1024,1,0.14398,12.178
"dx_frac.B",0,0.46068,1024,1,0.46068,21.732
"dx_frac.B",5,0.39589,1024,1,0.39589,20.149
"dx_frac.B",10,0.30918,1024,1,0.30918,17.813
"dx_frac.B",20,0.20158,1024,1,0.20158,14.395
"dx_frac.B",30,0.20514,1024,1,0.20514,14.521
"supp_frac.B",0,0.093055,1024,1,0.093055,9.8079
"supp_frac.B",5,0.0068209,1024,1,0.0068209,2.8245
"supp_frac.B",10,0,1024,1,0,1
"supp_frac.B",20,0.03786,1024,1,0.03786,6.3032
"supp_frac.B",30,0,1024,1,0,1
"prep_cov.B",0,0.17027,1024,1,0.17027,13.236
"prep_cov.B",5,0.14566,1024,1,0.14566,12.248
"prep_cov.B",10,0.17376,1024,1,0.17376,13.37
"prep_cov.B",20,0.21006,1024,1,0.21006,14.693
"prep_cov.B",30,0.12725,1024,1,0.12725,11.453
"prev.H",0,0.72459,1024,1,0.72459,27.244
"prev.H",5,0.56236,1024,1,0.56236,24.006
"prev.H",10,0.39073,1024,1,0.39073,20.018
"prev.H",20,0.11605,1024,1,0.11605,10.942
"prev.H",30,0.09157,1024,1,0.09157,9.7302
"incid_rate.H",0,0.23531,1024,1,0.23531,15.547
"incid_rate.H",5,0.14025,1024,1,0.14025,12.02
"incid_rate.H",10,0.048489,1024,1,0.048489,7.1137
"incid_rate.H",20,0.08432,1024,1,0.08432,9.3413
"incid_rate.H",30,0.06293,1024,1,0.06293,8.0856
"dx_frac.H",0,0.22261,1024,1,0.22261,15.124
"dx_frac.H",5,0.10506,1024,1,0.10506,10.415
"dx_frac.H",10,0.057257,1024,1,0.057257,7.7184
"dx_frac.H",20,0.142,1024,1,0.142,12.094
"dx_frac.H",30,0.10454,1024,1,0.10454,10.39
"supp_frac.H",0,0.13452,1024,1,0.13452,11.773
"supp_frac.H",5,0.0036486,1024,1,0.0036486,2.1754
"supp_frac.H",10,0.00035532,1024,1,0.00035532,1.1677
"supp_frac.H",20,0.14481,1024,1,0.14481,12.212
"supp_frac.H",30,0.21459,1024,1,0.21459,14.85
"prep_cov.H",0,0.11292,1024,1,0.11292,10.794
"prep_cov.H",5,0.0635,1024,1,0.0635,8.1216
"prep_cov.H",10,0.01214,1024,1,0.01214,3.6632
"prep_cov.H",20,0.0017426,1024,1,0.0017426,1.6681
"prep_cov.H",30,0,1024,1,0,1
"prev.W",0,0.81155,1024,1,0.81155,28.831
"prev.W",5,0.67796,1024,1,0.67796,26.354
"prev.W",10,0.55704,1024,1,0.55704,23.893
"prev.W",20,0.36793,1024,1,0.36793,19.427
"prev.W",30,0.29771,1024,1,0.29771,17.48
"incid_rate.W",0,0.32726,1024,1,0.32726,18.324
"incid_rate.W",5,0.32779,1024,1,0.32779,18.339
"incid_rate.W",10,0.26487,1024,1,0.26487,16.491
"incid_rate.W",20,0.28192,1024,1,0.28192,17.012
"incid_rate.W",30,0.30036,1024,1,0.30036,17.558
"dx_frac.W",0,0.22635,1024,1,0.22635,15.25
"dx_frac.W",5,0.14834,1024,1,0.14834,12.359
"dx_frac.W",10,0.14474,1024,1,0.14474,12.209
"dx_frac.W",20,0.15248,1024,1,0.15248,12.529
"dx_frac.W",30,0.08855,1024,1,0.08855,9.5701
"supp_frac.W",0,0.089319,1024,1,0.089319,9.6111
"supp_frac.W",5,0.0060853,1024,1,0.0060853,2.688
"supp_frac.W",10,0.0168,1024,1,0.0168,4.2646
"supp_frac.W",20,0.08972,1024,1,0.08972,9.6324
"supp_frac.W",30,0.0011148,1024,1,0.0011148,1.463
"prep_cov.W",0,0.033022,1024,1,0.033022,5.8976
"prep_cov.W",5,0.02847,1024,1,0.02847,5.4886
"prep_cov.W",10,0.06093,1024,1,0.06093,7.9581
"prep_cov.W",20,0.07094,1024,1,0.07094,8.5774
"prep_cov.W",30,0.04462,1024,1,0.04462,6.8298
"gono_prev",0,0.58493,1024,1,0.58493,24.482
"gono_prev",5,0.47107,1024,1,0.47107,21.975
"gono_prev",10,0.41287,1024,1,0.41287,20.576
"gono_prev",20,0.25298,1024,1,0.25298,16.118
"gono_prev",30,0.11376,1024,1,0.11376,10.834
"gono_ir",0,0.57787,1024,1,0.57787,24.334
"gono_ir",5,0.46875,1024,1,0.46875,21.921
"gono_ir",10,0.41221,1024,1,0.41221,20.559
"gono_ir",20,0.25143,1024,1,0.25143,16.069
"gono_ir",30,0.1053,1024,1,0.1053,10.427
"chla_prev",0,0.57644,1024,1,0.57644,24.304
"chla_prev",5,0.45746,1024,1,0.45746,21.656
"chla_prev",10,0.40538,1024,1,0.40538,20.389
"chla_prev",20,0.32803,1024,1,0.32803,18.346
"chla_prev",30,0.16997,1024,1,0.16997,13.224
"chla_ir",0,0.56959,1024,1,0.56959,24.16
"chla_ir",5,0.45859,1024,1,0.45859,21.683
"chla_ir",10,0.41078,1024,1,0.41078,20.524
"chla_ir",20,0.33101,1024,1,0.33101,18.429
"chla_ir",30,0.17054,1024,1,0.17054,13.246
"syph_prev",0,0.47385,1024,1,0.47385,22.04
"syph_prev",5,0.37865,1024,1,0.37865,19.707
"syph_prev",10,0.39819,1024,1,0.39819,20.208
"syph_prev",20,0.37362,1024,1,0.37362,19.576
"syph_prev",30,0.21101,1024,1,0.21101,14.726
"syph_ir",0,0.43046,1024,1,0.43046,21.009
"syph_ir",5,0.37298,1024,1,0.37298,19.559
"syph_ir",10,0.40667,1024,1,0.40667,20.421
"syph_ir",20,0.362,1024,1,0.362,19.27
"syph_ir",30,0.17601,1024,1,0.17601,13.456
"num",0,0.82206,1024,1,0.82206,29.017
"num",5,0.70251,1024,1,0.70251,26.827
"num",10,0.59321,1024,1,0.59321,24.655
"num",20,0.39204,1024,1,0.39204,20.051
"num",30,0.19756,1024,1,0.19756,14.251
"prev",0,0.86335,1024,2,0.43168,21.028
"prev",5,0.76176,1024,2,0.38088,19.755
"prev",10,0.66451,1024,2,0.33226,18.454
"prev",20,0.46604,1024,2,0.23302,15.464
"prev",30,0.31118,1024,2,0.15559,12.65
"incid_rate",0,0.47319,1024,2,0.2366,15.582
"incid_rate",5,0.42231,1024,2,0.21116,14.724
"incid_rate",10,0.32062,1024,2,0.16031,12.839
"incid_rate",20,0.24726,1024,2,0.12363,11.285
"incid_rate",30,0.17461,1024,2,0.087305,9.4987
"dx_frac",0,0.41622,1024,2,0.20811,14.618
"dx_frac",5,0.36845,1024,2,0.18422,13.758
"dx_frac",10,0.29914,1024,2,0.14957,12.404
"dx_frac",20,0.1884,1024,2,0.0942,9.8627
"dx_frac",30,0.22184,1024,2,0.11092,10.694
"supp_frac",0,0.12967,1024,2,0.064835,8.2013
"supp_frac",5,0.037763,1024,2,0.018882,4.5052
"supp_frac",10,0.09552,1024,2,0.04776,7.0577
"supp_frac",20,0.13309,1024,2,0.066545,8.3072
"supp_frac",30,0.10985,1024,2,0.054925,7.5587
"prep_cov",0,0.14218,1024,2,0.07109,8.5822
"prep_cov",5,0.12234,1024,2,0.06117,7.9697
"prep_cov",10,0.09796,1024,2,0.04898,7.1455
"prep_cov",20,0.04975,1024,2,0.024875,5.1403
"prep_cov",30,0,1024,2,0,1
"prev.B",0,0.84481,1024,2,0.4224,20.801
"prev.B",5,0.7404,1024,2,0.3702,19.477
"prev.B",10,0.64981,1024,2,0.3249,18.25
"prev.B",20,0.46035,1024,2,0.23018,15.37
"prev.B",30,0.27413,1024,2,0.13706,11.878
"incid_rate.B",0,0.46353,1024,2,0.23176,15.423
"incid_rate.B",5,0.40809,1024,2,0.20404,14.475
"incid_rate.B",10,0.30855,1024,2,0.15428,12.596
"incid_rate.B",20,0.19107,1024,2,0.095535,9.9316
"incid_rate.B",30,0.14398,1024,2,0.07199,8.6356
"dx_frac.B",0,0.46068,1024,2,0.23034,15.376
"dx_frac.B",5,0.39589,1024,2,0.19794,14.258
"dx_frac.B",10,0.30918,1024,2,0.15459,12.609
"dx_frac.B",20,0.20158,1024,2,0.10079,10.198
"dx_frac.B",30,0.20514,1024,2,0.10257,10.287
"supp_frac.B",0,0.093055,1024,2,0.046528,6.9679
"supp_frac.B",5,0.0068209,1024,2,0.0034104,2.1179
"supp_frac.B",10,0,1024,2,0,1
"supp_frac.B",20,0.03786,1024,2,0.01893,4.5107
"supp_frac.B",30,0,1024,2,0,1
"prep_cov.B",0,0.17027,1024,2,0.085135,9.3813
"prep_cov.B",5,0.14566,1024,2,0.07283,8.6852
"prep_cov.B",10,0.17376,1024,2,0.08688,9.4758
"prep_cov.B",20,0.21006,1024,2,0.10503,10.409
"prep_cov.B",30,0.12725,1024,2,0.063625,8.1256
"prev.H",0,0.72459,1024,2,0.3623,19.268
"prev.H",5,0.56236,1024,2,0.28118,16.981
"prev.H",10,0.39073,1024,2,0.19536,14.166
"prev.H",20,0.11605,1024,2,0.058025,7.7654
"prev.H",30,0.09157,1024,2,0.045785,6.9132
"incid_rate.H",0,0.23531,1024,2,0.11766,11.011
"incid_rate.H",5,0.14025,1024,2,0.070125,8.5245
"incid_rate.H",10,0.048489,1024,2,0.024244,5.0772
"incid_rate.H",20,0.08432,1024,2,0.04216,6.6398
"incid_rate.H",30,0.06293,1024,2,0.031465,5.7582
"dx_frac.H",0,0.22261,1024,2,0.1113,10.712
"dx_frac.H",5,0.10506,1024,2,0.05253,7.395
"dx_frac.H",10,0.057257,1024,2,0.028628,5.5008
"dx_frac.H",20,0.142,1024,2,0.071,8.5768
"dx_frac.H",30,0.10454,1024,2,0.05227,7.377
"supp_frac.H",0,0.13452,1024,2,0.06726,8.351
"supp_frac.H",5,0.0036486,1024,2,0.0018243,1.6925
"supp_frac.H",10,0.00035532,1024,2,0.00017766,1.087
"supp_frac.H",20,0.14481,1024,2,0.072405,8.6601
"supp_frac.H",30,0.21459,1024,2,0.1073,10.519
"prep_cov.H",0,0.11292,1024,2,0.05646,7.6617
"prep_cov.H",5,0.0635,1024,2,0.03175,5.7835
"prep_cov.H",10,0.01214,1024,2,0.00607,2.6839
"prep_cov.H",20,0.0017426,1024,2,0.0008713,1.3749
"prep_cov.H",30,0,1024,2,0,1
"prev.W",0,0.81155,1024,2,0.40578,20.389
"prev.W",5,0.67796,1024,2,0.33898,18.64
"prev.W",10,0.55704,1024,2,0.27852,16.901
"prev.W",20,0.36793,1024,2,0.18396,13.748
"prev.W",30,0.29771,1024,2,0.14885,12.375
"incid_rate.W",0,0.32726,1024,2,0.16363,12.97
"incid_rate.W",5,0.32779,1024,2,0.1639,12.981
"incid_rate.W",10,0.26487,1024,2,0.13244,11.677
"incid_rate.W",20,0.28192,1024,2,0.14096,12.044
"incid_rate.W",30,0.30036,1024,2,0.15018,12.429
"dx_frac.W",0,0.22635,1024,2,0.11318,10.801
"dx_frac.W",5,0.14834,1024,2,0.07417,8.7637
"dx_frac.W",10,0.14474,1024,2,0.07237,8.6581
"dx_frac.W",20,0.15248,1024,2,0.07624,8.8835
"dx_frac.W",30,0.08855,1024,2,0.044275,6.8007
"supp_frac.W",0,0.089319,1024,2,0.04466,6.8295
"supp_frac.W",5,0.0060853,1024,2,0.0030426,2.0272
"supp_frac.W",10,0.0168,1024,2,0.0084,3.0959
"supp_frac.W",20,0.08972,1024,2,0.04486,6.8445
"supp_frac.W",30,0.0011148,1024,2,0.0005574,1.2529
"prep_cov.W",0,0.033022,1024,2,0.016511,4.2278
"prep_cov.W",5,0.02847,1024,2,0.014235,3.9431
"prep_cov.W",10,0.06093,1024,2,0.030465,5.6688
"prep_cov.W",20,0.07094,1024,2,0.03547,6.1033
"prep_cov.W",30,0.04462,1024,2,0.02231,4.8786
"gono_prev",0,0.58493,1024,2,0.29246,17.318
"gono_prev",5,0.47107,1024,2,0.23554,15.547
"gono_prev",10,0.41287,1024,2,0.20644,14.559
"gono_prev",20,0.25298,1024,2,0.12649,11.414
"gono_prev",30,0.11376,1024,2,0.05688,7.6897
"gono_ir",0,0.57787,1024,2,0.28894,17.213
"gono_ir",5,0.46875,1024,2,0.23438,15.509
"gono_ir",10,0.41221,1024,2,0.2061,14.548
"gono_ir",20,0.25143,1024,2,0.12572,11.379
"gono_ir",30,0.1053,1024,2,0.05265,7.4033
"chla_prev",0,0.57644,1024,2,0.28822,17.192
"chla_prev",5,0.45746,1024,2,0.22873,15.322
"chla_prev",10,0.40538,1024,2,0.20269,14.427
"chla_prev",20,0.32803,1024,2,0.16402,12.986
"chla_prev",30,0.16997,1024,2,0.084985,9.3731
"chla_ir",0,0.56959,1024,2,0.2848,17.09
"chla_ir",5,0.45859,1024,2,0.2293,15.341
"chla_ir",10,0.41078,1024,2,0.20539,14.523
"chla_ir",20,0.33101,1024,2,0.1655,13.044
"chla_ir",30,0.17054,1024,2,0.08527,9.3886
"syph_prev",0,0.47385,1024,2,0.23692,15.593
"syph_prev",5,0.37865,1024,2,0.18932,13.946
"syph_prev",10,0.39819,1024,2,0.1991,14.299
"syph_prev",20,0.37362,1024,2,0.18681,13.854
"syph_prev",30,0.21101,1024,2,0.1055,10.432
"syph_ir",0,0.43046,1024,2,0.21523,14.865
"syph_ir",5,0.37298,1024,2,0.18649,13.842
"syph_ir",10,0.40667,1024,2,0.20334,14.45
"syph_ir",20,0.362,1024,2,0.181,13.638
"syph_ir",30,0.17601,1024,2,0.088005,9.5363
"num",0,0.82206,1024,2,0.41103,20.52
"num",5,0.70251,1024,2,0.35126,18.973
"num",10,0.59321,1024,2,0.2966,17.439
"num",20,0.39204,1024,2,0.19602,14.189
"num",30,0.19756,1024,2,0.09878,10.097
"prev",0,0.86335,1024,4,0.21584,14.871
"prev",5,0.76176,1024,4,0.19044,13.973
"prev",10,0.66451,1024,4,0.16613,13.056
"prev",20,0.46604,1024,4,0.11651,10.947
"prev",30,0.31118,1024,4,0.077795,8.9639
"incid_rate",0,0.47319,1024,4,0.1183,11.03
"incid_rate",5,0.42231,1024,4,0.10558,10.425
"incid_rate",10,0.32062,1024,4,0.080155,9.0971
"incid_rate",20,0.24726,1024,4,0.061815,8.0032
"incid_rate",30,0.17461,1024,4,0.043652,6.7473
"dx_frac",0,0.41622,1024,4,0.10406,10.351
"dx_frac",5,0.36845,1024,4,0.092112,9.7445
"dx_frac",10,0.29914,1024,4,0.074785,8.7909
"dx_frac",20,0.1884,1024,4,0.0471,7.003
"dx_frac",30,0.22184,1024,4,0.05546,7.5874
"supp_frac",0,0.12967,1024,4,0.032418,5.8366
"supp_frac",5,0.037763,1024,4,0.0094408,3.2603
"supp_frac",10,0.09552,1024,4,0.02388,5.0356
"supp_frac",20,0.13309,1024,4,0.033272,5.9108
"supp_frac",30,0.10985,1024,4,0.027462,5.3863
"prep_cov",0,0.14218,1024,4,0.035545,6.1038
"prep_cov",5,0.12234,1024,4,0.030585,5.6742
"prep_cov",10,0.09796,1024,4,0.02449,5.097
"prep_cov",20,0.04975,1024,4,0.012438,3.6995
"prep_cov",30,0,1024,4,0,1
"prev.B",0,0.84481,1024,4,0.2112,14.711
"prev.B",5,0.7404,1024,4,0.1851,13.777
"prev.B",10,0.64981,1024,4,0.16245,12.911
"prev.B",20,0.46035,1024,4,0.11509,10.881
"prev.B",30,0.27413,1024,4,0.068532,8.4204
"incid_rate.B",0,0.46353,1024,4,0.11588,10.918
"incid_rate.B",5,0.40809,1024,4,0.10202,10.25
"incid_rate.B",10,0.30855,1024,4,0.077138,8.9264
"incid_rate.B",20,0.19107,1024,4,0.047768,7.0514
"incid_rate.B",30,0.14398,1024,4,0.035995,6.1412
"dx_frac.B",0,0.46068,1024,4,0.11517,10.885
"dx_frac.B",5,0.39589,1024,4,0.098972,10.097
"dx_frac.B",10,0.30918,1024,4,0.077295,8.9354
"dx_frac.B",20,0.20158,1024,4,0.050395,7.239
"dx_frac.B",30,0.20514,1024,4,0.051285,7.3014
"supp_frac.B",0,0.093055,1024,4,0.023264,4.9728
"supp_frac.B",5,0.0068209,1024,4,0.0017052,1.6551
"supp_frac.B",10,0,1024,4,0,1
"supp_frac.B",20,0.03786,1024,4,0.009465,3.2641
"supp_frac.B",30,0,1024,4,0,1
"prep_cov.B",0,0.17027,1024,4,0.042568,6.6647
"prep_cov.B",5,0.14566,1024,4,0.036415,6.176
"prep_cov.B",10,0.17376,1024,4,0.04344,6.7312
"prep_cov.B",20,0.21006,1024,4,0.052515,7.3868
"prep_cov.B",30,0.12725,1024,4,0.031812,5.7835
"prev.H",0,0.72459,1024,4,0.18115,13.63
"prev.H",5,0.56236,1024,4,0.14059,12.017
"prev.H",10,0.39073,1024,4,0.097682,10.032
"prev.H",20,0.11605,1024,4,0.029012,5.5311
"prev.H",30,0.09157,1024,4,0.022892,4.9346
"incid_rate.H",0,0.23531,1024,4,0.058828,7.8105
"incid_rate.H",5,0.14025,1024,4,0.035062,6.0633
"incid_rate.H",10,0.048489,1024,4,0.012122,3.6558
"incid_rate.H",20,0.08432,1024,4,0.02108,4.7436
"incid_rate.H",30,0.06293,1024,4,0.015732,4.1288
"dx_frac.H",0,0.22261,1024,4,0.055652,7.6004
"dx_frac.H",5,0.10506,1024,4,0.026265,5.2717
"dx_frac.H",10,0.057257,1024,4,0.014314,3.9498
"dx_frac.H",20,0.142,1024,4,0.0355,6.1
"dx_frac.H",30,0.10454,1024,4,0.026135,5.2591
"supp_frac.H",0,0.13452,1024,4,0.03363,5.9416
"supp_frac.H",5,0.0036486,1024,4,0.00091215,1.3894
"supp_frac.H",10,0.00035532,1024,4,8.883e-05,1.0443
"supp_frac.H",20,0.14481,1024,4,0.036202,6.1585
"supp_frac.H",30,0.21459,1024,4,0.053648,7.4646
"prep_cov.H",0,0.11292,1024,4,0.02823,5.4584
"prep_cov.H",5,0.0635,1024,4,0.015875,4.1464
"prep_cov.H",10,0.01214,1024,4,0.003035,2.0238
"prep_cov.H",20,0.0017426,1024,4,0.00043565,1.2018
"prep_cov.H",30,0,1024,4,0,1
"prev.W",0,0.81155,1024,4,0.20289,14.42
"prev.W",5,0.67796,1024,4,0.16949,13.186
"prev.W",10,0.55704,1024,4,0.13926,11.96
"prev.W",20,0.36793,1024,4,0.091982,9.7377
"prev.W",30,0.29771,1024,4,0.074428,8.7702
"incid_rate.W",0,0.32726,1024,4,0.081815,9.1897
"incid_rate.W",5,0.32779,1024,4,0.081948,9.1971
"incid_rate.W",10,0.26487,1024,4,0.066218,8.279
"incid_rate.W",20,0.28192,1024,4,0.07048,8.5375
"incid_rate.W",30,0.30036,1024,4,0.07509,8.8086
"dx_frac.W",0,0.22635,1024,4,0.056588,7.6628
"dx_frac.W",5,0.14834,1024,4,0.037085,6.2311
"dx_frac.W",10,0.14474,1024,4,0.036185,6.157
"dx_frac.W",20,0.15248,1024,4,0.03812,6.3153
"dx_frac.W",30,0.08855,1024,4,0.022138,4.8559
"supp_frac.W",0,0.089319,1024,4,0.02233,4.8761
"supp_frac.W",5,0.0060853,1024,4,0.0015213,1.5974
"supp_frac.W",10,0.0168,1024,4,0.0042,2.2987
"supp_frac.W",20,0.08972,1024,4,0.02243,4.8866
"supp_frac.W",30,0.0011148,1024,4,0.0002787,1.1333
"prep_cov.W",0,0.033022,1024,4,0.0082555,3.0693
"prep_cov.W",5,0.02847,1024,4,0.0071175,2.874
"prep_cov.W",10,0.06093,1024,4,0.015232,4.0666
"prep_cov.W",20,0.07094,1024,4,0.017735,4.3692
"prep_cov.W",30,0.04462,1024,4,0.011155,3.5183
"gono_prev",0,0.58493,1024,4,0.14623,12.254
"gono_prev",5,0.47107,1024,4,0.11777,11.006
"gono_prev",10,0.41287,1024,4,0.10322,10.309
"gono_prev",20,0.25298,1024,4,0.063245,8.0938
"gono_prev",30,0.11376,1024,4,0.02844,5.478
"gono_ir",0,0.57787,1024,4,0.14447,12.18
"gono_ir",5,0.46875,1024,4,0.11719,10.979
"gono_ir",10,0.41221,1024,4,0.10305,10.301
"gono_ir",20,0.25143,1024,4,0.062858,8.0694
"gono_ir",30,0.1053,1024,4,0.026325,5.2775
"chla_prev",0,0.57644,1024,4,0.14411,12.165
"chla_prev",5,0.45746,1024,4,0.11436,10.847
"chla_prev",10,0.40538,1024,4,0.10134,10.216
"chla_prev",20,0.32803,1024,4,0.082008,9.2004
"chla_prev",30,0.16997,1024,4,0.042492,6.659
"chla_ir",0,0.56959,1024,4,0.1424,12.093
"chla_ir",5,0.45859,1024,4,0.11465,10.86
"chla_ir",10,0.41078,1024,4,0.1027,10.283
"chla_ir",20,0.33101,1024,4,0.082752,9.2416
"chla_ir",30,0.17054,1024,4,0.042635,6.6699
"syph_prev",0,0.47385,1024,4,0.11846,11.038
"syph_prev",5,0.37865,1024,4,0.094662,9.877
"syph_prev",10,0.39819,1024,4,0.099548,10.126
"syph_prev",20,0.37362,1024,4,0.093405,9.8119
"syph_prev",30,0.21101,1024,4,0.052752,7.4032
"syph_ir",0,0.43046,1024,4,0.10762,10.525
"syph_ir",5,0.37298,1024,4,0.093245,9.8036
"syph_ir",10,0.40667,1024,4,0.10167,10.232
"syph_ir",20,0.362,1024,4,0.0905,9.6597
"syph_ir",30,0.17601,1024,4,0.044002,6.7737
"num",0,0.82206,1024,4,0.20552,14.513
"num",5,0.70251,1024,4,0.17563,13.422
"num",10,0.59321,1024,4,0.1483,12.34
"num",20,0.39204,1024,4,0.09801,10.048
"num",30,0.19756,1024,4,0.04939,7.1678
"prev",0,0.86335,1024,8,0.10792,10.519
"prev",5,0.76176,1024,8,0.09522,9.8865
"prev",10,0.66451,1024,8,0.083064,9.2408
"prev",20,0.46604,1024,8,0.058255,7.758
"prev",30,0.31118,1024,8,0.038898,6.3655
"incid_rate",0,0.47319,1024,8,0.059149,7.8163
"incid_rate",5,0.42231,1024,8,0.052789,7.3914
"incid_rate",10,0.32062,1024,8,0.040078,6.459
"incid_rate",20,0.24726,1024,8,0.030908,5.6923
"incid_rate",30,0.17461,1024,8,0.021826,4.8141
"dx_frac",0,0.41622,1024,8,0.052028,7.3389
"dx_frac",5,0.36845,1024,8,0.046056,6.9133
"dx_frac",10,0.29914,1024,8,0.037392,6.2443
"dx_frac",20,0.1884,1024,8,0.02355,4.9927
"dx_frac",30,0.22184,1024,8,0.02773,5.4013
"supp_frac",0,0.12967,1024,8,0.016209,4.1795
"supp_frac",5,0.037763,1024,8,0.0047204,2.4075
"supp_frac",10,0.09552,1024,8,0.01194,3.6237
"supp_frac",20,0.13309,1024,8,0.016636,4.2311
"supp_frac",30,0.10985,1024,8,0.013731,3.8666
"prep_cov",0,0.14218,1024,8,0.017772,4.3654
"prep_cov",5,0.12234,1024,8,0.015292,4.0666
"prep_cov",10,0.09796,1024,8,0.012245,3.6662
"prep_cov",20,0.04975,1024,8,0.0062188,2.7052
"prep_cov",30,0,1024,8,0,1
"prev.B",0,0.84481,1024,8,0.1056,10.406
"prev.B",5,0.7404,1024,8,0.09255,9.7484
"prev.B",10,0.64981,1024,8,0.081226,9.1392
"prev.B",20,0.46035,1024,8,0.057544,7.7113
"prev.B",30,0.27413,1024,8,0.034266,5.9845
"incid_rate.B",0,0.46353,1024,8,0.057941,7.7375
"incid_rate.B",5,0.40809,1024,8,0.051011,7.2682
"incid_rate.B",10,0.30855,1024,8,0.038569,6.3392
"incid_rate.B",20,0.19107,1024,8,0.023884,5.0265
"incid_rate.B",30,0.14398,1024,8,0.017998,4.3915
"dx_frac.B",0,0.46068,1024,8,0.057585,7.714
"dx_frac.B",5,0.39589,1024,8,0.049486,7.1609
"dx_frac.B",10,0.30918,1024,8,0.038648,6.3455
"dx_frac.B",20,0.20158,1024,8,0.025198,5.1576
"dx_frac.B",30,0.20514,1024,8,0.025642,5.2012
"supp_frac.B",0,0.093055,1024,8,0.011632,3.5802
"supp_frac.B",5,0.0068209,1024,8,0.00085261,1.3661
"supp_frac.B",10,0,1024,8,0,1
"supp_frac.B",20,0.03786,1024,8,0.0047325,2.41
"supp_frac.B",30,0,1024,8,0,1
"prep_cov.B",0,0.17027,1024,8,0.021284,4.7565
"prep_cov.B",5,0.14566,1024,8,0.018208,4.4157
"prep_cov.B",10,0.17376,1024,8,0.02172,4.8029
"prep_cov.B",20,0.21006,1024,8,0.026258,5.261
"prep_cov.B",30,0.12725,1024,8,0.015906,4.1426
"prev.H",0,0.72459,1024,8,0.090574,9.6448
"prev.H",5,0.56236,1024,8,0.070295,8.51
"prev.H",10,0.39073,1024,8,0.048841,7.115
"prev.H",20,0.11605,1024,8,0.014506,3.9672
"prev.H",30,0.09157,1024,8,0.011446,3.5538
"incid_rate.H",0,0.23531,1024,8,0.029414,5.5574
"incid_rate.H",5,0.14025,1024,8,0.017531,4.3373
"incid_rate.H",10,0.048489,1024,8,0.0060611,2.6755
"incid_rate.H",20,0.08432,1024,8,0.01054,3.4218
"incid_rate.H",30,0.06293,1024,8,0.0078662,2.9987
"dx_frac.H",0,0.22261,1024,8,0.027826,5.4103
"dx_frac.H",5,0.10506,1024,8,0.013132,3.7872
"dx_frac.H",10,0.057257,1024,8,0.0071571,2.876
"dx_frac.H",20,0.142,1024,8,0.01775,4.3628
"dx_frac.H",30,0.10454,1024,8,0.013068,3.7784
"supp_frac.H",0,0.13452,1024,8,0.016815,4.2525
"supp_frac.H",5,0.0036486,1024,8,0.00045608,1.2097
"supp_frac.H",10,0.00035532,1024,8,4.4415e-05,1.0223
"supp_frac.H",20,0.14481,1024,8,0.018101,4.4035
"supp_frac.H",30,0.21459,1024,8,0.026824,5.3153
"prep_cov.H",0,0.11292,1024,8,0.014115,3.9167
"prep_cov.H",5,0.0635,1024,8,0.0079375,3.0107
"prep_cov.H",10,0.01214,1024,8,0.0015175,1.5943
"prep_cov.H",20,0.0017426,1024,8,0.00021782,1.1051
"prep_cov.H",30,0,1024,8,0,1
"prev.W",0,0.81155,1024,8,0.10144,10.201
"prev.W",5,0.67796,1024,8,0.084745,9.3328
"prev.W",10,0.55704,1024,8,0.06963,8.4702
"prev.W",20,0.36793,1024,8,0.045991,6.9085
"prev.W",30,0.29771,1024,8,0.037214,6.2297
"incid_rate.W",0,0.32726,1024,8,0.040908,6.524
"incid_rate.W",5,0.32779,1024,8,0.040974,6.5291
"incid_rate.W",10,0.26487,1024,8,0.033109,5.8854
"incid_rate.W",20,0.28192,1024,8,0.03524,6.0666
"incid_rate.W",30,0.30036,1024,8,0.037545,6.2567
"dx_frac.W",0,0.22635,1024,8,0.028294,5.454
"dx_frac.W",5,0.14834,1024,8,0.018542,4.4541
"dx_frac.W",10,0.14474,1024,8,0.018092,4.4025
"dx_frac.W",20,0.15248,1024,8,0.01906,4.5128
"dx_frac.W",30,0.08855,1024,8,0.011069,3.4994
"supp_frac.W",0,0.089319,1024,8,0.011165,3.5133
"supp_frac.W",5,0.0060853,1024,8,0.00076066,1.3315
"supp_frac.W",10,0.0168,1024,8,0.0021,1.7702
"supp_frac.W",20,0.08972,1024,8,0.011215,3.5206
"supp_frac.W",30,0.0011148,1024,8,0.00013935,1.0684
"prep_cov.W",0,0.033022,1024,8,0.0041278,2.279
"prep_cov.W",5,0.02847,1024,8,0.0035588,2.1484
"prep_cov.W",10,0.06093,1024,8,0.0076162,2.956
"prep_cov.W",20,0.07094,1024,8,0.0088675,3.1638
"prep_cov.W",30,0.04462,1024,8,0.0055775,2.582
"gono_prev",0,0.58493,1024,8,0.073116,8.6768
"gono_prev",5,0.47107,1024,8,0.058884,7.7991
"gono_prev",10,0.41287,1024,8,0.051609,7.3099
"gono_prev",20,0.25298,1024,8,0.031622,5.7557
"gono_prev",30,0.11376,1024,8,0.01422,3.9303
"gono_ir",0,0.57787,1024,8,0.072234,8.6249
"gono_ir",5,0.46875,1024,8,0.058594,7.7802
"gono_ir",10,0.41221,1024,8,0.051526,7.3042
"gono_ir",20,0.25143,1024,8,0.031429,5.7386
"gono_ir",30,0.1053,1024,8,0.013162,3.7912
"chla_prev",0,0.57644,1024,8,0.072055,8.6144
"chla_prev",5,0.45746,1024,8,0.057182,7.6875
"chla_prev",10,0.40538,1024,8,0.050672,7.2445
"chla_prev",20,0.32803,1024,8,0.041004,6.5314
"chla_prev",30,0.16997,1024,8,0.021246,4.7525
"chla_ir",0,0.56959,1024,8,0.071199,8.5638
"chla_ir",5,0.45859,1024,8,0.057324,7.6968
"chla_ir",10,0.41078,1024,8,0.051348,7.2917
"chla_ir",20,0.33101,1024,8,0.041376,6.5604
"chla_ir",30,0.17054,1024,8,0.021318,4.7601
"syph_prev",0,0.47385,1024,8,0.059231,7.8217
"syph_prev",5,0.37865,1024,8,0.047331,7.0063
"syph_prev",10,0.39819,1024,8,0.049774,7.1812
"syph_prev",20,0.37362,1024,8,0.046702,6.9606
"syph_prev",30,0.21101,1024,8,0.026376,5.2724
"syph_ir",0,0.43046,1024,8,0.053808,7.4611
"syph_ir",5,0.37298,1024,8,0.046622,6.9547
"syph_ir",10,0.40667,1024,8,0.050834,7.2558
"syph_ir",20,0.362,1024,8,0.04525,6.8538
"syph_ir",30,0.17601,1024,8,0.022001,4.8325
"num",0,0.82206,1024,8,0.10276,10.267
"num",5,0.70251,1024,8,0.087814,9.4984
"num",10,0.59321,1024,8,0.074151,8.7371
"num",20,0.39204,1024,8,0.049005,7.1266
"num",30,0.19756,1024,8,0.024695,5.1078
"prev",0,0.86335,1024,16,0.053959,7.4425
"prev",5,0.76176,1024,16,0.04761,6.9993
"prev",10,0.66451,1024,16,0.041532,6.5471
"prev",20,0.46604,1024,16,0.029128,5.51
"prev",30,0.31118,1024,16,0.019449,4.5392
"incid_rate",0,0.47319,1024,16,0.029574,5.5508
"incid_rate",5,0.42231,1024,16,0.026394,5.2541
"incid_rate",10,0.32062,1024,16,0.020039,4.6042
"incid_rate",20,0.24726,1024,16,0.015454,4.0715
"incid_rate",30,0.17461,1024,16,0.010913,3.4642
"dx_frac",0,0.41622,1024,16,0.026014,5.2175
"dx_frac",5,0.36845,1024,16,0.023028,4.9206
"dx_frac",10,0.29914,1024,16,0.018696,4.4549
"dx_frac",20,0.1884,1024,16,0.011775,3.5874
"dx_frac",30,0.22184,1024,16,0.013865,3.8699
"supp_frac",0,0.12967,1024,16,0.0081044,3.0281
"supp_frac",5,0.037763,1024,16,0.0023602,1.8382
"supp_frac",10,0.09552,1024,16,0.00597,2.6491
"supp_frac",20,0.13309,1024,16,0.0083181,3.0634
"supp_frac",30,0.10985,1024,16,0.0068656,2.8143
"prep_cov",0,0.14218,1024,16,0.0088862,3.1555
"prep_cov",5,0.12234,1024,16,0.0076462,2.9508
"prep_cov",10,0.09796,1024,16,0.0061225,2.678
"prep_cov",20,0.04975,1024,16,0.0031094,2.0333
"prep_cov",30,0,1024,16,0,1
"prev.B",0,0.84481,1024,16,0.052801,7.3636
"prev.B",5,0.7404,1024,16,0.046275,6.9026
"prev.B",10,0.64981,1024,16,0.040613,6.476
"prev.B",20,0.46035,1024,16,0.028772,5.4774
"prev.B",30,0.27413,1024,16,0.017133,4.2744
"incid_rate.B",0,0.46353,1024,16,0.028971,5.4957
"incid_rate.B",5,0.40809,1024,16,0.025506,5.1681
"incid_rate.B",10,0.30855,1024,16,0.019284,4.5209
"incid_rate.B",20,0.19107,1024,16,0.011942,3.6107
"incid_rate.B",30,0.14398,1024,16,0.0089988,3.1734
"dx_frac.B",0,0.46068,1024,16,0.028792,5.4793
"dx_frac.B",5,0.39589,1024,16,0.024743,5.0932
"dx_frac.B",10,0.30918,1024,16,0.019324,4.5253
"dx_frac.B",20,0.20158,1024,16,0.012599,3.7013
"dx_frac.B",30,0.20514,1024,16,0.012821,3.7315
"supp_frac.B",0,0.093055,1024,16,0.0058159,2.6196
"supp_frac.B",5,0.0068209,1024,16,0.00042631,1.1957
"supp_frac.B",10,0,1024,16,0,1
"supp_frac.B",20,0.03786,1024,16,0.0023662,1.8399
"supp_frac.B",30,0,1024,16,0,1
"prep_cov.B",0,0.17027,1024,16,0.010642,3.4245
"prep_cov.B",5,0.14566,1024,16,0.0091038,3.1901
"prep_cov.B",10,0.17376,1024,16,0.01086,3.4564
"prep_cov.B",20,0.21006,1024,16,0.013129,3.7728
"prep_cov.B",30,0.12725,1024,16,0.0079531,3.0028
"prev.H",0,0.72459,1024,16,0.045287,6.83
"prev.H",5,0.56236,1024,16,0.035148,6.0356
"prev.H",10,0.39073,1024,16,0.024421,5.0612
"prev.H",20,0.11605,1024,16,0.0072531,2.8829
"prev.H",30,0.09157,1024,16,0.0057231,2.6017
"incid_rate.H",0,0.23531,1024,16,0.014707,3.978
"incid_rate.H",5,0.14025,1024,16,0.0087656,3.1362
"incid_rate.H",10,0.048489,1024,16,0.0030306,2.0137
"incid_rate.H",20,0.08432,1024,16,0.00527,2.5124
"incid_rate.H",30,0.06293,1024,16,0.0039331,2.2281
"dx_frac.H",0,0.22261,1024,16,0.013913,3.8761
"dx_frac.H",5,0.10506,1024,16,0.0065662,2.7602
"dx_frac.H",10,0.057257,1024,16,0.0035786,2.1464
"dx_frac.H",20,0.142,1024,16,0.008875,3.1537
"dx_frac.H",30,0.10454,1024,16,0.0065337,2.7543
"supp_frac.H",0,0.13452,1024,16,0.0084075,3.0781
"supp_frac.H",5,0.0036486,1024,16,0.00022804,1.109
"supp_frac.H",10,0.00035532,1024,16,2.2208e-05,1.0111
"supp_frac.H",20,0.14481,1024,16,0.0090506,3.1817
"supp_frac.H",30,0.21459,1024,16,0.013412,3.8104
"prep_cov.H",0,0.11292,1024,16,0.0070575,2.8485
"prep_cov.H",5,0.0635,1024,16,0.0039688,2.2362
"prep_cov.H",10,0.01214,1024,16,0.00075875,1.3285
"prep_cov.H",20,0.0017426,1024,16,0.00010891,1.0535
"prep_cov.H",30,0,1024,16,0,1
"prev.W",0,0.81155,1024,16,0.050722,7.2199
"prev.W",5,0.67796,1024,16,0.042372,6.6115
"prev.W",10,0.55704,1024,16,0.034815,6.0078
"prev.W",20,0.36793,1024,16,0.022996,4.9173
"prev.W",30,0.29771,1024,16,0.018607,4.4447
"incid_rate.W",0,0.32726,1024,16,0.020454,4.6494
"incid_rate.W",5,0.32779,1024,16,0.020487,4.653
"incid_rate.W",10,0.26487,1024,16,0.016554,4.2056
"incid_rate.W",20,0.28192,1024,16,0.01762,4.3314
"incid_rate.W",30,0.30036,1024,16,0.018772,4.4635
"dx_frac.W",0,0.22635,1024,16,0.014147,3.9064
"dx_frac.W",5,0.14834,1024,16,0.0092712,3.2164
"dx_frac.W",10,0.14474,1024,16,0.0090462,3.181
"dx_frac.W",20,0.15248,1024,16,0.00953,3.2567
"dx_frac.W",30,0.08855,1024,16,0.0055344,2.5649
"supp_frac.W",0,0.089319,1024,16,0.0055824,2.5743
"supp_frac.W",5,0.0060853,1024,16,0.00038033,1.1762
"supp_frac.W",10,0.0168,1024,16,0.00105,1.4347
"supp_frac.W",20,0.08972,1024,16,0.0056075,2.5792
"supp_frac.W",30,0.0011148,1024,16,6.9675e-05,1.0345
"prep_cov.W",0,0.033022,1024,16,0.0020639,1.7551
"prep_cov.W",5,0.02847,1024,16,0.0017794,1.6714
"prep_cov.W",10,0.06093,1024,16,0.0038081,2.1997
"prep_cov.W",20,0.07094,1024,16,0.0044338,2.3386
"prep_cov.W",30,0.04462,1024,16,0.0027888,1.9522
"gono_prev",0,0.58493,1024,16,0.036558,6.1523
"gono_prev",5,0.47107,1024,16,0.029442,5.5387
"gono_prev",10,0.41287,1024,16,0.025804,5.1972
"gono_prev",20,0.25298,1024,16,0.015811,4.1155
"gono_prev",30,0.11376,1024,16,0.00711,2.8578
"gono_ir",0,0.57787,1024,16,0.036117,6.116
"gono_ir",5,0.46875,1024,16,0.029297,5.5255
"gono_ir",10,0.41221,1024,16,0.025763,5.1932
"gono_ir",20,0.25143,1024,16,0.015714,4.1037
"gono_ir",30,0.1053,1024,16,0.0065812,2.763
"chla_prev",0,0.57644,1024,16,0.036028,6.1087
"chla_prev",5,0.45746,1024,16,0.028591,5.4608
"chla_prev",10,0.40538,1024,16,0.025336,5.1516
"chla_prev",20,0.32803,1024,16,0.020502,4.6547
"chla_prev",30,0.16997,1024,16,0.010623,3.4217
"chla_ir",0,0.56959,1024,16,0.035599,6.0732
"chla_ir",5,0.45859,1024,16,0.028662,5.4673
"chla_ir",10,0.41078,1024,16,0.025674,5.1845
"chla_ir",20,0.33101,1024,16,0.020688,4.6748
"chla_ir",30,0.17054,1024,16,0.010659,3.427
"syph_prev",0,0.47385,1024,16,0.029616,5.5545
"syph_prev",5,0.37865,1024,16,0.023666,4.9855
"syph_prev",10,0.39819,1024,16,0.024887,5.1074
"syph_prev",20,0.37362,1024,16,0.023351,4.9536
"syph_prev",30,0.21101,1024,16,0.013188,3.7807
"syph_ir",0,0.43046,1024,16,0.026904,5.3027
"syph_ir",5,0.37298,1024,16,0.023311,4.9495
"syph_ir",10,0.40667,1024,16,0.025417,5.1595
"syph_ir",20,0.362,1024,16,0.022625,4.8791
"syph_ir",30,0.17601,1024,16,0.011001,3.4769
"num",0,0.82206,1024,16,0.051379,7.2657
"num",5,0.70251,1024,16,0.043907,6.7274
"num",10,0.59321,1024,16,0.037076,6.1945
"num",20,0.39204,1024,16,0.024502,5.0694
"num",30,0.19756,1024,16,0.012348,3.6669
"prev",0,0.86335,1024,32,0.02698,5.2691
"prev",5,0.76176,1024,32,0.023805,4.9613
"prev",10,0.66451,1024,32,0.020766,4.6476
"prev",20,0.46604,1024,32,0.014564,3.9303
"prev",30,0.31118,1024,32,0.0097244,3.2629
"incid_rate",0,0.47319,1024,32,0.014787,3.9584
"incid_rate",5,0.42231,1024,32,0.013197,3.7539
"incid_rate",10,0.32062,1024,32,0.010019,3.3074
"incid_rate",20,0.24726,1024,32,0.0077269,2.9436
"incid_rate",30,0.17461,1024,32,0.0054566,2.5324
"dx_frac",0,0.41622,1024,32,0.013007,3.7286
"dx_frac",5,0.36845,1024,32,0.011514,3.5245
"dx_frac",10,0.29914,1024,32,0.0093481,3.2052
"dx_frac",20,0.1884,1024,32,0.0058875,2.6154
"dx_frac",30,0.22184,1024,32,0.0069325,2.8066
"supp_frac",0,0.12967,1024,32,0.0040522,2.2405
"supp_frac",5,0.037763,1024,32,0.0011801,1.4733
"supp_frac",10,0.09552,1024,32,0.002985,1.9903
"supp_frac",20,0.13309,1024,32,0.0041591,2.264
"supp_frac",30,0.10985,1024,32,0.0034328,2.0989
"prep_cov",0,0.14218,1024,32,0.0044431,2.3254
"prep_cov",5,0.12234,1024,32,0.0038231,2.1892
"prep_cov",10,0.09796,1024,32,0.0030612,2.0092
"prep_cov",20,0.04975,1024,32,0.0015547,1.5944
"prep_cov",30,0,1024,32,0,1
"prev.B",0,0.84481,1024,32,0.0264,5.2143
"prev.B",5,0.7404,1024,32,0.023138,4.8941
"prev.B",10,0.64981,1024,32,0.020307,4.5983
"prev.B",20,0.46035,1024,32,0.014386,3.9078
"prev.B",30,0.27413,1024,32,0.0085666,3.0819
"incid_rate.B",0,0.46353,1024,32,0.014485,3.9204
"incid_rate.B",5,0.40809,1024,32,0.012753,3.6947
"incid_rate.B",10,0.30855,1024,32,0.0096422,3.2504
"incid_rate.B",20,0.19107,1024,32,0.0059709,2.6312
"incid_rate.B",30,0.14398,1024,32,0.0044994,2.3374
"dx_frac.B",0,0.46068,1024,32,0.014396,3.9091
"dx_frac.B",5,0.39589,1024,32,0.012372,3.6432
"dx_frac.B",10,0.30918,1024,32,0.0096619,3.2534
"dx_frac.B",20,0.20158,1024,32,0.0062994,2.6924
"dx_frac.B",30,0.20514,1024,32,0.0064106,2.7128
"supp_frac.B",0,0.093055,1024,32,0.002908,1.971
"supp_frac.B",5,0.0068209,1024,32,0.00021315,1.1007
"supp_frac.B",10,0,1024,32,0,1
"supp_frac.B",20,0.03786,1024,32,0.0011831,1.4743
"supp_frac.B",30,0,1024,32,0,1
"prep_cov.B",0,0.17027,1024,32,0.0053209,2.5057
"prep_cov.B",5,0.14566,1024,32,0.0045519,2.3485
"prep_cov.B",10,0.17376,1024,32,0.00543,2.5272
"prep_cov.B",20,0.21006,1024,32,0.0065644,2.7408
"prep_cov.B",30,0.12725,1024,32,0.0039766,2.2237
"prev.H",0,0.72459,1024,32,0.022643,4.8438
"prev.H",5,0.56236,1024,32,0.017574,4.2934
"prev.H",10,0.39073,1024,32,0.01221,3.6211
"prev.H",20,0.11605,1024,32,0.0036266,2.1442
"prev.H",30,0.09157,1024,32,0.0028616,1.9593
"incid_rate.H",0,0.23531,1024,32,0.0073534,2.88
"incid_rate.H",5,0.14025,1024,32,0.0043828,2.3125
"incid_rate.H",10,0.048489,1024,32,0.0015153,1.5821
"incid_rate.H",20,0.08432,1024,32,0.002635,1.901
"incid_rate.H",30,0.06293,1024,32,0.0019666,1.7178
"dx_frac.H",0,0.22261,1024,32,0.0069566,2.8109
"dx_frac.H",5,0.10506,1024,32,0.0032831,2.0632
"dx_frac.H",10,0.057257,1024,32,0.0017893,1.6658
"dx_frac.H",20,0.142,1024,32,0.0044375,2.3242
"dx_frac.H",30,0.10454,1024,32,0.0032669,2.0593
"supp_frac.H",0,0.13452,1024,32,0.0042038,2.2738
"supp_frac.H",5,0.0036486,1024,32,0.00011402,1.055
"supp_frac.H",10,0.00035532,1024,32,1.1104e-05,1.0055
"supp_frac.H",20,0.14481,1024,32,0.0045253,2.3429
"supp_frac.H",30,0.21459,1024,32,0.0067059,2.7663
"prep_cov.H",0,0.11292,1024,32,0.0035288,2.1214
"prep_cov.H",5,0.0635,1024,32,0.0019844,1.7229
"prep_cov.H",10,0.01214,1024,32,0.00037938,1.1732
"prep_cov.H",20,0.0017426,1024,32,5.4456e-05,1.0267
"prep_cov.H",30,0,1024,32,0,1
"prev.W",0,0.81155,1024,32,0.025361,5.1145
"prev.W",5,0.67796,1024,32,0.021186,4.6922
"prev.W",10,0.55704,1024,32,0.017408,4.2741
"prev.W",20,0.36793,1024,32,0.011498,3.5222
"prev.W",30,0.29771,1024,32,0.0093034,3.1983
"incid_rate.W",0,0.32726,1024,32,0.010227,3.3384
"incid_rate.W",5,0.32779,1024,32,0.010243,3.3409
"incid_rate.W",10,0.26487,1024,32,0.0082772,3.035
"incid_rate.W",20,0.28192,1024,32,0.00881,3.1208
"incid_rate.W",30,0.30036,1024,32,0.0093862,3.2111
"dx_frac.W",0,0.22635,1024,32,0.0070734,2.8314
"dx_frac.W",5,0.14834,1024,32,0.0046356,2.3661
"dx_frac.W",10,0.14474,1024,32,0.0045231,2.3424
"dx_frac.W",20,0.15248,1024,32,0.004765,2.3931
"dx_frac.W",30,0.08855,1024,32,0.0027672,1.9352
"supp_frac.W",0,0.089319,1024,32,0.0027912,1.9414
"supp_frac.W",5,0.0060853,1024,32,0.00019017,1.0902
"supp_frac.W",10,0.0168,1024,32,0.000525,1.2332
"supp_frac.W",20,0.08972,1024,32,0.0028038,1.9446
"supp_frac.W",30,0.0011148,1024,32,3.4838e-05,1.0171
"prep_cov.W",0,0.033022,1024,32,0.0010319,1.4226
"prep_cov.W",5,0.02847,1024,32,0.00088969,1.3721
"prep_cov.W",10,0.06093,1024,32,0.0019041,1.6997
"prep_cov.W",20,0.07094,1024,32,0.0022169,1.7886
"prep_cov.W",30,0.04462,1024,32,0.0013944,1.5438
"gono_prev",0,0.58493,1024,32,0.018279,4.3741
"gono_prev",5,0.47107,1024,32,0.014721,3.9501
"gono_prev",10,0.41287,1024,32,0.012902,3.7147
"gono_prev",20,0.25298,1024,32,0.0079056,2.9736
"gono_prev",30,0.11376,1024,32,0.003555,2.1276
"gono_ir",0,0.57787,1024,32,0.018058,4.349
"gono_ir",5,0.46875,1024,32,0.014648,3.941
"gono_ir",10,0.41221,1024,32,0.012882,3.7119
"gono_ir",20,0.25143,1024,32,0.0078572,2.9655
"gono_ir",30,0.1053,1024,32,0.0032906,2.065
"chla_prev",0,0.57644,1024,32,0.018014,4.3439
"chla_prev",5,0.45746,1024,32,0.014296,3.8963
"chla_prev",10,0.40538,1024,32,0.012668,3.6833
"chla_prev",20,0.32803,1024,32,0.010251,3.342
"chla_prev",30,0.16997,1024,32,0.0053116,2.5038
"chla_ir",0,0.56959,1024,32,0.0178,4.3194
"chla_ir",5,0.45859,1024,32,0.014331,3.9008
"chla_ir",10,0.41078,1024,32,0.012837,3.706
"chla_ir",20,0.33101,1024,32,0.010344,3.3558
"chla_ir",30,0.17054,1024,32,0.0053294,2.5073
"syph_prev",0,0.47385,1024,32,0.014808,3.961
"syph_prev",5,0.37865,1024,32,0.011833,3.5691
"syph_prev",10,0.39819,1024,32,0.012443,3.6529
"syph_prev",20,0.37362,1024,32,0.011676,3.5471
"syph_prev",30,0.21101,1024,32,0.0065941,2.7461
"syph_ir",0,0.43046,1024,32,0.013452,3.7874
"syph_ir",5,0.37298,1024,32,0.011656,3.5443
"syph_ir",10,0.40667,1024,32,0.012708,3.6887
"syph_ir",20,0.362,1024,32,0.011312,3.496
"syph_ir",30,0.17601,1024,32,0.0055003,2.5409
"num",0,0.82206,1024,32,0.025689,5.1462
"num",5,0.70251,1024,32,0.021953,4.7726
"num",10,0.59321,1024,32,0.018538,4.4034
"num",20,0.39204,1024,32,0.012251,3.6267
"num",30,0.19756,1024,32,0.0061738,2.6691
"prev",0,0.86335,1024,64,0.01349,3.735
"prev",5,0.76176,1024,64,0.011902,3.5251
"prev",10,0.66451,1024,64,0.010383,3.3117
"prev",20,0.46604,1024,64,0.0072819,2.8268
"prev",30,0.31118,1024,64,0.0048622,2.3807
"incid_rate",0,0.47319,1024,64,0.0073936,2.8457
"incid_rate",5,0.42231,1024,64,0.0065986,2.7083
"incid_rate",10,0.32062,1024,64,0.0050097,2.4102
"incid_rate",20,0.24726,1024,64,0.0038634,2.17
"incid_rate",30,0.17461,1024,64,0.0027283,1.9024
"dx_frac",0,0.41622,1024,64,0.0065034,2.6913
"dx_frac",5,0.36845,1024,64,0.005757,2.5548
"dx_frac",10,0.29914,1024,64,0.0046741,2.3425
"dx_frac",20,0.1884,1024,64,0.0029438,1.956
"dx_frac",30,0.22184,1024,64,0.0034662,2.0803
"supp_frac",0,0.12967,1024,64,0.0020261,1.7161
"supp_frac",5,0.037763,1024,64,0.00059005,1.2516
"supp_frac",10,0.09552,1024,64,0.0014925,1.5597
"supp_frac",20,0.13309,1024,64,0.0020795,1.731
"supp_frac",30,0.10985,1024,64,0.0017164,1.6272
"prep_cov",0,0.14218,1024,64,0.0022216,1.7699
"prep_cov",5,0.12234,1024,64,0.0019116,1.6838
"prep_cov",10,0.09796,1024,64,0.0015306,1.5714
"prep_cov",20,0.04975,1024,64,0.00077734,1.3215
"prep_cov",30,0,1024,64,0,1
"prev.B",0,0.84481,1024,64,0.0132,3.6976
"prev.B",5,0.7404,1024,64,0.011569,3.4794
"prev.B",10,0.64981,1024,64,0.010153,3.2783
"prev.B",20,0.46035,1024,64,0.007193,2.8116
"prev.B",30,0.27413,1024,64,0.0042833,2.261
"incid_rate.B",0,0.46353,1024,64,0.0072427,2.8201
"incid_rate.B",5,0.40809,1024,64,0.0063764,2.6686
"incid_rate.B",10,0.30855,1024,64,0.0048211,2.3724
"incid_rate.B",20,0.19107,1024,64,0.0029855,1.9662
"incid_rate.B",30,0.14398,1024,64,0.0022497,1.7776
"dx_frac.B",0,0.46068,1024,64,0.0071981,2.8125
"dx_frac.B",5,0.39589,1024,64,0.0061858,2.6341
"dx_frac.B",10,0.30918,1024,64,0.0048309,2.3744
"dx_frac.B",20,0.20158,1024,64,0.0031497,2.0059
"dx_frac.B",30,0.20514,1024,64,0.0032053,2.0192
"supp_frac.B",0,0.093055,1024,64,0.001454,1.5478
"supp_frac.B",5,0.0068209,1024,64,0.00010658,1.0499
"supp_frac.B",10,0,1024,64,0,1
"supp_frac.B",20,0.03786,1024,64,0.00059156,1.2522
"supp_frac.B",30,0,1024,64,0,1
"prep_cov.B",0,0.17027,1024,64,0.0026605,1.8852
"prep_cov.B",5,0.14566,1024,64,0.0022759,1.7846
"prep_cov.B",10,0.17376,1024,64,0.002715,1.8991
"prep_cov.B",20,0.21006,1024,64,0.0032822,2.0374
"prep_cov.B",30,0.12725,1024,64,0.0019883,1.7055
"prev.H",0,0.72459,1024,64,0.011322,3.4451
"prev.H",5,0.56236,1024,64,0.0087869,3.0717
"prev.H",10,0.39073,1024,64,0.0061052,2.6193
"prev.H",20,0.11605,1024,64,0.0018133,1.6555
"prev.H",30,0.09157,1024,64,0.0014308,1.5406
"incid_rate.H",0,0.23531,1024,64,0.0036767,2.1283
"incid_rate.H",5,0.14025,1024,64,0.0021914,1.7617
"incid_rate.H",10,0.048489,1024,64,0.00075764,1.3143
"incid_rate.H",20,0.08432,1024,64,0.0013175,1.5049
"incid_rate.H",30,0.06293,1024,64,0.00098328,1.3943
"dx_frac.H",0,0.22261,1024,64,0.0034783,2.0831
"dx_frac.H",5,0.10506,1024,64,0.0016416,1.605
"dx_frac.H",10,0.057257,1024,64,0.00089464,1.3634
"dx_frac.H",20,0.142,1024,64,0.0022187,1.7692
"dx_frac.H",30,0.10454,1024,64,0.0016334,1.6025
"supp_frac.H",0,0.13452,1024,64,0.0021019,1.7372
"supp_frac.H",5,0.0036486,1024,64,5.7009e-05,1.027
"supp_frac.H",10,0.00035532,1024,64,5.5519e-06,1.0027
"supp_frac.H",20,0.14481,1024,64,0.0022627,1.7811
"supp_frac.H",30,0.21459,1024,64,0.003353,2.054
"prep_cov.H",0,0.11292,1024,64,0.0017644,1.6413
"prep_cov.H",5,0.0635,1024,64,0.00099219,1.3973
"prep_cov.H",10,0.01214,1024,64,0.00018969,1.0872
"prep_cov.H",20,0.0017426,1024,64,2.7228e-05,1.013
"prep_cov.H",30,0,1024,64,0,1
"prev.W",0,0.81155,1024,64,0.01268,3.6295
"prev.W",5,0.67796,1024,64,0.010593,3.3421
"prev.W",10,0.55704,1024,64,0.0087038,3.0587
"prev.W",20,0.36793,1024,64,0.0057489,2.5532
"prev.W",30,0.29771,1024,64,0.0046517,2.3379
"incid_rate.W",0,0.32726,1024,64,0.0051134,2.4308
"incid_rate.W",5,0.32779,1024,64,0.0051217,2.4325
"incid_rate.W",10,0.26487,1024,64,0.0041386,2.23
"incid_rate.W",20,0.28192,1024,64,0.004405,2.2867
"incid_rate.W",30,0.30036,1024,64,0.0046931,2.3464
"dx_frac.W",0,0.22635,1024,64,0.0035367,2.0965
"dx_frac.W",5,0.14834,1024,64,0.0023178,1.7959
"dx_frac.W",10,0.14474,1024,64,0.0022616,1.7808
"dx_frac.W",20,0.15248,1024,64,0.0023825,1.8131
"dx_frac.W",30,0.08855,1024,64,0.0013836,1.5259
"supp_frac.W",0,0.089319,1024,64,0.0013956,1.5296
"supp_frac.W",5,0.0060853,1024,64,9.5083e-05,1.0446
"supp_frac.W",10,0.0168,1024,64,0.0002625,1.1189
"supp_frac.W",20,0.08972,1024,64,0.0014019,1.5316
"supp_frac.W",30,0.0011148,1024,64,1.7419e-05,1.0083
"prep_cov.W",0,0.033022,1024,64,0.00051597,1.2228
"prep_cov.W",5,0.02847,1024,64,0.00044484,1.1946
"prep_cov.W",10,0.06093,1024,64,0.00095203,1.3835
"prep_cov.W",20,0.07094,1024,64,0.0011084,1.4367
"prep_cov.W",30,0.04462,1024,64,0.00069719,1.292
"gono_prev",0,0.58493,1024,64,0.0091395,3.1263
"gono_prev",5,0.47107,1024,64,0.0073605,2.8401
"gono_prev",10,0.41287,1024,64,0.0064511,2.682
"gono_prev",20,0.25298,1024,64,0.0039528,2.1897
"gono_prev",30,0.11376,1024,64,0.0017775,1.6451
"gono_ir",0,0.57787,1024,64,0.0090292,3.1093
"gono_ir",5,0.46875,1024,64,0.0073242,2.8339
"gono_ir",10,0.41221,1024,64,0.0064408,2.6801
"gono_ir",20,0.25143,1024,64,0.0039286,2.1844
"gono_ir",30,0.1053,1024,64,0.0016453,1.6061
"chla_prev",0,0.57644,1024,64,0.0090069,3.1059
"chla_prev",5,0.45746,1024,64,0.0071478,2.8039
"chla_prev",10,0.40538,1024,64,0.0063341,2.661
"chla_prev",20,0.32803,1024,64,0.0051255,2.4332
"chla_prev",30,0.16997,1024,64,0.0026558,1.884
"chla_ir",0,0.56959,1024,64,0.0088998,3.0893
"chla_ir",5,0.45859,1024,64,0.0071655,2.8069
"chla_ir",10,0.41078,1024,64,0.0064184,2.6761
"chla_ir",20,0.33101,1024,64,0.005172,2.4424
"chla_ir",30,0.17054,1024,64,0.0026647,1.8863
"syph_prev",0,0.47385,1024,64,0.0074039,2.8474
"syph_prev",5,0.37865,1024,64,0.0059164,2.5845
"syph_prev",10,0.39819,1024,64,0.0062217,2.6406
"syph_prev",20,0.37362,1024,64,0.0058378,2.5699
"syph_prev",30,0.21101,1024,64,0.003297,2.0409
"syph_ir",0,0.43046,1024,64,0.0067259,2.7307
"syph_ir",5,0.37298,1024,64,0.0058278,2.568
"syph_ir",10,0.40667,1024,64,0.0063542,2.6646
"syph_ir",20,0.362,1024,64,0.0056562,2.5357
"syph_ir",30,0.17601,1024,64,0.0027502,1.9079
"num",0,0.82206,1024,64,0.012845,3.6512
"num",5,0.70251,1024,64,0.010977,3.3967
"num",10,0.59321,1024,64,0.0092689,3.1461
"num",20,0.39204,1024,64,0.0061256,2.6231
"num",30,0.19756,1024,64,0.0030869,1.9908
"prev",0,0.86335,1024,128,0.0067449,2.6539
"prev",5,0.76176,1024,128,0.0059512,2.5164
"prev",10,0.66451,1024,128,0.0051915,2.3773
"prev",20,0.46604,1024,128,0.0036409,2.0645
"prev",30,0.31118,1024,128,0.0024311,1.7828
"incid_rate",0,0.47319,1024,128,0.0036968,2.0766
"incid_rate",5,0.42231,1024,128,0.0032993,1.989
"incid_rate",10,0.32062,1024,128,0.0025048,1.8012
"incid_rate",20,0.24726,1024,128,0.0019317,1.6525
"incid_rate",30,0.17461,1024,128,0.0013641,1.4907
"dx_frac",0,0.41622,1024,128,0.0032517,1.9783
"dx_frac",5,0.36845,1024,128,0.0028785,1.8919
"dx_frac",10,0.29914,1024,128,0.002337,1.759
"dx_frac",20,0.1884,1024,128,0.0014719,1.5228
"dx_frac",30,0.22184,1024,128,0.0017331,1.5978
"supp_frac",0,0.12967,1024,128,0.001013,1.3812
"supp_frac",5,0.037763,1024,128,0.00029502,1.1244
"supp_frac",10,0.09552,1024,128,0.00074625,1.2918
"supp_frac",20,0.13309,1024,128,0.0010398,1.3898
"supp_frac",30,0.10985,1024,128,0.0008582,1.33
"prep_cov",0,0.14218,1024,128,0.0011108,1.4125
"prep_cov",5,0.12234,1024,128,0.00095578,1.3625
"prep_cov",10,0.09796,1024,128,0.00076531,1.2984
"prep_cov",20,0.04975,1024,128,0.00038867,1.1611
"prep_cov",30,0,1024,128,0,1
"prev.B",0,0.84481,1024,128,0.0066001,2.6294
"prev.B",5,0.7404,1024,128,0.0057844,2.4865
"prev.B",10,0.64981,1024,128,0.0050766,2.3556
"prev.B",20,0.46035,1024,128,0.0035965,2.0549
"prev.B",30,0.27413,1024,128,0.0021416,1.7085
"incid_rate.B",0,0.46353,1024,128,0.0036213,2.0603
"incid_rate.B",5,0.40809,1024,128,0.0031882,1.9638
"incid_rate.B",10,0.30855,1024,128,0.0024105,1.7776
"incid_rate.B",20,0.19107,1024,128,0.0014927,1.5289
"incid_rate.B",30,0.14398,1024,128,0.0011248,1.417
"dx_frac.B",0,0.46068,1024,128,0.0035991,2.0554
"dx_frac.B",5,0.39589,1024,128,0.0030929,1.942
"dx_frac.B",10,0.30918,1024,128,0.0024155,1.7788
"dx_frac.B",20,0.20158,1024,128,0.0015748,1.5528
"dx_frac.B",30,0.20514,1024,128,0.0016027,1.5608
"supp_frac.B",0,0.093055,1024,128,0.00072699,1.2851
"supp_frac.B",5,0.0068209,1024,128,5.3288e-05,1.0236
"supp_frac.B",10,0,1024,128,0,1
"supp_frac.B",20,0.03786,1024,128,0.00029578,1.1247
"supp_frac.B",30,0,1024,128,0,1
"prep_cov.B",0,0.17027,1024,128,0.0013302,1.4805
"prep_cov.B",5,0.14566,1024,128,0.001138,1.4211
"prep_cov.B",10,0.17376,1024,128,0.0013575,1.4887
"prep_cov.B",20,0.21006,1024,128,0.0016411,1.5718
"prep_cov.B",30,0.12725,1024,128,0.00099414,1.375
"prev.H",0,0.72459,1024,128,0.0056609,2.4642
"prev.H",5,0.56236,1024,128,0.0043934,2.2218
"prev.H",10,0.39073,1024,128,0.0030526,1.9326
"prev.H",20,0.11605,1024,128,0.00090664,1.3462
"prev.H",30,0.09157,1024,128,0.00071539,1.281
"incid_rate.H",0,0.23531,1024,128,0.0018384,1.627
"incid_rate.H",5,0.14025,1024,128,0.0010957,1.4077
"incid_rate.H",10,0.048489,1024,128,0.00037882,1.1573
"incid_rate.H",20,0.08432,1024,128,0.00065875,1.261
"incid_rate.H",30,0.06293,1024,128,0.00049164,1.2002
"dx_frac.H",0,0.22261,1024,128,0.0017391,1.5995
"dx_frac.H",5,0.10506,1024,128,0.00082078,1.3174
"dx_frac.H",10,0.057257,1024,128,0.00044732,1.1836
"dx_frac.H",20,0.142,1024,128,0.0011094,1.4121
"dx_frac.H",30,0.10454,1024,128,0.00081672,1.316
"supp_frac.H",0,0.13452,1024,128,0.0010509,1.3934
"supp_frac.H",5,0.0036486,1024,128,2.8505e-05,1.0127
"supp_frac.H",10,0.00035532,1024,128,2.7759e-06,1.0012
"supp_frac.H",20,0.14481,1024,128,0.0011313,1.419
"supp_frac.H",30,0.21459,1024,128,0.0016765,1.5818
"prep_cov.H",0,0.11292,1024,128,0.00088219,1.3381
"prep_cov.H",5,0.0635,1024,128,0.00049609,1.2019
"prep_cov.H",10,0.01214,1024,128,9.4844e-05,1.0416
"prep_cov.H",20,0.0017426,1024,128,1.3614e-05,1.0061
"prep_cov.H",30,0,1024,128,0,1
"prev.W",0,0.81155,1024,128,0.0063402,2.5847
"prev.W",5,0.67796,1024,128,0.0052966,2.397
"prev.W",10,0.55704,1024,128,0.0043519,2.2134
"prev.W",20,0.36793,1024,128,0.0028745,1.8909
"prev.W",30,0.29771,1024,128,0.0023259,1.7561
"incid_rate.W",0,0.32726,1024,128,0.0025567,1.8141
"incid_rate.W",5,0.32779,1024,128,0.0025609,1.8151
"incid_rate.W",10,0.26487,1024,128,0.0020693,1.6894
"incid_rate.W",20,0.28192,1024,128,0.0022025,1.7244
"incid_rate.W",30,0.30036,1024,128,0.0023466,1.7614
"dx_frac.W",0,0.22635,1024,128,0.0017684,1.6076
"dx_frac.W",5,0.14834,1024,128,0.0011589,1.4277
"dx_frac.W",10,0.14474,1024,128,0.0011308,1.4189
"dx_frac.W",20,0.15248,1024,128,0.0011912,1.4378
"dx_frac.W",30,0.08855,1024,128,0.0006918,1.2727
"supp_frac.W",0,0.089319,1024,128,0.0006978,1.2748
"supp_frac.W",5,0.0060853,1024,128,4.7541e-05,1.0211
"supp_frac.W",10,0.0168,1024,128,0.00013125,1.0572
"supp_frac.W",20,0.08972,1024,128,0.00070094,1.2759
"supp_frac.W",30,0.0011148,1024,128,8.7094e-06,1.0039
"prep_cov.W",0,0.033022,1024,128,0.00025798,1.1096
"prep_cov.W",5,0.02847,1024,128,0.00022242,1.0951
"prep_cov.W",10,0.06093,1024,128,0.00047602,1.1944
"prep_cov.W",20,0.07094,1024,128,0.00055422,1.2233
"prep_cov.W",30,0.04462,1024,128,0.00034859,1.1456
"gono_prev",0,0.58493,1024,128,0.0045698,2.2571
"gono_prev",5,0.47107,1024,128,0.0036802,2.073
"gono_prev",10,0.41287,1024,128,0.0032255,1.9723
"gono_prev",20,0.25298,1024,128,0.0019764,1.6646
"gono_prev",30,0.11376,1024,128,0.00088875,1.3403
"gono_ir",0,0.57787,1024,128,0.0045146,2.2461
"gono_ir",5,0.46875,1024,128,0.0036621,2.0691
"gono_ir",10,0.41221,1024,128,0.0032204,1.9712
"gono_ir",20,0.25143,1024,128,0.0019643,1.6613
"gono_ir",30,0.1053,1024,128,0.00082266,1.318
"chla_prev",0,0.57644,1024,128,0.0045034,2.2439
"chla_prev",5,0.45746,1024,128,0.0035739,2.0499
"chla_prev",10,0.40538,1024,128,0.003167,1.959
"chla_prev",20,0.32803,1024,128,0.0025627,1.8155
"chla_prev",30,0.16997,1024,128,0.0013279,1.4798
"chla_ir",0,0.56959,1024,128,0.0044499,2.2332
"chla_ir",5,0.45859,1024,128,0.0035827,2.0519
"chla_ir",10,0.41078,1024,128,0.0032092,1.9686
"chla_ir",20,0.33101,1024,128,0.002586,1.8213
"chla_ir",30,0.17054,1024,128,0.0013323,1.4811
"syph_prev",0,0.47385,1024,128,0.003702,2.0777
"syph_prev",5,0.37865,1024,128,0.0029582,1.9106
"syph_prev",10,0.39819,1024,128,0.0031109,1.9461
"syph_prev",20,0.37362,1024,128,0.0029189,1.9014
"syph_prev",30,0.21101,1024,128,0.0016485,1.5739
"syph_ir",0,0.43046,1024,128,0.003363,2.0033
"syph_ir",5,0.37298,1024,128,0.0029139,1.9002
"syph_ir",10,0.40667,1024,128,0.0031771,1.9613
"syph_ir",20,0.362,1024,128,0.0028281,1.8799
"syph_ir",30,0.17601,1024,128,0.0013751,1.494
"num",0,0.82206,1024,128,0.0064223,2.5989
"num",5,0.70251,1024,128,0.0054884,2.4326
"num",10,0.59321,1024,128,0.0046345,2.2699
"num",20,0.39204,1024,128,0.0030628,1.935
"num",30,0.19756,1024,128,0.0015434,1.5437
"prev",0,0.86335,1024,256,0.0033725,1.8947
"prev",5,0.76176,1024,256,0.0029756,1.8125
"prev",10,0.66451,1024,256,0.0025957,1.7302
"prev",20,0.46604,1024,256,0.0018205,1.5486
"prev",30,0.31118,1024,256,0.0012155,1.3905
"incid_rate",0,0.47319,1024,256,0.0018484,1.5555
"incid_rate",5,0.42231,1024,256,0.0016496,1.5056
"incid_rate",10,0.32062,1024,256,0.0012524,1.4007
"incid_rate",20,0.24726,1024,256,0.00096586,1.3198
"incid_rate",30,0.17461,1024,256,0.00068207,1.2344
"dx_frac",0,0.41622,1024,256,0.0016259,1.4996
"dx_frac",5,0.36845,1024,256,0.0014393,1.451
"dx_frac",10,0.29914,1024,256,0.0011685,1.3775
"dx_frac",20,0.1884,1024,256,0.00073594,1.2511
"dx_frac",30,0.22184,1024,256,0.00086656,1.2906
"supp_frac",0,0.12967,1024,256,0.00050652,1.1786
"supp_frac",5,0.037763,1024,256,0.00014751,1.0551
"supp_frac",10,0.09552,1024,256,0.00037312,1.1343
"supp_frac",20,0.13309,1024,256,0.00051988,1.1829
"supp_frac",30,0.10985,1024,256,0.0004291,1.1531
"prep_cov",0,0.14218,1024,256,0.00055539,1.1944
"prep_cov",5,0.12234,1024,256,0.00047789,1.1692
"prep_cov",10,0.09796,1024,256,0.00038266,1.1375
"prep_cov",20,0.04975,1024,256,0.00019434,1.072
"prep_cov",30,0,1024,256,0,1
"prev.B",0,0.84481,1024,256,0.0033,1.88
"prev.B",5,0.7404,1024,256,0.0028922,1.7948
"prev.B",10,0.64981,1024,256,0.0025383,1.7174
"prev.B",20,0.46035,1024,256,0.0017982,1.5431
"prev.B",30,0.27413,1024,256,0.0010708,1.35
"incid_rate.B",0,0.46353,1024,256,0.0018107,1.5462
"incid_rate.B",5,0.40809,1024,256,0.0015941,1.4914
"incid_rate.B",10,0.30855,1024,256,0.0012053,1.3877
"incid_rate.B",20,0.19107,1024,256,0.00074637,1.2543
"incid_rate.B",30,0.14398,1024,256,0.00056242,1.1966
"dx_frac.B",0,0.46068,1024,256,0.0017995,1.5434
"dx_frac.B",5,0.39589,1024,256,0.0015464,1.4791
"dx_frac.B",10,0.30918,1024,256,0.0012077,1.3884
"dx_frac.B",20,0.20158,1024,256,0.00078742,1.2668
"dx_frac.B",30,0.20514,1024,256,0.00080133,1.271
"supp_frac.B",0,0.093055,1024,256,0.0003635,1.131
"supp_frac.B",5,0.0068209,1024,256,2.6644e-05,1.0102
"supp_frac.B",10,0,1024,256,0,1
"supp_frac.B",20,0.03786,1024,256,0.00014789,1.0553
"supp_frac.B",30,0,1024,256,0,1
"prep_cov.B",0,0.17027,1024,256,0.00066512,1.2292
"prep_cov.B",5,0.14566,1024,256,0.00056898,1.1987
"prep_cov.B",10,0.17376,1024,256,0.00067875,1.2334
"prep_cov.B",20,0.21006,1024,256,0.00082055,1.2768
"prep_cov.B",30,0.12725,1024,256,0.00049707,1.1755
"prev.H",0,0.72459,1024,256,0.0028304,1.7815
"prev.H",5,0.56236,1024,256,0.0021967,1.6392
"prev.H",10,0.39073,1024,256,0.0015263,1.4738
"prev.H",20,0.11605,1024,256,0.00045332,1.1611
"prev.H",30,0.09157,1024,256,0.0003577,1.129
"incid_rate.H",0,0.23531,1024,256,0.00091918,1.3061
"incid_rate.H",5,0.14025,1024,256,0.00054785,1.192
"incid_rate.H",10,0.048489,1024,256,0.00018941,1.0703
"incid_rate.H",20,0.08432,1024,256,0.00032938,1.1194
"incid_rate.H",30,0.06293,1024,256,0.00024582,1.0903
"dx_frac.H",0,0.22261,1024,256,0.00086957,1.2914
"dx_frac.H",5,0.10506,1024,256,0.00041039,1.1468
"dx_frac.H",10,0.057257,1024,256,0.00022366,1.0825
"dx_frac.H",20,0.142,1024,256,0.00055469,1.1942
"dx_frac.H",30,0.10454,1024,256,0.00040836,1.1461
"supp_frac.H",0,0.13452,1024,256,0.00052547,1.1847
"supp_frac.H",5,0.0036486,1024,256,1.4252e-05,1.0055
"supp_frac.H",10,0.00035532,1024,256,1.388e-06,1.0005
"supp_frac.H",20,0.14481,1024,256,0.00056566,1.1977
"supp_frac.H",30,0.21459,1024,256,0.00083824,1.2821
"prep_cov.H",0,0.11292,1024,256,0.00044109,1.157
"prep_cov.H",5,0.0635,1024,256,0.00024805,1.0911
"prep_cov.H",10,0.01214,1024,256,4.7422e-05,1.018
"prep_cov.H",20,0.0017426,1024,256,6.807e-06,1.0026
"prep_cov.H",30,0,1024,256,0,1
"prev.W",0,0.81155,1024,256,0.0031701,1.8533
"prev.W",5,0.67796,1024,256,0.0026483,1.7418
"prev.W",10,0.55704,1024,256,0.0021759,1.6344
"prev.W",20,0.36793,1024,256,0.0014372,1.4504
"prev.W",30,0.29771,1024,256,0.0011629,1.3759
"incid_rate.W",0,0.32726,1024,256,0.0012784,1.4078
"incid_rate.W",5,0.32779,1024,256,0.0012804,1.4083
"incid_rate.W",10,0.26487,1024,256,0.0010346,1.3396
"incid_rate.W",20,0.28192,1024,256,0.0011012,1.3586
"incid_rate.W",30,0.30036,1024,256,0.0011733,1.3788
"dx_frac.W",0,0.22635,1024,256,0.00088418,1.2958
"dx_frac.W",5,0.14834,1024,256,0.00057945,1.2021
"dx_frac.W",10,0.14474,1024,256,0.00056539,1.1976
"dx_frac.W",20,0.15248,1024,256,0.00059562,1.2072
"dx_frac.W",30,0.08855,1024,256,0.0003459,1.125
"supp_frac.W",0,0.089319,1024,256,0.0003489,1.126
"supp_frac.W",5,0.0060853,1024,256,2.3771e-05,1.0091
"supp_frac.W",10,0.0168,1024,256,6.5625e-05,1.0249
"supp_frac.W",20,0.08972,1024,256,0.00035047,1.1266
"supp_frac.W",30,0.0011148,1024,256,4.3547e-06,1.0017
"prep_cov.W",0,0.033022,1024,256,0.00012899,1.0484
"prep_cov.W",5,0.02847,1024,256,0.00011121,1.0418
"prep_cov.W",10,0.06093,1024,256,0.00023801,1.0876
"prep_cov.W",20,0.07094,1024,256,0.00027711,1.1013
"prep_cov.W",30,0.04462,1024,256,0.0001743,1.0648
"gono_prev",0,0.58493,1024,256,0.0022849,1.6598
"gono_prev",5,0.47107,1024,256,0.0018401,1.5535
"gono_prev",10,0.41287,1024,256,0.0016128,1.4962
"gono_prev",20,0.25298,1024,256,0.0009882,1.3263
"gono_prev",30,0.11376,1024,256,0.00044438,1.1581
"gono_ir",0,0.57787,1024,256,0.0022573,1.6534
"gono_ir",5,0.46875,1024,256,0.0018311,1.5512
"gono_ir",10,0.41221,1024,256,0.0016102,1.4955
"gono_ir",20,0.25143,1024,256,0.00098215,1.3245
"gono_ir",30,0.1053,1024,256,0.00041133,1.1471
"chla_prev",0,0.57644,1024,256,0.0022517,1.6521
"chla_prev",5,0.45746,1024,256,0.001787,1.5403
"chla_prev",10,0.40538,1024,256,0.0015835,1.4887
"chla_prev",20,0.32803,1024,256,0.0012814,1.4086
"chla_prev",30,0.16997,1024,256,0.00066395,1.2288
"chla_ir",0,0.56959,1024,256,0.002225,1.6458
"chla_ir",5,0.45859,1024,256,0.0017914,1.5414
"chla_ir",10,0.41078,1024,256,0.0016046,1.4941
"chla_ir",20,0.33101,1024,256,0.001293,1.4117
"chla_ir",30,0.17054,1024,256,0.00066617,1.2295
"syph_prev",0,0.47385,1024,256,0.001851,1.5561
"syph_prev",5,0.37865,1024,256,0.0014791,1.4615
"syph_prev",10,0.39819,1024,256,0.0015554,1.4814
"syph_prev",20,0.37362,1024,256,0.0014595,1.4563
"syph_prev",30,0.21101,1024,256,0.00082426,1.2779
"syph_ir",0,0.43046,1024,256,0.0016815,1.5137
"syph_ir",5,0.37298,1024,256,0.001457,1.4557
"syph_ir",10,0.40667,1024,256,0.0015886,1.49
"syph_ir",20,0.362,1024,256,0.0014141,1.4443
"syph_ir",30,0.17601,1024,256,0.00068754,1.2361
"num",0,0.82206,1024,256,0.0032112,1.8618
"num",5,0.70251,1024,256,0.0027442,1.7628
"num",10,0.59321,1024,256,0.0023172,1.6672
"num",20,0.39204,1024,256,0.0015314,1.4752
"num",30,0.19756,1024,256,0.00077172,1.262
